<!-- 
RSS generated by JIRA (6.3.4#6332-sha1:51bc225ef474afe3128b2f66878477f322397b16) at Fri Dec 16 18:43:02 UTC 2016

It is possible to restrict the fields that are returned in this document by specifying the 'field' parameter in your request.
For example, to request only the issue key and summary add field=key&field=summary to the URL of your request.
For example:
https://issues.apache.org/jira/si/jira.issueviews:issue-xml/HBASE-306/HBASE-306.xml?field=key&amp;field=summary
-->
<rss version="0.92" >
<channel>
    <title>ASF JIRA</title>
    <link>https://issues.apache.org/jira</link>
    <description>This file is an XML representation of an issue</description>
    <language>en-uk</language>    <build-info>
        <version>6.3.4</version>
        <build-number>6332</build-number>
        <build-date>15-08-2014</build-date>
    </build-info>

<item>
            <title>[HBASE-306] [hbase] Add an &apos;--master=X&apos; and &apos;--html&apos; command-line parameters to shell</title>
                <link>https://issues.apache.org/jira/browse/HBASE-306</link>
                <project id="12310753" key="HBASE">HBase</project>
                    <description>&lt;p&gt;Add to hbase shell command-line processing.  At a minimum should be able to pass the master you want the shell to go against.  Currently you need to edit the hbase-site.xml that is under the shell.   Also, add an &apos;--html&apos; to output resultsets in html rather than as ascii tables (The html output is xhtml which might be sufficent for those who might want resultsets as xml &amp;#8211; lets see).&lt;/p&gt;</description>
                <environment></environment>
        <key id="12380273">HBASE-306</key>
            <summary>[hbase] Add an &apos;--master=X&apos; and &apos;--html&apos; command-line parameters to shell</summary>
                <type id="1" iconUrl="https://issues.apache.org/jira/images/icons/issuetypes/bug.png">Bug</type>
                                            <priority id="4" iconUrl="https://issues.apache.org/jira/images/icons/priorities/minor.png">Minor</priority>
                        <status id="6" iconUrl="https://issues.apache.org/jira/images/icons/statuses/closed.png" description="The issue is considered finished, the resolution is correct. Issues which are closed can be reopened.">Closed</status>
                    <statusCategory id="3" key="done" colorName="green"/>
                                    <resolution id="1">Fixed</resolution>
                                        <assignee username="-1">Unassigned</assignee>
                                    <reporter username="stack">stack</reporter>
                        <labels>
                    </labels>
                <created>Fri, 12 Oct 2007 21:56:06 +0000</created>
                <updated>Fri, 22 Aug 2008 21:34:58 +0000</updated>
                            <resolved>Thu, 13 Dec 2007 06:02:55 +0000</resolved>
                                                                        <due></due>
                            <votes>0</votes>
                                    <watches>0</watches>
                                                                <comments>
                            <comment id="12550413" author="udanax" created="Tue, 11 Dec 2007 12:04:45 +0000"  >&lt;p&gt;Ok. i&apos;ll do.&lt;br/&gt;
But IMO, &apos;HQL server-shell clients&apos; is better than &apos;--master=x&apos;. (Don&apos;t get angry. &lt;img class=&quot;emoticon&quot; src=&quot;https://issues.apache.org/jira/images/icons/emoticons/tongue.gif&quot; height=&quot;16&quot; width=&quot;16&quot; align=&quot;absmiddle&quot; alt=&quot;&quot; border=&quot;0&quot;/&gt; I&apos;m not a stubborn person.)&lt;/p&gt;</comment>
                            <comment id="12550421" author="udanax" created="Tue, 11 Dec 2007 12:19:44 +0000"  >&lt;p&gt;IMO, I was &lt;del&gt;undertand&lt;/del&gt; understood the BigTable as describe below.&lt;br/&gt;
Is hbase same as a BigTable?&lt;/p&gt;

&lt;div class=&quot;code panel&quot; style=&quot;border-width: 1px;&quot;&gt;&lt;div class=&quot;codeContent panelContent&quot;&gt;
&lt;pre class=&quot;code-java&quot;&gt;
Node flows
                                         +-------------+
                   +---------------+     | USER TABLEs |
     +-------+     | META 1 ~ 2^17 |     | ...         |
     | META0 +-----+ ...           +-----+             |
     +-------+     |               |     |             |
                   +---------------+     |             |
                                         +-------------+
         1                2                     3
         &#8593;                &#8593;                     &#8593;
         |                |                     |
     +---+-------+--------+                     |
     |  Client   +------------------------------+
     +-----------+
&lt;/pre&gt;
&lt;/div&gt;&lt;/div&gt;</comment>
                            <comment id="12550422" author="udanax" created="Tue, 11 Dec 2007 12:23:05 +0000"  >&lt;p&gt;And, Can you more detail explain what exactly the &apos;--html&apos; option mean?&lt;/p&gt;</comment>
                            <comment id="12550453" author="udanax" created="Tue, 11 Dec 2007 14:12:04 +0000"  >&lt;p&gt;Oh, I see.&lt;br/&gt;
Sorry, I was misunderstand the &apos;--master=X&apos;, too.&lt;/p&gt;</comment>
                            <comment id="12550456" author="stack" created="Tue, 11 Dec 2007 14:33:02 +0000"  >&lt;p&gt;Your understanding above is correct. &lt;/p&gt;

&lt;p&gt;The &apos;--master=MASTERHOST:PORT&apos; makes it so you can have the shell connect to a cluster w/o having to edit conf files; not that important but would be a nice to have.  The --html is even less important but specifies that the output be in (x)html (See the mysql command.  It takes formatting args including no formatting).&lt;/p&gt;

&lt;p&gt;Take a look at Tool, ToolRunner and GenericOptionsParser in hadoop.  You might want to have Shell implement Tool so you get your command-line processing done for you.  You be the judge of whether its a good idea or not (On the one hand, you don&apos;t have to do anything and you get specification of alternate conf file and handlign of -D for free but on the other, the &apos;-jt&apos; and &apos;-fs&apos; are inapplicable in your context).&lt;/p&gt;</comment>
                            <comment id="12550457" author="udanax" created="Tue, 11 Dec 2007 14:34:48 +0000"  >&lt;p&gt;Ok. I exactly understand. &lt;img class=&quot;emoticon&quot; src=&quot;https://issues.apache.org/jira/images/icons/emoticons/wink.gif&quot; height=&quot;16&quot; width=&quot;16&quot; align=&quot;absmiddle&quot; alt=&quot;&quot; border=&quot;0&quot;/&gt;&lt;/p&gt;</comment>
                            <comment id="12550797" author="udanax" created="Wed, 12 Dec 2007 02:58:03 +0000"  >&lt;p&gt;Ok. submitting.&lt;/p&gt;

&lt;div class=&quot;code panel&quot; style=&quot;border-width: 1px;&quot;&gt;&lt;div class=&quot;codeContent panelContent&quot;&gt;
&lt;pre class=&quot;code-java&quot;&gt;
bin/hbase shell [--options] 
  --master:master_host:port 
  --html

ex. [udanax@han982 hadoop]$ src/contrib/hbase/bin/hbase shell --html --master:host_name:port
...

[udanax@han982 hadoop]$ src/contrib/hbase/bin/hbase shell
Hbase Shell, 0.0.2 version.
Copyright (c) 2007 by udanax, licensed to Apache Software Foundation.
Type &apos;help;&apos; &lt;span class=&quot;code-keyword&quot;&gt;for&lt;/span&gt; usage.

hql &amp;gt; show tables;
07/12/12 11:53:44 INFO hbase.HConnectionManager$TableServers: Attempt 0 of 5 failed with 
&amp;lt;java.net.UnknownHostException: unknown host: none-host.nhncorp.com&amp;gt;. Retrying after sleep of 10000
....

[udanax@han982 hadoop]$ src/contrib/hbase/bin/hbase shell --master:a51066.nhncorp.com:60000
Hbase Shell, 0.0.2 version.
Copyright (c) 2007 by udanax, licensed to Apache Software Foundation.
Type &apos;help;&apos; &lt;span class=&quot;code-keyword&quot;&gt;for&lt;/span&gt; usage.

hql &amp;gt; show tables;
+--------------------------------------+--------------------------------------+
| Name                                 | Descriptor                           |
+--------------------------------------+--------------------------------------+
| edward                               | name: edward, families: {a:={name: a,|
|                                      |  max versions: 3, compression: NONE, |
|                                      | in memory: &lt;span class=&quot;code-keyword&quot;&gt;false&lt;/span&gt;, max length: 2147483|
|                                      | 647, bloom filter: none}, b:={name: b|
|                                      | , max versions: 3, compression: NONE,|
|                                      |  in memory: &lt;span class=&quot;code-keyword&quot;&gt;false&lt;/span&gt;, max length: 214748|
|                                      | 3647, bloom filter: none}, c:={name: |
|                                      | c, max versions: 3, compression: NONE|
|                                      | , in memory: &lt;span class=&quot;code-keyword&quot;&gt;false&lt;/span&gt;, max length: 21474|
|                                      | 83647, bloom filter: none}}          |
+--------------------------------------+--------------------------------------+
1 table(s) in set. (0.38 sec)
hql &amp;gt; exit;
[udanax@han982 hadoop]$
&lt;/pre&gt;
&lt;/div&gt;&lt;/div&gt;</comment>
                            <comment id="12550837" author="hadoopqa" created="Wed, 12 Dec 2007 05:06:05 +0000"  >&lt;p&gt;+1 overall.  Here are the results of testing the latest attachment &lt;br/&gt;
&lt;a href=&quot;http://issues.apache.org/jira/secure/attachment/12371478/2047.pacth&quot; class=&quot;external-link&quot; rel=&quot;nofollow&quot;&gt;http://issues.apache.org/jira/secure/attachment/12371478/2047.pacth&lt;/a&gt;&lt;br/&gt;
against trunk revision r603428.&lt;/p&gt;

&lt;p&gt;    @author +1.  The patch does not contain any @author tags.&lt;/p&gt;

&lt;p&gt;    javadoc +1.  The javadoc tool did not generate any warning messages.&lt;/p&gt;

&lt;p&gt;    javac +1.  The applied patch does not generate any new compiler warnings.&lt;/p&gt;

&lt;p&gt;    findbugs +1.  The patch does not introduce any new Findbugs warnings.&lt;/p&gt;

&lt;p&gt;    core tests +1.  The patch passed core unit tests.&lt;/p&gt;

&lt;p&gt;    contrib tests +1.  The patch passed contrib unit tests.&lt;/p&gt;

&lt;p&gt;Test results: &lt;a href=&quot;http://lucene.zones.apache.org:8080/hudson/job/Hadoop-Patch/1323/testReport/&quot; class=&quot;external-link&quot; rel=&quot;nofollow&quot;&gt;http://lucene.zones.apache.org:8080/hudson/job/Hadoop-Patch/1323/testReport/&lt;/a&gt;&lt;br/&gt;
Findbugs warnings: &lt;a href=&quot;http://lucene.zones.apache.org:8080/hudson/job/Hadoop-Patch/1323/artifact/trunk/build/test/findbugs/newPatchFindbugsWarnings.html&quot; class=&quot;external-link&quot; rel=&quot;nofollow&quot;&gt;http://lucene.zones.apache.org:8080/hudson/job/Hadoop-Patch/1323/artifact/trunk/build/test/findbugs/newPatchFindbugsWarnings.html&lt;/a&gt;&lt;br/&gt;
Checkstyle results: &lt;a href=&quot;http://lucene.zones.apache.org:8080/hudson/job/Hadoop-Patch/1323/artifact/trunk/build/test/checkstyle-errors.html&quot; class=&quot;external-link&quot; rel=&quot;nofollow&quot;&gt;http://lucene.zones.apache.org:8080/hudson/job/Hadoop-Patch/1323/artifact/trunk/build/test/checkstyle-errors.html&lt;/a&gt;&lt;br/&gt;
Console output: &lt;a href=&quot;http://lucene.zones.apache.org:8080/hudson/job/Hadoop-Patch/1323/console&quot; class=&quot;external-link&quot; rel=&quot;nofollow&quot;&gt;http://lucene.zones.apache.org:8080/hudson/job/Hadoop-Patch/1323/console&lt;/a&gt;&lt;/p&gt;

&lt;p&gt;This message is automatically generated.&lt;/p&gt;</comment>
                            <comment id="12551226" author="udanax" created="Thu, 13 Dec 2007 06:02:55 +0000"  >&lt;p&gt;Fixed.&lt;/p&gt;</comment>
                            <comment id="12551482" author="hudson" created="Thu, 13 Dec 2007 12:06:49 +0000"  >&lt;p&gt;Integrated in Hadoop-Nightly #331 (See &lt;a href=&quot;http://lucene.zones.apache.org:8080/hudson/job/Hadoop-Nightly/331/&quot; class=&quot;external-link&quot; rel=&quot;nofollow&quot;&gt;http://lucene.zones.apache.org:8080/hudson/job/Hadoop-Nightly/331/&lt;/a&gt;)&lt;/p&gt;</comment>
                    </comments>
                    <attachments>
                            <attachment id="12371478" name="2047.pacth" size="6360" author="udanax" created="Wed, 12 Dec 2007 02:54:52 +0000"/>
                    </attachments>
                <subtasks>
                    </subtasks>
                <customfields>
                                                <customfield id="customfield_12310310" key="com.atlassian.jira.toolkit:attachments">
                        <customfieldname>Attachment count</customfieldname>
                        <customfieldvalues>
                            <customfieldvalue>1.0</customfieldvalue>
                        </customfieldvalues>
                    </customfield>
                                                                                                                                                                                                                                                                                                                                                                                                                                                                                                                                <customfield id="customfield_12310220" key="com.atlassian.jira.ext.charting:firstresponsedate">
                        <customfieldname>Date of First Response</customfieldname>
                        <customfieldvalues>
                            <customfieldvalue>Tue, 11 Dec 2007 12:04:45 +0000</customfieldvalue>

                        </customfieldvalues>
                    </customfield>
                                                                                                                                                                                                                                                                                                                                                                                                                                            <customfield id="customfield_12310420" key="com.pyxis.greenhopper.jira:gh-global-rank">
                        <customfieldname>Global Rank</customfieldname>
                        <customfieldvalues>
                            <customfieldvalue>25090</customfieldvalue>
                        </customfieldvalues>
                    </customfield>
                                                                                                                                                    <customfield id="customfield_12312521" key="com.atlassian.jira.toolkit:LastCommentDate">
                        <customfieldname>Last public comment date</customfieldname>
                        <customfieldvalues>
                            9 years, 2 weeks, 1 day ago
                        </customfieldvalues>
                    </customfield>
                                                                                            <customfield id="customfield_12311820" key="com.pyxis.greenhopper.jira:gh-lexo-rank">
                        <customfieldname>Rank</customfieldname>
                        <customfieldvalues>
                            <customfieldvalue>0|i0h6fz:</customfieldvalue>

                        </customfieldvalues>
                    </customfield>
                                                                <customfield id="customfield_12310920" key="com.pyxis.greenhopper.jira:gh-global-rank">
                        <customfieldname>Rank (Obsolete)</customfieldname>
                        <customfieldvalues>
                            <customfieldvalue>98306</customfieldvalue>
                        </customfieldvalues>
                    </customfield>
                                                                                                                                                                                                                                                                                                <customfield id="customfield_12310222" key="com.atlassian.jira.ext.charting:timeinstatus">
                        <customfieldname>Time in Status</customfieldname>
                        <customfieldvalues>
                            
                        </customfieldvalues>
                    </customfield>
                                                                                                                        </customfields>
    </item>
</channel>
</rss>