<!-- 
RSS generated by JIRA (6.3.4#6332-sha1:51bc225ef474afe3128b2f66878477f322397b16) at Fri Dec 16 18:41:00 UTC 2016

It is possible to restrict the fields that are returned in this document by specifying the 'field' parameter in your request.
For example, to request only the issue key and summary add field=key&field=summary to the URL of your request.
For example:
https://issues.apache.org/jira/si/jira.issueviews:issue-xml/HBASE-99/HBASE-99.xml?field=key&amp;field=summary
-->
<rss version="0.92" >
<channel>
    <title>ASF JIRA</title>
    <link>https://issues.apache.org/jira</link>
    <description>This file is an XML representation of an issue</description>
    <language>en-uk</language>    <build-info>
        <version>6.3.4</version>
        <build-number>6332</build-number>
        <build-date>15-08-2014</build-date>
    </build-info>

<item>
            <title>[HBASE-99] [hbase] deadlock on HLog rolling its log</title>
                <link>https://issues.apache.org/jira/browse/HBASE-99</link>
                <project id="12310753" key="HBASE">HBase</project>
                    <description>&lt;p&gt;Found a region server hung on hlog.&lt;/p&gt;</description>
                <environment></environment>
        <key id="12377026">HBASE-99</key>
            <summary>[hbase] deadlock on HLog rolling its log</summary>
                <type id="1" iconUrl="https://issues.apache.org/jira/images/icons/issuetypes/bug.png">Bug</type>
                                            <priority id="4" iconUrl="https://issues.apache.org/jira/images/icons/priorities/minor.png">Minor</priority>
                        <status id="6" iconUrl="https://issues.apache.org/jira/images/icons/statuses/closed.png" description="The issue is considered finished, the resolution is correct. Issues which are closed can be reopened.">Closed</status>
                    <statusCategory id="3" key="done" colorName="green"/>
                                    <resolution id="1">Fixed</resolution>
                                        <assignee username="-1">Unassigned</assignee>
                                    <reporter username="stack">stack</reporter>
                        <labels>
                    </labels>
                <created>Tue, 28 Aug 2007 19:24:50 +0000</created>
                <updated>Mon, 4 Feb 2008 18:40:39 +0000</updated>
                            <resolved>Wed, 12 Sep 2007 00:36:24 +0000</resolved>
                                                                        <due></due>
                            <votes>0</votes>
                                    <watches>0</watches>
                                                                <comments>
                            <comment id="12523321" author="stack" created="Tue, 28 Aug 2007 19:25:34 +0000"  >&lt;p&gt;Couple of thread dumps&lt;/p&gt;</comment>
                            <comment id="12526647" author="stack" created="Wed, 12 Sep 2007 00:36:24 +0000"  >&lt;p&gt;Reviewing the attached stack traces, root problem is threads are hung trying to take out a write lock on memcache.  Jim subsequently fixed a problem where memcache constructions could fail leaving outstanding read locks preventing other threads from ever again being able to get a write lock on memcache.  Resolving the issue as fixed by &lt;a href=&quot;https://issues.apache.org/jira/browse/HBASE-166&quot; title=&quot;[hbase] Region server hang on exit&quot; class=&quot;issue-link&quot; data-issue-key=&quot;HBASE-166&quot;&gt;&lt;del&gt;HADOOP-1805&lt;/del&gt;&lt;/a&gt;.&lt;/p&gt;</comment>
                    </comments>
                    <attachments>
                            <attachment id="12364704" name="hbase-stack-regionserver-aa0-000-12.u.powerset.com.out" size="28828" author="stack" created="Tue, 28 Aug 2007 19:25:34 +0000"/>
                    </attachments>
                <subtasks>
                    </subtasks>
                <customfields>
                                                <customfield id="customfield_12310310" key="com.atlassian.jira.toolkit:attachments">
                        <customfieldname>Attachment count</customfieldname>
                        <customfieldvalues>
                            <customfieldvalue>1.0</customfieldvalue>
                        </customfieldvalues>
                    </customfield>
                                                                                                                                                                                                                                                                                                                                                                                                                                                                                                                                                                                                                                                                                                                                                                                                                                                                                                                                        <customfield id="customfield_12310420" key="com.pyxis.greenhopper.jira:gh-global-rank">
                        <customfieldname>Global Rank</customfieldname>
                        <customfieldvalues>
                            <customfieldvalue>24883</customfieldvalue>
                        </customfieldvalues>
                    </customfield>
                                                                                                                                                    <customfield id="customfield_12312521" key="com.atlassian.jira.toolkit:LastCommentDate">
                        <customfieldname>Last public comment date</customfieldname>
                        <customfieldvalues>
                            9 years, 15 weeks, 2 days ago
                        </customfieldvalues>
                    </customfield>
                                                                                            <customfield id="customfield_12311820" key="com.pyxis.greenhopper.jira:gh-lexo-rank">
                        <customfieldname>Rank</customfieldname>
                        <customfieldvalues>
                            <customfieldvalue>0|i0h4af:</customfieldvalue>

                        </customfieldvalues>
                    </customfield>
                                                                <customfield id="customfield_12310920" key="com.pyxis.greenhopper.jira:gh-global-rank">
                        <customfieldname>Rank (Obsolete)</customfieldname>
                        <customfieldvalues>
                            <customfieldvalue>97957</customfieldvalue>
                        </customfieldvalues>
                    </customfield>
                                                                                                                                                                                                                                                                                                <customfield id="customfield_12310222" key="com.atlassian.jira.ext.charting:timeinstatus">
                        <customfieldname>Time in Status</customfieldname>
                        <customfieldvalues>
                            
                        </customfieldvalues>
                    </customfield>
                                                                                                                        </customfields>
    </item>
</channel>
</rss>