<!-- 
RSS generated by JIRA (6.3.4#6332-sha1:51bc225ef474afe3128b2f66878477f322397b16) at Fri Dec 16 18:41:08 UTC 2016

It is possible to restrict the fields that are returned in this document by specifying the 'field' parameter in your request.
For example, to request only the issue key and summary add field=key&field=summary to the URL of your request.
For example:
https://issues.apache.org/jira/si/jira.issueviews:issue-xml/HBASE-110/HBASE-110.xml?field=key&amp;field=summary
-->
<rss version="0.92" >
<channel>
    <title>ASF JIRA</title>
    <link>https://issues.apache.org/jira</link>
    <description>This file is an XML representation of an issue</description>
    <language>en-uk</language>    <build-info>
        <version>6.3.4</version>
        <build-number>6332</build-number>
        <build-date>15-08-2014</build-date>
    </build-info>

<item>
            <title>[HBASE-110] [hbase] 2443 breaks HTable.getStartKeys when there is more than one table or table you are enumerating isn&apos;t the first table</title>
                <link>https://issues.apache.org/jira/browse/HBASE-110</link>
                <project id="12310753" key="HBASE">HBase</project>
                    <description>&lt;p&gt;Clint Morgan noticed that the current HTable#getStartKeys implementation isn&apos;t correct when there are more than one table, or the table you&apos;re trying to get the start keys of isn&apos;t the only table. I believe that the solution is making sure that the scanner starts at the key that should lead off your table. We should create a TestGetStartKeys test to verify this behavior.&lt;/p&gt;</description>
                <environment></environment>
        <key id="12386438">HBASE-110</key>
            <summary>[hbase] 2443 breaks HTable.getStartKeys when there is more than one table or table you are enumerating isn&apos;t the first table</summary>
                <type id="1" iconUrl="https://issues.apache.org/jira/images/icons/issuetypes/bug.png">Bug</type>
                                            <priority id="1" iconUrl="https://issues.apache.org/jira/images/icons/priorities/blocker.png">Blocker</priority>
                        <status id="6" iconUrl="https://issues.apache.org/jira/images/icons/statuses/closed.png" description="The issue is considered finished, the resolution is correct. Issues which are closed can be reopened.">Closed</status>
                    <statusCategory id="3" key="done" colorName="green"/>
                                    <resolution id="1">Fixed</resolution>
                                        <assignee username="-1">Unassigned</assignee>
                                    <reporter username="bryanduxbury">Bryan Duxbury</reporter>
                        <labels>
                    </labels>
                <created>Thu, 17 Jan 2008 00:59:04 +0000</created>
                <updated>Fri, 22 Aug 2008 21:34:49 +0000</updated>
                            <resolved>Tue, 29 Jan 2008 20:06:58 +0000</resolved>
                                                                        <due></due>
                            <votes>0</votes>
                                    <watches>0</watches>
                                                                <comments>
                            <comment id="12560078" author="bryanduxbury" created="Thu, 17 Jan 2008 20:36:22 +0000"  >&lt;p&gt;This patch seems to resolve the problem. It still breaks out of the scanner loop when the table name doesn&apos;t match the table we&apos;re searching for, but it also starts the scanner at the name of the table we&apos;re searching for instead of EMPTY_START_ROW, which was causing rows for different tables to pop up first and prematurely end the scan.&lt;/p&gt;</comment>
                            <comment id="12560092" author="bryanduxbury" created="Thu, 17 Jan 2008 21:46:19 +0000"  >&lt;p&gt;New TestGetStartKeys was unreliable in last patch. This one passes consistently.&lt;/p&gt;</comment>
                            <comment id="12560093" author="bryanduxbury" created="Thu, 17 Jan 2008 21:48:25 +0000"  >&lt;p&gt;Trying Hudson.&lt;/p&gt;</comment>
                            <comment id="12560256" author="hadoopqa" created="Fri, 18 Jan 2008 07:16:14 +0000"  >&lt;p&gt;+1 overall.  Here are the results of testing the latest attachment &lt;br/&gt;
&lt;a href=&quot;http://issues.apache.org/jira/secure/attachment/12373432/2631-v2.patch&quot; class=&quot;external-link&quot; rel=&quot;nofollow&quot;&gt;http://issues.apache.org/jira/secure/attachment/12373432/2631-v2.patch&lt;/a&gt;&lt;br/&gt;
against trunk revision r613058.&lt;/p&gt;

&lt;p&gt;    @author +1.  The patch does not contain any @author tags.&lt;/p&gt;

&lt;p&gt;    javadoc +1.  The javadoc tool did not generate any warning messages.&lt;/p&gt;

&lt;p&gt;    javac +1.  The applied patch does not generate any new compiler warnings.&lt;/p&gt;

&lt;p&gt;    findbugs +1.  The patch does not introduce any new Findbugs warnings.&lt;/p&gt;

&lt;p&gt;    core tests +1.  The patch passed core unit tests.&lt;/p&gt;

&lt;p&gt;    contrib tests +1.  The patch passed contrib unit tests.&lt;/p&gt;

&lt;p&gt;Test results: &lt;a href=&quot;http://lucene.zones.apache.org:8080/hudson/job/Hadoop-Patch/1634/testReport/&quot; class=&quot;external-link&quot; rel=&quot;nofollow&quot;&gt;http://lucene.zones.apache.org:8080/hudson/job/Hadoop-Patch/1634/testReport/&lt;/a&gt;&lt;br/&gt;
Findbugs warnings: &lt;a href=&quot;http://lucene.zones.apache.org:8080/hudson/job/Hadoop-Patch/1634/artifact/trunk/build/test/findbugs/newPatchFindbugsWarnings.html&quot; class=&quot;external-link&quot; rel=&quot;nofollow&quot;&gt;http://lucene.zones.apache.org:8080/hudson/job/Hadoop-Patch/1634/artifact/trunk/build/test/findbugs/newPatchFindbugsWarnings.html&lt;/a&gt;&lt;br/&gt;
Checkstyle results: &lt;a href=&quot;http://lucene.zones.apache.org:8080/hudson/job/Hadoop-Patch/1634/artifact/trunk/build/test/checkstyle-errors.html&quot; class=&quot;external-link&quot; rel=&quot;nofollow&quot;&gt;http://lucene.zones.apache.org:8080/hudson/job/Hadoop-Patch/1634/artifact/trunk/build/test/checkstyle-errors.html&lt;/a&gt;&lt;br/&gt;
Console output: &lt;a href=&quot;http://lucene.zones.apache.org:8080/hudson/job/Hadoop-Patch/1634/console&quot; class=&quot;external-link&quot; rel=&quot;nofollow&quot;&gt;http://lucene.zones.apache.org:8080/hudson/job/Hadoop-Patch/1634/console&lt;/a&gt;&lt;/p&gt;

&lt;p&gt;This message is automatically generated.&lt;/p&gt;</comment>
                            <comment id="12560273" author="stack" created="Fri, 18 Jan 2008 07:54:00 +0000"  >&lt;p&gt;Committed. Thanks for the patch Bryan.&lt;/p&gt;</comment>
                            <comment id="12563639" author="bryanduxbury" created="Tue, 29 Jan 2008 19:53:58 +0000"  >&lt;p&gt;This issue is marked resolved, but the code from the patch does not appear in trunk. Stack, did you forget to actually commit?&lt;/p&gt;</comment>
                            <comment id="12563640" author="bryanduxbury" created="Tue, 29 Jan 2008 19:54:33 +0000"  >&lt;p&gt;Elevating this issue to blocker, since it breaks all MapReduce interactions with HBase.&lt;/p&gt;</comment>
                            <comment id="12563643" author="stack" created="Tue, 29 Jan 2008 20:06:57 +0000"  >&lt;p&gt;Committed (Thanks Bryan and Dennis Kubes for noticing this hadn&apos;t actually been committed).&lt;/p&gt;</comment>
                            <comment id="12564006" author="hudson" created="Wed, 30 Jan 2008 12:55:28 +0000"  >&lt;p&gt;Integrated in Hadoop-trunk #384 (See &lt;a href=&quot;http://hudson.zones.apache.org/hudson/job/Hadoop-trunk/384/&quot; class=&quot;external-link&quot; rel=&quot;nofollow&quot;&gt;http://hudson.zones.apache.org/hudson/job/Hadoop-trunk/384/&lt;/a&gt;)&lt;/p&gt;</comment>
                    </comments>
                    <attachments>
                            <attachment id="12373432" name="2631-v2.patch" size="8502" author="bryanduxbury" created="Thu, 17 Jan 2008 21:46:19 +0000"/>
                            <attachment id="12373429" name="2631.patch" size="8090" author="bryanduxbury" created="Thu, 17 Jan 2008 20:36:22 +0000"/>
                    </attachments>
                <subtasks>
                    </subtasks>
                <customfields>
                                                <customfield id="customfield_12310310" key="com.atlassian.jira.toolkit:attachments">
                        <customfieldname>Attachment count</customfieldname>
                        <customfieldvalues>
                            <customfieldvalue>2.0</customfieldvalue>
                        </customfieldvalues>
                    </customfield>
                                                                                                                                                                                                                                                                                                                                                                                                                                                                                                                                <customfield id="customfield_12310220" key="com.atlassian.jira.ext.charting:firstresponsedate">
                        <customfieldname>Date of First Response</customfieldname>
                        <customfieldvalues>
                            <customfieldvalue>Fri, 18 Jan 2008 07:16:14 +0000</customfieldvalue>

                        </customfieldvalues>
                    </customfield>
                                                                                                                                                                                                                                                                                                                                                                                                                                            <customfield id="customfield_12310420" key="com.pyxis.greenhopper.jira:gh-global-rank">
                        <customfieldname>Global Rank</customfieldname>
                        <customfieldvalues>
                            <customfieldvalue>24894</customfieldvalue>
                        </customfieldvalues>
                    </customfield>
                                                                                                                                                    <customfield id="customfield_12312521" key="com.atlassian.jira.toolkit:LastCommentDate">
                        <customfieldname>Last public comment date</customfieldname>
                        <customfieldvalues>
                            8 years, 47 weeks, 2 days ago
                        </customfieldvalues>
                    </customfield>
                                                                                            <customfield id="customfield_12311820" key="com.pyxis.greenhopper.jira:gh-lexo-rank">
                        <customfieldname>Rank</customfieldname>
                        <customfieldvalues>
                            <customfieldvalue>0|i0h4fb:</customfieldvalue>

                        </customfieldvalues>
                    </customfield>
                                                                <customfield id="customfield_12310920" key="com.pyxis.greenhopper.jira:gh-global-rank">
                        <customfieldname>Rank (Obsolete)</customfieldname>
                        <customfieldvalues>
                            <customfieldvalue>97979</customfieldvalue>
                        </customfieldvalues>
                    </customfield>
                                                                                                                                                                                                                                                                                                <customfield id="customfield_12310222" key="com.atlassian.jira.ext.charting:timeinstatus">
                        <customfieldname>Time in Status</customfieldname>
                        <customfieldvalues>
                            
                        </customfieldvalues>
                    </customfield>
                                                                                                                        </customfields>
    </item>
</channel>
</rss>