<!-- 
RSS generated by JIRA (6.3.4#6332-sha1:51bc225ef474afe3128b2f66878477f322397b16) at Fri Dec 16 18:47:22 UTC 2016

It is possible to restrict the fields that are returned in this document by specifying the 'field' parameter in your request.
For example, to request only the issue key and summary add field=key&field=summary to the URL of your request.
For example:
https://issues.apache.org/jira/si/jira.issueviews:issue-xml/HBASE-771/HBASE-771.xml?field=key&amp;field=summary
-->
<rss version="0.92" >
<channel>
    <title>ASF JIRA</title>
    <link>https://issues.apache.org/jira</link>
    <description>This file is an XML representation of an issue</description>
    <language>en-uk</language>    <build-info>
        <version>6.3.4</version>
        <build-number>6332</build-number>
        <build-date>15-08-2014</build-date>
    </build-info>

<item>
            <title>[HBASE-771] Names legal in 0.1 are not in 0.2; breaks migration</title>
                <link>https://issues.apache.org/jira/browse/HBASE-771</link>
                <project id="12310753" key="HBASE">HBase</project>
                    <description>&lt;p&gt;From the list:&lt;/p&gt;

&lt;div class=&quot;code panel&quot; style=&quot;border-width: 1px;&quot;&gt;&lt;div class=&quot;codeContent panelContent&quot;&gt;
&lt;pre class=&quot;code-java&quot;&gt;08/07/24 18:34:35 INFO v5.HLog: New log writer created at /user/sindice/log_1216920866949/hlog.dat.1216920874958
08/07/24 18:34:35 INFO v5.HLog: removing old log file /user/sindice/log_1216920866949/hlog.dat.0 whose highest sequence/edit id is 496415052
08/07/24 18:34:35 FATAL util.Migrate: Upgrade failed
java.lang.IllegalArgumentException: Illegal character &amp;lt;45&amp;gt;. User-space table names can only contain &apos;word characters&apos;:i.e. [a-zA-Z_0-9]: page-repository
	at org.apache.hadoop.hbase.HTableDescriptor.isLegalTableName(HTableDescriptor.java:220)
	at org.apache.hadoop.hbase.HTableDescriptor.&amp;lt;init&amp;gt;(HTableDescriptor.java:130)
	at org.apache.hadoop.hbase.util.Migrate.updateHRegionInfo(Migrate.java:266)
	at org.apache.hadoop.hbase.util.Migrate$1$1.processRow(Migrate.java:244)
	at org.apache.hadoop.hbase.util.migration.v5.MetaUtils.scanMetaRegion(MetaUtils.java:264)
	at org.apache.hadoop.hbase.util.migration.v5.MetaUtils.scanMetaRegion(MetaUtils.java:237)
	at org.apache.hadoop.hbase.util.Migrate$1.processRow(Migrate.java:241)
	at org.apache.hadoop.hbase.util.migration.v5.MetaUtils.scanRootRegion(MetaUtils.java:211)
	at org.apache.hadoop.hbase.util.Migrate.rewriteMetaHRegionInfo(Migrate.java:228)
	at org.apache.hadoop.hbase.util.Migrate.migrateToV5(Migrate.java:209)
	at org.apache.hadoop.hbase.util.Migrate.run(Migrate.java:187)
	at org.apache.hadoop.util.ToolRunner.run(ToolRunner.java:65)
	at org.apache.hadoop.util.ToolRunner.run(ToolRunner.java:79)
	at org.apache.hadoop.hbase.util.Migrate.main(Migrate.java:446)
&lt;/pre&gt;
&lt;/div&gt;&lt;/div&gt;</description>
                <environment></environment>
        <key id="12400932">HBASE-771</key>
            <summary>Names legal in 0.1 are not in 0.2; breaks migration</summary>
                <type id="1" iconUrl="https://issues.apache.org/jira/images/icons/issuetypes/bug.png">Bug</type>
                                            <priority id="1" iconUrl="https://issues.apache.org/jira/images/icons/priorities/blocker.png">Blocker</priority>
                        <status id="6" iconUrl="https://issues.apache.org/jira/images/icons/statuses/closed.png" description="The issue is considered finished, the resolution is correct. Issues which are closed can be reopened.">Closed</status>
                    <statusCategory id="3" key="done" colorName="green"/>
                                    <resolution id="1">Fixed</resolution>
                                        <assignee username="jimk">Jim Kellerman</assignee>
                                    <reporter username="stack">stack</reporter>
                        <labels>
                    </labels>
                <created>Thu, 24 Jul 2008 17:52:28 +0000</created>
                <updated>Fri, 22 Aug 2008 21:13:21 +0000</updated>
                            <resolved>Mon, 28 Jul 2008 19:28:11 +0000</resolved>
                                                    <fixVersion>0.2.0</fixVersion>
                                        <due></due>
                            <votes>0</votes>
                                    <watches>0</watches>
                                                                <comments>
                            <comment id="12616683" author="stack" created="Thu, 24 Jul 2008 22:03:14 +0000"  >&lt;p&gt;Allow &apos;-&apos; as long as not at start of name.&lt;/p&gt;</comment>
                            <comment id="12617521" author="jimk" created="Mon, 28 Jul 2008 19:28:11 +0000"  >&lt;p&gt;modified HTableDescriptor.isLegalTableName to accept names that do not start with &apos;-&apos; or &apos;.&apos; but may contain same.&lt;/p&gt;</comment>
                    </comments>
                    <attachments>
                            <attachment id="12386835" name="tablename-v2.patch" size="964" author="stack" created="Thu, 24 Jul 2008 22:03:14 +0000"/>
                    </attachments>
                <subtasks>
                    </subtasks>
                <customfields>
                                                <customfield id="customfield_12310310" key="com.atlassian.jira.toolkit:attachments">
                        <customfieldname>Attachment count</customfieldname>
                        <customfieldvalues>
                            <customfieldvalue>1.0</customfieldvalue>
                        </customfieldvalues>
                    </customfield>
                                                                                                                                                                                                                                                                                                                                                                                                                                                                                                                                <customfield id="customfield_12310220" key="com.atlassian.jira.ext.charting:firstresponsedate">
                        <customfieldname>Date of First Response</customfieldname>
                        <customfieldvalues>
                            <customfieldvalue>Mon, 28 Jul 2008 19:28:11 +0000</customfieldvalue>

                        </customfieldvalues>
                    </customfield>
                                                                                                                                                                                                                                                                                                                                                                                                                                            <customfield id="customfield_12310420" key="com.pyxis.greenhopper.jira:gh-global-rank">
                        <customfieldname>Global Rank</customfieldname>
                        <customfieldvalues>
                            <customfieldvalue>25392</customfieldvalue>
                        </customfieldvalues>
                    </customfield>
                                                                                                                                                    <customfield id="customfield_12312521" key="com.atlassian.jira.toolkit:LastCommentDate">
                        <customfieldname>Last public comment date</customfieldname>
                        <customfieldvalues>
                            8 years, 21 weeks, 3 days ago
                        </customfieldvalues>
                    </customfield>
                                                                                            <customfield id="customfield_12311820" key="com.pyxis.greenhopper.jira:gh-lexo-rank">
                        <customfieldname>Rank</customfieldname>
                        <customfieldvalues>
                            <customfieldvalue>0|i0h9cn:</customfieldvalue>

                        </customfieldvalues>
                    </customfield>
                                                                <customfield id="customfield_12310920" key="com.pyxis.greenhopper.jira:gh-global-rank">
                        <customfieldname>Rank (Obsolete)</customfieldname>
                        <customfieldvalues>
                            <customfieldvalue>98777</customfieldvalue>
                        </customfieldvalues>
                    </customfield>
                                                                                                                                                                                                                                                                                                <customfield id="customfield_12310222" key="com.atlassian.jira.ext.charting:timeinstatus">
                        <customfieldname>Time in Status</customfieldname>
                        <customfieldvalues>
                            
                        </customfieldvalues>
                    </customfield>
                                                                                                                        </customfields>
    </item>
</channel>
</rss>