<!-- 
RSS generated by JIRA (6.3.4#6332-sha1:51bc225ef474afe3128b2f66878477f322397b16) at Fri Dec 16 18:45:51 UTC 2016

It is possible to restrict the fields that are returned in this document by specifying the 'field' parameter in your request.
For example, to request only the issue key and summary add field=key&field=summary to the URL of your request.
For example:
https://issues.apache.org/jira/si/jira.issueviews:issue-xml/HBASE-607/HBASE-607.xml?field=key&amp;field=summary
-->
<rss version="0.92" >
<channel>
    <title>ASF JIRA</title>
    <link>https://issues.apache.org/jira</link>
    <description>This file is an XML representation of an issue</description>
    <language>en-uk</language>    <build-info>
        <version>6.3.4</version>
        <build-number>6332</build-number>
        <build-date>15-08-2014</build-date>
    </build-info>

<item>
            <title>[HBASE-607] MultiRegionTable.makeMultiRegionTable is not deterministic enough for regression tests</title>
                <link>https://issues.apache.org/jira/browse/HBASE-607</link>
                <project id="12310753" key="HBASE">HBase</project>
                    <description>&lt;p&gt;MultiRegionTable.makeMultiRegionTable is too non-deterministic for regression tests. It fails more often than the tests that use it.&lt;/p&gt;</description>
                <environment></environment>
        <key id="12395030">HBASE-607</key>
            <summary>MultiRegionTable.makeMultiRegionTable is not deterministic enough for regression tests</summary>
                <type id="6" iconUrl="https://issues.apache.org/jira/images/icons/issuetypes/requirement.png">Test</type>
                                            <priority id="3" iconUrl="https://issues.apache.org/jira/images/icons/priorities/major.png">Major</priority>
                        <status id="6" iconUrl="https://issues.apache.org/jira/images/icons/statuses/closed.png" description="The issue is considered finished, the resolution is correct. Issues which are closed can be reopened.">Closed</status>
                    <statusCategory id="3" key="done" colorName="green"/>
                                    <resolution id="1">Fixed</resolution>
                                        <assignee username="jimk">Jim Kellerman</assignee>
                                    <reporter username="jimk">Jim Kellerman</reporter>
                        <labels>
                    </labels>
                <created>Wed, 30 Apr 2008 00:33:13 +0000</created>
                <updated>Fri, 22 Aug 2008 21:13:14 +0000</updated>
                            <resolved>Thu, 1 May 2008 17:43:28 +0000</resolved>
                                    <version>0.1.1</version>
                    <version>0.1.2</version>
                    <version>0.2.0</version>
                                    <fixVersion>0.1.2</fixVersion>
                    <fixVersion>0.2.0</fixVersion>
                                    <component>test</component>
                        <due></due>
                            <votes>0</votes>
                                    <watches>0</watches>
                                                                <comments>
                            <comment id="12593459" author="jimk" created="Wed, 30 Apr 2008 22:55:56 +0000"  >&lt;p&gt;Not sure if this will apply to 0.1 branch because I have not been able to update from svn for a couple of days.&lt;/p&gt;</comment>
                            <comment id="12593474" author="jimk" created="Thu, 1 May 2008 01:52:46 +0000"  >&lt;p&gt;Patch for trunk.&lt;/p&gt;</comment>
                            <comment id="12593475" author="jimk" created="Thu, 1 May 2008 01:55:52 +0000"  >&lt;p&gt;Latest patch for 0.1 branch.&lt;/p&gt;</comment>
                            <comment id="12593476" author="jimk" created="Thu, 1 May 2008 01:57:52 +0000"  >&lt;p&gt;There are two patches, one for 0.1 branch (607-0.1-V2.patch) and one for trunk (607-trunk.patch)&lt;/p&gt;

&lt;p&gt;Please review.&lt;/p&gt;</comment>
                            <comment id="12593483" author="stack" created="Thu, 1 May 2008 04:45:36 +0000"  >&lt;p&gt;The punctuation added to key doesn&apos;t belong in multiregiontable.  It belongs in a test of its own.  But don&apos;t put this in the way of committing since the punctuation was there previous.&lt;/p&gt;

&lt;p&gt;You might make a method that does following:&lt;/p&gt;

&lt;div class=&quot;code panel&quot; style=&quot;border-width: 1px;&quot;&gt;&lt;div class=&quot;codeContent panelContent&quot;&gt;
&lt;pre class=&quot;code-java&quot;&gt;
+    region.close();
+    region.getLog().closeAndDelete();
+    &lt;span class=&quot;code-keyword&quot;&gt;return&lt;/span&gt; region;
&lt;/pre&gt;
&lt;/div&gt;&lt;/div&gt;

&lt;p&gt;... rather than repeat it multiple times.&lt;/p&gt;

&lt;p&gt;I tried the patch on branch and it passed TTI and TTMR.&lt;/p&gt;

&lt;p&gt;+1 on the branch patch.&lt;/p&gt;

&lt;p&gt;In trunk patch, you do this:&lt;/p&gt;

&lt;div class=&quot;code panel&quot; style=&quot;border-width: 1px;&quot;&gt;&lt;div class=&quot;codeContent panelContent&quot;&gt;
&lt;pre class=&quot;code-java&quot;&gt;
-        conf.set(&lt;span class=&quot;code-quote&quot;&gt;&quot;fs.&lt;span class=&quot;code-keyword&quot;&gt;default&lt;/span&gt;.name&quot;&lt;/span&gt;, fs.getName());      
+        &lt;span class=&quot;code-comment&quot;&gt;// Set the hbase.rootdir to be the home directory in mini dfs.&lt;/span&gt;
&lt;/pre&gt;
&lt;/div&gt;&lt;/div&gt;

&lt;p&gt;Is that right?&lt;/p&gt;

&lt;p&gt;Otherwise patch looks good to me.&lt;/p&gt;

</comment>
                            <comment id="12593594" author="jimk" created="Thu, 1 May 2008 17:43:28 +0000"  >&lt;p&gt;Committed to branch and trunk.&lt;/p&gt;</comment>
                    </comments>
                    <attachments>
                            <attachment id="12381232" name="607-0.1-V2.patch" size="31353" author="jimk" created="Thu, 1 May 2008 01:55:52 +0000"/>
                            <attachment id="12381225" name="607-0.1.patch" size="30760" author="jimk" created="Wed, 30 Apr 2008 22:55:56 +0000"/>
                            <attachment id="12381231" name="607-trunk.patch" size="27027" author="jimk" created="Thu, 1 May 2008 01:52:46 +0000"/>
                    </attachments>
                <subtasks>
                    </subtasks>
                <customfields>
                                                <customfield id="customfield_12310310" key="com.atlassian.jira.toolkit:attachments">
                        <customfieldname>Attachment count</customfieldname>
                        <customfieldvalues>
                            <customfieldvalue>3.0</customfieldvalue>
                        </customfieldvalues>
                    </customfield>
                                                                                                                                                                                                                                                                                                                                                                                                                                                                                                                                <customfield id="customfield_12310220" key="com.atlassian.jira.ext.charting:firstresponsedate">
                        <customfieldname>Date of First Response</customfieldname>
                        <customfieldvalues>
                            <customfieldvalue>Thu, 1 May 2008 04:45:36 +0000</customfieldvalue>

                        </customfieldvalues>
                    </customfield>
                                                                                                                                                                                                                                                                                                                                                                                                                                            <customfield id="customfield_12310420" key="com.pyxis.greenhopper.jira:gh-global-rank">
                        <customfieldname>Global Rank</customfieldname>
                        <customfieldvalues>
                            <customfieldvalue>31781</customfieldvalue>
                        </customfieldvalues>
                    </customfield>
                                                                                                                                                    <customfield id="customfield_12312521" key="com.atlassian.jira.toolkit:LastCommentDate">
                        <customfieldname>Last public comment date</customfieldname>
                        <customfieldvalues>
                            8 years, 34 weeks, 1 day ago
                        </customfieldvalues>
                    </customfield>
                                                                                            <customfield id="customfield_12311820" key="com.pyxis.greenhopper.jira:gh-lexo-rank">
                        <customfieldname>Rank</customfieldname>
                        <customfieldvalues>
                            <customfieldvalue>0|i0h8cf:</customfieldvalue>

                        </customfieldvalues>
                    </customfield>
                                                                <customfield id="customfield_12310920" key="com.pyxis.greenhopper.jira:gh-global-rank">
                        <customfieldname>Rank (Obsolete)</customfieldname>
                        <customfieldvalues>
                            <customfieldvalue>98614</customfieldvalue>
                        </customfieldvalues>
                    </customfield>
                                                                                                                                                                                                                                                                                                <customfield id="customfield_12310222" key="com.atlassian.jira.ext.charting:timeinstatus">
                        <customfieldname>Time in Status</customfieldname>
                        <customfieldvalues>
                            
                        </customfieldvalues>
                    </customfield>
                                                                                                                        </customfields>
    </item>
</channel>
</rss>