<!-- 
RSS generated by JIRA (6.3.4#6332-sha1:51bc225ef474afe3128b2f66878477f322397b16) at Fri Dec 16 18:43:55 UTC 2016

It is possible to restrict the fields that are returned in this document by specifying the 'field' parameter in your request.
For example, to request only the issue key and summary add field=key&field=summary to the URL of your request.
For example:
https://issues.apache.org/jira/si/jira.issueviews:issue-xml/HBASE-400/HBASE-400.xml?field=key&amp;field=summary
-->
<rss version="0.92" >
<channel>
    <title>ASF JIRA</title>
    <link>https://issues.apache.org/jira</link>
    <description>This file is an XML representation of an issue</description>
    <language>en-uk</language>    <build-info>
        <version>6.3.4</version>
        <build-number>6332</build-number>
        <build-date>15-08-2014</build-date>
    </build-info>

<item>
            <title>[HBASE-400] [Hbase Shell] Unit tests for HQL commands implementation</title>
                <link>https://issues.apache.org/jira/browse/HBASE-400</link>
                <project id="12310753" key="HBASE">HBase</project>
                    <description>&lt;p&gt;HQL commands have been implemented through the issue &lt;br/&gt;
&lt;a href=&quot;https://issues.apache.org/jira/browse/HADOOP-1720&quot; class=&quot;external-link&quot; rel=&quot;nofollow&quot;&gt;HADOOP-1720&lt;/a&gt;. Unit tests that test these newly &lt;br/&gt;
implemented HQL commands  are needed to make sure that those commands &lt;br/&gt;
are correctly implemented. &lt;/p&gt;

&lt;p&gt;In this issue, we are going to provide unit tests that set up a minibase cluster, &lt;br/&gt;
execute various commands, and verify the results, as Stack suggested in the issue&lt;br/&gt;
&lt;a href=&quot;https://issues.apache.org/jira/browse/HBASE-356&quot; title=&quot;[HbaseShell] Addition of HQL (Hbase Query Language) support in Hbase Shell&quot; class=&quot;issue-link&quot; data-issue-key=&quot;HBASE-356&quot;&gt;&lt;del&gt;HADOOP-1720&lt;/del&gt;&lt;/a&gt; as follows:&lt;/p&gt;

&lt;p&gt;Stack said:&lt;/p&gt;
&lt;blockquote&gt;
&lt;p&gt;This is a large amount of new functionality but it is without unit tests. Regression in something as complicated as a shell is a real danger. Do you have any objection to adding at least a basic test that does a setup of a minihbasecluster adding a table using your create command (with assertion that add was successful, and that all options specified were enabled, perhaps using your describe command), and then disable, enable, input, select, and drop asserting each of the steps has happened as you go? (I can help out if you&apos;d like).&lt;/p&gt;&lt;/blockquote&gt;</description>
                <environment>&lt;p&gt;all environments&lt;/p&gt;</environment>
        <key id="12377401">HBASE-400</key>
            <summary>[Hbase Shell] Unit tests for HQL commands implementation</summary>
                <type id="1" iconUrl="https://issues.apache.org/jira/images/icons/issuetypes/bug.png">Bug</type>
                                            <priority id="4" iconUrl="https://issues.apache.org/jira/images/icons/priorities/minor.png">Minor</priority>
                        <status id="6" iconUrl="https://issues.apache.org/jira/images/icons/statuses/closed.png" description="The issue is considered finished, the resolution is correct. Issues which are closed can be reopened.">Closed</status>
                    <statusCategory id="3" key="done" colorName="green"/>
                                    <resolution id="2">Won&apos;t Fix</resolution>
                                        <assignee username="-1">Unassigned</assignee>
                                    <reporter username="icsong">Inchul Song</reporter>
                        <labels>
                    </labels>
                <created>Tue, 4 Sep 2007 06:32:07 +0000</created>
                <updated>Mon, 4 Feb 2008 18:42:04 +0000</updated>
                            <resolved>Tue, 11 Sep 2007 23:26:19 +0000</resolved>
                                                                        <due></due>
                            <votes>0</votes>
                                    <watches>0</watches>
                                                                <comments>
                            <comment id="12526631" author="stack" created="Tue, 11 Sep 2007 23:26:19 +0000"  >&lt;p&gt;In &lt;a href=&quot;https://issues.apache.org/jira/browse/HBASE-356&quot; title=&quot;[HbaseShell] Addition of HQL (Hbase Query Language) support in Hbase Shell&quot; class=&quot;issue-link&quot; data-issue-key=&quot;HBASE-356&quot;&gt;&lt;del&gt;HADOOP-1720&lt;/del&gt;&lt;/a&gt;, patch v21 has unit tests for hql.   Therefore, closing this issue as won&apos;t fix.&lt;/p&gt;</comment>
                    </comments>
                    <attachments>
                    </attachments>
                <subtasks>
                    </subtasks>
                <customfields>
                                                <customfield id="customfield_12310310" key="com.atlassian.jira.toolkit:attachments">
                        <customfieldname>Attachment count</customfieldname>
                        <customfieldvalues>
                            <customfieldvalue>0.0</customfieldvalue>
                        </customfieldvalues>
                    </customfield>
                                                                                                                                                                                                                                                                                                                                                                                                                                                                                                                                <customfield id="customfield_12310220" key="com.atlassian.jira.ext.charting:firstresponsedate">
                        <customfieldname>Date of First Response</customfieldname>
                        <customfieldvalues>
                            <customfieldvalue>Tue, 11 Sep 2007 23:26:19 +0000</customfieldvalue>

                        </customfieldvalues>
                    </customfield>
                                                                                                                                                                                                                                                                                                                                                                                                                                            <customfield id="customfield_12310420" key="com.pyxis.greenhopper.jira:gh-global-rank">
                        <customfieldname>Global Rank</customfieldname>
                        <customfieldvalues>
                            <customfieldvalue>25184</customfieldvalue>
                        </customfieldvalues>
                    </customfield>
                                                                                                                                                    <customfield id="customfield_12312521" key="com.atlassian.jira.toolkit:LastCommentDate">
                        <customfieldname>Last public comment date</customfieldname>
                        <customfieldvalues>
                            9 years, 15 weeks, 2 days ago
                        </customfieldvalues>
                    </customfield>
                                                                                            <customfield id="customfield_12311820" key="com.pyxis.greenhopper.jira:gh-lexo-rank">
                        <customfieldname>Rank</customfieldname>
                        <customfieldvalues>
                            <customfieldvalue>0|i0h733:</customfieldvalue>

                        </customfieldvalues>
                    </customfield>
                                                                <customfield id="customfield_12310920" key="com.pyxis.greenhopper.jira:gh-global-rank">
                        <customfieldname>Rank (Obsolete)</customfieldname>
                        <customfieldvalues>
                            <customfieldvalue>98410</customfieldvalue>
                        </customfieldvalues>
                    </customfield>
                                                                                                                                                                                                                                                                                                <customfield id="customfield_12310222" key="com.atlassian.jira.ext.charting:timeinstatus">
                        <customfieldname>Time in Status</customfieldname>
                        <customfieldvalues>
                            
                        </customfieldvalues>
                    </customfield>
                                                                                                                        </customfields>
    </item>
</channel>
</rss>