<!-- 
RSS generated by JIRA (6.3.4#6332-sha1:51bc225ef474afe3128b2f66878477f322397b16) at Fri Dec 16 18:48:26 UTC 2016

It is possible to restrict the fields that are returned in this document by specifying the 'field' parameter in your request.
For example, to request only the issue key and summary add field=key&field=summary to the URL of your request.
For example:
https://issues.apache.org/jira/si/jira.issueviews:issue-xml/HBASE-884/HBASE-884.xml?field=key&amp;field=summary
-->
<rss version="0.92" >
<channel>
    <title>ASF JIRA</title>
    <link>https://issues.apache.org/jira</link>
    <description>This file is an XML representation of an issue</description>
    <language>en-uk</language>    <build-info>
        <version>6.3.4</version>
        <build-number>6332</build-number>
        <build-date>15-08-2014</build-date>
    </build-info>

<item>
            <title>[HBASE-884] Double and float converters for Bytes class</title>
                <link>https://issues.apache.org/jira/browse/HBASE-884</link>
                <project id="12310753" key="HBASE">HBase</project>
                    <description>&lt;p&gt;Is there any reason why there are no double and float converters for Bytes class? They will certainly come in handy.&lt;/p&gt;</description>
                <environment></environment>
        <key id="12404341">HBASE-884</key>
            <summary>Double and float converters for Bytes class</summary>
                <type id="4" iconUrl="https://issues.apache.org/jira/images/icons/issuetypes/improvement.png">Improvement</type>
                                            <priority id="4" iconUrl="https://issues.apache.org/jira/images/icons/priorities/minor.png">Minor</priority>
                        <status id="6" iconUrl="https://issues.apache.org/jira/images/icons/statuses/closed.png" description="The issue is considered finished, the resolution is correct. Issues which are closed can be reopened.">Closed</status>
                    <statusCategory id="3" key="done" colorName="green"/>
                                    <resolution id="1">Fixed</resolution>
                                        <assignee username="dogacan">Do&#287;acan G&#252;ney</assignee>
                                    <reporter username="dogacan">Do&#287;acan G&#252;ney</reporter>
                        <labels>
                    </labels>
                <created>Mon, 15 Sep 2008 07:59:48 +0000</created>
                <updated>Sun, 13 Sep 2009 22:26:26 +0000</updated>
                            <resolved>Tue, 23 Sep 2008 05:09:49 +0000</resolved>
                                                    <fixVersion>0.19.0</fixVersion>
                                    <component>io</component>
                        <due></due>
                            <votes>0</votes>
                                    <watches>0</watches>
                                                                <comments>
                            <comment id="12630955" author="dogacan" created="Mon, 15 Sep 2008 08:00:41 +0000"  >&lt;p&gt;A simple patch that adds methods for double and float-s. &lt;/p&gt;

&lt;p&gt;Sorry but it is a git patch (you have to apply it -p1).&lt;/p&gt;</comment>
                            <comment id="12630956" author="dogacan" created="Mon, 15 Sep 2008 08:01:32 +0000"  >&lt;p&gt;A simple patch that adds methods for double and float-s.&lt;/p&gt;

&lt;p&gt;Sorry but it is a git patch (you have to apply it -p1).&lt;/p&gt;

&lt;p&gt;(wrong license choice for the last patch, sorry&lt;img class=&quot;emoticon&quot; src=&quot;https://issues.apache.org/jira/images/icons/emoticons/smile.gif&quot; height=&quot;16&quot; width=&quot;16&quot; align=&quot;absmiddle&quot; alt=&quot;&quot; border=&quot;0&quot;/&gt;&lt;/p&gt;</comment>
                            <comment id="12631171" author="stack" created="Mon, 15 Sep 2008 22:54:09 +0000"  >&lt;p&gt;Thanks for the patch Do&#287;acan.  Looks great.  Will apply after trunk is branched for hbase 0.18.&lt;/p&gt;</comment>
                            <comment id="12632520" author="viper799" created="Fri, 19 Sep 2008 05:30:57 +0000"  >&lt;p&gt;I have tried this patch and have a question if it working correctly&lt;/p&gt;

&lt;p&gt;error I am receiving&lt;/p&gt;
&lt;div class=&quot;code panel&quot; style=&quot;border-width: 1px;&quot;&gt;&lt;div class=&quot;codeContent panelContent&quot;&gt;
&lt;pre class=&quot;code-java&quot;&gt;
2008-09-19 00:18:03,358 WARN org.apache.hadoop.mapred.TaskTracker: Error running child
java.nio.BufferUnderflowException
	at java.nio.Buffer.nextGetIndex(Buffer.java:480)
	at java.nio.HeapByteBuffer.getDouble(HeapByteBuffer.java:489)
	at org.apache.hadoop.hbase.util.Bytes.toDouble(Bytes.java:200)
	at com.compspy.mapred.SumInRank.map(SumInRank.java:79)
	at org.apache.hadoop.hbase.mapred.TableMap.map(TableMap.java:42)
	at org.apache.hadoop.mapred.MapRunner.run(MapRunner.java:47)
	at org.apache.hadoop.mapred.MapTask.run(MapTask.java:227)
	at org.apache.hadoop.mapred.TaskTracker$Child.main(TaskTracker.java:2207)
&lt;/pre&gt;
&lt;/div&gt;&lt;/div&gt;


&lt;p&gt;I inserted a double by praseing it form a text file that I am testing imports with&lt;/p&gt;

&lt;p&gt;linea&lt;span class=&quot;error&quot;&gt;&amp;#91;1&amp;#93;&lt;/span&gt; is a string for column&lt;br/&gt;
linea&lt;span class=&quot;error&quot;&gt;&amp;#91;3&amp;#93;&lt;/span&gt; is a string in a text file of a double number prased as a double here:&lt;br/&gt;
new BatchOperation(Bytes.toBytes(linea&lt;span class=&quot;error&quot;&gt;&amp;#91;1&amp;#93;&lt;/span&gt;),Bytes.toBytes(Double.parseDouble(linea&lt;span class=&quot;error&quot;&gt;&amp;#91;3&amp;#93;&lt;/span&gt;))));&lt;/p&gt;

&lt;p&gt;So in the end of the job the reduce writes all these to hbase so far no problem&lt;/p&gt;

&lt;p&gt;in the next job I read the value back and sum them up and write a new record&lt;br/&gt;
line 79: &lt;br/&gt;
double RecordAmount = Bytes.toDouble(e.getValue().getValue());&lt;/p&gt;

&lt;p&gt;e is a cell from a rowresult&lt;/p&gt;

&lt;p&gt;am I doing something wrong?&lt;/p&gt;

&lt;p&gt;I scanned from the shell and can see the values look ok from there&lt;br/&gt;
value=0.0025188916876574&lt;/p&gt;</comment>
                            <comment id="12632595" author="dogacan" created="Fri, 19 Sep 2008 09:19:45 +0000"  >&lt;p&gt;I don&apos;t know why you have a problem there, but can you try (in line 79) to get the raw byte array and print it out with its size?&lt;/p&gt;</comment>
                            <comment id="12633625" author="stack" created="Tue, 23 Sep 2008 05:09:49 +0000"  >&lt;p&gt;Committed.  Thanks for the patch Do&#287;acan.&lt;/p&gt;</comment>
                    </comments>
                    <attachments>
                            <attachment id="12390096" name="new_converters.patch" size="1908" author="dogacan" created="Mon, 15 Sep 2008 08:01:32 +0000"/>
                    </attachments>
                <subtasks>
                    </subtasks>
                <customfields>
                                                <customfield id="customfield_12310310" key="com.atlassian.jira.toolkit:attachments">
                        <customfieldname>Attachment count</customfieldname>
                        <customfieldvalues>
                            <customfieldvalue>1.0</customfieldvalue>
                        </customfieldvalues>
                    </customfield>
                                                                                                                                                                                                                                                                                                                                                                                                                                                                                                                                <customfield id="customfield_12310220" key="com.atlassian.jira.ext.charting:firstresponsedate">
                        <customfieldname>Date of First Response</customfieldname>
                        <customfieldvalues>
                            <customfieldvalue>Mon, 15 Sep 2008 22:54:09 +0000</customfieldvalue>

                        </customfieldvalues>
                    </customfield>
                                                                                                                                                                                                                                                                                                                                                                                                                                            <customfield id="customfield_12310420" key="com.pyxis.greenhopper.jira:gh-global-rank">
                        <customfieldname>Global Rank</customfieldname>
                        <customfieldvalues>
                            <customfieldvalue>31887</customfieldvalue>
                        </customfieldvalues>
                    </customfield>
                                                                                                                                                    <customfield id="customfield_12312521" key="com.atlassian.jira.toolkit:LastCommentDate">
                        <customfieldname>Last public comment date</customfieldname>
                        <customfieldvalues>
                            8 years, 13 weeks, 3 days ago
                        </customfieldvalues>
                    </customfield>
                                                                                            <customfield id="customfield_12311820" key="com.pyxis.greenhopper.jira:gh-lexo-rank">
                        <customfieldname>Rank</customfieldname>
                        <customfieldvalues>
                            <customfieldvalue>0|i0ha1j:</customfieldvalue>

                        </customfieldvalues>
                    </customfield>
                                                                <customfield id="customfield_12310920" key="com.pyxis.greenhopper.jira:gh-global-rank">
                        <customfieldname>Rank (Obsolete)</customfieldname>
                        <customfieldvalues>
                            <customfieldvalue>98889</customfieldvalue>
                        </customfieldvalues>
                    </customfield>
                                                                                                                                                                                                                                                                                                <customfield id="customfield_12310222" key="com.atlassian.jira.ext.charting:timeinstatus">
                        <customfieldname>Time in Status</customfieldname>
                        <customfieldvalues>
                            
                        </customfieldvalues>
                    </customfield>
                                                                                                                        </customfields>
    </item>
</channel>
</rss>