<!-- 
RSS generated by JIRA (6.3.4#6332-sha1:51bc225ef474afe3128b2f66878477f322397b16) at Fri Dec 16 18:48:57 UTC 2016

It is possible to restrict the fields that are returned in this document by specifying the 'field' parameter in your request.
For example, to request only the issue key and summary add field=key&field=summary to the URL of your request.
For example:
https://issues.apache.org/jira/si/jira.issueviews:issue-xml/HBASE-936/HBASE-936.xml?field=key&amp;field=summary
-->
<rss version="0.92" >
<channel>
    <title>ASF JIRA</title>
    <link>https://issues.apache.org/jira</link>
    <description>This file is an XML representation of an issue</description>
    <language>en-uk</language>    <build-info>
        <version>6.3.4</version>
        <build-number>6332</build-number>
        <build-date>15-08-2014</build-date>
    </build-info>

<item>
            <title>[HBASE-936] REST Interface:   enable to get numbers of rows from scanner interface</title>
                <link>https://issues.apache.org/jira/browse/HBASE-936</link>
                <project id="12310753" key="HBASE">HBase</project>
                    <description>&lt;p&gt;The scanner request will return one row for each request defaultly. But due to reduce the network bandwidth also the usability of the api, it should allow return multiple rows at once.&lt;/p&gt;</description>
                <environment></environment>
        <key id="12406736">HBASE-936</key>
            <summary>REST Interface:   enable to get numbers of rows from scanner interface</summary>
                <type id="4" iconUrl="https://issues.apache.org/jira/images/icons/issuetypes/improvement.png">Improvement</type>
                                            <priority id="3" iconUrl="https://issues.apache.org/jira/images/icons/priorities/major.png">Major</priority>
                        <status id="6" iconUrl="https://issues.apache.org/jira/images/icons/statuses/closed.png" description="The issue is considered finished, the resolution is correct. Issues which are closed can be reopened.">Closed</status>
                    <statusCategory id="3" key="done" colorName="green"/>
                                    <resolution id="1">Fixed</resolution>
                                        <assignee username="yedingding@gmail.com">sishen</assignee>
                                    <reporter username="yedingding@gmail.com">sishen</reporter>
                        <labels>
                    </labels>
                <created>Sat, 18 Oct 2008 11:42:18 +0000</created>
                <updated>Thu, 2 May 2013 02:29:17 +0000</updated>
                            <resolved>Tue, 28 Oct 2008 18:52:33 +0000</resolved>
                                    <version>0.18.0</version>
                                    <fixVersion>0.19.0</fixVersion>
                                    <component>REST</component>
                        <due></due>
                            <votes>0</votes>
                                    <watches>0</watches>
                                    <timeoriginalestimate seconds="3600">1h</timeoriginalestimate>
                            <timeestimate seconds="3600">1h</timeestimate>
                                        <comments>
                            <comment id="12640764" author="yedingding@gmail.com" created="Sat, 18 Oct 2008 11:46:36 +0000"  >&lt;p&gt;The default numbers of rows is 1. So it will not affect the current apis.  User can add limit parma to the search string, such as /&lt;span class=&quot;error&quot;&gt;&amp;#91;tables&amp;#93;&lt;/span&gt;/scanner/&lt;span class=&quot;error&quot;&gt;&amp;#91;scanner_id&amp;#93;&lt;/span&gt;?limit=10.&lt;/p&gt;

&lt;p&gt;The result will be &amp;lt;rows&amp;gt;&amp;lt;row&amp;gt;..&amp;lt;/row&amp;gt;&amp;lt;row&amp;gt;..&amp;lt;/row&amp;gt;..&amp;lt;/rows&amp;gt; if limit &amp;gt; 1, else &amp;lt;row&amp;gt;..&amp;lt;/row&amp;gt;&lt;/p&gt;
</comment>
                            <comment id="12640770" author="yedingding@gmail.com" created="Sat, 18 Oct 2008 13:20:47 +0000"  >&lt;p&gt;fix NullPointerException&lt;/p&gt;</comment>
                            <comment id="12640839" author="jdcryans" created="Sun, 19 Oct 2008 14:20:22 +0000"  >&lt;p&gt;Moved this into 0.19.0 since we don&apos;t release new features in 0.18.&lt;/p&gt;

&lt;p&gt;Also, did you take a look at &lt;a href=&quot;https://issues.apache.org/jira/browse/HBASE-887&quot; title=&quot;Fix a hotspot in scanners&quot; class=&quot;issue-link&quot; data-issue-key=&quot;HBASE-887&quot;&gt;&lt;del&gt;HBASE-887&lt;/del&gt;&lt;/a&gt;? Can you confirm that there are no bad interactions between your patch and the current state of trunk? Thanks!&lt;/p&gt;</comment>
                            <comment id="12640850" author="yedingding@gmail.com" created="Sun, 19 Oct 2008 17:05:59 +0000"  >&lt;p&gt;Hi, J-D.&lt;/p&gt;

&lt;p&gt;Thanks for the mention.  I haven&apos;t put the eyes on that before.  Will change using the new apis.&lt;/p&gt;</comment>
                            <comment id="12643125" author="stack" created="Tue, 28 Oct 2008 04:31:57 +0000"  >&lt;p&gt;Sishen: Are you going to update this patch to accomodate J-D&apos;s suggestion?&lt;/p&gt;</comment>
                            <comment id="12643133" author="yedingding@gmail.com" created="Tue, 28 Oct 2008 04:45:27 +0000"  >&lt;p&gt;Stack: if accomodate J-D&apos;s suggestion, i think we must apply the patch of &lt;a href=&quot;https://issues.apache.org/jira/browse/HBASE-959&quot; title=&quot;Be able to get multiple RowResult at one time from client side&quot; class=&quot;issue-link&quot; data-issue-key=&quot;HBASE-959&quot;&gt;&lt;del&gt;HBASE-959&lt;/del&gt;&lt;/a&gt; at first.  &lt;/p&gt;</comment>
                            <comment id="12643148" author="yedingding@gmail.com" created="Tue, 28 Oct 2008 05:50:57 +0000"  >&lt;p&gt;Accomodate J-D&apos;s suggestion.  And also add the new next(int nbRows) method to the Scanner interface.&lt;/p&gt;</comment>
                            <comment id="12643297" author="stack" created="Tue, 28 Oct 2008 18:27:06 +0000"  >&lt;p&gt;Sishen: It looks like you are just removing the next() and hasNext() from the REST Scanner rather than first deprecating it?  As is, if folks have written code that expects next(), they&apos;ll get a surprise.   Do they have to be removed?  If so, would suggest you instead deprecate them and then remove them in a later release &amp;#8211; 0.20.0. &lt;/p&gt;</comment>
                            <comment id="12643300" author="yedingding@gmail.com" created="Tue, 28 Oct 2008 18:45:40 +0000"  >&lt;p&gt;Yes.  I reimplemented the ScannerRecord. But it&apos;s only used in ScannerHandler internally and i have changed all the logic.  is this ok?  Do I still need to deprecate it at first?&lt;/p&gt;</comment>
                            <comment id="12643302" author="stack" created="Tue, 28 Oct 2008 18:52:33 +0000"  >&lt;p&gt;If all internal, no need to do deprecation.&lt;/p&gt;

&lt;p&gt;Applied.  Thanks for the patch Sishen.&lt;/p&gt;</comment>
                    </comments>
                <issuelinks>
                            <issuelinktype id="10001">
                    <name>dependent</name>
                                                                <inwardlinks description="is depended upon by">
                                        <issuelink>
            <issuekey id="12407242">HBASE-960</issuekey>
        </issuelink>
                            </inwardlinks>
                                    </issuelinktype>
                    </issuelinks>
                <attachments>
                            <attachment id="12392413" name="936.trunk.rest_scanner.patch" size="3477" author="yedingding@gmail.com" created="Sat, 18 Oct 2008 13:20:47 +0000"/>
                            <attachment id="12392917" name="936.trunk.rest_scanner_v2.patch" size="5844" author="yedingding@gmail.com" created="Tue, 28 Oct 2008 05:50:57 +0000"/>
                    </attachments>
                <subtasks>
                    </subtasks>
                <customfields>
                                                <customfield id="customfield_12310310" key="com.atlassian.jira.toolkit:attachments">
                        <customfieldname>Attachment count</customfieldname>
                        <customfieldvalues>
                            <customfieldvalue>2.0</customfieldvalue>
                        </customfieldvalues>
                    </customfield>
                                                                                                                                                                                                                                                                                                                                                                                                                                                                                                                                <customfield id="customfield_12310220" key="com.atlassian.jira.ext.charting:firstresponsedate">
                        <customfieldname>Date of First Response</customfieldname>
                        <customfieldvalues>
                            <customfieldvalue>Sun, 19 Oct 2008 14:20:22 +0000</customfieldvalue>

                        </customfieldvalues>
                    </customfield>
                                                                                                                                                                                                                                                                                                                                                                                                                                            <customfield id="customfield_12310420" key="com.pyxis.greenhopper.jira:gh-global-rank">
                        <customfieldname>Global Rank</customfieldname>
                        <customfieldvalues>
                            <customfieldvalue>31910</customfieldvalue>
                        </customfieldvalues>
                    </customfield>
                                                                                                                                                    <customfield id="customfield_12312521" key="com.atlassian.jira.toolkit:LastCommentDate">
                        <customfieldname>Last public comment date</customfieldname>
                        <customfieldvalues>
                            8 years, 8 weeks, 2 days ago
                        </customfieldvalues>
                    </customfield>
                                                                                            <customfield id="customfield_12311820" key="com.pyxis.greenhopper.jira:gh-lexo-rank">
                        <customfieldname>Rank</customfieldname>
                        <customfieldvalues>
                            <customfieldvalue>0|i0hacv:</customfieldvalue>

                        </customfieldvalues>
                    </customfield>
                                                                <customfield id="customfield_12310920" key="com.pyxis.greenhopper.jira:gh-global-rank">
                        <customfieldname>Rank (Obsolete)</customfieldname>
                        <customfieldvalues>
                            <customfieldvalue>98940</customfieldvalue>
                        </customfieldvalues>
                    </customfield>
                                                                                                                                                                                                                                                                                                <customfield id="customfield_12310222" key="com.atlassian.jira.ext.charting:timeinstatus">
                        <customfieldname>Time in Status</customfieldname>
                        <customfieldvalues>
                            
                        </customfieldvalues>
                    </customfield>
                                                                                                                        </customfields>
    </item>
</channel>
</rss>