<!-- 
RSS generated by JIRA (6.3.4#6332-sha1:51bc225ef474afe3128b2f66878477f322397b16) at Fri Dec 16 18:41:08 UTC 2016

It is possible to restrict the fields that are returned in this document by specifying the 'field' parameter in your request.
For example, to request only the issue key and summary add field=key&field=summary to the URL of your request.
For example:
https://issues.apache.org/jira/si/jira.issueviews:issue-xml/HBASE-111/HBASE-111.xml?field=key&amp;field=summary
-->
<rss version="0.92" >
<channel>
    <title>ASF JIRA</title>
    <link>https://issues.apache.org/jira</link>
    <description>This file is an XML representation of an issue</description>
    <language>en-uk</language>    <build-info>
        <version>6.3.4</version>
        <build-number>6332</build-number>
        <build-date>15-08-2014</build-date>
    </build-info>

<item>
            <title>[HBASE-111] [hbase] Fix NPEs in MetaScanner constructor</title>
                <link>https://issues.apache.org/jira/browse/HBASE-111</link>
                <project id="12310753" key="HBASE">HBase</project>
                    <description>&lt;p&gt;When the meta scanner runs in the master server, sometimes it causes an NPE on the region server while the region server is constructing a scanner for the master.&lt;/p&gt;</description>
                <environment></environment>
        <key id="12377028">HBASE-111</key>
            <summary>[hbase] Fix NPEs in MetaScanner constructor</summary>
                <type id="1" iconUrl="https://issues.apache.org/jira/images/icons/issuetypes/bug.png">Bug</type>
                                            <priority id="3" iconUrl="https://issues.apache.org/jira/images/icons/priorities/major.png">Major</priority>
                        <status id="6" iconUrl="https://issues.apache.org/jira/images/icons/statuses/closed.png" description="The issue is considered finished, the resolution is correct. Issues which are closed can be reopened.">Closed</status>
                    <statusCategory id="3" key="done" colorName="green"/>
                                    <resolution id="1">Fixed</resolution>
                                        <assignee username="-1">Unassigned</assignee>
                                    <reporter username="jimk">Jim Kellerman</reporter>
                        <labels>
                    </labels>
                <created>Tue, 28 Aug 2007 19:58:16 +0000</created>
                <updated>Mon, 4 Feb 2008 18:40:42 +0000</updated>
                            <resolved>Thu, 30 Aug 2007 22:13:13 +0000</resolved>
                                                                        <due></due>
                            <votes>0</votes>
                                    <watches>0</watches>
                                                                <comments>
                            <comment id="12523348" author="jimk" created="Tue, 28 Aug 2007 21:06:46 +0000"  >&lt;p&gt;Works in my environment. See if same is true for Hudson.&lt;/p&gt;</comment>
                            <comment id="12523366" author="hadoopqa" created="Tue, 28 Aug 2007 22:00:36 +0000"  >&lt;p&gt;+1&lt;/p&gt;

&lt;p&gt;&lt;a href=&quot;http://issues.apache.org/jira/secure/attachment/12364711/HADOOP-1797-patch.txt&quot; class=&quot;external-link&quot; rel=&quot;nofollow&quot;&gt;http://issues.apache.org/jira/secure/attachment/12364711/HADOOP-1797-patch.txt&lt;/a&gt; applied and successfully tested against trunk revision r570559.&lt;/p&gt;

&lt;p&gt;Test results:   &lt;a href=&quot;http://lucene.zones.apache.org:8080/hudson/job/Hadoop-Patch/632/testReport/&quot; class=&quot;external-link&quot; rel=&quot;nofollow&quot;&gt;http://lucene.zones.apache.org:8080/hudson/job/Hadoop-Patch/632/testReport/&lt;/a&gt;&lt;br/&gt;
Console output: &lt;a href=&quot;http://lucene.zones.apache.org:8080/hudson/job/Hadoop-Patch/632/console&quot; class=&quot;external-link&quot; rel=&quot;nofollow&quot;&gt;http://lucene.zones.apache.org:8080/hudson/job/Hadoop-Patch/632/console&lt;/a&gt;&lt;/p&gt;</comment>
                            <comment id="12523370" author="jimk" created="Tue, 28 Aug 2007 22:09:32 +0000"  >&lt;p&gt;Tests passed. Committed.&lt;/p&gt;</comment>
                            <comment id="12523441" author="jimk" created="Wed, 29 Aug 2007 03:13:03 +0000"  >&lt;p&gt;Reopening issue because NPEs in MetaScanner constructor are still happening.&lt;/p&gt;</comment>
                            <comment id="12523741" author="jimk" created="Thu, 30 Aug 2007 00:51:06 +0000"  >&lt;p&gt;This works locally on dual processor Fedora core 6 and single processor Windows XP. Hudson has been the most disagreeable of late. See if these changes fix Hudson&apos;s problems&lt;/p&gt;</comment>
                            <comment id="12523789" author="hadoopqa" created="Thu, 30 Aug 2007 08:20:39 +0000"  >&lt;p&gt;+1&lt;/p&gt;

&lt;p&gt;&lt;a href=&quot;http://issues.apache.org/jira/secure/attachment/12364803/patch.txt&quot; class=&quot;external-link&quot; rel=&quot;nofollow&quot;&gt;http://issues.apache.org/jira/secure/attachment/12364803/patch.txt&lt;/a&gt; applied and successfully tested against trunk revision r570983.&lt;/p&gt;

&lt;p&gt;Test results:   &lt;a href=&quot;http://lucene.zones.apache.org:8080/hudson/job/Hadoop-Patch/653/testReport/&quot; class=&quot;external-link&quot; rel=&quot;nofollow&quot;&gt;http://lucene.zones.apache.org:8080/hudson/job/Hadoop-Patch/653/testReport/&lt;/a&gt;&lt;br/&gt;
Console output: &lt;a href=&quot;http://lucene.zones.apache.org:8080/hudson/job/Hadoop-Patch/653/console&quot; class=&quot;external-link&quot; rel=&quot;nofollow&quot;&gt;http://lucene.zones.apache.org:8080/hudson/job/Hadoop-Patch/653/console&lt;/a&gt;&lt;/p&gt;</comment>
                            <comment id="12523950" author="jimk" created="Thu, 30 Aug 2007 22:13:13 +0000"  >&lt;p&gt;Tests passed. Committed.&lt;/p&gt;</comment>
                    </comments>
                <issuelinks>
                            <issuelinktype id="10032">
                    <name>Blocker</name>
                                                                <inwardlinks description="is blocked by">
                                        <issuelink>
            <issuekey id="12377048">HBASE-166</issuekey>
        </issuelink>
                            </inwardlinks>
                                    </issuelinktype>
                    </issuelinks>
                <attachments>
                            <attachment id="12364711" name="HADOOP-1797-patch.txt" size="8758" author="jimk" created="Tue, 28 Aug 2007 21:06:46 +0000"/>
                            <attachment id="12364803" name="patch.txt" size="3166" author="jimk" created="Thu, 30 Aug 2007 00:51:06 +0000"/>
                    </attachments>
                <subtasks>
                    </subtasks>
                <customfields>
                                                <customfield id="customfield_12310310" key="com.atlassian.jira.toolkit:attachments">
                        <customfieldname>Attachment count</customfieldname>
                        <customfieldvalues>
                            <customfieldvalue>2.0</customfieldvalue>
                        </customfieldvalues>
                    </customfield>
                                                                                                                                                                                                                                                                                                                                                                                                                                                                                                                                <customfield id="customfield_12310220" key="com.atlassian.jira.ext.charting:firstresponsedate">
                        <customfieldname>Date of First Response</customfieldname>
                        <customfieldvalues>
                            <customfieldvalue>Tue, 28 Aug 2007 22:00:36 +0000</customfieldvalue>

                        </customfieldvalues>
                    </customfield>
                                                                                                                                                                                                                                                                                                                                                                                                                                            <customfield id="customfield_12310420" key="com.pyxis.greenhopper.jira:gh-global-rank">
                        <customfieldname>Global Rank</customfieldname>
                        <customfieldvalues>
                            <customfieldvalue>24895</customfieldvalue>
                        </customfieldvalues>
                    </customfield>
                                                                                                                                                    <customfield id="customfield_12312521" key="com.atlassian.jira.toolkit:LastCommentDate">
                        <customfieldname>Last public comment date</customfieldname>
                        <customfieldvalues>
                            9 years, 17 weeks ago
                        </customfieldvalues>
                    </customfield>
                                                                                            <customfield id="customfield_12311820" key="com.pyxis.greenhopper.jira:gh-lexo-rank">
                        <customfieldname>Rank</customfieldname>
                        <customfieldvalues>
                            <customfieldvalue>0|i0h4fr:</customfieldvalue>

                        </customfieldvalues>
                    </customfield>
                                                                <customfield id="customfield_12310920" key="com.pyxis.greenhopper.jira:gh-global-rank">
                        <customfieldname>Rank (Obsolete)</customfieldname>
                        <customfieldvalues>
                            <customfieldvalue>97981</customfieldvalue>
                        </customfieldvalues>
                    </customfield>
                                                                                                                                                                                                                                                                                                <customfield id="customfield_12310222" key="com.atlassian.jira.ext.charting:timeinstatus">
                        <customfieldname>Time in Status</customfieldname>
                        <customfieldvalues>
                            
                        </customfieldvalues>
                    </customfield>
                                                                                                                        </customfields>
    </item>
</channel>
</rss>