<!-- 
RSS generated by JIRA (6.3.4#6332-sha1:51bc225ef474afe3128b2f66878477f322397b16) at Fri Dec 16 18:43:58 UTC 2016

It is possible to restrict the fields that are returned in this document by specifying the 'field' parameter in your request.
For example, to request only the issue key and summary add field=key&field=summary to the URL of your request.
For example:
https://issues.apache.org/jira/si/jira.issueviews:issue-xml/HBASE-406/HBASE-406.xml?field=key&amp;field=summary
-->
<rss version="0.92" >
<channel>
    <title>ASF JIRA</title>
    <link>https://issues.apache.org/jira</link>
    <description>This file is an XML representation of an issue</description>
    <language>en-uk</language>    <build-info>
        <version>6.3.4</version>
        <build-number>6332</build-number>
        <build-date>15-08-2014</build-date>
    </build-info>

<item>
            <title>[HBASE-406] Remove HTable and HConnection close methods</title>
                <link>https://issues.apache.org/jira/browse/HBASE-406</link>
                <project id="12310753" key="HBASE">HBase</project>
                    <description>&lt;p&gt;As a holdover from the old style of full-meta caching, HTable and HConnection have close methods that are intended to release resources when you are done using a table. However, with the new lazy cache, it no longer makes sense to manually manage your connection cache. Instead, we should remove HTable.close and HConnection.close and allow the cache&apos;s resource usage to be managed by other means. &lt;/p&gt;

&lt;p&gt;This will have the effect of making opening and &quot;closing&quot; HTables very cheap once they&apos;ve been opened at least once. This is actually sort of critical for applications like REST, which use a lot of instances of HTable rather than caching a single HTable. Opening and closing the table in the old style would be very expensive.&lt;/p&gt;</description>
                <environment></environment>
        <key id="12387841">HBASE-406</key>
            <summary>Remove HTable and HConnection close methods</summary>
                <type id="4" iconUrl="https://issues.apache.org/jira/images/icons/issuetypes/improvement.png">Improvement</type>
                                            <priority id="4" iconUrl="https://issues.apache.org/jira/images/icons/priorities/minor.png">Minor</priority>
                        <status id="6" iconUrl="https://issues.apache.org/jira/images/icons/statuses/closed.png" description="The issue is considered finished, the resolution is correct. Issues which are closed can be reopened.">Closed</status>
                    <statusCategory id="3" key="done" colorName="green"/>
                                    <resolution id="1">Fixed</resolution>
                                        <assignee username="bryanduxbury">Bryan Duxbury</assignee>
                                    <reporter username="bryanduxbury">Bryan Duxbury</reporter>
                        <labels>
                    </labels>
                <created>Tue, 5 Feb 2008 01:16:28 +0000</created>
                <updated>Fri, 22 Aug 2008 21:13:07 +0000</updated>
                            <resolved>Fri, 8 Feb 2008 19:59:23 +0000</resolved>
                                                    <fixVersion>0.2.0</fixVersion>
                                    <component>Client</component>
                        <due></due>
                            <votes>0</votes>
                                    <watches>0</watches>
                                                                <comments>
                            <comment id="12566027" author="bryanduxbury" created="Wed, 6 Feb 2008 06:03:19 +0000"  >&lt;p&gt;This patch removes the close method from the connection, deprecates the close method in HTable (and turns it into a noop), and gets rid of the checkClosed method (only used internally) in HTable. &lt;/p&gt;

&lt;p&gt;This patch also modifies the unit tests to stop using the close method on HTable.&lt;/p&gt;</comment>
                            <comment id="12566029" author="jimk" created="Wed, 6 Feb 2008 06:15:10 +0000"  >&lt;p&gt;+1 on patch&lt;/p&gt;</comment>
                            <comment id="12567174" author="stack" created="Fri, 8 Feb 2008 19:45:32 +0000"  >&lt;p&gt;+1 on patch but doesn&apos;t apply to TRUNK.&lt;/p&gt;

&lt;p&gt;FYI, empty finally&apos;s would be better removed altogether.&lt;/p&gt;</comment>
                            <comment id="12567175" author="bryanduxbury" created="Fri, 8 Feb 2008 19:47:53 +0000"  >&lt;p&gt;Old patch didn&apos;t apply cleanly anymore.&lt;/p&gt;</comment>
                            <comment id="12567176" author="bryanduxbury" created="Fri, 8 Feb 2008 19:54:09 +0000"  >&lt;p&gt;Here&apos;s one without finally {}.&lt;/p&gt;</comment>
                            <comment id="12567178" author="stack" created="Fri, 8 Feb 2008 19:59:23 +0000"  >&lt;p&gt;Committed v3.  Thanks for the patch Bryan.&lt;/p&gt;</comment>
                    </comments>
                    <attachments>
                            <attachment id="12375102" name="406-v2.patch" size="22062" author="bryanduxbury" created="Fri, 8 Feb 2008 19:47:52 +0000"/>
                            <attachment id="12375103" name="406-v3.patch" size="30846" author="bryanduxbury" created="Fri, 8 Feb 2008 19:54:09 +0000"/>
                            <attachment id="12374846" name="406.patch" size="22283" author="bryanduxbury" created="Wed, 6 Feb 2008 06:03:19 +0000"/>
                    </attachments>
                <subtasks>
                    </subtasks>
                <customfields>
                                                <customfield id="customfield_12310310" key="com.atlassian.jira.toolkit:attachments">
                        <customfieldname>Attachment count</customfieldname>
                        <customfieldvalues>
                            <customfieldvalue>3.0</customfieldvalue>
                        </customfieldvalues>
                    </customfield>
                                                                                                                                                                                                                                                                                                                                                                                                                                                                                                                                <customfield id="customfield_12310220" key="com.atlassian.jira.ext.charting:firstresponsedate">
                        <customfieldname>Date of First Response</customfieldname>
                        <customfieldvalues>
                            <customfieldvalue>Wed, 6 Feb 2008 06:15:10 +0000</customfieldvalue>

                        </customfieldvalues>
                    </customfield>
                                                                                                                                                                                                                                                                                                                                                                                                                                            <customfield id="customfield_12310420" key="com.pyxis.greenhopper.jira:gh-global-rank">
                        <customfieldname>Global Rank</customfieldname>
                        <customfieldvalues>
                            <customfieldvalue>31683</customfieldvalue>
                        </customfieldvalues>
                    </customfield>
                                                                                                                                                    <customfield id="customfield_12312521" key="com.atlassian.jira.toolkit:LastCommentDate">
                        <customfieldname>Last public comment date</customfieldname>
                        <customfieldvalues>
                            8 years, 45 weeks, 6 days ago
                        </customfieldvalues>
                    </customfield>
                                                                                            <customfield id="customfield_12311820" key="com.pyxis.greenhopper.jira:gh-lexo-rank">
                        <customfieldname>Rank</customfieldname>
                        <customfieldvalues>
                            <customfieldvalue>0|i0h74f:</customfieldvalue>

                        </customfieldvalues>
                    </customfield>
                                                                <customfield id="customfield_12310920" key="com.pyxis.greenhopper.jira:gh-global-rank">
                        <customfieldname>Rank (Obsolete)</customfieldname>
                        <customfieldvalues>
                            <customfieldvalue>98416</customfieldvalue>
                        </customfieldvalues>
                    </customfield>
                                                                                                                                                                                                                                                                                                <customfield id="customfield_12310222" key="com.atlassian.jira.ext.charting:timeinstatus">
                        <customfieldname>Time in Status</customfieldname>
                        <customfieldvalues>
                            
                        </customfieldvalues>
                    </customfield>
                                                                                                                        </customfields>
    </item>
</channel>
</rss>