<!-- 
RSS generated by JIRA (6.3.4#6332-sha1:51bc225ef474afe3128b2f66878477f322397b16) at Fri Dec 16 18:44:34 UTC 2016

It is possible to restrict the fields that are returned in this document by specifying the 'field' parameter in your request.
For example, to request only the issue key and summary add field=key&field=summary to the URL of your request.
For example:
https://issues.apache.org/jira/si/jira.issueviews:issue-xml/HBASE-472/HBASE-472.xml?field=key&amp;field=summary
-->
<rss version="0.92" >
<channel>
    <title>ASF JIRA</title>
    <link>https://issues.apache.org/jira</link>
    <description>This file is an XML representation of an issue</description>
    <language>en-uk</language>    <build-info>
        <version>6.3.4</version>
        <build-number>6332</build-number>
        <build-date>15-08-2014</build-date>
    </build-info>

<item>
            <title>[HBASE-472] Passing on edits, we dump all to log</title>
                <link>https://issues.apache.org/jira/browse/HBASE-472</link>
                <project id="12310753" key="HBASE">HBase</project>
                    <description>&lt;p&gt;Here is an example:&lt;/p&gt;

&lt;div class=&quot;code panel&quot; style=&quot;border-width: 1px;&quot;&gt;&lt;div class=&quot;codeContent panelContent&quot;&gt;
&lt;pre class=&quot;code-java&quot;&gt;2008-02-25 20:50:30,746 DEBUG org.apache.hadoop.hbase.HStore: Passing on edit pagefetch,http:&lt;span class=&quot;code-comment&quot;&gt;//mobile.qusers.com/reply.php?type=html&amp;amp;topic_id=11126&amp;amp;post_index=0&amp;amp;topic_index=0 wap2 20080103151657,1203958365772, data:contents: 
&lt;/span&gt;...
&lt;/pre&gt;
&lt;/div&gt;&lt;/div&gt;</description>
                <environment></environment>
        <key id="12389561">HBASE-472</key>
            <summary>Passing on edits, we dump all to log</summary>
                <type id="1" iconUrl="https://issues.apache.org/jira/images/icons/issuetypes/bug.png">Bug</type>
                                            <priority id="3" iconUrl="https://issues.apache.org/jira/images/icons/priorities/major.png">Major</priority>
                        <status id="6" iconUrl="https://issues.apache.org/jira/images/icons/statuses/closed.png" description="The issue is considered finished, the resolution is correct. Issues which are closed can be reopened.">Closed</status>
                    <statusCategory id="3" key="done" colorName="green"/>
                                    <resolution id="1">Fixed</resolution>
                                        <assignee username="-1">Unassigned</assignee>
                                    <reporter username="stack">stack</reporter>
                        <labels>
                    </labels>
                <created>Tue, 26 Feb 2008 04:45:58 +0000</created>
                <updated>Fri, 22 Aug 2008 21:13:10 +0000</updated>
                            <resolved>Thu, 6 Mar 2008 23:02:09 +0000</resolved>
                                    <version>0.1.0</version>
                    <version>0.2.0</version>
                                    <fixVersion>0.1.0</fixVersion>
                    <fixVersion>0.2.0</fixVersion>
                                        <due></due>
                            <votes>0</votes>
                                    <watches>0</watches>
                                                                <comments>
                            <comment id="12575895" author="stack" created="Thu, 6 Mar 2008 21:47:24 +0000"  >&lt;p&gt;Should we fix this for 0.1.0?&lt;/p&gt;</comment>
                            <comment id="12575920" author="bryanduxbury" created="Thu, 6 Mar 2008 22:15:39 +0000"  >&lt;p&gt;This is just a question of logging or not logging this info in DEBUG mode?&lt;/p&gt;</comment>
                            <comment id="12575923" author="stack" created="Thu, 6 Mar 2008 22:22:16 +0000"  >&lt;p&gt;Yes..  Currently full edit is output into log.  No purpose &amp;#8211; I think I was responsible for this little diamond &amp;#8211; and can be reams of data.&lt;/p&gt;</comment>
                            <comment id="12575924" author="stack" created="Thu, 6 Mar 2008 22:23:32 +0000"  >&lt;p&gt;I&apos;m looking at a recovery now... with full web pages dumped into the log.&lt;/p&gt;</comment>
                            <comment id="12575925" author="bryanduxbury" created="Thu, 6 Mar 2008 22:25:38 +0000"  >&lt;p&gt;Then it&apos;s a no-brainer - take it out. Not the highest priority though.&lt;/p&gt;</comment>
                            <comment id="12575930" author="stack" created="Thu, 6 Mar 2008 22:36:02 +0000"  >&lt;p&gt;Remove the log altogether.&lt;/p&gt;</comment>
                            <comment id="12575931" author="stack" created="Thu, 6 Mar 2008 22:36:32 +0000"  >&lt;p&gt;For branch&lt;/p&gt;</comment>
                            <comment id="12575932" author="stack" created="Thu, 6 Mar 2008 22:36:58 +0000"  >&lt;p&gt;For TRUNK&lt;/p&gt;</comment>
                            <comment id="12575934" author="stack" created="Thu, 6 Mar 2008 22:43:00 +0000"  >&lt;p&gt;Fixed it because the instance of this bug that I&apos;m looking at here adding almost 2M lines to a log in a matter of 10 minutes (Same log has the 400k lines from &apos;impossible state for createlease&apos; in it).&lt;/p&gt;

&lt;p&gt;Review when ye get a chance lads.&lt;/p&gt;</comment>
                            <comment id="12575938" author="bryanduxbury" created="Thu, 6 Mar 2008 22:49:46 +0000"  >&lt;p&gt;+1 to the patches.&lt;/p&gt;</comment>
                            <comment id="12575942" author="stack" created="Thu, 6 Mar 2008 23:02:09 +0000"  >&lt;p&gt;Committed to TRUNK and branch&lt;/p&gt;</comment>
                    </comments>
                    <attachments>
                            <attachment id="12377292" name="472-0.1.patch" size="924" author="stack" created="Thu, 6 Mar 2008 22:36:32 +0000"/>
                            <attachment id="12377291" name="472-0.16.0.patch" size="978" author="stack" created="Thu, 6 Mar 2008 22:36:02 +0000"/>
                            <attachment id="12377293" name="472-TRUNK.patch" size="963" author="stack" created="Thu, 6 Mar 2008 22:36:58 +0000"/>
                    </attachments>
                <subtasks>
                    </subtasks>
                <customfields>
                                                <customfield id="customfield_12310310" key="com.atlassian.jira.toolkit:attachments">
                        <customfieldname>Attachment count</customfieldname>
                        <customfieldvalues>
                            <customfieldvalue>3.0</customfieldvalue>
                        </customfieldvalues>
                    </customfield>
                                                                                                                                                                                                                                                                                                                                                                                                                                                                                                                                <customfield id="customfield_12310220" key="com.atlassian.jira.ext.charting:firstresponsedate">
                        <customfieldname>Date of First Response</customfieldname>
                        <customfieldvalues>
                            <customfieldvalue>Thu, 6 Mar 2008 22:15:39 +0000</customfieldvalue>

                        </customfieldvalues>
                    </customfield>
                                                                                                                                                                                                                                                                                                                                                                                                                                            <customfield id="customfield_12310420" key="com.pyxis.greenhopper.jira:gh-global-rank">
                        <customfieldname>Global Rank</customfieldname>
                        <customfieldvalues>
                            <customfieldvalue>25217</customfieldvalue>
                        </customfieldvalues>
                    </customfield>
                                                                                                                                                    <customfield id="customfield_12312521" key="com.atlassian.jira.toolkit:LastCommentDate">
                        <customfieldname>Last public comment date</customfieldname>
                        <customfieldvalues>
                            8 years, 42 weeks ago
                        </customfieldvalues>
                    </customfield>
                                                                                            <customfield id="customfield_12311820" key="com.pyxis.greenhopper.jira:gh-lexo-rank">
                        <customfieldname>Rank</customfieldname>
                        <customfieldvalues>
                            <customfieldvalue>0|i0h7in:</customfieldvalue>

                        </customfieldvalues>
                    </customfield>
                                                                <customfield id="customfield_12310920" key="com.pyxis.greenhopper.jira:gh-global-rank">
                        <customfieldname>Rank (Obsolete)</customfieldname>
                        <customfieldvalues>
                            <customfieldvalue>98480</customfieldvalue>
                        </customfieldvalues>
                    </customfield>
                                                                                                                                                                                                                                                                                                <customfield id="customfield_12310222" key="com.atlassian.jira.ext.charting:timeinstatus">
                        <customfieldname>Time in Status</customfieldname>
                        <customfieldvalues>
                            
                        </customfieldvalues>
                    </customfield>
                                                                                                                        </customfields>
    </item>
</channel>
</rss>