<!-- 
RSS generated by JIRA (6.3.4#6332-sha1:51bc225ef474afe3128b2f66878477f322397b16) at Fri Dec 16 18:44:15 UTC 2016

It is possible to restrict the fields that are returned in this document by specifying the 'field' parameter in your request.
For example, to request only the issue key and summary add field=key&field=summary to the URL of your request.
For example:
https://issues.apache.org/jira/si/jira.issueviews:issue-xml/HBASE-438/HBASE-438.xml?field=key&amp;field=summary
-->
<rss version="0.92" >
<channel>
    <title>ASF JIRA</title>
    <link>https://issues.apache.org/jira</link>
    <description>This file is an XML representation of an issue</description>
    <language>en-uk</language>    <build-info>
        <version>6.3.4</version>
        <build-number>6332</build-number>
        <build-date>15-08-2014</build-date>
    </build-info>

<item>
            <title>[HBASE-438] XMLOutputter state should be initialized.</title>
                <link>https://issues.apache.org/jira/browse/HBASE-438</link>
                <project id="12310753" key="HBASE">HBase</project>
                    <description>&lt;div class=&quot;code panel&quot; style=&quot;border-width: 1px;&quot;&gt;&lt;div class=&quot;codeContent panelContent&quot;&gt;
&lt;pre class=&quot;code-java&quot;&gt;bash-3.00# bin/hbase shell --html
HQL, 0.2.0-dev version.
Copyright (c) 2008 by udanax, licensed to Apache Software Foundation.
Type &apos;help;&apos; &lt;span class=&quot;code-keyword&quot;&gt;for&lt;/span&gt; usage.

hql &amp;gt; show tables;
&amp;lt;table&amp;gt;
 &amp;lt;tr&amp;gt;
  &amp;lt;th&amp;gt;
Name
  &amp;lt;/th&amp;gt;
  &amp;lt;th&amp;gt;
Descriptor
  &amp;lt;/th&amp;gt;
 &amp;lt;/tr&amp;gt;
 &amp;lt;tr&amp;gt;
  &amp;lt;td&amp;gt;
a
  &amp;lt;/td&amp;gt;
  &amp;lt;td&amp;gt;
name: a, families: {b:={name: b, max versions: 3, compression: NONE, in memory: &lt;span class=&quot;code-keyword&quot;&gt;false&lt;/span&gt;, block cache enabled: &lt;span class=&quot;code-keyword&quot;&gt;false&lt;/span&gt;, max length: 2147483647, bloom filter: none}}
  &amp;lt;/td&amp;gt;
 &amp;lt;/tr&amp;gt;
&amp;lt;/table&amp;gt;
1 table(s) in set. (0.21 sec)
hql &amp;gt; show tables;
Exception in thread &lt;span class=&quot;code-quote&quot;&gt;&quot;main&quot;&lt;/span&gt; java.lang.IllegalStateException: getState() == DOCUMENT_ENDED
        at org.znerd.xmlenc.XMLOutputter.startTag(Unknown Source)
        at org.apache.hadoop.hbase.hql.formatter.HtmlTableFormatter.header(HtmlTableFormatter.java:125)
        at org.apache.hadoop.hbase.hql.ShowCommand.execute(ShowCommand.java:66)
        at org.apache.hadoop.hbase.hql.HQLClient.executeQuery(HQLClient.java:68)        at org.apache.hadoop.hbase.Shell.main(Shell.java:114)
bash-3.00#
&lt;/pre&gt;
&lt;/div&gt;&lt;/div&gt;</description>
                <environment></environment>
        <key id="12388328">HBASE-438</key>
            <summary>XMLOutputter state should be initialized.</summary>
                <type id="1" iconUrl="https://issues.apache.org/jira/images/icons/issuetypes/bug.png">Bug</type>
                                            <priority id="2" iconUrl="https://issues.apache.org/jira/images/icons/priorities/critical.png">Critical</priority>
                        <status id="6" iconUrl="https://issues.apache.org/jira/images/icons/statuses/closed.png" description="The issue is considered finished, the resolution is correct. Issues which are closed can be reopened.">Closed</status>
                    <statusCategory id="3" key="done" colorName="green"/>
                                    <resolution id="1">Fixed</resolution>
                                        <assignee username="udanax">Edward J. Yoon</assignee>
                                    <reporter username="udanax">Edward J. Yoon</reporter>
                        <labels>
                    </labels>
                <created>Mon, 11 Feb 2008 07:30:10 +0000</created>
                <updated>Tue, 29 Sep 2009 04:05:55 +0000</updated>
                            <resolved>Wed, 13 Feb 2008 20:42:50 +0000</resolved>
                                    <version>0.1.0</version>
                                    <fixVersion>0.2.0</fixVersion>
                                    <component>util</component>
                        <due></due>
                            <votes>0</votes>
                                    <watches>0</watches>
                                                                <comments>
                            <comment id="12567983" author="udanax" created="Tue, 12 Feb 2008 06:57:45 +0000"  >&lt;p&gt;Submitting.&lt;/p&gt;</comment>
                            <comment id="12568387" author="bryanduxbury" created="Wed, 13 Feb 2008 01:12:10 +0000"  >&lt;p&gt;Tests pass locally for me. Patch seems pretty simple. +1&lt;/p&gt;</comment>
                            <comment id="12568542" author="udanax" created="Wed, 13 Feb 2008 13:23:24 +0000"  >&lt;p&gt;Thanks for your review, bryan.&lt;br/&gt;
Please commit it.&lt;/p&gt;</comment>
                            <comment id="12568706" author="jimk" created="Wed, 13 Feb 2008 20:36:18 +0000"  >&lt;p&gt;Patch looks ok +1&lt;/p&gt;</comment>
                            <comment id="12568710" author="bryanduxbury" created="Wed, 13 Feb 2008 20:42:50 +0000"  >&lt;p&gt;Committed.&lt;/p&gt;</comment>
                    </comments>
                    <attachments>
                            <attachment id="12375312" name="438.patch" size="840" author="udanax" created="Tue, 12 Feb 2008 06:57:29 +0000"/>
                    </attachments>
                <subtasks>
                    </subtasks>
                <customfields>
                                                <customfield id="customfield_12310310" key="com.atlassian.jira.toolkit:attachments">
                        <customfieldname>Attachment count</customfieldname>
                        <customfieldvalues>
                            <customfieldvalue>1.0</customfieldvalue>
                        </customfieldvalues>
                    </customfield>
                                                                                                                                                                                                                                                                                                                                                                                                                                                                                                                                <customfield id="customfield_12310220" key="com.atlassian.jira.ext.charting:firstresponsedate">
                        <customfieldname>Date of First Response</customfieldname>
                        <customfieldvalues>
                            <customfieldvalue>Wed, 13 Feb 2008 01:12:10 +0000</customfieldvalue>

                        </customfieldvalues>
                    </customfield>
                                                                                                                                                                                                                                                                                                                                                                                                                                            <customfield id="customfield_12310420" key="com.pyxis.greenhopper.jira:gh-global-rank">
                        <customfieldname>Global Rank</customfieldname>
                        <customfieldvalues>
                            <customfieldvalue>25201</customfieldvalue>
                        </customfieldvalues>
                    </customfield>
                                                                                                                                                    <customfield id="customfield_12312521" key="com.atlassian.jira.toolkit:LastCommentDate">
                        <customfieldname>Last public comment date</customfieldname>
                        <customfieldvalues>
                            8 years, 45 weeks, 1 day ago
                        </customfieldvalues>
                    </customfield>
                                                                                            <customfield id="customfield_12311820" key="com.pyxis.greenhopper.jira:gh-lexo-rank">
                        <customfieldname>Rank</customfieldname>
                        <customfieldvalues>
                            <customfieldvalue>0|i0h7bb:</customfieldvalue>

                        </customfieldvalues>
                    </customfield>
                                                                <customfield id="customfield_12310920" key="com.pyxis.greenhopper.jira:gh-global-rank">
                        <customfieldname>Rank (Obsolete)</customfieldname>
                        <customfieldvalues>
                            <customfieldvalue>98447</customfieldvalue>
                        </customfieldvalues>
                    </customfield>
                                                                                                                                                                                                                                                                                                <customfield id="customfield_12310222" key="com.atlassian.jira.ext.charting:timeinstatus">
                        <customfieldname>Time in Status</customfieldname>
                        <customfieldvalues>
                            
                        </customfieldvalues>
                    </customfield>
                                                                                                                        </customfields>
    </item>
</channel>
</rss>