<!-- 
RSS generated by JIRA (6.3.4#6332-sha1:51bc225ef474afe3128b2f66878477f322397b16) at Fri Dec 16 18:43:32 UTC 2016

It is possible to restrict the fields that are returned in this document by specifying the 'field' parameter in your request.
For example, to request only the issue key and summary add field=key&field=summary to the URL of your request.
For example:
https://issues.apache.org/jira/si/jira.issueviews:issue-xml/HBASE-358/HBASE-358.xml?field=key&amp;field=summary
-->
<rss version="0.92" >
<channel>
    <title>ASF JIRA</title>
    <link>https://issues.apache.org/jira</link>
    <description>This file is an XML representation of an issue</description>
    <language>en-uk</language>    <build-info>
        <version>6.3.4</version>
        <build-number>6332</build-number>
        <build-date>15-08-2014</build-date>
    </build-info>

<item>
            <title>[HBASE-358] HBase Shell should use new client classes</title>
                <link>https://issues.apache.org/jira/browse/HBASE-358</link>
                <project id="12310753" key="HBASE">HBase</project>
                    <description>&lt;p&gt;&lt;a href=&quot;https://issues.apache.org/jira/browse/HBASE-299&quot; title=&quot;HClient for multiple tables&quot; class=&quot;issue-link&quot; data-issue-key=&quot;HBASE-299&quot;&gt;&lt;del&gt;HADOOP-1528&lt;/del&gt;&lt;/a&gt; introduced a new client API with the HTable, HBaseAdmin, and HConnection objects. Since HClient is now deprecated, HBaseShell should be upgraded to use these new client classes as well.&lt;/p&gt;</description>
                <environment></environment>
        <key id="12375206">HBASE-358</key>
            <summary>HBase Shell should use new client classes</summary>
                <type id="1" iconUrl="https://issues.apache.org/jira/images/icons/issuetypes/bug.png">Bug</type>
                                            <priority id="3" iconUrl="https://issues.apache.org/jira/images/icons/priorities/major.png">Major</priority>
                        <status id="6" iconUrl="https://issues.apache.org/jira/images/icons/statuses/closed.png" description="The issue is considered finished, the resolution is correct. Issues which are closed can be reopened.">Closed</status>
                    <statusCategory id="3" key="done" colorName="green"/>
                                    <resolution id="1">Fixed</resolution>
                                        <assignee username="-1">Unassigned</assignee>
                                    <reporter username="jimk">Jim Kellerman</reporter>
                        <labels>
                    </labels>
                <created>Thu, 2 Aug 2007 08:24:32 +0000</created>
                <updated>Mon, 4 Feb 2008 18:41:54 +0000</updated>
                            <resolved>Thu, 16 Aug 2007 01:57:20 +0000</resolved>
                                                                        <due></due>
                            <votes>0</votes>
                                    <watches>0</watches>
                                                                <comments>
                            <comment id="12517224" author="udanax" created="Thu, 2 Aug 2007 11:57:44 +0000"  >&lt;p&gt;I attached patch for use the new client objects (HBaseAdmin, HTable, HConnection). &lt;/p&gt;</comment>
                            <comment id="12517485" author="udanax" created="Fri, 3 Aug 2007 08:22:08 +0000"  >&lt;p&gt;Re-upload, Trivial changes.&lt;/p&gt;</comment>
                            <comment id="12517846" author="hadoopqa" created="Mon, 6 Aug 2007 07:39:31 +0000"  >&lt;p&gt;-1, build or testing failed&lt;/p&gt;

&lt;p&gt;2 attempts failed to build and test the latest attachment &lt;a href=&quot;http://issues.apache.org/jira/secure/attachment/12363111/hbaseshell_v03.patch&quot; class=&quot;external-link&quot; rel=&quot;nofollow&quot;&gt;http://issues.apache.org/jira/secure/attachment/12363111/hbaseshell_v03.patch&lt;/a&gt; against trunk revision r562608.&lt;/p&gt;

&lt;p&gt;Test results:   &lt;a href=&quot;http://lucene.zones.apache.org:8080/hudson/job/Hadoop-Patch/516/testReport/&quot; class=&quot;external-link&quot; rel=&quot;nofollow&quot;&gt;http://lucene.zones.apache.org:8080/hudson/job/Hadoop-Patch/516/testReport/&lt;/a&gt;&lt;br/&gt;
Console output: &lt;a href=&quot;http://lucene.zones.apache.org:8080/hudson/job/Hadoop-Patch/516/console&quot; class=&quot;external-link&quot; rel=&quot;nofollow&quot;&gt;http://lucene.zones.apache.org:8080/hudson/job/Hadoop-Patch/516/console&lt;/a&gt;&lt;/p&gt;

&lt;p&gt;Please note that this message is automatically generated and may represent a problem with the automation system and not the patch.&lt;/p&gt;</comment>
                            <comment id="12518579" author="stack" created="Wed, 8 Aug 2007 23:57:23 +0000"  >&lt;p&gt;Resubmitting v03 patch.  Last submission failed because of the unrelated org.apache.hadoop.dfs.TestFsck.testFsckNonExistent.  I ran this patch locally and it ran to a successful completion.&lt;/p&gt;</comment>
                            <comment id="12518596" author="hadoopqa" created="Thu, 9 Aug 2007 01:35:11 +0000"  >&lt;p&gt;-1, build or testing failed&lt;/p&gt;

&lt;p&gt;2 attempts failed to build and test the latest attachment &lt;a href=&quot;http://issues.apache.org/jira/secure/attachment/12363111/hbaseshell_v03.patch&quot; class=&quot;external-link&quot; rel=&quot;nofollow&quot;&gt;http://issues.apache.org/jira/secure/attachment/12363111/hbaseshell_v03.patch&lt;/a&gt; against trunk revision r564012.&lt;/p&gt;

&lt;p&gt;Test results:   &lt;a href=&quot;http://lucene.zones.apache.org:8080/hudson/job/Hadoop-Patch/533/testReport/&quot; class=&quot;external-link&quot; rel=&quot;nofollow&quot;&gt;http://lucene.zones.apache.org:8080/hudson/job/Hadoop-Patch/533/testReport/&lt;/a&gt;&lt;br/&gt;
Console output: &lt;a href=&quot;http://lucene.zones.apache.org:8080/hudson/job/Hadoop-Patch/533/console&quot; class=&quot;external-link&quot; rel=&quot;nofollow&quot;&gt;http://lucene.zones.apache.org:8080/hudson/job/Hadoop-Patch/533/console&lt;/a&gt;&lt;/p&gt;

&lt;p&gt;Please note that this message is automatically generated and may represent a problem with the automation system and not the patch.&lt;/p&gt;</comment>
                            <comment id="12518758" author="stack" created="Thu, 9 Aug 2007 16:51:09 +0000"  >&lt;p&gt;Failure was in (the unrelated) org.apache.hadoop.dfs.TestDFSUpgrade.testUpgrade.&lt;/p&gt;</comment>
                            <comment id="12518759" author="stack" created="Thu, 9 Aug 2007 16:51:25 +0000"  >&lt;p&gt;Retry&lt;/p&gt;</comment>
                            <comment id="12518801" author="hadoopqa" created="Thu, 9 Aug 2007 18:38:43 +0000"  >&lt;p&gt;-1, build or testing failed&lt;/p&gt;

&lt;p&gt;2 attempts failed to build and test the latest attachment &lt;a href=&quot;http://issues.apache.org/jira/secure/attachment/12363111/hbaseshell_v03.patch&quot; class=&quot;external-link&quot; rel=&quot;nofollow&quot;&gt;http://issues.apache.org/jira/secure/attachment/12363111/hbaseshell_v03.patch&lt;/a&gt; against trunk revision r564012.&lt;/p&gt;

&lt;p&gt;Test results:   &lt;a href=&quot;http://lucene.zones.apache.org:8080/hudson/job/Hadoop-Patch/538/testReport/&quot; class=&quot;external-link&quot; rel=&quot;nofollow&quot;&gt;http://lucene.zones.apache.org:8080/hudson/job/Hadoop-Patch/538/testReport/&lt;/a&gt;&lt;br/&gt;
Console output: &lt;a href=&quot;http://lucene.zones.apache.org:8080/hudson/job/Hadoop-Patch/538/console&quot; class=&quot;external-link&quot; rel=&quot;nofollow&quot;&gt;http://lucene.zones.apache.org:8080/hudson/job/Hadoop-Patch/538/console&lt;/a&gt;&lt;/p&gt;

&lt;p&gt;Please note that this message is automatically generated and may represent a problem with the automation system and not the patch.&lt;/p&gt;</comment>
                            <comment id="12518850" author="stack" created="Thu, 9 Aug 2007 21:54:58 +0000"  >&lt;p&gt;Hurray for Hudson!  He found an issue in hbase exposed during running of this patch.  While previous runs failed because of miscellaneous dfs faliures, this time the patch failed because of a NPE in the main HMaster processing loop handling a PendingOpenOperation.   Its possible for root location to be null.  Hasn&apos;t happened locally but it could.&lt;/p&gt;</comment>
                            <comment id="12518851" author="stack" created="Thu, 9 Aug 2007 21:56:00 +0000"  >&lt;p&gt;version 4 includes fix for NPE in HMaster.&lt;/p&gt;</comment>
                            <comment id="12518852" author="stack" created="Thu, 9 Aug 2007 21:56:29 +0000"  >&lt;p&gt;Trying against Hudson.&lt;/p&gt;</comment>
                            <comment id="12520134" author="stack" created="Thu, 16 Aug 2007 01:57:20 +0000"  >&lt;p&gt;Committed last version of this patch after trying here locally on three different machines (and verifying that no javadoc warnings).  Resolving.&lt;/p&gt;

&lt;p&gt;Thanks for the patch Edward.&lt;/p&gt;</comment>
                    </comments>
                    <attachments>
                            <attachment id="12363039" name="hbaseshell.patch" size="22705" author="udanax" created="Thu, 2 Aug 2007 11:57:44 +0000"/>
                            <attachment id="12363109" name="hbaseshell_v02.patch" size="23432" author="udanax" created="Fri, 3 Aug 2007 08:22:07 +0000"/>
                            <attachment id="12363111" name="hbaseshell_v03.patch" size="24389" author="udanax" created="Fri, 3 Aug 2007 09:37:41 +0000"/>
                            <attachment id="12363532" name="hbaseshell_v04.patch" size="25245" author="stack" created="Thu, 9 Aug 2007 21:56:00 +0000"/>
                    </attachments>
                <subtasks>
                    </subtasks>
                <customfields>
                                                <customfield id="customfield_12310310" key="com.atlassian.jira.toolkit:attachments">
                        <customfieldname>Attachment count</customfieldname>
                        <customfieldvalues>
                            <customfieldvalue>4.0</customfieldvalue>
                        </customfieldvalues>
                    </customfield>
                                                                                                                                                                                                                                                                                                                                                                                                                                                                                                                                <customfield id="customfield_12310220" key="com.atlassian.jira.ext.charting:firstresponsedate">
                        <customfieldname>Date of First Response</customfieldname>
                        <customfieldvalues>
                            <customfieldvalue>Thu, 2 Aug 2007 11:57:44 +0000</customfieldvalue>

                        </customfieldvalues>
                    </customfield>
                                                                                                                                                                                                                                                                                                                                                                                                                                            <customfield id="customfield_12310420" key="com.pyxis.greenhopper.jira:gh-global-rank">
                        <customfieldname>Global Rank</customfieldname>
                        <customfieldvalues>
                            <customfieldvalue>25142</customfieldvalue>
                        </customfieldvalues>
                    </customfield>
                                                                                                                                                    <customfield id="customfield_12312521" key="com.atlassian.jira.toolkit:LastCommentDate">
                        <customfieldname>Last public comment date</customfieldname>
                        <customfieldvalues>
                            9 years, 19 weeks, 1 day ago
                        </customfieldvalues>
                    </customfield>
                                                                                            <customfield id="customfield_12311820" key="com.pyxis.greenhopper.jira:gh-lexo-rank">
                        <customfieldname>Rank</customfieldname>
                        <customfieldvalues>
                            <customfieldvalue>0|i0h6tr:</customfieldvalue>

                        </customfieldvalues>
                    </customfield>
                                                                <customfield id="customfield_12310920" key="com.pyxis.greenhopper.jira:gh-global-rank">
                        <customfieldname>Rank (Obsolete)</customfieldname>
                        <customfieldvalues>
                            <customfieldvalue>98368</customfieldvalue>
                        </customfieldvalues>
                    </customfield>
                                                                                                                                                                                                                                                                                                <customfield id="customfield_12310222" key="com.atlassian.jira.ext.charting:timeinstatus">
                        <customfieldname>Time in Status</customfieldname>
                        <customfieldvalues>
                            
                        </customfieldvalues>
                    </customfield>
                                                                                                                        </customfields>
    </item>
</channel>
</rss>