<!-- 
RSS generated by JIRA (6.3.4#6332-sha1:51bc225ef474afe3128b2f66878477f322397b16) at Fri Dec 16 18:44:36 UTC 2016

It is possible to restrict the fields that are returned in this document by specifying the 'field' parameter in your request.
For example, to request only the issue key and summary add field=key&field=summary to the URL of your request.
For example:
https://issues.apache.org/jira/si/jira.issueviews:issue-xml/HBASE-476/HBASE-476.xml?field=key&amp;field=summary
-->
<rss version="0.92" >
<channel>
    <title>ASF JIRA</title>
    <link>https://issues.apache.org/jira</link>
    <description>This file is an XML representation of an issue</description>
    <language>en-uk</language>    <build-info>
        <version>6.3.4</version>
        <build-number>6332</build-number>
        <build-date>15-08-2014</build-date>
    </build-info>

<item>
            <title>[HBASE-476] RegexpRowFilter behaves incorectly when there are multiple store files</title>
                <link>https://issues.apache.org/jira/browse/HBASE-476</link>
                <project id="12310753" key="HBASE">HBase</project>
                    <description>&lt;p&gt;I noticed that after running some table Map/Reduces, then using a&lt;br/&gt;
RegExpRowFilter to scan through the table,  the scanner misses&lt;br/&gt;
rows when its columns are in different stores.&lt;/p&gt;

&lt;p&gt;This (rather convoluted) unit test provokes the behavior.&lt;/p&gt;

&lt;ul class=&quot;alternate&quot; type=&quot;square&quot;&gt;
	&lt;li&gt;Set memcache flush size small to trigger multiple stores&lt;/li&gt;
	&lt;li&gt;put in 10 row with 2 columns. Each row has the same value for col1 (which the RowFilter wants to match)&lt;/li&gt;
	&lt;li&gt;Scan with and without the filter to be sure that we get all the rows with each&lt;/li&gt;
	&lt;li&gt;Run an identity table M/R 10 times to fill up the memcache and trigger flush.&lt;/li&gt;
	&lt;li&gt;Scan again. This time the filter does not pickup anything.&lt;/li&gt;
&lt;/ul&gt;


&lt;p&gt;Attaching the log from this run as well.&lt;/p&gt;</description>
                <environment></environment>
        <key id="12389905">HBASE-476</key>
            <summary>RegexpRowFilter behaves incorectly when there are multiple store files</summary>
                <type id="1" iconUrl="https://issues.apache.org/jira/images/icons/issuetypes/bug.png">Bug</type>
                                            <priority id="1" iconUrl="https://issues.apache.org/jira/images/icons/priorities/blocker.png">Blocker</priority>
                        <status id="6" iconUrl="https://issues.apache.org/jira/images/icons/statuses/closed.png" description="The issue is considered finished, the resolution is correct. Issues which are closed can be reopened.">Closed</status>
                    <statusCategory id="3" key="done" colorName="green"/>
                                    <resolution id="1">Fixed</resolution>
                                        <assignee username="jimk">Jim Kellerman</assignee>
                                    <reporter username="clint.morgan">Clint Morgan</reporter>
                        <labels>
                    </labels>
                <created>Fri, 29 Feb 2008 18:26:48 +0000</created>
                <updated>Fri, 22 Aug 2008 21:13:10 +0000</updated>
                            <resolved>Sat, 22 Mar 2008 22:37:37 +0000</resolved>
                                    <version>0.1.0</version>
                    <version>0.2.0</version>
                                    <fixVersion>0.1.0</fixVersion>
                    <fixVersion>0.2.0</fixVersion>
                                    <component>Filters</component>
                        <due></due>
                            <votes>0</votes>
                                    <watches>0</watches>
                                                                <comments>
                            <comment id="12575210" author="clint.morgan" created="Wed, 5 Mar 2008 00:49:28 +0000"  >&lt;p&gt;This is a cleaner way to provoke the issue.&lt;/p&gt;

&lt;ul class=&quot;alternate&quot; type=&quot;square&quot;&gt;
	&lt;li&gt;Write enough to trigger a flush&lt;/li&gt;
	&lt;li&gt;Let all flushes complete&lt;/li&gt;
	&lt;li&gt;Write a bit more to the memcache&lt;/li&gt;
	&lt;li&gt;Open up a scanner with a RegExpRowFilter&lt;/li&gt;
	&lt;li&gt;Scanner fails to provide any results if some columns are in memcache, and some are in hstores.&lt;/li&gt;
&lt;/ul&gt;


&lt;p&gt;Hopefully someone familiar with the Scanner implementation can take a look at it.&lt;/p&gt;</comment>
                            <comment id="12581139" author="jimk" created="Fri, 21 Mar 2008 17:40:09 +0000"  >&lt;p&gt;Is this still an issue in the HBase release candidate?&lt;/p&gt;</comment>
                            <comment id="12581212" author="jimk" created="Fri, 21 Mar 2008 22:58:09 +0000"  >&lt;p&gt;Clint,&lt;/p&gt;

&lt;p&gt;Would you be willing to upload a version of hbase-476-test2.patch and grant an ASF license for it?&lt;/p&gt;

&lt;p&gt;Without an ASF license, we cannot use it as the basis for a test case.&lt;/p&gt;

&lt;p&gt;Thanks.&lt;/p&gt;</comment>
                            <comment id="12581220" author="clint.morgan" created="Fri, 21 Mar 2008 23:37:44 +0000"  >&lt;p&gt;Sure, here it is.&lt;/p&gt;

&lt;p&gt;However, I think the hbase-527&apos;s test is a better way at provoking the issue.&lt;/p&gt;</comment>
                            <comment id="12581304" author="jimk" created="Sat, 22 Mar 2008 22:37:37 +0000"  >&lt;p&gt;Committed to 0.1.0 and trunk. Thanks Clint!&lt;/p&gt;</comment>
                    </comments>
                <issuelinks>
                            <issuelinktype id="12310010">
                    <name>Incorporates</name>
                                                                <inwardlinks description="is part of">
                                        <issuelink>
            <issuekey id="12391693">HBASE-527</issuekey>
        </issuelink>
                            </inwardlinks>
                                    </issuelinktype>
                            <issuelinktype id="10030">
                    <name>Reference</name>
                                                                <inwardlinks description="is related to">
                                        <issuelink>
            <issuekey id="12391693">HBASE-527</issuekey>
        </issuelink>
                            </inwardlinks>
                                    </issuelinktype>
                    </issuelinks>
                <attachments>
                            <attachment id="12376850" name="hbase-476-test.log" size="120990" author="clint.morgan" created="Fri, 29 Feb 2008 18:29:45 +0000"/>
                            <attachment id="12376851" name="hbase-476-test.patch" size="9219" author="clint.morgan" created="Fri, 29 Feb 2008 18:29:45 +0000"/>
                            <attachment id="12377132" name="hbase-476-test2.patch" size="8327" author="clint.morgan" created="Wed, 5 Mar 2008 00:49:28 +0000"/>
                            <attachment id="12378422" name="hbase-476-test3.patch" size="8327" author="clint.morgan" created="Fri, 21 Mar 2008 23:37:44 +0000"/>
                    </attachments>
                <subtasks>
                    </subtasks>
                <customfields>
                                                <customfield id="customfield_12310310" key="com.atlassian.jira.toolkit:attachments">
                        <customfieldname>Attachment count</customfieldname>
                        <customfieldvalues>
                            <customfieldvalue>4.0</customfieldvalue>
                        </customfieldvalues>
                    </customfield>
                                                                                                                                                                                                                                                                                                                                                                                                                                                                                                                                <customfield id="customfield_12310220" key="com.atlassian.jira.ext.charting:firstresponsedate">
                        <customfieldname>Date of First Response</customfieldname>
                        <customfieldvalues>
                            <customfieldvalue>Fri, 21 Mar 2008 17:40:09 +0000</customfieldvalue>

                        </customfieldvalues>
                    </customfield>
                                                                                                                                                                                                                                                                                                                                                                                                                                            <customfield id="customfield_12310420" key="com.pyxis.greenhopper.jira:gh-global-rank">
                        <customfieldname>Global Rank</customfieldname>
                        <customfieldvalues>
                            <customfieldvalue>25220</customfieldvalue>
                        </customfieldvalues>
                    </customfield>
                                                                                                                                                    <customfield id="customfield_12312521" key="com.atlassian.jira.toolkit:LastCommentDate">
                        <customfieldname>Last public comment date</customfieldname>
                        <customfieldvalues>
                            8 years, 39 weeks, 5 days ago
                        </customfieldvalues>
                    </customfield>
                                                                                            <customfield id="customfield_12311820" key="com.pyxis.greenhopper.jira:gh-lexo-rank">
                        <customfieldname>Rank</customfieldname>
                        <customfieldvalues>
                            <customfieldvalue>0|i0h7jb:</customfieldvalue>

                        </customfieldvalues>
                    </customfield>
                                                                <customfield id="customfield_12310920" key="com.pyxis.greenhopper.jira:gh-global-rank">
                        <customfieldname>Rank (Obsolete)</customfieldname>
                        <customfieldvalues>
                            <customfieldvalue>98483</customfieldvalue>
                        </customfieldvalues>
                    </customfield>
                                                                                                                                                                                                                                                                                                <customfield id="customfield_12310222" key="com.atlassian.jira.ext.charting:timeinstatus">
                        <customfieldname>Time in Status</customfieldname>
                        <customfieldvalues>
                            
                        </customfieldvalues>
                    </customfield>
                                                                                                                        </customfields>
    </item>
</channel>
</rss>