<!-- 
RSS generated by JIRA (6.3.4#6332-sha1:51bc225ef474afe3128b2f66878477f322397b16) at Fri Dec 16 18:47:49 UTC 2016

It is possible to restrict the fields that are returned in this document by specifying the 'field' parameter in your request.
For example, to request only the issue key and summary add field=key&field=summary to the URL of your request.
For example:
https://issues.apache.org/jira/si/jira.issueviews:issue-xml/HBASE-820/HBASE-820.xml?field=key&amp;field=summary
-->
<rss version="0.92" >
<channel>
    <title>ASF JIRA</title>
    <link>https://issues.apache.org/jira</link>
    <description>This file is an XML representation of an issue</description>
    <language>en-uk</language>    <build-info>
        <version>6.3.4</version>
        <build-number>6332</build-number>
        <build-date>15-08-2014</build-date>
    </build-info>

<item>
            <title>[HBASE-820] Need mainline to flush when &apos;Blocking updates&apos; goes up.</title>
                <link>https://issues.apache.org/jira/browse/HBASE-820</link>
                <project id="12310753" key="HBASE">HBase</project>
                    <description>&lt;p&gt;Look at the below.  Blocking goes up and flush doesn&apos;t happen for nearly ten minutes (Other flushes happen in the meantime no problem).  We need to run a flush immediately; schedule it before all others.&lt;/p&gt;

&lt;div class=&quot;code panel&quot; style=&quot;border-width: 1px;&quot;&gt;&lt;div class=&quot;codeContent panelContent&quot;&gt;
&lt;pre class=&quot;code-java&quot;&gt;2008-08-12 01:45:54,175 INFO org.apache.hadoop.hbase.regionserver.HRegion: Blocking updates &lt;span class=&quot;code-keyword&quot;&gt;for&lt;/span&gt; &apos;IPC Server handler 9 on 60020&apos; on region TestTable,0024119972,1218505443888: Memcache size 64.0m is &amp;gt;= than blocking 64.0m size
...
2008-08-12 01:54:36,695 DEBUG org.apache.hadoop.hbase.regionserver.HRegion: Started memcache flush &lt;span class=&quot;code-keyword&quot;&gt;for&lt;/span&gt; region TestTable,0024119972,1218505443888. Current region memcache size 64.0m
&lt;/pre&gt;
&lt;/div&gt;&lt;/div&gt;</description>
                <environment></environment>
        <key id="12402172">HBASE-820</key>
            <summary>Need mainline to flush when &apos;Blocking updates&apos; goes up.</summary>
                <type id="1" iconUrl="https://issues.apache.org/jira/images/icons/issuetypes/bug.png">Bug</type>
                                            <priority id="1" iconUrl="https://issues.apache.org/jira/images/icons/priorities/blocker.png">Blocker</priority>
                        <status id="6" iconUrl="https://issues.apache.org/jira/images/icons/statuses/closed.png" description="The issue is considered finished, the resolution is correct. Issues which are closed can be reopened.">Closed</status>
                    <statusCategory id="3" key="done" colorName="green"/>
                                    <resolution id="1">Fixed</resolution>
                                        <assignee username="jdcryans">Jean-Daniel Cryans</assignee>
                                    <reporter username="stack">stack</reporter>
                        <labels>
                    </labels>
                <created>Tue, 12 Aug 2008 03:59:14 +0000</created>
                <updated>Sat, 13 Sep 2008 23:22:45 +0000</updated>
                            <resolved>Tue, 12 Aug 2008 17:23:34 +0000</resolved>
                                                    <fixVersion>0.2.1</fixVersion>
                    <fixVersion>0.18.0</fixVersion>
                                        <due></due>
                            <votes>0</votes>
                                    <watches>0</watches>
                                                                <comments>
                            <comment id="12621689" author="stack" created="Tue, 12 Aug 2008 04:35:17 +0000"  >&lt;p&gt;This looks like &lt;a href=&quot;https://issues.apache.org/jira/browse/HBASE-790&quot; title=&quot;During import, single region blocks requests for &amp;gt;10 minutes, thread dumps, throws out pending requests, and continues&quot; class=&quot;issue-link&quot; data-issue-key=&quot;HBASE-790&quot;&gt;&lt;del&gt;HBASE-790&lt;/del&gt;&lt;/a&gt;.&lt;/p&gt;</comment>
                            <comment id="12621880" author="stack" created="Tue, 12 Aug 2008 16:46:42 +0000"  >&lt;p&gt;So, looks like a patch that resembles the patch made in 790 named 790-v2 will fix this issue.  Flushes are scheduled just before we put up a block.&lt;/p&gt;</comment>
                            <comment id="12621884" author="jdcryans" created="Tue, 12 Aug 2008 17:06:03 +0000"  >&lt;p&gt;Fixes the issue for st^ack, passes the unit tests.&lt;/p&gt;</comment>
                            <comment id="12621891" author="stack" created="Tue, 12 Aug 2008 17:23:34 +0000"  >&lt;p&gt;Resolving.  Committed to branch and trunk.  Thanks for the patch J-D.&lt;/p&gt;</comment>
                            <comment id="12621947" author="stack" created="Tue, 12 Aug 2008 19:48:53 +0000"  >&lt;p&gt;With this patch and &lt;a href=&quot;https://issues.apache.org/jira/browse/HBASE-818&quot; title=&quot;Deadlock running &amp;#39;flushSomeRegions&amp;#39;&quot; class=&quot;issue-link&quot; data-issue-key=&quot;HBASE-818&quot;&gt;&lt;del&gt;HBASE-818&lt;/del&gt;&lt;/a&gt; in place in the 0.2 branch, can do PE test with 12 concurrent MR clients loading 36M rows into a single regionserver (About 206 regions):&lt;/p&gt;

&lt;div class=&quot;code panel&quot; style=&quot;border-width: 1px;&quot;&gt;&lt;div class=&quot;codeContent panelContent&quot;&gt;
&lt;pre class=&quot;code-java&quot;&gt;
...
08/08/12 19:12:00 INFO mapred.JobClient:     Elapsed time in milliseconds=101037652
08/08/12 19:12:00 INFO mapred.JobClient:     Row count=37748520
&lt;/pre&gt;
&lt;/div&gt;&lt;/div&gt;

&lt;p&gt;Thats about 373 writes a second (alot of blocking going on).&lt;/p&gt;</comment>
                    </comments>
                    <attachments>
                            <attachment id="12388063" name="hbase-820-v1.patch" size="790" author="jdcryans" created="Tue, 12 Aug 2008 17:06:03 +0000"/>
                    </attachments>
                <subtasks>
                    </subtasks>
                <customfields>
                                                <customfield id="customfield_12310310" key="com.atlassian.jira.toolkit:attachments">
                        <customfieldname>Attachment count</customfieldname>
                        <customfieldvalues>
                            <customfieldvalue>1.0</customfieldvalue>
                        </customfieldvalues>
                    </customfield>
                                                                                                                                                                                                                                                                                                                                                                                                                                                                                                                                <customfield id="customfield_12310220" key="com.atlassian.jira.ext.charting:firstresponsedate">
                        <customfieldname>Date of First Response</customfieldname>
                        <customfieldvalues>
                            <customfieldvalue>Tue, 12 Aug 2008 17:06:03 +0000</customfieldvalue>

                        </customfieldvalues>
                    </customfield>
                                                                                                                                                                                                                                                                                                                                                                                                                                            <customfield id="customfield_12310420" key="com.pyxis.greenhopper.jira:gh-global-rank">
                        <customfieldname>Global Rank</customfieldname>
                        <customfieldvalues>
                            <customfieldvalue>25415</customfieldvalue>
                        </customfieldvalues>
                    </customfield>
                                                                                                                                                    <customfield id="customfield_12312521" key="com.atlassian.jira.toolkit:LastCommentDate">
                        <customfieldname>Last public comment date</customfieldname>
                        <customfieldvalues>
                            8 years, 19 weeks, 2 days ago
                        </customfieldvalues>
                    </customfield>
                                                                                            <customfield id="customfield_12311820" key="com.pyxis.greenhopper.jira:gh-lexo-rank">
                        <customfieldname>Rank</customfieldname>
                        <customfieldvalues>
                            <customfieldvalue>0|i0h9n3:</customfieldvalue>

                        </customfieldvalues>
                    </customfield>
                                                                <customfield id="customfield_12310920" key="com.pyxis.greenhopper.jira:gh-global-rank">
                        <customfieldname>Rank (Obsolete)</customfieldname>
                        <customfieldvalues>
                            <customfieldvalue>98824</customfieldvalue>
                        </customfieldvalues>
                    </customfield>
                                                                                                                                                                                                                                                                                                <customfield id="customfield_12310222" key="com.atlassian.jira.ext.charting:timeinstatus">
                        <customfieldname>Time in Status</customfieldname>
                        <customfieldvalues>
                            
                        </customfieldvalues>
                    </customfield>
                                                                                                                        </customfields>
    </item>
</channel>
</rss>