<!-- 
RSS generated by JIRA (6.3.4#6332-sha1:51bc225ef474afe3128b2f66878477f322397b16) at Fri Dec 16 18:44:29 UTC 2016

It is possible to restrict the fields that are returned in this document by specifying the 'field' parameter in your request.
For example, to request only the issue key and summary add field=key&field=summary to the URL of your request.
For example:
https://issues.apache.org/jira/si/jira.issueviews:issue-xml/HBASE-463/HBASE-463.xml?field=key&amp;field=summary
-->
<rss version="0.92" >
<channel>
    <title>ASF JIRA</title>
    <link>https://issues.apache.org/jira</link>
    <description>This file is an XML representation of an issue</description>
    <language>en-uk</language>    <build-info>
        <version>6.3.4</version>
        <build-number>6332</build-number>
        <build-date>15-08-2014</build-date>
    </build-info>

<item>
            <title>[HBASE-463] &quot;Table &apos;.META.&apos; does not exist.&quot; in trunk</title>
                <link>https://issues.apache.org/jira/browse/HBASE-463</link>
                <project id="12310753" key="HBASE">HBase</project>
                    <description>&lt;p&gt;I attempted to try out &lt;a href=&quot;https://issues.apache.org/jira/browse/HBASE-458&quot; title=&quot;Shell does not throw an error when you feed it garbage statements.&quot; class=&quot;issue-link&quot; data-issue-key=&quot;HBASE-458&quot;&gt;&lt;del&gt;HBASE-458&lt;/del&gt;&lt;/a&gt;, and discovered that I couldn&apos;t create a table in shell at all on a fresh trunk. &lt;/p&gt;

&lt;div class=&quot;code panel&quot; style=&quot;border-width: 1px;&quot;&gt;&lt;div class=&quot;codeContent panelContent&quot;&gt;
&lt;pre class=&quot;code-java&quot;&gt;hql &amp;gt; show tables;
error msg : org.apache.hadoop.hbase.TableNotFoundException: Table &apos;.META.&apos; does not exist.
&lt;/pre&gt;
&lt;/div&gt;&lt;/div&gt;

&lt;p&gt;I tried wiping out my dfs to see if that made a difference, and it didn&apos;t.&lt;/p&gt;

&lt;p&gt;This is a big problem.&lt;/p&gt;</description>
                <environment></environment>
        <key id="12389395">HBASE-463</key>
            <summary>&quot;Table &apos;.META.&apos; does not exist.&quot; in trunk</summary>
                <type id="1" iconUrl="https://issues.apache.org/jira/images/icons/issuetypes/bug.png">Bug</type>
                                            <priority id="1" iconUrl="https://issues.apache.org/jira/images/icons/priorities/blocker.png">Blocker</priority>
                        <status id="6" iconUrl="https://issues.apache.org/jira/images/icons/statuses/closed.png" description="The issue is considered finished, the resolution is correct. Issues which are closed can be reopened.">Closed</status>
                    <statusCategory id="3" key="done" colorName="green"/>
                                    <resolution id="5">Cannot Reproduce</resolution>
                                        <assignee username="-1">Unassigned</assignee>
                                    <reporter username="bryanduxbury">Bryan Duxbury</reporter>
                        <labels>
                    </labels>
                <created>Sat, 23 Feb 2008 22:51:01 +0000</created>
                <updated>Fri, 22 Aug 2008 21:13:09 +0000</updated>
                            <resolved>Sun, 24 Feb 2008 23:35:52 +0000</resolved>
                                    <version>0.2.0</version>
                                    <fixVersion>0.2.0</fixVersion>
                                        <due></due>
                            <votes>0</votes>
                                    <watches>0</watches>
                                                                <comments>
                            <comment id="12571796" author="bryanduxbury" created="Sat, 23 Feb 2008 23:08:03 +0000"  >&lt;p&gt;I did some more messing around, and I was wrong about the FS stuff. I deleted the local hbase directory and the problem went away. Does this mean the migrate tool is busted for this version?&lt;/p&gt;</comment>
                            <comment id="12571800" author="stack" created="Sat, 23 Feb 2008 23:14:31 +0000"  >&lt;p&gt;Can you reproduce?  If not, I&apos;d say, close this issue and lets be wary going forward?&lt;/p&gt;</comment>
                            <comment id="12571811" author="jimk" created="Sun, 24 Feb 2008 00:31:03 +0000"  >&lt;p&gt;Don&apos;t understand how this could happen since test cases run on trunk with 419 applied (and it didn&apos;t change Migrate except for a few imports)&lt;/p&gt;</comment>
                            <comment id="12571984" author="bryanduxbury" created="Sun, 24 Feb 2008 23:35:52 +0000"  >&lt;p&gt;Seems that I can&apos;t make this happen again, and there&apos;s a solution. If this rears its ugly head again in production, we&apos;ll need to take a look at it.&lt;/p&gt;</comment>
                    </comments>
                    <attachments>
                    </attachments>
                <subtasks>
                    </subtasks>
                <customfields>
                                                <customfield id="customfield_12310310" key="com.atlassian.jira.toolkit:attachments">
                        <customfieldname>Attachment count</customfieldname>
                        <customfieldvalues>
                            <customfieldvalue>0.0</customfieldvalue>
                        </customfieldvalues>
                    </customfield>
                                                                                                                                                                                                                                                                                                                                                                                                                                                                                                                                <customfield id="customfield_12310220" key="com.atlassian.jira.ext.charting:firstresponsedate">
                        <customfieldname>Date of First Response</customfieldname>
                        <customfieldvalues>
                            <customfieldvalue>Sat, 23 Feb 2008 23:14:31 +0000</customfieldvalue>

                        </customfieldvalues>
                    </customfield>
                                                                                                                                                                                                                                                                                                                                                                                                                                            <customfield id="customfield_12310420" key="com.pyxis.greenhopper.jira:gh-global-rank">
                        <customfieldname>Global Rank</customfieldname>
                        <customfieldvalues>
                            <customfieldvalue>25214</customfieldvalue>
                        </customfieldvalues>
                    </customfield>
                                                                                                                                                    <customfield id="customfield_12312521" key="com.atlassian.jira.toolkit:LastCommentDate">
                        <customfieldname>Last public comment date</customfieldname>
                        <customfieldvalues>
                            8 years, 43 weeks, 4 days ago
                        </customfieldvalues>
                    </customfield>
                                                                                            <customfield id="customfield_12311820" key="com.pyxis.greenhopper.jira:gh-lexo-rank">
                        <customfieldname>Rank</customfieldname>
                        <customfieldvalues>
                            <customfieldvalue>0|i0h7gn:</customfieldvalue>

                        </customfieldvalues>
                    </customfield>
                                                                <customfield id="customfield_12310920" key="com.pyxis.greenhopper.jira:gh-global-rank">
                        <customfieldname>Rank (Obsolete)</customfieldname>
                        <customfieldvalues>
                            <customfieldvalue>98471</customfieldvalue>
                        </customfieldvalues>
                    </customfield>
                                                                                                                                                                                                                                                                                                <customfield id="customfield_12310222" key="com.atlassian.jira.ext.charting:timeinstatus">
                        <customfieldname>Time in Status</customfieldname>
                        <customfieldvalues>
                            
                        </customfieldvalues>
                    </customfield>
                                                                                                                        </customfields>
    </item>
</channel>
</rss>