<!-- 
RSS generated by JIRA (6.3.4#6332-sha1:51bc225ef474afe3128b2f66878477f322397b16) at Fri Dec 16 18:41:42 UTC 2016

It is possible to restrict the fields that are returned in this document by specifying the 'field' parameter in your request.
For example, to request only the issue key and summary add field=key&field=summary to the URL of your request.
For example:
https://issues.apache.org/jira/si/jira.issueviews:issue-xml/HBASE-170/HBASE-170.xml?field=key&amp;field=summary
-->
<rss version="0.92" >
<channel>
    <title>ASF JIRA</title>
    <link>https://issues.apache.org/jira</link>
    <description>This file is an XML representation of an issue</description>
    <language>en-uk</language>    <build-info>
        <version>6.3.4</version>
        <build-number>6332</build-number>
        <build-date>15-08-2014</build-date>
    </build-info>

<item>
            <title>[HBASE-170] Web UI displays an IOException instead of the Tables</title>
                <link>https://issues.apache.org/jira/browse/HBASE-170</link>
                <project id="12310753" key="HBASE">HBase</project>
                    <description>&lt;p&gt;For me after every second restart I get an error when loading the Hbase UI. Here the page:&lt;/p&gt;


&lt;p&gt;                                                                                   Master: 192.168.105.11:60000                                                    &lt;br/&gt;
  HQL, Local logs, Thread Dump, Log Level                                                                                          &lt;br/&gt;
     ______________________________________________________________________________________________________________________         &lt;/p&gt;

&lt;p&gt;Master Attributes                                                                                                                   &lt;br/&gt;
                                                                                                                                          Attribute Name                  Value                         Description                                                     &lt;br/&gt;
   Filesystem           lv1-xen-pdc-2.worldlingo.com:9000 Filesystem hbase is running on                                            &lt;br/&gt;
   Hbase Root Directory /hbase                            Location of hbase home directory                                          &lt;/p&gt;

&lt;p&gt;Online META Regions                                                                                                                 &lt;/p&gt;

&lt;p&gt;     Name           Server                                                                                                          &lt;br/&gt;
   &lt;del&gt;ROOT&lt;/del&gt;    192.168.105.31:60020                                                                                                   &lt;br/&gt;
   .META.,,1 192.168.105.39:60020                                                                                                   &lt;/p&gt;

&lt;p&gt;Tables                                                                                                                              &lt;/p&gt;

&lt;p&gt;  error msg : java.io.IOException: java.io.IOException: HStoreScanner failed construction at&lt;br/&gt;
  org.apache.hadoop.hbase.HStore$StoreFileScanner.(HStore.java:1879) at&lt;br/&gt;
  org.apache.hadoop.hbase.HStore$HStoreScanner.(HStore.java:2000) at&lt;br/&gt;
  org.apache.hadoop.hbase.HStore.getScanner(HStore.java:1822) at&lt;br/&gt;
  org.apache.hadoop.hbase.HRegion$HScanner.(HRegion.java:1543) at &lt;br/&gt;
  org.apache.hadoop.hbase.HRegion.getScanner(HRegion.java:1118) at &lt;br/&gt;
  org.apache.hadoop.hbase.HRegionServer.openScanner(HRegionServer.java:1465) at&lt;br/&gt;
  sun.reflect.NativeMethodAccessorImpl.invoke0(Native Method) at&lt;br/&gt;
  sun.reflect.NativeMethodAccessorImpl.invoke(NativeMethodAccessorImpl.java:39) at                                                 &lt;br/&gt;
   sun.reflect.DelegatingMethodAccessorImpl.invoke(DelegatingMethodAccessorImpl.java:25) at                                         &lt;br/&gt;
   java.lang.reflect.Method.invoke(Method.java:585) at org.apache.hadoop.ipc.RPC$Server.call(RPC.java:401) at                       &lt;br/&gt;
   org.apache.hadoop.ipc.Server$Handler.run(Server.java:892) Caused by: org.apache.hadoop.ipc.RemoteException:                      &lt;br/&gt;
   java.io.IOException: File does not exist: /hbase/hregion_1028785192/info/mapfiles/6628785818889695133/data at                    &lt;br/&gt;
   org.apache.hadoop.dfs.FSDirectory.getFileInfo(FSDirectory.java:489) at                                                           &lt;br/&gt;
   org.apache.hadoop.dfs.FSNamesystem.getFileInfo(FSNamesystem.java:1380) at                                                        &lt;br/&gt;
   org.apache.hadoop.dfs.NameNode.getFileInfo(NameNode.java:425) at sun.reflect.GeneratedMethodAccessor12.invoke(Unknown            &lt;br/&gt;
   Source) at sun.reflect.DelegatingMethodAccessorImpl.invoke(DelegatingMethodAccessorImpl.java:25) at                              &lt;br/&gt;
   java.lang.reflect.Method.invoke(Method.java:585) at org.apache.hadoop.ipc.RPC$Server.call(RPC.java:401) at                       &lt;br/&gt;
   org.apache.hadoop.ipc.Server$Handler.run(Server.java:892) at org.apache.hadoop.ipc.Client.call(Client.java:509) at               &lt;br/&gt;
   org.apache.hadoop.ipc.RPC$Invoker.invoke(RPC.java:198) at org.apache.hadoop.dfs.$Proxy1.getFileInfo(Unknown Source) at           &lt;br/&gt;
   sun.reflect.GeneratedMethodAccessor4.invoke(Unknown Source) at                                                                      sun.reflect.DelegatingMethodAccessorImpl.invoke(DelegatingMethodAccessorImpl.java:25) at                                         &lt;br/&gt;
   java.lang.reflect.Method.invoke(Method.java:585) at                                                                              &lt;br/&gt;
   org.apache.hadoop.io.retry.RetryInvocationHandler.invokeMethod(RetryInvocationHandler.java:82) at                                &lt;br/&gt;
   org.apache.hadoop.io.retry.RetryInvocationHandler.invoke(RetryInvocationHandler.java:59) at                                      &lt;br/&gt;
   org.apache.hadoop.dfs.$Proxy1.getFileInfo(Unknown Source) at                                                                     &lt;br/&gt;
   org.apache.hadoop.dfs.DFSClient.getFileInfo(DFSClient.java:416) at                                                               &lt;br/&gt;
   org.apache.hadoop.dfs.DistributedFileSystem.getFileStatus(DistributedFileSystem.java:331) at                                     &lt;br/&gt;
   org.apache.hadoop.fs.FileSystem.getLength(FileSystem.java:492) at                                                                &lt;br/&gt;
   org.apache.hadoop.io.SequenceFile$Reader.(SequenceFile.java:1349) at                                                             &lt;br/&gt;
   org.apache.hadoop.io.SequenceFile$Reader.(SequenceFile.java:1344) at org.apache.hadoop.io.MapFile$Reader.(MapFile.java:254)         at org.apache.hadoop.io.MapFile$Reader.(MapFile.java:242) at                                                                     &lt;br/&gt;
   org.apache.hadoop.hbase.HStoreFile$BloomFilterMapFile$Reader.(HStoreFile.java:816) at                                               org.apache.hadoop.hbase.HStoreFile.getReader(HStoreFile.java:936) at                                                             &lt;br/&gt;
   org.apache.hadoop.hbase.HStore$StoreFileScanner.(HStore.java:1854) ... 11 more                                                                                                                                                                                       &lt;/p&gt;

&lt;p&gt;Region Servers                                                                                                                                                                                                                                                          &lt;br/&gt;
                Address         Start Code             Load                                                                         &lt;br/&gt;
          192.168.105.41:60020 1200095856575 requests: 0 regions: 48                                                                &lt;br/&gt;
          192.168.105.31:60020 1200095853516 requests: 0 regions: 38                                                                &lt;br/&gt;
          192.168.105.51:60020 1200095856709 requests: 0 regions: 20                                                                &lt;br/&gt;
          192.168.105.21:60020 1200095852330 requests: 0 regions: 22                                                                &lt;br/&gt;
          192.168.105.61:60020 1200095856758 requests: 0 regions: 39                                                                &lt;br/&gt;
          192.168.105.71:60020 1200095856975 requests: 0 regions: 21                                                                &lt;br/&gt;
          192.168.105.53:60020 1200095856655 requests: 0 regions: 19                                                                &lt;br/&gt;
          192.168.105.43:60020 1200095854323 requests: 0 regions: 25                                                                &lt;br/&gt;
          192.168.105.33:60020 1200095853508 requests: 0 regions: 218                                                               &lt;br/&gt;
          192.168.105.23:60020 1200095852282 requests: 0 regions: 26                                                                &lt;br/&gt;
          192.168.105.13:60020 1200095851830 requests: 0 regions: 27                                                                &lt;br/&gt;
          192.168.105.73:60020 1200095856843 requests: 0 regions: 21                                                                &lt;br/&gt;
          192.168.105.63:60020 1200095856776 requests: 0 regions: 19                                                                &lt;br/&gt;
          192.168.105.35:60020 1200095853520 requests: 0 regions: 24                                                                &lt;br/&gt;
          192.168.105.25:60020 1200095853591 requests: 1 regions: 25                           &lt;br/&gt;
          192.168.105.75:60020 1200095856884 requests: 0 regions: 37                                                                &lt;br/&gt;
          192.168.105.65:60020 1200095856817 requests: 0 regions: 19                                                                &lt;br/&gt;
          192.168.105.55:60020 1200095856625 requests: 0 regions: 31                                                                &lt;br/&gt;
          192.168.105.27:60020 1200095853490 requests: 0 regions: 23                                                                          192.168.105.37:60020 1200095853876 requests: 0 regions: 21                                                                &lt;br/&gt;
          192.168.105.17:60020 1200095851832 requests: 0 regions: 25                                                                &lt;br/&gt;
          192.168.105.47:60020 1200095856542 requests: 0 regions: 20                                                                &lt;br/&gt;
          192.168.105.77:60020 1200095856853 requests: 0 regions: 22                                                                &lt;br/&gt;
          192.168.105.67:60020 1200095856853 requests: 0 regions: 19                                                                          &lt;br/&gt;
          192.168.105.57:60020 1200095856719 requests: 0 regions: 25                                                                &lt;br/&gt;
          192.168.105.19:60020 1200095851818 requests: 0 regions: 29                                                                &lt;br/&gt;
          192.168.105.39:60020 1200095853864 requests: 0 regions: 2                                                                 &lt;br/&gt;
          192.168.105.29:60020 1200095853521 requests: 0 regions: 25                                                                &lt;br/&gt;
          192.168.105.69:60020 1200095856831 requests: 0 regions: 21                                                                &lt;br/&gt;
          192.168.105.49:60020 1200095856553 requests: 0 regions: 36                                                                &lt;br/&gt;
          192.168.105.59:60020 1200095856736 requests: 0 regions: 19                                                                &lt;br/&gt;
   Total: servers: 33                        requests: 1 regions: 1017                                                              &lt;/p&gt;

&lt;p&gt;   Load is requests per hbase.regionsserver.msginterval (3 second(s)) and count of regions loaded                                   &lt;/p&gt;


&lt;p&gt;After another restart, the tables display as they should. Reloading the page does not help.&lt;/p&gt;</description>
                <environment></environment>
        <key id="12386097">HBASE-170</key>
            <summary>Web UI displays an IOException instead of the Tables</summary>
                <type id="1" iconUrl="https://issues.apache.org/jira/images/icons/issuetypes/bug.png">Bug</type>
                                            <priority id="5" iconUrl="https://issues.apache.org/jira/images/icons/priorities/trivial.png">Trivial</priority>
                        <status id="6" iconUrl="https://issues.apache.org/jira/images/icons/statuses/closed.png" description="The issue is considered finished, the resolution is correct. Issues which are closed can be reopened.">Closed</status>
                    <statusCategory id="3" key="done" colorName="green"/>
                                    <resolution id="1">Fixed</resolution>
                                        <assignee username="-1">Unassigned</assignee>
                                    <reporter username="larsgeorge">Lars George</reporter>
                        <labels>
                    </labels>
                <created>Sat, 12 Jan 2008 00:18:48 +0000</created>
                <updated>Fri, 22 Aug 2008 21:34:54 +0000</updated>
                            <resolved>Wed, 23 Jan 2008 21:09:14 +0000</resolved>
                                                                        <due></due>
                            <votes>0</votes>
                                    <watches>0</watches>
                                                                <comments>
                            <comment id="12558197" author="stack" created="Sat, 12 Jan 2008 04:13:12 +0000"  >&lt;p&gt;Any other context in the master logs that you might think of use Lars?  (Are you running w/ DEBUG enabled?  If not, see hbase FAQ for how).&lt;/p&gt;</comment>
                            <comment id="12558460" author="bryanduxbury" created="Sun, 13 Jan 2008 23:15:59 +0000"  >&lt;p&gt;This issue appears to be a cosmetic ui interface from what I can tell. I&apos;m reducing the priority to match this problem.&lt;/p&gt;</comment>
                            <comment id="12560759" author="stack" created="Sun, 20 Jan 2008 01:59:10 +0000"  >&lt;p&gt;Fix is to have listTables retry.  Cache had old region value and was never getting cleared.&lt;/p&gt;

&lt;p&gt;M  src/contrib/hbase/src/java/org/apache/hadoop/hbase/HConnectionManager.java&lt;br/&gt;
    Add retry getting list of tables.&lt;br/&gt;
M  src/contrib/hbase/src/java/org/apache/hadoop/hbase/HBaseAdmin.java&lt;br/&gt;
    Remove unused imports.&lt;br/&gt;
M  src/contrib/hbase/src/java/org/apache/hadoop/hbase/HTable.java&lt;br/&gt;
    Removed unused imports.&lt;br/&gt;
    (relocateRegion): Javadoc for reload param and actually use it.&lt;br/&gt;
M  src/contrib/hbase/src/java/org/apache/hadoop/hbase/HMaster.java&lt;br/&gt;
    (getConfiguration): Added.&lt;br/&gt;
M  src/contrib/hbase/src/java/org/apache/hadoop/hbase/generated/regionserver/regionserver_jsp.java&lt;br/&gt;
M  src/contrib/hbase/src/java/org/apache/hadoop/hbase/generated/master/master_jsp.java&lt;br/&gt;
    Regenerated.&lt;br/&gt;
M  src/contrib/hbase/src/java/org/apache/hadoop/hbase/HRegion.java&lt;br/&gt;
    Renamed local variables that had same names as data members to avoid&lt;br/&gt;
    confusion. Get &apos;clone&apos; of Writable from hadoop WritableUtils rather than&lt;br/&gt;
    from the copy that used to be Writables.&lt;br/&gt;
M  src/contrib/hbase/src/java/org/apache/hadoop/hbase/util/Writables.java&lt;br/&gt;
    Moved the clone method copied from WritableUtils (&lt;a href=&quot;https://issues.apache.org/jira/browse/HBASE-312&quot; title=&quot;[hbase] Remove Writables.clone and use WritableUtils.clone from hadoop instead&quot; class=&quot;issue-link&quot; data-issue-key=&quot;HBASE-312&quot;&gt;&lt;del&gt;HADOOP-2650&lt;/del&gt;&lt;/a&gt;)&lt;br/&gt;
M  src/contrib/hbase/src/webapps/regionserver/regionserver.jsp&lt;br/&gt;
    Add in version and build info here too (Could be different from the master)&lt;br/&gt;
M  src/contrib/hbase/src/webapps/master/hql.jsp&lt;br/&gt;
    Fix import.&lt;br/&gt;
M  src/contrib/hbase/src/webapps/master/master.jsp&lt;br/&gt;
    Get the conf from master rather than create one on each reload.&lt;/p&gt;</comment>
                            <comment id="12560762" author="stack" created="Sun, 20 Jan 2008 02:12:22 +0000"  >&lt;p&gt;Passes tests locally.&lt;/p&gt;</comment>
                            <comment id="12560901" author="hadoopqa" created="Sun, 20 Jan 2008 23:37:58 +0000"  >&lt;p&gt;+1 overall.  Here are the results of testing the latest attachment &lt;br/&gt;
&lt;a href=&quot;http://issues.apache.org/jira/secure/attachment/12373615/ui.patch&quot; class=&quot;external-link&quot; rel=&quot;nofollow&quot;&gt;http://issues.apache.org/jira/secure/attachment/12373615/ui.patch&lt;/a&gt;&lt;br/&gt;
against trunk revision r613499.&lt;/p&gt;

&lt;p&gt;    @author +1.  The patch does not contain any @author tags.&lt;/p&gt;

&lt;p&gt;    javadoc +1.  The javadoc tool did not generate any warning messages.&lt;/p&gt;

&lt;p&gt;    javac +1.  The applied patch does not generate any new compiler warnings.&lt;/p&gt;

&lt;p&gt;    findbugs +1.  The patch does not introduce any new Findbugs warnings.&lt;/p&gt;

&lt;p&gt;    core tests +1.  The patch passed core unit tests.&lt;/p&gt;

&lt;p&gt;    contrib tests +1.  The patch passed contrib unit tests.&lt;/p&gt;

&lt;p&gt;Test results: &lt;a href=&quot;http://lucene.zones.apache.org:8080/hudson/job/Hadoop-Patch/1666/testReport/&quot; class=&quot;external-link&quot; rel=&quot;nofollow&quot;&gt;http://lucene.zones.apache.org:8080/hudson/job/Hadoop-Patch/1666/testReport/&lt;/a&gt;&lt;br/&gt;
Findbugs warnings: &lt;a href=&quot;http://lucene.zones.apache.org:8080/hudson/job/Hadoop-Patch/1666/artifact/trunk/build/test/findbugs/newPatchFindbugsWarnings.html&quot; class=&quot;external-link&quot; rel=&quot;nofollow&quot;&gt;http://lucene.zones.apache.org:8080/hudson/job/Hadoop-Patch/1666/artifact/trunk/build/test/findbugs/newPatchFindbugsWarnings.html&lt;/a&gt;&lt;br/&gt;
Checkstyle results: &lt;a href=&quot;http://lucene.zones.apache.org:8080/hudson/job/Hadoop-Patch/1666/artifact/trunk/build/test/checkstyle-errors.html&quot; class=&quot;external-link&quot; rel=&quot;nofollow&quot;&gt;http://lucene.zones.apache.org:8080/hudson/job/Hadoop-Patch/1666/artifact/trunk/build/test/checkstyle-errors.html&lt;/a&gt;&lt;br/&gt;
Console output: &lt;a href=&quot;http://lucene.zones.apache.org:8080/hudson/job/Hadoop-Patch/1666/console&quot; class=&quot;external-link&quot; rel=&quot;nofollow&quot;&gt;http://lucene.zones.apache.org:8080/hudson/job/Hadoop-Patch/1666/console&lt;/a&gt;&lt;/p&gt;

&lt;p&gt;This message is automatically generated.&lt;/p&gt;</comment>
                            <comment id="12561346" author="hudson" created="Tue, 22 Jan 2008 14:16:43 +0000"  >&lt;p&gt;Integrated in Hadoop-Nightly #373 (See &lt;a href=&quot;http://lucene.zones.apache.org:8080/hudson/job/Hadoop-Nightly/373/&quot; class=&quot;external-link&quot; rel=&quot;nofollow&quot;&gt;http://lucene.zones.apache.org:8080/hudson/job/Hadoop-Nightly/373/&lt;/a&gt;)&lt;/p&gt;</comment>
                            <comment id="12561713" author="hudson" created="Wed, 23 Jan 2008 15:36:59 +0000"  >&lt;p&gt;Integrated in Hadoop-Nightly #374 (See &lt;a href=&quot;http://lucene.zones.apache.org:8080/hudson/job/Hadoop-Nightly/374/&quot; class=&quot;external-link&quot; rel=&quot;nofollow&quot;&gt;http://lucene.zones.apache.org:8080/hudson/job/Hadoop-Nightly/374/&lt;/a&gt;)&lt;/p&gt;</comment>
                            <comment id="12561822" author="stack" created="Wed, 23 Jan 2008 21:09:14 +0000"  >&lt;p&gt;Committed (a while back).  Resolving.&lt;/p&gt;</comment>
                    </comments>
                    <attachments>
                            <attachment id="12373615" name="ui.patch" size="15634" author="stack" created="Sun, 20 Jan 2008 01:59:10 +0000"/>
                    </attachments>
                <subtasks>
                    </subtasks>
                <customfields>
                                                <customfield id="customfield_12310310" key="com.atlassian.jira.toolkit:attachments">
                        <customfieldname>Attachment count</customfieldname>
                        <customfieldvalues>
                            <customfieldvalue>1.0</customfieldvalue>
                        </customfieldvalues>
                    </customfield>
                                                                                                                                                                                                                                                                                                                                                                                                                                                                                                                                <customfield id="customfield_12310220" key="com.atlassian.jira.ext.charting:firstresponsedate">
                        <customfieldname>Date of First Response</customfieldname>
                        <customfieldvalues>
                            <customfieldvalue>Sat, 12 Jan 2008 04:13:12 +0000</customfieldvalue>

                        </customfieldvalues>
                    </customfield>
                                                                                                                                                                                                                                                                                                                                                                                                                                            <customfield id="customfield_12310420" key="com.pyxis.greenhopper.jira:gh-global-rank">
                        <customfieldname>Global Rank</customfieldname>
                        <customfieldvalues>
                            <customfieldvalue>24954</customfieldvalue>
                        </customfieldvalues>
                    </customfield>
                                                                                                                                                    <customfield id="customfield_12312521" key="com.atlassian.jira.toolkit:LastCommentDate">
                        <customfieldname>Last public comment date</customfieldname>
                        <customfieldvalues>
                            8 years, 48 weeks, 1 day ago
                        </customfieldvalues>
                    </customfield>
                                                                                            <customfield id="customfield_12311820" key="com.pyxis.greenhopper.jira:gh-lexo-rank">
                        <customfieldname>Rank</customfieldname>
                        <customfieldvalues>
                            <customfieldvalue>0|i0h52f:</customfieldvalue>

                        </customfieldvalues>
                    </customfield>
                                                                <customfield id="customfield_12310920" key="com.pyxis.greenhopper.jira:gh-global-rank">
                        <customfieldname>Rank (Obsolete)</customfieldname>
                        <customfieldvalues>
                            <customfieldvalue>98083</customfieldvalue>
                        </customfieldvalues>
                    </customfield>
                                                                                                                                                                                                                                                                                                <customfield id="customfield_12310222" key="com.atlassian.jira.ext.charting:timeinstatus">
                        <customfieldname>Time in Status</customfieldname>
                        <customfieldvalues>
                            
                        </customfieldvalues>
                    </customfield>
                                                                                                                        </customfields>
    </item>
</channel>
</rss>