<!-- 
RSS generated by JIRA (6.3.4#6332-sha1:51bc225ef474afe3128b2f66878477f322397b16) at Fri Dec 16 18:43:05 UTC 2016

It is possible to restrict the fields that are returned in this document by specifying the 'field' parameter in your request.
For example, to request only the issue key and summary add field=key&field=summary to the URL of your request.
For example:
https://issues.apache.org/jira/si/jira.issueviews:issue-xml/HBASE-312/HBASE-312.xml?field=key&amp;field=summary
-->
<rss version="0.92" >
<channel>
    <title>ASF JIRA</title>
    <link>https://issues.apache.org/jira</link>
    <description>This file is an XML representation of an issue</description>
    <language>en-uk</language>    <build-info>
        <version>6.3.4</version>
        <build-number>6332</build-number>
        <build-date>15-08-2014</build-date>
    </build-info>

<item>
            <title>[HBASE-312] [hbase] Remove Writables.clone and use WritableUtils.clone from hadoop instead</title>
                <link>https://issues.apache.org/jira/browse/HBASE-312</link>
                <project id="12310753" key="HBASE">HBase</project>
                    <description>&lt;p&gt;Owen committed &lt;a href=&quot;https://issues.apache.org/jira/browse/HADOOP-2469&quot; title=&quot;WritableUtils.clone should take Configuration rather than JobConf&quot; class=&quot;issue-link&quot; data-issue-key=&quot;HADOOP-2469&quot;&gt;&lt;del&gt;HADOOP-2469&lt;/del&gt;&lt;/a&gt; so remove the Writables.clone method and use WritableUtils.clone from hadoop instead.&lt;/p&gt;</description>
                <environment></environment>
        <key id="12386559">HBASE-312</key>
            <summary>[hbase] Remove Writables.clone and use WritableUtils.clone from hadoop instead</summary>
                <type id="1" iconUrl="https://issues.apache.org/jira/images/icons/issuetypes/bug.png">Bug</type>
                                            <priority id="4" iconUrl="https://issues.apache.org/jira/images/icons/priorities/minor.png">Minor</priority>
                        <status id="6" iconUrl="https://issues.apache.org/jira/images/icons/statuses/closed.png" description="The issue is considered finished, the resolution is correct. Issues which are closed can be reopened.">Closed</status>
                    <statusCategory id="3" key="done" colorName="green"/>
                                    <resolution id="1">Fixed</resolution>
                                        <assignee username="-1">Unassigned</assignee>
                                    <reporter username="stack">stack</reporter>
                        <labels>
                    </labels>
                <created>Fri, 18 Jan 2008 01:04:59 +0000</created>
                <updated>Fri, 22 Aug 2008 21:34:59 +0000</updated>
                            <resolved>Mon, 21 Jan 2008 16:25:06 +0000</resolved>
                                                                        <due></due>
                            <votes>0</votes>
                                    <watches>0</watches>
                                                                <comments>
                            <comment id="12561051" author="stack" created="Mon, 21 Jan 2008 16:25:06 +0000"  >&lt;p&gt;Committed along with patch for &lt;a href=&quot;https://issues.apache.org/jira/browse/HBASE-170&quot; title=&quot;Web UI displays an IOException instead of the Tables&quot; class=&quot;issue-link&quot; data-issue-key=&quot;HBASE-170&quot;&gt;&lt;del&gt;HADOOP-2584&lt;/del&gt;&lt;/a&gt;&lt;/p&gt;</comment>
                            <comment id="12561347" author="hudson" created="Tue, 22 Jan 2008 14:16:43 +0000"  >&lt;p&gt;Integrated in Hadoop-Nightly #373 (See &lt;a href=&quot;http://lucene.zones.apache.org:8080/hudson/job/Hadoop-Nightly/373/&quot; class=&quot;external-link&quot; rel=&quot;nofollow&quot;&gt;http://lucene.zones.apache.org:8080/hudson/job/Hadoop-Nightly/373/&lt;/a&gt;)&lt;/p&gt;</comment>
                            <comment id="12561714" author="hudson" created="Wed, 23 Jan 2008 15:37:00 +0000"  >&lt;p&gt;Integrated in Hadoop-Nightly #374 (See &lt;a href=&quot;http://lucene.zones.apache.org:8080/hudson/job/Hadoop-Nightly/374/&quot; class=&quot;external-link&quot; rel=&quot;nofollow&quot;&gt;http://lucene.zones.apache.org:8080/hudson/job/Hadoop-Nightly/374/&lt;/a&gt;)&lt;/p&gt;</comment>
                    </comments>
                    <attachments>
                    </attachments>
                <subtasks>
                    </subtasks>
                <customfields>
                                                <customfield id="customfield_12310310" key="com.atlassian.jira.toolkit:attachments">
                        <customfieldname>Attachment count</customfieldname>
                        <customfieldvalues>
                            <customfieldvalue>0.0</customfieldvalue>
                        </customfieldvalues>
                    </customfield>
                                                                                                                                                                                                                                                                                                                                                                                                                                                                                                                                <customfield id="customfield_12310220" key="com.atlassian.jira.ext.charting:firstresponsedate">
                        <customfieldname>Date of First Response</customfieldname>
                        <customfieldvalues>
                            <customfieldvalue>Tue, 22 Jan 2008 14:16:43 +0000</customfieldvalue>

                        </customfieldvalues>
                    </customfield>
                                                                                                                                                                                                                                                                                                                                                                                                                                            <customfield id="customfield_12310420" key="com.pyxis.greenhopper.jira:gh-global-rank">
                        <customfieldname>Global Rank</customfieldname>
                        <customfieldvalues>
                            <customfieldvalue>25096</customfieldvalue>
                        </customfieldvalues>
                    </customfield>
                                                                                                                                                    <customfield id="customfield_12312521" key="com.atlassian.jira.toolkit:LastCommentDate">
                        <customfieldname>Last public comment date</customfieldname>
                        <customfieldvalues>
                            8 years, 48 weeks, 2 days ago
                        </customfieldvalues>
                    </customfield>
                                                                                            <customfield id="customfield_12311820" key="com.pyxis.greenhopper.jira:gh-lexo-rank">
                        <customfieldname>Rank</customfieldname>
                        <customfieldvalues>
                            <customfieldvalue>0|i0h6i7:</customfieldvalue>

                        </customfieldvalues>
                    </customfield>
                                                                <customfield id="customfield_12310920" key="com.pyxis.greenhopper.jira:gh-global-rank">
                        <customfieldname>Rank (Obsolete)</customfieldname>
                        <customfieldvalues>
                            <customfieldvalue>98316</customfieldvalue>
                        </customfieldvalues>
                    </customfield>
                                                                                                                                                                                                                                                                                                <customfield id="customfield_12310222" key="com.atlassian.jira.ext.charting:timeinstatus">
                        <customfieldname>Time in Status</customfieldname>
                        <customfieldvalues>
                            
                        </customfieldvalues>
                    </customfield>
                                                                                                                        </customfields>
    </item>
</channel>
</rss>