<!-- 
RSS generated by JIRA (6.3.4#6332-sha1:51bc225ef474afe3128b2f66878477f322397b16) at Fri Dec 16 18:43:33 UTC 2016

It is possible to restrict the fields that are returned in this document by specifying the 'field' parameter in your request.
For example, to request only the issue key and summary add field=key&field=summary to the URL of your request.
For example:
https://issues.apache.org/jira/si/jira.issueviews:issue-xml/HBASE-360/HBASE-360.xml?field=key&amp;field=summary
-->
<rss version="0.92" >
<channel>
    <title>ASF JIRA</title>
    <link>https://issues.apache.org/jira</link>
    <description>This file is an XML representation of an issue</description>
    <language>en-uk</language>    <build-info>
        <version>6.3.4</version>
        <build-number>6332</build-number>
        <build-date>15-08-2014</build-date>
    </build-info>

<item>
            <title>[HBASE-360] [hbase] minor performance improvements: Slim-down BatchOperation</title>
                <link>https://issues.apache.org/jira/browse/HBASE-360</link>
                <project id="12310753" key="HBASE">HBase</project>
                    <description>&lt;p&gt;A couple of little improvements slimming down the hot BatchOperation.readFields method that is responsible for most object creations during a bulk update.  Also, make a ByteBuffer once searching column family rather than one per character get.&lt;/p&gt;</description>
                <environment></environment>
        <key id="12385263">HBASE-360</key>
            <summary>[hbase] minor performance improvements: Slim-down BatchOperation</summary>
                <type id="1" iconUrl="https://issues.apache.org/jira/images/icons/issuetypes/bug.png">Bug</type>
                                            <priority id="4" iconUrl="https://issues.apache.org/jira/images/icons/priorities/minor.png">Minor</priority>
                        <status id="6" iconUrl="https://issues.apache.org/jira/images/icons/statuses/closed.png" description="The issue is considered finished, the resolution is correct. Issues which are closed can be reopened.">Closed</status>
                    <statusCategory id="3" key="done" colorName="green"/>
                                    <resolution id="1">Fixed</resolution>
                                        <assignee username="-1">Unassigned</assignee>
                                    <reporter username="stack">stack</reporter>
                        <labels>
                    </labels>
                <created>Thu, 27 Dec 2007 23:05:35 +0000</created>
                <updated>Fri, 22 Aug 2008 21:35:02 +0000</updated>
                            <resolved>Sun, 30 Dec 2007 22:23:28 +0000</resolved>
                                                                        <due></due>
                            <votes>0</votes>
                                    <watches>0</watches>
                                                                <comments>
                            <comment id="12554629" author="stack" created="Thu, 27 Dec 2007 23:14:19 +0000"  >&lt;p&gt;Commit message:&lt;/p&gt;

&lt;p&gt;M  src/contrib/hbase/src/test/org/apache/hadoop/hbase/io/TestTextSequence.java&lt;br/&gt;
    TextSequence no longer serializes.  Remove test for serialization.&lt;br/&gt;
M  src/contrib/hbase/src/java/org/apache/hadoop/hbase/HStoreKey.java&lt;br/&gt;
    Wrap the text byte buffer once in a ByteBuffer rather than per character get.&lt;br/&gt;
M  src/contrib/hbase/src/java/org/apache/hadoop/hbase/io/BatchOperation.java&lt;br/&gt;
    Put this class on a diet. Its readField is responsible for most of the&lt;br/&gt;
    object creation when running the sequentialWrite experiment from PE.&lt;br/&gt;
    Removed the Operation enum; nice but not really needed.&lt;br/&gt;
M  src/contrib/hbase/src/java/org/apache/hadoop/hbase/io/BatchUpdate.java&lt;br/&gt;
    If put has a null value, throw exception (null value means DELETE).&lt;br/&gt;
M  src/contrib/hbase/src/java/org/apache/hadoop/hbase/io/TextSequence.java&lt;br/&gt;
    Make it so it no longer serializes.  I can&apos;t think of a good reason why&lt;br/&gt;
    you&apos;d want to serialize a TextSequence; if its happening, TS is being&lt;br/&gt;
    misused.&lt;br/&gt;
M  src/contrib/hbase/src/java/org/apache/hadoop/hbase/HRegion.java&lt;br/&gt;
    Call op.isPut instead of the removed op.getOp.&lt;/p&gt;</comment>
                            <comment id="12554630" author="stack" created="Thu, 27 Dec 2007 23:14:32 +0000"  >&lt;p&gt;Builds locally.&lt;/p&gt;</comment>
                            <comment id="12554652" author="stack" created="Fri, 28 Dec 2007 05:07:12 +0000"  >&lt;p&gt;Added some javadoc.&lt;/p&gt;</comment>
                            <comment id="12554661" author="stack" created="Fri, 28 Dec 2007 08:05:56 +0000"  >&lt;p&gt;Other minor improvements including adding a configuration for hlog sequence file compression.   Was doing RECORD level, the default from hadoop.  Set default to NONE.  It saves a few per-cent.  If folks want compressed log files, they&apos;ll probably want to do BLOCK level anyways presuming file is full of lots of small hbase edits.  &lt;/p&gt;
</comment>
                            <comment id="12554866" author="hadoopqa" created="Sat, 29 Dec 2007 00:53:08 +0000"  >&lt;p&gt;-1 overall.  Here are the results of testing the latest attachment &lt;br/&gt;
&lt;a href=&quot;http://issues.apache.org/jira/secure/attachment/12372287/perf-3.patch&quot; class=&quot;external-link&quot; rel=&quot;nofollow&quot;&gt;http://issues.apache.org/jira/secure/attachment/12372287/perf-3.patch&lt;/a&gt;&lt;br/&gt;
against trunk revision r607330.&lt;/p&gt;

&lt;p&gt;    @author +1.  The patch does not contain any @author tags.&lt;/p&gt;

&lt;p&gt;    javadoc +1.  The javadoc tool did not generate any warning messages.&lt;/p&gt;

&lt;p&gt;    javac +1.  The applied patch does not generate any new compiler warnings.&lt;/p&gt;

&lt;p&gt;    findbugs +1.  The patch does not introduce any new Findbugs warnings.&lt;/p&gt;

&lt;p&gt;    core tests +1.  The patch passed core unit tests.&lt;/p&gt;

&lt;p&gt;    contrib tests -1.  The patch failed contrib unit tests.&lt;/p&gt;

&lt;p&gt;Test results: &lt;a href=&quot;http://lucene.zones.apache.org:8080/hudson/job/Hadoop-Patch/1428/testReport/&quot; class=&quot;external-link&quot; rel=&quot;nofollow&quot;&gt;http://lucene.zones.apache.org:8080/hudson/job/Hadoop-Patch/1428/testReport/&lt;/a&gt;&lt;br/&gt;
Findbugs warnings: &lt;a href=&quot;http://lucene.zones.apache.org:8080/hudson/job/Hadoop-Patch/1428/artifact/trunk/build/test/findbugs/newPatchFindbugsWarnings.html&quot; class=&quot;external-link&quot; rel=&quot;nofollow&quot;&gt;http://lucene.zones.apache.org:8080/hudson/job/Hadoop-Patch/1428/artifact/trunk/build/test/findbugs/newPatchFindbugsWarnings.html&lt;/a&gt;&lt;br/&gt;
Checkstyle results: &lt;a href=&quot;http://lucene.zones.apache.org:8080/hudson/job/Hadoop-Patch/1428/artifact/trunk/build/test/checkstyle-errors.html&quot; class=&quot;external-link&quot; rel=&quot;nofollow&quot;&gt;http://lucene.zones.apache.org:8080/hudson/job/Hadoop-Patch/1428/artifact/trunk/build/test/checkstyle-errors.html&lt;/a&gt;&lt;br/&gt;
Console output: &lt;a href=&quot;http://lucene.zones.apache.org:8080/hudson/job/Hadoop-Patch/1428/console&quot; class=&quot;external-link&quot; rel=&quot;nofollow&quot;&gt;http://lucene.zones.apache.org:8080/hudson/job/Hadoop-Patch/1428/console&lt;/a&gt;&lt;/p&gt;

&lt;p&gt;This message is automatically generated.&lt;/p&gt;</comment>
                            <comment id="12554890" author="stack" created="Sat, 29 Dec 2007 06:57:48 +0000"  >&lt;p&gt;Bring local the RPC class and the ObjectWritable so can use the faster Text write/read String in place of UTF-8 for hbase RPC&apos;ing and so can do other &apos;optimizations&apos;: e.g. sending codes rather than actual class names....&lt;/p&gt;</comment>
                            <comment id="12554891" author="stack" created="Sat, 29 Dec 2007 06:58:18 +0000"  >&lt;p&gt;Trying hudson.&lt;/p&gt;</comment>
                            <comment id="12555002" author="hadoopqa" created="Sun, 30 Dec 2007 16:36:37 +0000"  >&lt;p&gt;-1 overall.  Here are the results of testing the latest attachment &lt;br/&gt;
&lt;a href=&quot;http://issues.apache.org/jira/secure/attachment/12372317/perf-4.patch&quot; class=&quot;external-link&quot; rel=&quot;nofollow&quot;&gt;http://issues.apache.org/jira/secure/attachment/12372317/perf-4.patch&lt;/a&gt;&lt;br/&gt;
against trunk revision r607330.&lt;/p&gt;

&lt;p&gt;    @author +1.  The patch does not contain any @author tags.&lt;/p&gt;

&lt;p&gt;    javadoc +1.  The javadoc tool did not generate any warning messages.&lt;/p&gt;

&lt;p&gt;    javac +1.  The applied patch does not generate any new compiler warnings.&lt;/p&gt;

&lt;p&gt;    findbugs +1.  The patch does not introduce any new Findbugs warnings.&lt;/p&gt;

&lt;p&gt;    core tests +1.  The patch passed core unit tests.&lt;/p&gt;

&lt;p&gt;    contrib tests -1.  The patch failed contrib unit tests.&lt;/p&gt;

&lt;p&gt;Test results: &lt;a href=&quot;http://lucene.zones.apache.org:8080/hudson/job/Hadoop-Patch/1434/testReport/&quot; class=&quot;external-link&quot; rel=&quot;nofollow&quot;&gt;http://lucene.zones.apache.org:8080/hudson/job/Hadoop-Patch/1434/testReport/&lt;/a&gt;&lt;br/&gt;
Findbugs warnings: &lt;a href=&quot;http://lucene.zones.apache.org:8080/hudson/job/Hadoop-Patch/1434/artifact/trunk/build/test/findbugs/newPatchFindbugsWarnings.html&quot; class=&quot;external-link&quot; rel=&quot;nofollow&quot;&gt;http://lucene.zones.apache.org:8080/hudson/job/Hadoop-Patch/1434/artifact/trunk/build/test/findbugs/newPatchFindbugsWarnings.html&lt;/a&gt;&lt;br/&gt;
Checkstyle results: &lt;a href=&quot;http://lucene.zones.apache.org:8080/hudson/job/Hadoop-Patch/1434/artifact/trunk/build/test/checkstyle-errors.html&quot; class=&quot;external-link&quot; rel=&quot;nofollow&quot;&gt;http://lucene.zones.apache.org:8080/hudson/job/Hadoop-Patch/1434/artifact/trunk/build/test/checkstyle-errors.html&lt;/a&gt;&lt;br/&gt;
Console output: &lt;a href=&quot;http://lucene.zones.apache.org:8080/hudson/job/Hadoop-Patch/1434/console&quot; class=&quot;external-link&quot; rel=&quot;nofollow&quot;&gt;http://lucene.zones.apache.org:8080/hudson/job/Hadoop-Patch/1434/console&lt;/a&gt;&lt;/p&gt;

&lt;p&gt;This message is automatically generated.&lt;/p&gt;</comment>
                            <comment id="12555039" author="stack" created="Sun, 30 Dec 2007 22:23:28 +0000"  >&lt;p&gt;Committed (TestLogRolling failed in test before this one and test after this one &amp;#8211; unrelated &amp;#8211; and a retest locally also completed successfully).  Resolving.&lt;/p&gt;</comment>
                    </comments>
                    <attachments>
                            <attachment id="12372285" name="perf-2.patch" size="8797" author="stack" created="Fri, 28 Dec 2007 05:07:12 +0000"/>
                            <attachment id="12372287" name="perf-3.patch" size="12364" author="stack" created="Fri, 28 Dec 2007 08:05:55 +0000"/>
                            <attachment id="12372317" name="perf-4.patch" size="46026" author="stack" created="Sat, 29 Dec 2007 06:57:47 +0000"/>
                            <attachment id="12372274" name="perf.patch" size="10055" author="stack" created="Thu, 27 Dec 2007 23:14:19 +0000"/>
                    </attachments>
                <subtasks>
                    </subtasks>
                <customfields>
                                                <customfield id="customfield_12310310" key="com.atlassian.jira.toolkit:attachments">
                        <customfieldname>Attachment count</customfieldname>
                        <customfieldvalues>
                            <customfieldvalue>4.0</customfieldvalue>
                        </customfieldvalues>
                    </customfield>
                                                                                                                                                                                                                                                                                                                                                                                                                                                                                                                                <customfield id="customfield_12310220" key="com.atlassian.jira.ext.charting:firstresponsedate">
                        <customfieldname>Date of First Response</customfieldname>
                        <customfieldvalues>
                            <customfieldvalue>Sat, 29 Dec 2007 00:53:08 +0000</customfieldvalue>

                        </customfieldvalues>
                    </customfield>
                                                                                                                                                                                                                                                                                                                                                                                                                                            <customfield id="customfield_12310420" key="com.pyxis.greenhopper.jira:gh-global-rank">
                        <customfieldname>Global Rank</customfieldname>
                        <customfieldvalues>
                            <customfieldvalue>25144</customfieldvalue>
                        </customfieldvalues>
                    </customfield>
                                                                                                                                                    <customfield id="customfield_12312521" key="com.atlassian.jira.toolkit:LastCommentDate">
                        <customfieldname>Last public comment date</customfieldname>
                        <customfieldvalues>
                            8 years, 51 weeks, 4 days ago
                        </customfieldvalues>
                    </customfield>
                                                                                            <customfield id="customfield_12311820" key="com.pyxis.greenhopper.jira:gh-lexo-rank">
                        <customfieldname>Rank</customfieldname>
                        <customfieldvalues>
                            <customfieldvalue>0|i0h6u7:</customfieldvalue>

                        </customfieldvalues>
                    </customfield>
                                                                <customfield id="customfield_12310920" key="com.pyxis.greenhopper.jira:gh-global-rank">
                        <customfieldname>Rank (Obsolete)</customfieldname>
                        <customfieldvalues>
                            <customfieldvalue>98370</customfieldvalue>
                        </customfieldvalues>
                    </customfield>
                                                                                                                                                                                                                                                                                                <customfield id="customfield_12310222" key="com.atlassian.jira.ext.charting:timeinstatus">
                        <customfieldname>Time in Status</customfieldname>
                        <customfieldvalues>
                            
                        </customfieldvalues>
                    </customfield>
                                                                                                                        </customfields>
    </item>
</channel>
</rss>