<!-- 
RSS generated by JIRA (6.3.4#6332-sha1:51bc225ef474afe3128b2f66878477f322397b16) at Fri Dec 16 18:42:16 UTC 2016

It is possible to restrict the fields that are returned in this document by specifying the 'field' parameter in your request.
For example, to request only the issue key and summary add field=key&field=summary to the URL of your request.
For example:
https://issues.apache.org/jira/si/jira.issueviews:issue-xml/HBASE-229/HBASE-229.xml?field=key&amp;field=summary
-->
<rss version="0.92" >
<channel>
    <title>ASF JIRA</title>
    <link>https://issues.apache.org/jira</link>
    <description>This file is an XML representation of an issue</description>
    <language>en-uk</language>    <build-info>
        <version>6.3.4</version>
        <build-number>6332</build-number>
        <build-date>15-08-2014</build-date>
    </build-info>

<item>
            <title>[HBASE-229] [hbase] Scanners ignore timestamp passed on creation</title>
                <link>https://issues.apache.org/jira/browse/HBASE-229</link>
                <project id="12310753" key="HBASE">HBase</project>
                    <description>&lt;p&gt;If a timestamp other than the current time is passed creating scanners, then the scan returns no results.  This bug makes versions older than the latest unscannable.&lt;/p&gt;</description>
                <environment></environment>
        <key id="12377499">HBASE-229</key>
            <summary>[hbase] Scanners ignore timestamp passed on creation</summary>
                <type id="1" iconUrl="https://issues.apache.org/jira/images/icons/issuetypes/bug.png">Bug</type>
                                            <priority id="4" iconUrl="https://issues.apache.org/jira/images/icons/priorities/minor.png">Minor</priority>
                        <status id="6" iconUrl="https://issues.apache.org/jira/images/icons/statuses/closed.png" description="The issue is considered finished, the resolution is correct. Issues which are closed can be reopened.">Closed</status>
                    <statusCategory id="3" key="done" colorName="green"/>
                                    <resolution id="1">Fixed</resolution>
                                        <assignee username="-1">Unassigned</assignee>
                                    <reporter username="stack">stack</reporter>
                        <labels>
                    </labels>
                <created>Tue, 4 Sep 2007 21:51:27 +0000</created>
                <updated>Mon, 4 Feb 2008 18:41:14 +0000</updated>
                            <resolved>Wed, 5 Sep 2007 16:00:44 +0000</resolved>
                                                                        <due></due>
                            <votes>0</votes>
                                    <watches>0</watches>
                                                                <comments>
                            <comment id="12524902" author="stack" created="Tue, 4 Sep 2007 22:19:24 +0000"  >&lt;p&gt;Here&apos;s a fix.  Below is commit message.&lt;/p&gt;

&lt;div class=&quot;code panel&quot; style=&quot;border-width: 1px;&quot;&gt;&lt;div class=&quot;codeContent panelContent&quot;&gt;
&lt;pre class=&quot;code-java&quot;&gt;
HADOOP-1834 Scanners ignore timestamp passed on creation
M src/contrib/hbase/src/test/org/apache/hadoop/hbase/HBaseTestCase.java
    (addContents): Added overrides that allow specifying a timestamp.
M  src/contrib/hbase/src/test/org/apache/hadoop/hbase/TestTimestamp.java
    Made it so test inherits from HBaseTestCase instead of from HBaseClusterTestCase
    so could add in tests that &lt;span class=&quot;code-keyword&quot;&gt;do&lt;/span&gt; not use cluster.
    (testTimestampScanning): Added test &lt;span class=&quot;code-keyword&quot;&gt;for&lt;/span&gt; hadoop-1834 bug.
    (testTimestamp): Refactored to remove duplicated code.
M  src/contrib/hbase/src/java/org/apache/hadoop/hbase/HStore.java
    (getNext): Make it respect the timestamp set on construction.
M  src/contrib/hbase/src/java/org/apache/hadoop/hbase/HMemcache.java
    Removed eclipse yellow flag warnings around empty parens and
    auto-boxing longs.
    (getNext): Make it respect the timestamp set on construction.
&lt;/pre&gt;
&lt;/div&gt;&lt;/div&gt;</comment>
                            <comment id="12524903" author="stack" created="Tue, 4 Sep 2007 22:21:06 +0000"  >&lt;p&gt;Tests pass locally.  Trying hudson.&lt;/p&gt;</comment>
                            <comment id="12524964" author="hadoopqa" created="Wed, 5 Sep 2007 03:09:17 +0000"  >&lt;p&gt;-1, build or testing failed&lt;/p&gt;

&lt;p&gt;2 attempts failed to build and test the latest attachment &lt;a href=&quot;http://issues.apache.org/jira/secure/attachment/12365119/hadoop-1834.patch&quot; class=&quot;external-link&quot; rel=&quot;nofollow&quot;&gt;http://issues.apache.org/jira/secure/attachment/12365119/hadoop-1834.patch&lt;/a&gt; against trunk revision r572826.&lt;/p&gt;

&lt;p&gt;Test results:   &lt;a href=&quot;http://lucene.zones.apache.org:8080/hudson/job/Hadoop-Patch/683/testReport/&quot; class=&quot;external-link&quot; rel=&quot;nofollow&quot;&gt;http://lucene.zones.apache.org:8080/hudson/job/Hadoop-Patch/683/testReport/&lt;/a&gt;&lt;br/&gt;
Console output: &lt;a href=&quot;http://lucene.zones.apache.org:8080/hudson/job/Hadoop-Patch/683/console&quot; class=&quot;external-link&quot; rel=&quot;nofollow&quot;&gt;http://lucene.zones.apache.org:8080/hudson/job/Hadoop-Patch/683/console&lt;/a&gt;&lt;/p&gt;

&lt;p&gt;Please note that this message is automatically generated and may represent a problem with the automation system and not the patch.&lt;/p&gt;</comment>
                            <comment id="12524968" author="stack" created="Wed, 5 Sep 2007 04:08:58 +0000"  >&lt;p&gt;Added wrong patch...&lt;/p&gt;</comment>
                            <comment id="12524969" author="stack" created="Wed, 5 Sep 2007 04:10:40 +0000"  >&lt;p&gt;Same as previous only doesn&apos;t include the (mis-)assertion that was broken by this fix.&lt;/p&gt;</comment>
                            <comment id="12524970" author="stack" created="Wed, 5 Sep 2007 04:10:55 +0000"  >&lt;p&gt;Trying hudson again&lt;/p&gt;</comment>
                            <comment id="12525007" author="hadoopqa" created="Wed, 5 Sep 2007 07:48:50 +0000"  >&lt;p&gt;+1&lt;/p&gt;

&lt;p&gt;&lt;a href=&quot;http://issues.apache.org/jira/secure/attachment/12365133/hadoop-1834-v2.patch&quot; class=&quot;external-link&quot; rel=&quot;nofollow&quot;&gt;http://issues.apache.org/jira/secure/attachment/12365133/hadoop-1834-v2.patch&lt;/a&gt; applied and successfully tested against trunk revision r572826.&lt;/p&gt;

&lt;p&gt;Test results:   &lt;a href=&quot;http://lucene.zones.apache.org:8080/hudson/job/Hadoop-Patch/686/testReport/&quot; class=&quot;external-link&quot; rel=&quot;nofollow&quot;&gt;http://lucene.zones.apache.org:8080/hudson/job/Hadoop-Patch/686/testReport/&lt;/a&gt;&lt;br/&gt;
Console output: &lt;a href=&quot;http://lucene.zones.apache.org:8080/hudson/job/Hadoop-Patch/686/console&quot; class=&quot;external-link&quot; rel=&quot;nofollow&quot;&gt;http://lucene.zones.apache.org:8080/hudson/job/Hadoop-Patch/686/console&lt;/a&gt;&lt;/p&gt;</comment>
                            <comment id="12525136" author="stack" created="Wed, 5 Sep 2007 16:00:44 +0000"  >&lt;p&gt;Committed.  Resolving issue.&lt;/p&gt;</comment>
                    </comments>
                    <attachments>
                            <attachment id="12365133" name="hadoop-1834-v2.patch" size="20470" author="stack" created="Wed, 5 Sep 2007 04:10:40 +0000"/>
                            <attachment id="12365119" name="hadoop-1834.patch" size="18993" author="stack" created="Tue, 4 Sep 2007 22:19:24 +0000"/>
                    </attachments>
                <subtasks>
                    </subtasks>
                <customfields>
                                                <customfield id="customfield_12310310" key="com.atlassian.jira.toolkit:attachments">
                        <customfieldname>Attachment count</customfieldname>
                        <customfieldvalues>
                            <customfieldvalue>2.0</customfieldvalue>
                        </customfieldvalues>
                    </customfield>
                                                                                                                                                                                                                                                                                                                                                                                                                                                                                                                                <customfield id="customfield_12310220" key="com.atlassian.jira.ext.charting:firstresponsedate">
                        <customfieldname>Date of First Response</customfieldname>
                        <customfieldvalues>
                            <customfieldvalue>Wed, 5 Sep 2007 03:09:17 +0000</customfieldvalue>

                        </customfieldvalues>
                    </customfield>
                                                                                                                                                                                                                                                                                                                                                                                                                                            <customfield id="customfield_12310420" key="com.pyxis.greenhopper.jira:gh-global-rank">
                        <customfieldname>Global Rank</customfieldname>
                        <customfieldvalues>
                            <customfieldvalue>25013</customfieldvalue>
                        </customfieldvalues>
                    </customfield>
                                                                                                                                                    <customfield id="customfield_12312521" key="com.atlassian.jira.toolkit:LastCommentDate">
                        <customfieldname>Last public comment date</customfieldname>
                        <customfieldvalues>
                            9 years, 16 weeks, 2 days ago
                        </customfieldvalues>
                    </customfield>
                                                                                            <customfield id="customfield_12311820" key="com.pyxis.greenhopper.jira:gh-lexo-rank">
                        <customfieldname>Rank</customfieldname>
                        <customfieldvalues>
                            <customfieldvalue>0|i0h5nr:</customfieldvalue>

                        </customfieldvalues>
                    </customfield>
                                                                <customfield id="customfield_12310920" key="com.pyxis.greenhopper.jira:gh-global-rank">
                        <customfieldname>Rank (Obsolete)</customfieldname>
                        <customfieldvalues>
                            <customfieldvalue>98179</customfieldvalue>
                        </customfieldvalues>
                    </customfield>
                                                                                                                                                                                                                                                                                                <customfield id="customfield_12310222" key="com.atlassian.jira.ext.charting:timeinstatus">
                        <customfieldname>Time in Status</customfieldname>
                        <customfieldvalues>
                            
                        </customfieldvalues>
                    </customfield>
                                                                                                                        </customfields>
    </item>
</channel>
</rss>