<!-- 
RSS generated by JIRA (6.3.4#6332-sha1:51bc225ef474afe3128b2f66878477f322397b16) at Fri Dec 16 18:47:24 UTC 2016

It is possible to restrict the fields that are returned in this document by specifying the 'field' parameter in your request.
For example, to request only the issue key and summary add field=key&field=summary to the URL of your request.
For example:
https://issues.apache.org/jira/si/jira.issueviews:issue-xml/HBASE-775/HBASE-775.xml?field=key&amp;field=summary
-->
<rss version="0.92" >
<channel>
    <title>ASF JIRA</title>
    <link>https://issues.apache.org/jira</link>
    <description>This file is an XML representation of an issue</description>
    <language>en-uk</language>    <build-info>
        <version>6.3.4</version>
        <build-number>6332</build-number>
        <build-date>15-08-2014</build-date>
    </build-info>

<item>
            <title>[HBASE-775] max mapfiles to compact at one time</title>
                <link>https://issues.apache.org/jira/browse/HBASE-775</link>
                <project id="12310753" key="HBASE">HBase</project>
                    <description>&lt;p&gt;Currently we compact all map files with no upper limit this could cause a regionserver to OOME if the compaction get behind and the number of mapfiles build up.&lt;/p&gt;</description>
                <environment></environment>
        <key id="12401049">HBASE-775</key>
            <summary>max mapfiles to compact at one time</summary>
                <type id="4" iconUrl="https://issues.apache.org/jira/images/icons/issuetypes/improvement.png">Improvement</type>
                                            <priority id="1" iconUrl="https://issues.apache.org/jira/images/icons/priorities/blocker.png">Blocker</priority>
                        <status id="6" iconUrl="https://issues.apache.org/jira/images/icons/statuses/closed.png" description="The issue is considered finished, the resolution is correct. Issues which are closed can be reopened.">Closed</status>
                    <statusCategory id="3" key="done" colorName="green"/>
                                    <resolution id="2">Won&apos;t Fix</resolution>
                                        <assignee username="viper799">Billy Pearson</assignee>
                                    <reporter username="viper799">Billy Pearson</reporter>
                        <labels>
                    </labels>
                <created>Fri, 25 Jul 2008 20:11:14 +0000</created>
                <updated>Fri, 22 Aug 2008 21:35:06 +0000</updated>
                            <resolved>Fri, 15 Aug 2008 23:41:24 +0000</resolved>
                                                    <fixVersion>0.2.1</fixVersion>
                    <fixVersion>0.18.0</fixVersion>
                                    <component>regionserver</component>
                        <due></due>
                            <votes>0</votes>
                                    <watches>0</watches>
                                                                <comments>
                            <comment id="12621971" author="stack" created="Tue, 12 Aug 2008 20:54:24 +0000"  >&lt;p&gt;This should not be hard to do.  Making a blocker for 0.3.0.  We can move it out later.&lt;/p&gt;</comment>
                            <comment id="12622049" author="stack" created="Wed, 13 Aug 2008 00:39:42 +0000"  >&lt;p&gt;Billy, you think that you could have a go at this one?  Doesn&apos;t look too hard.  Add a new configuration into hbase-default.xml named something like hbase.hstore.compaction.max  In the HStore constructor, you would read its setting and save it off to a data member.   See &apos;hbase.hstore.compactionThreshold&apos; for an example.  Then you&apos;d add something around line #785 in HStore where you&apos;d only compact the hbase.hstore.compaction.max amount.&lt;/p&gt;

&lt;p&gt;Also, checkout &lt;a href=&quot;https://issues.apache.org/jira/browse/HBASE-64&quot; title=&quot;Add max number of mapfiles to compact at one time giveing us a minor &amp;amp; major compaction&quot; class=&quot;issue-link&quot; data-issue-key=&quot;HBASE-64&quot;&gt;&lt;del&gt;HBASE-64&lt;/del&gt;&lt;/a&gt;.  So much has changed since that issue was originally filed but there are a load of your ideas in there about how we should do compactions.  Perhaps distill out the good stuff into new, more pointed issues?&lt;/p&gt;</comment>
                            <comment id="12622322" author="viper799" created="Wed, 13 Aug 2008 19:13:17 +0000"  >&lt;p&gt;I went with compaction size based on file sizes not count. count is to hard to figure a default for &lt;br/&gt;
when you do not know what the column count will be on any users setup.&lt;/p&gt;

&lt;p&gt;This should solve the problem when we are running a normal compaction but this will not solve &lt;br/&gt;
The issue when it comes to compacting and force is true or if we are compacting after a split and have references.&lt;br/&gt;
Please review stack&lt;/p&gt;

&lt;p&gt;The only thing missing I would like to have a debug line in there to let us know when we are hitting the compaction limit&lt;br/&gt;
In case a user is setting it to low and running in to problems down the road but not sure if its work the extra code and vars to log that.&lt;/p&gt;</comment>
                            <comment id="12622928" author="stack" created="Fri, 15 Aug 2008 17:24:41 +0000"  >&lt;p&gt;Hey Billy: Thanks for the patch.  You made size the determinant.  I may be wrong, but I didn&apos;t think size mattered; the compaction is not done in RAM but by streaming a set of inputs to an output.&lt;/p&gt;</comment>
                            <comment id="12623043" author="viper799" created="Fri, 15 Aug 2008 22:35:47 +0000"  >&lt;p&gt;I thought we did it in Ram if its just streaming then there should not be a max. we should do all we can on each compaction that would be less work on the next compaction. I assume there some kind of index that is in memory so we keep track of max versions etc so that would be the only factor to limit the count or size of the compaction.&lt;/p&gt;

&lt;p&gt;Sense we do not compact in memory I do not see any reason for this issue then so it would be resolved as won&apos;t fix &lt;br/&gt;
&lt;a href=&quot;https://issues.apache.org/jira/browse/HBASE-64&quot; title=&quot;Add max number of mapfiles to compact at one time giveing us a minor &amp;amp; major compaction&quot; class=&quot;issue-link&quot; data-issue-key=&quot;HBASE-64&quot;&gt;&lt;del&gt;HBASE-64&lt;/del&gt;&lt;/a&gt; should also be resolved as HBASE 785 solved that problem&lt;/p&gt;</comment>
                            <comment id="12623046" author="viper799" created="Fri, 15 Aug 2008 22:37:14 +0000"  >&lt;p&gt;If there is some other reason any one would see us needing it let me know and I will make a patch based on the count of file compacted at one time&lt;/p&gt;</comment>
                            <comment id="12623059" author="stack" created="Fri, 15 Aug 2008 23:41:24 +0000"  >&lt;p&gt;I&apos;m tempted to leave hbase-64 open for now since the original justification in hbase-64 on why there should be a maximum number of files to compact at any one time is convincing, to me at least.&lt;/p&gt;

&lt;p&gt;But &lt;a href=&quot;https://issues.apache.org/jira/browse/HBASE-64&quot; title=&quot;Add max number of mapfiles to compact at one time giveing us a minor &amp;amp; major compaction&quot; class=&quot;issue-link&quot; data-issue-key=&quot;HBASE-64&quot;&gt;&lt;del&gt;HBASE-64&lt;/del&gt;&lt;/a&gt; became a mess pulled in all directions.  Because of this, I closed hbase-64 and opened a new issue on a maximum number of files per compaction &amp;#8211; perferably the smaller ones first (&lt;a href=&quot;https://issues.apache.org/jira/browse/HBASE-834&quot; title=&quot;&amp;#39;Major&amp;#39; compactions and upper bound on files we compact at any one time&quot; class=&quot;issue-link&quot; data-issue-key=&quot;HBASE-834&quot;&gt;&lt;del&gt;HBASE-834&lt;/del&gt;&lt;/a&gt;).&lt;/p&gt;

&lt;p&gt;I&apos;ll close this one since it was based on a misunderstanding.&lt;/p&gt;

&lt;p&gt;Thanks Billy.&lt;/p&gt;</comment>
                    </comments>
                    <attachments>
                            <attachment id="12388175" name="775-patch.txt" size="2662" author="viper799" created="Wed, 13 Aug 2008 19:13:17 +0000"/>
                    </attachments>
                <subtasks>
                    </subtasks>
                <customfields>
                                                <customfield id="customfield_12310310" key="com.atlassian.jira.toolkit:attachments">
                        <customfieldname>Attachment count</customfieldname>
                        <customfieldvalues>
                            <customfieldvalue>1.0</customfieldvalue>
                        </customfieldvalues>
                    </customfield>
                                                                                                                                                                                                                                                                                                                                                                                                                                                                                                                                <customfield id="customfield_12310220" key="com.atlassian.jira.ext.charting:firstresponsedate">
                        <customfieldname>Date of First Response</customfieldname>
                        <customfieldvalues>
                            <customfieldvalue>Tue, 12 Aug 2008 20:54:24 +0000</customfieldvalue>

                        </customfieldvalues>
                    </customfield>
                                                                                                                                                                                                                                                                                                                                                                                                                                            <customfield id="customfield_12310420" key="com.pyxis.greenhopper.jira:gh-global-rank">
                        <customfieldname>Global Rank</customfieldname>
                        <customfieldvalues>
                            <customfieldvalue>31843</customfieldvalue>
                        </customfieldvalues>
                    </customfield>
                                                                                                                                                    <customfield id="customfield_12312521" key="com.atlassian.jira.toolkit:LastCommentDate">
                        <customfieldname>Last public comment date</customfieldname>
                        <customfieldvalues>
                            8 years, 18 weeks, 6 days ago
                        </customfieldvalues>
                    </customfield>
                                                                                            <customfield id="customfield_12311820" key="com.pyxis.greenhopper.jira:gh-lexo-rank">
                        <customfieldname>Rank</customfieldname>
                        <customfieldvalues>
                            <customfieldvalue>0|i0h9dj:</customfieldvalue>

                        </customfieldvalues>
                    </customfield>
                                                                <customfield id="customfield_12310920" key="com.pyxis.greenhopper.jira:gh-global-rank">
                        <customfieldname>Rank (Obsolete)</customfieldname>
                        <customfieldvalues>
                            <customfieldvalue>98781</customfieldvalue>
                        </customfieldvalues>
                    </customfield>
                                                                                                                                                                                                                                                                                                <customfield id="customfield_12310222" key="com.atlassian.jira.ext.charting:timeinstatus">
                        <customfieldname>Time in Status</customfieldname>
                        <customfieldvalues>
                            
                        </customfieldvalues>
                    </customfield>
                                                                                                                        </customfields>
    </item>
</channel>
</rss>