<!-- 
RSS generated by JIRA (6.3.4#6332-sha1:51bc225ef474afe3128b2f66878477f322397b16) at Fri Dec 16 18:47:31 UTC 2016

It is possible to restrict the fields that are returned in this document by specifying the 'field' parameter in your request.
For example, to request only the issue key and summary add field=key&field=summary to the URL of your request.
For example:
https://issues.apache.org/jira/si/jira.issueviews:issue-xml/HBASE-788/HBASE-788.xml?field=key&amp;field=summary
-->
<rss version="0.92" >
<channel>
    <title>ASF JIRA</title>
    <link>https://issues.apache.org/jira</link>
    <description>This file is an XML representation of an issue</description>
    <language>en-uk</language>    <build-info>
        <version>6.3.4</version>
        <build-number>6332</build-number>
        <build-date>15-08-2014</build-date>
    </build-info>

<item>
            <title>[HBASE-788] Div by zero in Master.jsp</title>
                <link>https://issues.apache.org/jira/browse/HBASE-788</link>
                <project id="12310753" key="HBASE">HBase</project>
                    <description>&lt;p&gt;When loading the main info page, here is the stack:&lt;/p&gt;

&lt;p&gt;java.lang.ArithmeticException: / by zero&lt;br/&gt;
	at org.apache.hadoop.hbase.generated.master.master_jsp._jspService(master_jsp.java:151)&lt;br/&gt;
	at org.apache.jasper.runtime.HttpJspBase.service(HttpJspBase.java:111)&lt;br/&gt;
	at javax.servlet.http.HttpServlet.service(HttpServlet.java:820)&lt;br/&gt;
	at org.mortbay.jetty.servlet.ServletHolder.handle(ServletHolder.java:491)&lt;br/&gt;
	at org.mortbay.jetty.servlet.ServletHandler.handle(ServletHandler.java:367)&lt;br/&gt;
	at org.mortbay.jetty.security.SecurityHandler.handle(SecurityHandler.java:185)&lt;br/&gt;
	at org.mortbay.jetty.servlet.SessionHandler.handle(SessionHandler.java:181)&lt;br/&gt;
	at org.mortbay.jetty.handler.ContextHandler.handle(ContextHandler.java:689)&lt;br/&gt;
	at org.mortbay.jetty.webapp.WebAppContext.handle(WebAppContext.java:391)&lt;br/&gt;
	at org.mortbay.jetty.handler.ContextHandlerCollection.handle(ContextHandlerCollection.java:146)&lt;br/&gt;
	at org.mortbay.jetty.handler.HandlerWrapper.handle(HandlerWrapper.java:139)&lt;br/&gt;
	at org.mortbay.jetty.Server.handle(Server.java:285)&lt;br/&gt;
	at org.mortbay.jetty.HttpConnection.handleRequest(HttpConnection.java:457)&lt;br/&gt;
	at org.mortbay.jetty.HttpConnection$RequestHandler.headerComplete(HttpConnection.java:751)&lt;br/&gt;
	at org.mortbay.jetty.HttpParser.parseNext(HttpParser.java:500)&lt;br/&gt;
	at org.mortbay.jetty.HttpParser.parseAvailable(HttpParser.java:209)&lt;br/&gt;
	at org.mortbay.jetty.HttpConnection.handle(HttpConnection.java:357)&lt;br/&gt;
	at org.mortbay.io.nio.SelectChannelEndPoint.run(SelectChannelEndPoint.java:329)&lt;br/&gt;
	at org.mortbay.thread.BoundedThreadPool$PoolThread.run(BoundedThreadPool.java:475)&lt;/p&gt;</description>
                <environment></environment>
        <key id="12401368">HBASE-788</key>
            <summary>Div by zero in Master.jsp</summary>
                <type id="1" iconUrl="https://issues.apache.org/jira/images/icons/issuetypes/bug.png">Bug</type>
                                            <priority id="3" iconUrl="https://issues.apache.org/jira/images/icons/priorities/major.png">Major</priority>
                        <status id="6" iconUrl="https://issues.apache.org/jira/images/icons/statuses/closed.png" description="The issue is considered finished, the resolution is correct. Issues which are closed can be reopened.">Closed</status>
                    <statusCategory id="3" key="done" colorName="green"/>
                                    <resolution id="1">Fixed</resolution>
                                        <assignee username="-1">Unassigned</assignee>
                                    <reporter username="clint.morgan">Clint Morgan</reporter>
                        <labels>
                    </labels>
                <created>Wed, 30 Jul 2008 23:17:45 +0000</created>
                <updated>Fri, 22 Aug 2008 21:13:21 +0000</updated>
                            <resolved>Tue, 12 Aug 2008 20:34:36 +0000</resolved>
                                    <version>0.2.0</version>
                                    <fixVersion>0.2.0</fixVersion>
                                        <due></due>
                            <votes>0</votes>
                                    <watches>0</watches>
                                                                <comments>
                            <comment id="12618552" author="clint.morgan" created="Wed, 30 Jul 2008 23:21:40 +0000"  >&lt;p&gt;I had a low msginterval (100) , and it looks like this is what caused it (interval is converted to secs, and so got rounded to zero)&lt;/p&gt;</comment>
                            <comment id="12618555" author="clint.morgan" created="Wed, 30 Jul 2008 23:27:52 +0000"  >&lt;p&gt;This (naive approach) fixed it for me.&lt;/p&gt;</comment>
                            <comment id="12618888" author="jimk" created="Thu, 31 Jul 2008 22:33:40 +0000"  >&lt;p&gt;Reviewed patch. +1&lt;/p&gt;</comment>
                            <comment id="12621960" author="stack" created="Tue, 12 Aug 2008 20:34:36 +0000"  >&lt;p&gt;Closing.  Was committed to 0.2.0.&lt;/p&gt;</comment>
                    </comments>
                    <attachments>
                            <attachment id="12387242" name="hbase-778.patch" size="609" author="clint.morgan" created="Wed, 30 Jul 2008 23:27:52 +0000"/>
                    </attachments>
                <subtasks>
                    </subtasks>
                <customfields>
                                                <customfield id="customfield_12310310" key="com.atlassian.jira.toolkit:attachments">
                        <customfieldname>Attachment count</customfieldname>
                        <customfieldvalues>
                            <customfieldvalue>1.0</customfieldvalue>
                        </customfieldvalues>
                    </customfield>
                                                                                                                                                                                                                                                                                                                                                                                                                                                                                                                                <customfield id="customfield_12310220" key="com.atlassian.jira.ext.charting:firstresponsedate">
                        <customfieldname>Date of First Response</customfieldname>
                        <customfieldvalues>
                            <customfieldvalue>Thu, 31 Jul 2008 22:33:40 +0000</customfieldvalue>

                        </customfieldvalues>
                    </customfield>
                                                                                                                                                                                                                                                                                                                                                                                                                                            <customfield id="customfield_12310420" key="com.pyxis.greenhopper.jira:gh-global-rank">
                        <customfieldname>Global Rank</customfieldname>
                        <customfieldvalues>
                            <customfieldvalue>25399</customfieldvalue>
                        </customfieldvalues>
                    </customfield>
                                                                                                                                                    <customfield id="customfield_12312521" key="com.atlassian.jira.toolkit:LastCommentDate">
                        <customfieldname>Last public comment date</customfieldname>
                        <customfieldvalues>
                            8 years, 19 weeks, 2 days ago
                        </customfieldvalues>
                    </customfield>
                                                                                            <customfield id="customfield_12311820" key="com.pyxis.greenhopper.jira:gh-lexo-rank">
                        <customfieldname>Rank</customfieldname>
                        <customfieldvalues>
                            <customfieldvalue>0|i0d447:</customfieldvalue>

                        </customfieldvalues>
                    </customfield>
                                                                <customfield id="customfield_12310920" key="com.pyxis.greenhopper.jira:gh-global-rank">
                        <customfieldname>Rank (Obsolete)</customfieldname>
                        <customfieldvalues>
                            <customfieldvalue>74443</customfieldvalue>
                        </customfieldvalues>
                    </customfield>
                                                                                                                                                                                                                                                                                                <customfield id="customfield_12310222" key="com.atlassian.jira.ext.charting:timeinstatus">
                        <customfieldname>Time in Status</customfieldname>
                        <customfieldvalues>
                            
                        </customfieldvalues>
                    </customfield>
                                                                                                                        </customfields>
    </item>
</channel>
</rss>