<!-- 
RSS generated by JIRA (6.3.4#6332-sha1:51bc225ef474afe3128b2f66878477f322397b16) at Fri Dec 16 18:48:53 UTC 2016

It is possible to restrict the fields that are returned in this document by specifying the 'field' parameter in your request.
For example, to request only the issue key and summary add field=key&field=summary to the URL of your request.
For example:
https://issues.apache.org/jira/si/jira.issueviews:issue-xml/HBASE-930/HBASE-930.xml?field=key&amp;field=summary
-->
<rss version="0.92" >
<channel>
    <title>ASF JIRA</title>
    <link>https://issues.apache.org/jira</link>
    <description>This file is an XML representation of an issue</description>
    <language>en-uk</language>    <build-info>
        <version>6.3.4</version>
        <build-number>6332</build-number>
        <build-date>15-08-2014</build-date>
    </build-info>

<item>
            <title>[HBASE-930] RegionServer stuck: HLog: Could not append. Requesting close of log java.io.IOException: Could not get block locations. Aborting...</title>
                <link>https://issues.apache.org/jira/browse/HBASE-930</link>
                <project id="12310753" key="HBASE">HBase</project>
                    <description>&lt;p&gt;HDFS went wonky.  Manifest itself in regionserver with below: i.e. first can&apos;t replicate and then the exceptions every time we append and then every time we try to rotate the log file.   Exception is always: &quot;IOException: Could not get block locations. Aborting...&quot;  Meantime the HDFS is fixed but for whatever reason the HRS just keeps on with the below failings; as though the error is stuck in the DFSClient.&lt;/p&gt;

&lt;div class=&quot;code panel&quot; style=&quot;border-width: 1px;&quot;&gt;&lt;div class=&quot;codeContent panelContent&quot;&gt;
&lt;pre class=&quot;code-java&quot;&gt;...
2008-10-15 02:54:59,867 DEBUG org.apache.hadoop.hbase.regionserver.HStore: Completed compaction of 1399814750/alternate_url store size is 2.9m
2008-10-15 02:54:59,868 INFO org.apache.hadoop.hbase.regionserver.HRegion: compaction completed on region enwiki_old,7qE8TUI5v-NIZu_9oZhaJF==,1221856888271 in 38sec
2008-10-15 02:59:08,507 INFO org.apache.hadoop.dfs.DFSClient: org.apache.hadoop.ipc.RemoteException: java.io.IOException: File /hbase/aa0-000-8.u.powerset.com/log_208.76.45.180_1223616861290_60020/hlog.dat.1224038569764 could only be re
plicated to 0 nodes, instead of 1
        at org.apache.hadoop.dfs.FSNamesystem.getAdditionalBlock(FSNamesystem.java:1117)
        at org.apache.hadoop.dfs.NameNode.addBlock(NameNode.java:330)
        at sun.reflect.GeneratedMethodAccessor15.invoke(Unknown Source)
        at sun.reflect.DelegatingMethodAccessorImpl.invoke(Unknown Source)
        at java.lang.reflect.Method.invoke(Unknown Source)
        at org.apache.hadoop.ipc.RPC$Server.call(RPC.java:452)
        at org.apache.hadoop.ipc.Server$Handler.run(Server.java:888)

        at org.apache.hadoop.ipc.Client.call(Client.java:715)
        at org.apache.hadoop.ipc.RPC$Invoker.invoke(RPC.java:216)
        at org.apache.hadoop.dfs.$Proxy1.addBlock(Unknown Source)
        at sun.reflect.GeneratedMethodAccessor9.invoke(Unknown Source)
        at sun.reflect.DelegatingMethodAccessorImpl.invoke(Unknown Source)
        at java.lang.reflect.Method.invoke(Unknown Source)
        at org.apache.hadoop.io.retry.RetryInvocationHandler.invokeMethod(RetryInvocationHandler.java:82)
        at org.apache.hadoop.io.retry.RetryInvocationHandler.invoke(RetryInvocationHandler.java:59)
        at org.apache.hadoop.dfs.$Proxy1.addBlock(Unknown Source)
        at org.apache.hadoop.dfs.DFSClient$DFSOutputStream.locateFollowingBlock(DFSClient.java:2440)
        at org.apache.hadoop.dfs.DFSClient$DFSOutputStream.nextBlockOutputStream(DFSClient.java:2323)
        at org.apache.hadoop.dfs.DFSClient$DFSOutputStream.access$1800(DFSClient.java:1735)
        at org.apache.hadoop.dfs.DFSClient$DFSOutputStream$DataStreamer.run(DFSClient.java:1912)

...
2008-10-15 02:59:11,357 WARN org.apache.hadoop.dfs.DFSClient: NotReplicatedYetException sleeping /hbase/aa0-000-8.u.powerset.com/log_208.76.45.180_1223616861290_60020/hlog.dat.1224038569764 retries left 1
2008-10-15 02:59:14,566 WARN org.apache.hadoop.dfs.DFSClient: DataStreamer Exception: org.apache.hadoop.ipc.RemoteException: java.io.IOException: File /hbase/aa0-000-8.u.powerset.com/log_208.76.45.180_1223616861290_60020/hlog.dat.122403
8569764 could only be replicated to 0 nodes, instead of 1
        at org.apache.hadoop.dfs.FSNamesystem.getAdditionalBlock(FSNamesystem.java:1117)
        at org.apache.hadoop.dfs.NameNode.addBlock(NameNode.java:330)
        at sun.reflect.GeneratedMethodAccessor15.invoke(Unknown Source)
        at sun.reflect.DelegatingMethodAccessorImpl.invoke(Unknown Source)
        at java.lang.reflect.Method.invoke(Unknown Source)
        at org.apache.hadoop.ipc.RPC$Server.call(RPC.java:452)
        at org.apache.hadoop.ipc.Server$Handler.run(Server.java:888)

        at org.apache.hadoop.ipc.Client.call(Client.java:715)
        at org.apache.hadoop.ipc.RPC$Invoker.invoke(RPC.java:216)
        at org.apache.hadoop.dfs.$Proxy1.addBlock(Unknown Source)
        at sun.reflect.GeneratedMethodAccessor9.invoke(Unknown Source)
        at sun.reflect.DelegatingMethodAccessorImpl.invoke(Unknown Source)
        at java.lang.reflect.Method.invoke(Unknown Source)
        at org.apache.hadoop.io.retry.RetryInvocationHandler.invokeMethod(RetryInvocationHandler.java:82)
        at org.apache.hadoop.io.retry.RetryInvocationHandler.invoke(RetryInvocationHandler.java:59)
        at org.apache.hadoop.dfs.$Proxy1.addBlock(Unknown Source)
        at org.apache.hadoop.dfs.DFSClient$DFSOutputStream.locateFollowingBlock(DFSClient.java:2440)
        at org.apache.hadoop.dfs.DFSClient$DFSOutputStream.nextBlockOutputStream(DFSClient.java:2323)
        at org.apache.hadoop.dfs.DFSClient$DFSOutputStream.access$1800(DFSClient.java:1735)
        at org.apache.hadoop.dfs.DFSClient$DFSOutputStream$DataStreamer.run(DFSClient.java:1912)

2008-10-15 02:59:14,566 WARN org.apache.hadoop.dfs.DFSClient: Error Recovery &lt;span class=&quot;code-keyword&quot;&gt;for&lt;/span&gt; block &lt;span class=&quot;code-keyword&quot;&gt;null&lt;/span&gt; bad datanode[0]
2008-10-15 02:59:14,566 FATAL org.apache.hadoop.hbase.regionserver.HLog: Could not append. Requesting close of log
java.io.IOException: Could not get block locations. Aborting...
        at org.apache.hadoop.dfs.DFSClient$DFSOutputStream.processDatanodeError(DFSClient.java:2143)
        at org.apache.hadoop.dfs.DFSClient$DFSOutputStream.access$1400(DFSClient.java:1735)
        at org.apache.hadoop.dfs.DFSClient$DFSOutputStream$DataStreamer.run(DFSClient.java:1889)
2008-10-15 02:59:14,567 INFO org.apache.hadoop.hbase.regionserver.LogRoller: Rolling hlog. &lt;span class=&quot;code-object&quot;&gt;Number&lt;/span&gt; of entries: 81
2008-10-15 02:59:14,567 INFO org.apache.hadoop.ipc.Server: IPC Server handler 8 on 60020, call batchUpdate([B@3e4afee5, row =&amp;gt; Dnsw4RukHJ5-0FQddY35mF==, {column =&amp;gt; misc:upload_time, value =&amp;gt; &apos;...&apos;, column =&amp;gt; page:mime, value =&amp;gt; &apos;...&apos;, c
olumn =&amp;gt; page:content, value =&amp;gt; &apos;...&apos;, column =&amp;gt; page:url, value =&amp;gt; &apos;...&apos;}, -1) from 208.76.44.183:59031: error: java.io.IOException: Could not get block locations. Aborting...
java.io.IOException: Could not get block locations. Aborting...
        at org.apache.hadoop.dfs.DFSClient$DFSOutputStream.processDatanodeError(DFSClient.java:2143)
        at org.apache.hadoop.dfs.DFSClient$DFSOutputStream.access$1400(DFSClient.java:1735)
        at org.apache.hadoop.dfs.DFSClient$DFSOutputStream$DataStreamer.run(DFSClient.java:1889)
2008-10-15 02:59:14,588 ERROR org.apache.hadoop.hbase.regionserver.LogRoller: Log rolling failed
java.io.IOException: Could not get block locations. Aborting...
        at org.apache.hadoop.dfs.DFSClient$DFSOutputStream.processDatanodeError(DFSClient.java:2143)
        at org.apache.hadoop.dfs.DFSClient$DFSOutputStream.access$1400(DFSClient.java:1735)
        at org.apache.hadoop.dfs.DFSClient$DFSOutputStream$DataStreamer.run(DFSClient.java:1889)
...
&lt;/pre&gt;
&lt;/div&gt;&lt;/div&gt;

&lt;p&gt;For now adding abort of regionserver if we can&apos;t close the log roller file.  If we can&apos;t close, then we&apos;re losing edits.  If this behavior causes us close to much, then need to dig in more.&lt;/p&gt;

&lt;p&gt;Happened on pset cluster running 0.18.1 hadoop and 0.18.0 hbase.&lt;/p&gt;</description>
                <environment></environment>
        <key id="12406529">HBASE-930</key>
            <summary>RegionServer stuck: HLog: Could not append. Requesting close of log java.io.IOException: Could not get block locations. Aborting...</summary>
                <type id="1" iconUrl="https://issues.apache.org/jira/images/icons/issuetypes/bug.png">Bug</type>
                                            <priority id="3" iconUrl="https://issues.apache.org/jira/images/icons/priorities/major.png">Major</priority>
                        <status id="6" iconUrl="https://issues.apache.org/jira/images/icons/statuses/closed.png" description="The issue is considered finished, the resolution is correct. Issues which are closed can be reopened.">Closed</status>
                    <statusCategory id="3" key="done" colorName="green"/>
                                    <resolution id="1">Fixed</resolution>
                                        <assignee username="stack">stack</assignee>
                                    <reporter username="stack">stack</reporter>
                        <labels>
                    </labels>
                <created>Wed, 15 Oct 2008 20:57:52 +0000</created>
                <updated>Sun, 13 Sep 2009 22:26:29 +0000</updated>
                            <resolved>Wed, 15 Oct 2008 22:02:00 +0000</resolved>
                                                    <fixVersion>0.18.1</fixVersion>
                    <fixVersion>0.19.0</fixVersion>
                                        <due></due>
                            <votes>0</votes>
                                    <watches>0</watches>
                                                                <comments>
                            <comment id="12639971" author="stack" created="Wed, 15 Oct 2008 21:23:40 +0000"  >&lt;p&gt;The above logging goes on for hours until its noticed by admin.&lt;/p&gt;</comment>
                            <comment id="12639976" author="stack" created="Wed, 15 Oct 2008 21:30:45 +0000"  >&lt;p&gt;Patch that shutsdown regionserver when we fail close of write-ahead-log.&lt;/p&gt;</comment>
                            <comment id="12639985" author="stack" created="Wed, 15 Oct 2008 22:02:00 +0000"  >&lt;p&gt;Applied branch and trunk&lt;/p&gt;</comment>
                    </comments>
                    <attachments>
                            <attachment id="12392204" name="930.patch" size="5441" author="stack" created="Wed, 15 Oct 2008 21:30:45 +0000"/>
                    </attachments>
                <subtasks>
                    </subtasks>
                <customfields>
                                                <customfield id="customfield_12310310" key="com.atlassian.jira.toolkit:attachments">
                        <customfieldname>Attachment count</customfieldname>
                        <customfieldvalues>
                            <customfieldvalue>1.0</customfieldvalue>
                        </customfieldvalues>
                    </customfield>
                                                                                                                                                                                                                                                                                                                                                                                                                                                                                                                                                                                                                                                                                                                                                                                                                                                                                                                                        <customfield id="customfield_12310420" key="com.pyxis.greenhopper.jira:gh-global-rank">
                        <customfieldname>Global Rank</customfieldname>
                        <customfieldvalues>
                            <customfieldvalue>25483</customfieldvalue>
                        </customfieldvalues>
                    </customfield>
                                                                                                                                                    <customfield id="customfield_12312521" key="com.atlassian.jira.toolkit:LastCommentDate">
                        <customfieldname>Last public comment date</customfieldname>
                        <customfieldvalues>
                            8 years, 10 weeks, 1 day ago
                        </customfieldvalues>
                    </customfield>
                                                                                            <customfield id="customfield_12311820" key="com.pyxis.greenhopper.jira:gh-lexo-rank">
                        <customfieldname>Rank</customfieldname>
                        <customfieldvalues>
                            <customfieldvalue>0|i0habj:</customfieldvalue>

                        </customfieldvalues>
                    </customfield>
                                                                <customfield id="customfield_12310920" key="com.pyxis.greenhopper.jira:gh-global-rank">
                        <customfieldname>Rank (Obsolete)</customfieldname>
                        <customfieldvalues>
                            <customfieldvalue>98934</customfieldvalue>
                        </customfieldvalues>
                    </customfield>
                                                                                                                                                                                                                                                                                                <customfield id="customfield_12310222" key="com.atlassian.jira.ext.charting:timeinstatus">
                        <customfieldname>Time in Status</customfieldname>
                        <customfieldvalues>
                            
                        </customfieldvalues>
                    </customfield>
                                                                                                                        </customfields>
    </item>
</channel>
</rss>