<!-- 
RSS generated by JIRA (6.3.4#6332-sha1:51bc225ef474afe3128b2f66878477f322397b16) at Fri Dec 16 18:46:58 UTC 2016

It is possible to restrict the fields that are returned in this document by specifying the 'field' parameter in your request.
For example, to request only the issue key and summary add field=key&field=summary to the URL of your request.
For example:
https://issues.apache.org/jira/si/jira.issueviews:issue-xml/HBASE-729/HBASE-729.xml?field=key&amp;field=summary
-->
<rss version="0.92" >
<channel>
    <title>ASF JIRA</title>
    <link>https://issues.apache.org/jira</link>
    <description>This file is an XML representation of an issue</description>
    <language>en-uk</language>    <build-info>
        <version>6.3.4</version>
        <build-number>6332</build-number>
        <build-date>15-08-2014</build-date>
    </build-info>

<item>
            <title>[HBASE-729] client region/metadata cache should have a public method for invalidating entries</title>
                <link>https://issues.apache.org/jira/browse/HBASE-729</link>
                <project id="12310753" key="HBASE">HBase</project>
                    <description>&lt;p&gt;While writing a testcase for &lt;a href=&quot;https://issues.apache.org/jira/browse/HBASE-62&quot; title=&quot;[hbase] Allow user add arbitrary key/value pairs to table and column descriptors&quot; class=&quot;issue-link&quot; data-issue-key=&quot;HBASE-62&quot;&gt;&lt;del&gt;HBASE-62&lt;/del&gt;&lt;/a&gt;, I observed that table metadata is cached as part of the region information cached  client side. This cached region information (and therefore table metadata) is not directly invalidated by disable/enable table, so to get up to date metadata the client may have to use a scanner over .META. directly using the meta visitor. Ideally other client code &amp;#8211; for example the support for &lt;a href=&quot;https://issues.apache.org/jira/browse/HBASE-62&quot; title=&quot;[hbase] Allow user add arbitrary key/value pairs to table and column descriptors&quot; class=&quot;issue-link&quot; data-issue-key=&quot;HBASE-62&quot;&gt;&lt;del&gt;HBASE-62&lt;/del&gt;&lt;/a&gt; &amp;#8211; should be able to invalidate entries as necessary, so then the next HTable.getTableDescriptor() would go to meta to return up to date information instead of incorrectly reusing outdated information from the cache.&lt;/p&gt;</description>
                <environment>&lt;p&gt;Linux CentOS 5.1 x86_64 / JDK 1.6&lt;/p&gt;</environment>
        <key id="12399795">HBASE-729</key>
            <summary>client region/metadata cache should have a public method for invalidating entries</summary>
                <type id="1" iconUrl="https://issues.apache.org/jira/images/icons/issuetypes/bug.png">Bug</type>
                                            <priority id="4" iconUrl="https://issues.apache.org/jira/images/icons/priorities/minor.png">Minor</priority>
                        <status id="6" iconUrl="https://issues.apache.org/jira/images/icons/statuses/closed.png" description="The issue is considered finished, the resolution is correct. Issues which are closed can be reopened.">Closed</status>
                    <statusCategory id="3" key="done" colorName="green"/>
                                    <resolution id="1">Fixed</resolution>
                                        <assignee username="apurtell">Andrew Purtell</assignee>
                                    <reporter username="apurtell">Andrew Purtell</reporter>
                        <labels>
                    </labels>
                <created>Tue, 8 Jul 2008 09:36:22 +0000</created>
                <updated>Sat, 13 Sep 2008 23:22:44 +0000</updated>
                            <resolved>Mon, 11 Aug 2008 21:58:39 +0000</resolved>
                                    <version>0.2.0</version>
                                    <fixVersion>0.2.1</fixVersion>
                    <fixVersion>0.18.0</fixVersion>
                                    <component>Client</component>
                        <due></due>
                            <votes>0</votes>
                                    <watches>0</watches>
                                                                <comments>
                            <comment id="12621118" author="apurtell" created="Sat, 9 Aug 2008 04:54:37 +0000"  >&lt;p&gt;Any interface that references HTD or HCD metadata relies on the cache containing up to date structures, so this blocks work on any client interface for this (e.g. shell, Thrift, or REST).&lt;/p&gt;</comment>
                            <comment id="12621206" author="apurtell" created="Sun, 10 Aug 2008 02:29:14 +0000"  >&lt;p&gt;Actually just always using a MetaScanner in getHTableDescriptor is enough.&lt;/p&gt;</comment>
                            <comment id="12621207" author="apurtell" created="Sun, 10 Aug 2008 03:06:27 +0000"  >&lt;p&gt;Previous patch had linefeed issues that would cause patch to barf.&lt;/p&gt;</comment>
                            <comment id="12621622" author="stack" created="Mon, 11 Aug 2008 21:51:10 +0000"  >&lt;p&gt;Andrew, does TestTable unit test pass for you?  Fails for me when I apply this patch.&lt;/p&gt;</comment>
                            <comment id="12621623" author="stack" created="Mon, 11 Aug 2008 21:55:09 +0000"  >&lt;p&gt;Ignore my comment in above. &lt;/p&gt;

&lt;p&gt;Cleaning and retrying all passed (just takes a while).&lt;/p&gt;</comment>
                            <comment id="12621625" author="stack" created="Mon, 11 Aug 2008 21:58:39 +0000"  >&lt;p&gt;Committed to branch and trunk.  Thanks for the patch Andrew.&lt;/p&gt;</comment>
                    </comments>
                <issuelinks>
                            <issuelinktype id="10032">
                    <name>Blocker</name>
                                            <outwardlinks description="blocks">
                                        <issuelink>
            <issuekey id="12401847">HBASE-800</issuekey>
        </issuelink>
                            </outwardlinks>
                                                                <inwardlinks description="is blocked by">
                                        <issuelink>
            <issuekey id="12402076">HBASE-811</issuekey>
        </issuelink>
                            </inwardlinks>
                                    </issuelinktype>
                            <issuelinktype id="10030">
                    <name>Reference</name>
                                                                <inwardlinks description="is related to">
                                        <issuelink>
            <issuekey id="12382394">HBASE-62</issuekey>
        </issuelink>
                            </inwardlinks>
                                    </issuelinktype>
                    </issuelinks>
                <attachments>
                            <attachment id="12387893" name="729.patch" size="6444" author="apurtell" created="Sun, 10 Aug 2008 03:06:27 +0000"/>
                    </attachments>
                <subtasks>
                    </subtasks>
                <customfields>
                                                <customfield id="customfield_12310310" key="com.atlassian.jira.toolkit:attachments">
                        <customfieldname>Attachment count</customfieldname>
                        <customfieldvalues>
                            <customfieldvalue>1.0</customfieldvalue>
                        </customfieldvalues>
                    </customfield>
                                                                                                                                                                                                                                                                                                                                                                                                                                                                                                                                <customfield id="customfield_12310220" key="com.atlassian.jira.ext.charting:firstresponsedate">
                        <customfieldname>Date of First Response</customfieldname>
                        <customfieldvalues>
                            <customfieldvalue>Mon, 11 Aug 2008 21:51:10 +0000</customfieldvalue>

                        </customfieldvalues>
                    </customfield>
                                                                                                                                                                                                                                                                                                                                                                                                                                            <customfield id="customfield_12310420" key="com.pyxis.greenhopper.jira:gh-global-rank">
                        <customfieldname>Global Rank</customfieldname>
                        <customfieldvalues>
                            <customfieldvalue>25365</customfieldvalue>
                        </customfieldvalues>
                    </customfield>
                                                                                                                                                    <customfield id="customfield_12312521" key="com.atlassian.jira.toolkit:LastCommentDate">
                        <customfieldname>Last public comment date</customfieldname>
                        <customfieldvalues>
                            8 years, 19 weeks, 3 days ago
                        </customfieldvalues>
                    </customfield>
                                                                                            <customfield id="customfield_12311820" key="com.pyxis.greenhopper.jira:gh-lexo-rank">
                        <customfieldname>Rank</customfieldname>
                        <customfieldvalues>
                            <customfieldvalue>0|i0h93b:</customfieldvalue>

                        </customfieldvalues>
                    </customfield>
                                                                <customfield id="customfield_12310920" key="com.pyxis.greenhopper.jira:gh-global-rank">
                        <customfieldname>Rank (Obsolete)</customfieldname>
                        <customfieldvalues>
                            <customfieldvalue>98735</customfieldvalue>
                        </customfieldvalues>
                    </customfield>
                                                                                                                                                                                                                                                                                                <customfield id="customfield_12310222" key="com.atlassian.jira.ext.charting:timeinstatus">
                        <customfieldname>Time in Status</customfieldname>
                        <customfieldvalues>
                            
                        </customfieldvalues>
                    </customfield>
                                                                                                                        </customfields>
    </item>
</channel>
</rss>