<!-- 
RSS generated by JIRA (6.3.4#6332-sha1:51bc225ef474afe3128b2f66878477f322397b16) at Fri Dec 16 18:44:01 UTC 2016

It is possible to restrict the fields that are returned in this document by specifying the 'field' parameter in your request.
For example, to request only the issue key and summary add field=key&field=summary to the URL of your request.
For example:
https://issues.apache.org/jira/si/jira.issueviews:issue-xml/HBASE-412/HBASE-412.xml?field=key&amp;field=summary
-->
<rss version="0.92" >
<channel>
    <title>ASF JIRA</title>
    <link>https://issues.apache.org/jira</link>
    <description>This file is an XML representation of an issue</description>
    <language>en-uk</language>    <build-info>
        <version>6.3.4</version>
        <build-number>6332</build-number>
        <build-date>15-08-2014</build-date>
    </build-info>

<item>
            <title>[HBASE-412] unable to report to master</title>
                <link>https://issues.apache.org/jira/browse/HBASE-412</link>
                <project id="12310753" key="HBASE">HBase</project>
                    <description>&lt;p&gt;I have been getting these messages on my region server when they are under load&lt;/p&gt;
&lt;div class=&quot;code panel&quot; style=&quot;border-width: 1px;&quot;&gt;&lt;div class=&quot;codeContent panelContent&quot;&gt;
&lt;pre class=&quot;code-java&quot;&gt;FATAL org.apache.hadoop.hbase.HRegionServer: unable to report to master &lt;span class=&quot;code-keyword&quot;&gt;for&lt;/span&gt; 30927 milliseconds - aborting server
&lt;/pre&gt;
&lt;/div&gt;&lt;/div&gt;

&lt;p&gt;Seams something is blocking the lease check in or something like that&lt;br/&gt;
I know this is not a network issue as this has happened on a region server on the same node as the master.&lt;br/&gt;
also I have updated hbase.regionserver.handler.count to 100 to make sure that was not the issue and the doc say that that is used for the master so its not lack of open handles to the master.&lt;br/&gt;
kind of a pain becuase it crashes the region server causing the hlogs to be used to restore&lt;/p&gt;

&lt;p&gt;This is the messages right after the above and then the server shuts down if we can not find whats goiong on can we at lease make the server shutdown safely flushing memcache and closeing all logs so we do not have to do a restore on the next server that gets assigned the regions.&lt;/p&gt;
&lt;div class=&quot;code panel&quot; style=&quot;border-width: 1px;&quot;&gt;&lt;div class=&quot;codeContent panelContent&quot;&gt;
&lt;pre class=&quot;code-java&quot;&gt;INFO org.apache.hadoop.ipc.Server: Stopping server on 60020
&lt;/pre&gt;
&lt;/div&gt;&lt;/div&gt;</description>
                <environment></environment>
        <key id="12387927">HBASE-412</key>
            <summary>unable to report to master</summary>
                <type id="1" iconUrl="https://issues.apache.org/jira/images/icons/issuetypes/bug.png">Bug</type>
                                            <priority id="4" iconUrl="https://issues.apache.org/jira/images/icons/priorities/minor.png">Minor</priority>
                        <status id="6" iconUrl="https://issues.apache.org/jira/images/icons/statuses/closed.png" description="The issue is considered finished, the resolution is correct. Issues which are closed can be reopened.">Closed</status>
                    <statusCategory id="3" key="done" colorName="green"/>
                                    <resolution id="1">Fixed</resolution>
                                        <assignee username="-1">Unassigned</assignee>
                                    <reporter username="viper799">Billy Pearson</reporter>
                        <labels>
                    </labels>
                <created>Wed, 6 Feb 2008 01:58:03 +0000</created>
                <updated>Wed, 22 Oct 2008 18:06:36 +0000</updated>
                            <resolved>Wed, 23 Apr 2008 23:00:47 +0000</resolved>
                                                    <fixVersion>0.2.0</fixVersion>
                                    <component>regionserver</component>
                        <due></due>
                            <votes>0</votes>
                                    <watches>1</watches>
                                                                <comments>
                            <comment id="12565993" author="viper799" created="Wed, 6 Feb 2008 02:00:02 +0000"  >&lt;p&gt;I am going to update the master and region lease period to 60 secs and see if the problem still happens.&lt;/p&gt;</comment>
                            <comment id="12566205" author="viper799" created="Wed, 6 Feb 2008 17:08:27 +0000"  >&lt;p&gt;I am seeing these errors also there a lot of them in a row if you let a region server set idle for a few hours.&lt;/p&gt;

&lt;div class=&quot;code panel&quot; style=&quot;border-width: 1px;&quot;&gt;&lt;div class=&quot;codeContent panelContent&quot;&gt;
&lt;pre class=&quot;code-java&quot;&gt;
ERROR org.apache.hadoop.hbase.Leases: lease listener is &lt;span class=&quot;code-keyword&quot;&gt;null&lt;/span&gt; &lt;span class=&quot;code-keyword&quot;&gt;for&lt;/span&gt; lease -4658379957544364395
&lt;/pre&gt;
&lt;/div&gt;&lt;/div&gt;

&lt;p&gt;the errors are varying in time between them but most are about 20 mins a part&lt;/p&gt;</comment>
                            <comment id="12566399" author="viper799" created="Wed, 6 Feb 2008 23:43:22 +0000"  >&lt;p&gt;even with updated to 60 secs still getting errors&lt;/p&gt;

&lt;div class=&quot;code panel&quot; style=&quot;border-width: 1px;&quot;&gt;&lt;div class=&quot;codeContent panelContent&quot;&gt;
&lt;pre class=&quot;code-java&quot;&gt;
FATAL org.apache.hadoop.hbase.HRegionServer: unable to report to master &lt;span class=&quot;code-keyword&quot;&gt;for&lt;/span&gt; 85567 milliseconds - aborting server
&lt;/pre&gt;
&lt;/div&gt;&lt;/div&gt;</comment>
                            <comment id="12591859" author="stack" created="Wed, 23 Apr 2008 23:00:46 +0000"  >&lt;p&gt;Should be fixed by &lt;a href=&quot;https://issues.apache.org/jira/browse/HBASE-505&quot; title=&quot;Region assignments should never time out so long as the region server reports that it is processing the open request&quot; class=&quot;issue-link&quot; data-issue-key=&quot;HBASE-505&quot;&gt;&lt;del&gt;HBASE-505&lt;/del&gt;&lt;/a&gt; and by our doubling of default for region open timeout.&lt;/p&gt;</comment>
                    </comments>
                <issuelinks>
                            <issuelinktype id="10030">
                    <name>Reference</name>
                                                                <inwardlinks description="is related to">
                                        <issuelink>
            <issuekey id="12395381">HBASE-616</issuekey>
        </issuelink>
                            </inwardlinks>
                                    </issuelinktype>
                    </issuelinks>
                <attachments>
                    </attachments>
                <subtasks>
                    </subtasks>
                <customfields>
                                                <customfield id="customfield_12310310" key="com.atlassian.jira.toolkit:attachments">
                        <customfieldname>Attachment count</customfieldname>
                        <customfieldvalues>
                            <customfieldvalue>0.0</customfieldvalue>
                        </customfieldvalues>
                    </customfield>
                                                                                                                                                                                                                                                                                                                                                                                                                                                                                                                                <customfield id="customfield_12310220" key="com.atlassian.jira.ext.charting:firstresponsedate">
                        <customfieldname>Date of First Response</customfieldname>
                        <customfieldvalues>
                            <customfieldvalue>Wed, 23 Apr 2008 23:00:46 +0000</customfieldvalue>

                        </customfieldvalues>
                    </customfield>
                                                                                                                                                                                                                                                                                                                                                                                                                                            <customfield id="customfield_12310420" key="com.pyxis.greenhopper.jira:gh-global-rank">
                        <customfieldname>Global Rank</customfieldname>
                        <customfieldvalues>
                            <customfieldvalue>25188</customfieldvalue>
                        </customfieldvalues>
                    </customfield>
                                                                                                                                                    <customfield id="customfield_12312521" key="com.atlassian.jira.toolkit:LastCommentDate">
                        <customfieldname>Last public comment date</customfieldname>
                        <customfieldvalues>
                            8 years, 35 weeks, 1 day ago
                        </customfieldvalues>
                    </customfield>
                                                                                            <customfield id="customfield_12311820" key="com.pyxis.greenhopper.jira:gh-lexo-rank">
                        <customfieldname>Rank</customfieldname>
                        <customfieldvalues>
                            <customfieldvalue>0|i0h75r:</customfieldvalue>

                        </customfieldvalues>
                    </customfield>
                                                                <customfield id="customfield_12310920" key="com.pyxis.greenhopper.jira:gh-global-rank">
                        <customfieldname>Rank (Obsolete)</customfieldname>
                        <customfieldvalues>
                            <customfieldvalue>98422</customfieldvalue>
                        </customfieldvalues>
                    </customfield>
                                                                                                                                                                                                                                                                                                <customfield id="customfield_12310222" key="com.atlassian.jira.ext.charting:timeinstatus">
                        <customfieldname>Time in Status</customfieldname>
                        <customfieldvalues>
                            
                        </customfieldvalues>
                    </customfield>
                                                                                                                        </customfields>
    </item>
</channel>
</rss>