<!-- 
RSS generated by JIRA (6.3.4#6332-sha1:51bc225ef474afe3128b2f66878477f322397b16) at Fri Dec 16 18:46:24 UTC 2016

It is possible to restrict the fields that are returned in this document by specifying the 'field' parameter in your request.
For example, to request only the issue key and summary add field=key&field=summary to the URL of your request.
For example:
https://issues.apache.org/jira/si/jira.issueviews:issue-xml/HBASE-668/HBASE-668.xml?field=key&amp;field=summary
-->
<rss version="0.92" >
<channel>
    <title>ASF JIRA</title>
    <link>https://issues.apache.org/jira</link>
    <description>This file is an XML representation of an issue</description>
    <language>en-uk</language>    <build-info>
        <version>6.3.4</version>
        <build-number>6332</build-number>
        <build-date>15-08-2014</build-date>
    </build-info>

<item>
            <title>[HBASE-668] HBASE-533 broke build</title>
                <link>https://issues.apache.org/jira/browse/HBASE-668</link>
                <project id="12310753" key="HBASE">HBase</project>
                    <description>&lt;p&gt;Build was broken when I committed &lt;a href=&quot;https://issues.apache.org/jira/browse/HBASE-533&quot; title=&quot;Region Historian&quot; class=&quot;issue-link&quot; data-issue-key=&quot;HBASE-533&quot;&gt;&lt;del&gt;HBASE-533&lt;/del&gt;&lt;/a&gt;.  Bunch of tests started to fail (I didn&apos;t run tests before committing).&lt;/p&gt;</description>
                <environment></environment>
        <key id="12397545">HBASE-668</key>
            <summary>HBASE-533 broke build</summary>
                <type id="1" iconUrl="https://issues.apache.org/jira/images/icons/issuetypes/bug.png">Bug</type>
                                            <priority id="1" iconUrl="https://issues.apache.org/jira/images/icons/priorities/blocker.png">Blocker</priority>
                        <status id="6" iconUrl="https://issues.apache.org/jira/images/icons/statuses/closed.png" description="The issue is considered finished, the resolution is correct. Issues which are closed can be reopened.">Closed</status>
                    <statusCategory id="3" key="done" colorName="green"/>
                                    <resolution id="1">Fixed</resolution>
                                        <assignee username="stack">stack</assignee>
                                    <reporter username="stack">stack</reporter>
                        <labels>
                    </labels>
                <created>Thu, 5 Jun 2008 01:15:23 +0000</created>
                <updated>Fri, 22 Aug 2008 21:13:17 +0000</updated>
                            <resolved>Sat, 7 Jun 2008 04:23:36 +0000</resolved>
                                                    <fixVersion>0.2.0</fixVersion>
                                        <due></due>
                            <votes>0</votes>
                                    <watches>0</watches>
                                                                <comments>
                            <comment id="12602516" author="stack" created="Thu, 5 Jun 2008 01:17:07 +0000"  >&lt;p&gt;Here&apos;s fix that passes Configuration to Historian rather than have it do &apos;new HBaseConfiguration&apos; (Doing the latter won&apos;t find master if its been changed in unit tests).&lt;/p&gt;

&lt;p&gt;This patch is not enough seemingly.  Need to do some more work.&lt;/p&gt;</comment>
                            <comment id="12602667" author="jdcryans" created="Thu, 5 Jun 2008 14:48:13 +0000"  >&lt;p&gt;Since region historian isn&apos;t needed in some tests, would it work to simply add a new boolean property called &quot;enabled&quot; to the RegionHistorian class and a gate in the add method?&lt;/p&gt;</comment>
                            <comment id="12602807" author="stack" created="Thu, 5 Jun 2008 21:57:03 +0000"  >&lt;p&gt;Did a spin on your suggestion J-D&lt;/p&gt;

&lt;div class=&quot;code panel&quot; style=&quot;border-width: 1px;&quot;&gt;&lt;div class=&quot;codeContent panelContent&quot;&gt;
&lt;pre class=&quot;code-java&quot;&gt;
M  src/test/org/apache/hadoop/hbase/TestRegionRebalancing.java
   Use the serverload we logged.  Trying to debug the occasional
   failure in &lt;span class=&quot;code-keyword&quot;&gt;this&lt;/span&gt; test, the log will look like it has values that
   should pass the balance test.
M  src/test/org/apache/hadoop/hbase/TestGlobalMemcacheLimit.java
    Historian logging messes up some of the math in &lt;span class=&quot;code-keyword&quot;&gt;this&lt;/span&gt; test;
    make comparisons a little sloppy.
M  src/java/org/apache/hadoop/hbase/RegionHistorian.java
    Add the J-D suggestion of onlining/offlining historian.
    (isOnline, offline, online): Added.
M src/java/org/apache/hadoop/hbase/regionserver/HRegionServer.java
   Online historian after meta tables are up.
M  src/java/org/apache/hadoop/hbase/regionserver/HRegion.java
    Keep around an historian instance.
    Online it after .META. has been opened.
M  src/java/org/apache/hadoop/hbase/master/ProcessServerShutdown.java
    Get configuration via the accessor.
M  src/java/org/apache/hadoop/hbase/master/ServerManager.java
    Formatting.
M  src/java/org/apache/hadoop/hbase/master/HMaster.java
    (bootstrap): Added.
M  src/java/org/apache/hadoop/hbase/master/ProcessRegionOpen.java
    Online historian after we know .META. has been deployed.
M  src/java/org/apache/hadoop/hbase/master/RegionManager.java
    Get configuration from master via accessor.
M src/java/org/apache/hadoop/hbase/master/BaseScanner.java
    Get configuration from master via accessor.
M  src/webapps/master/regionhistorian.jsp
    Get configuration from master via accessor.
&lt;/pre&gt;
&lt;/div&gt;&lt;/div&gt;</comment>
                            <comment id="12603285" author="stack" created="Sat, 7 Jun 2008 04:23:36 +0000"  >&lt;p&gt;Resolved.  Build mostly back to normal.  Rebalancing fails w/ some regularity.  Need to look into that.&lt;/p&gt;</comment>
                    </comments>
                    <attachments>
                            <attachment id="12383502" name="fix-553-v2.patch" size="25185" author="stack" created="Thu, 5 Jun 2008 21:57:03 +0000"/>
                            <attachment id="12383430" name="fix-553.patch" size="17248" author="stack" created="Thu, 5 Jun 2008 01:17:07 +0000"/>
                    </attachments>
                <subtasks>
                    </subtasks>
                <customfields>
                                                <customfield id="customfield_12310310" key="com.atlassian.jira.toolkit:attachments">
                        <customfieldname>Attachment count</customfieldname>
                        <customfieldvalues>
                            <customfieldvalue>2.0</customfieldvalue>
                        </customfieldvalues>
                    </customfield>
                                                                                                                                                                                                                                                                                                                                                                                                                                                                                                                                <customfield id="customfield_12310220" key="com.atlassian.jira.ext.charting:firstresponsedate">
                        <customfieldname>Date of First Response</customfieldname>
                        <customfieldvalues>
                            <customfieldvalue>Thu, 5 Jun 2008 14:48:13 +0000</customfieldvalue>

                        </customfieldvalues>
                    </customfield>
                                                                                                                                                                                                                                                                                                                                                                                                                                            <customfield id="customfield_12310420" key="com.pyxis.greenhopper.jira:gh-global-rank">
                        <customfieldname>Global Rank</customfieldname>
                        <customfieldvalues>
                            <customfieldvalue>25325</customfieldvalue>
                        </customfieldvalues>
                    </customfield>
                                                                                                                                                    <customfield id="customfield_12312521" key="com.atlassian.jira.toolkit:LastCommentDate">
                        <customfieldname>Last public comment date</customfieldname>
                        <customfieldvalues>
                            8 years, 28 weeks, 6 days ago
                        </customfieldvalues>
                    </customfield>
                                                                                            <customfield id="customfield_12311820" key="com.pyxis.greenhopper.jira:gh-lexo-rank">
                        <customfieldname>Rank</customfieldname>
                        <customfieldvalues>
                            <customfieldvalue>0|i0h8pr:</customfieldvalue>

                        </customfieldvalues>
                    </customfield>
                                                                <customfield id="customfield_12310920" key="com.pyxis.greenhopper.jira:gh-global-rank">
                        <customfieldname>Rank (Obsolete)</customfieldname>
                        <customfieldvalues>
                            <customfieldvalue>98674</customfieldvalue>
                        </customfieldvalues>
                    </customfield>
                                                                                                                                                                                                                                                                                                <customfield id="customfield_12310222" key="com.atlassian.jira.ext.charting:timeinstatus">
                        <customfieldname>Time in Status</customfieldname>
                        <customfieldvalues>
                            
                        </customfieldvalues>
                    </customfield>
                                                                                                                        </customfields>
    </item>
</channel>
</rss>