<!-- 
RSS generated by JIRA (6.3.4#6332-sha1:51bc225ef474afe3128b2f66878477f322397b16) at Fri Dec 16 18:49:09 UTC 2016

It is possible to restrict the fields that are returned in this document by specifying the 'field' parameter in your request.
For example, to request only the issue key and summary add field=key&field=summary to the URL of your request.
For example:
https://issues.apache.org/jira/si/jira.issueviews:issue-xml/HBASE-955/HBASE-955.xml?field=key&amp;field=summary
-->
<rss version="0.92" >
<channel>
    <title>ASF JIRA</title>
    <link>https://issues.apache.org/jira</link>
    <description>This file is an XML representation of an issue</description>
    <language>en-uk</language>    <build-info>
        <version>6.3.4</version>
        <build-number>6332</build-number>
        <build-date>15-08-2014</build-date>
    </build-info>

<item>
            <title>[HBASE-955] Stop HLog thread before starting a new one</title>
                <link>https://issues.apache.org/jira/browse/HBASE-955</link>
                <project id="12310753" key="HBASE">HBase</project>
                    <description>&lt;p&gt;Currently, when we encounter a MSG_CALL_SERVER_STARTUP situation in the master the region server discards the old HLog for a new one. However, it does not stop the thread associated with the old HLog. Thus we have an orphaned thread doing nothing, except consuming CPU. &lt;/p&gt;</description>
                <environment></environment>
        <key id="12407206">HBASE-955</key>
            <summary>Stop HLog thread before starting a new one</summary>
                <type id="7" iconUrl="https://issues.apache.org/jira/images/icons/issuetypes/subtask_alternate.png">Sub-task</type>
                            <parent id="12399780">HBASE-728</parent>
                                    <priority id="1" iconUrl="https://issues.apache.org/jira/images/icons/priorities/blocker.png">Blocker</priority>
                        <status id="6" iconUrl="https://issues.apache.org/jira/images/icons/statuses/closed.png" description="The issue is considered finished, the resolution is correct. Issues which are closed can be reopened.">Closed</status>
                    <statusCategory id="3" key="done" colorName="green"/>
                                    <resolution id="1">Fixed</resolution>
                                        <assignee username="jimk">Jim Kellerman</assignee>
                                    <reporter username="jimk">Jim Kellerman</reporter>
                        <labels>
                    </labels>
                <created>Fri, 24 Oct 2008 21:39:11 +0000</created>
                <updated>Sun, 13 Sep 2009 22:26:29 +0000</updated>
                            <resolved>Mon, 27 Oct 2008 21:33:20 +0000</resolved>
                                    <version>0.19.0</version>
                                    <fixVersion>0.19.0</fixVersion>
                                    <component>regionserver</component>
                        <due></due>
                            <votes>0</votes>
                                    <watches>0</watches>
                                                                <comments>
                            <comment id="12642552" author="stack" created="Fri, 24 Oct 2008 22:03:23 +0000"  >&lt;p&gt;Introduced by &lt;a href=&quot;https://issues.apache.org/jira/browse/HBASE-728&quot; title=&quot;Supporting for HLog appends&quot; class=&quot;issue-link&quot; data-issue-key=&quot;HBASE-728&quot;&gt;&lt;del&gt;HBASE-728&lt;/del&gt;&lt;/a&gt;.&lt;/p&gt;</comment>
                            <comment id="12643062" author="jimk" created="Mon, 27 Oct 2008 21:13:54 +0000"  >&lt;p&gt;Will be not applicable after upcoming patch to &lt;a href=&quot;https://issues.apache.org/jira/browse/HBASE-728&quot; title=&quot;Supporting for HLog appends&quot; class=&quot;issue-link&quot; data-issue-key=&quot;HBASE-728&quot;&gt;&lt;del&gt;HBASE-728&lt;/del&gt;&lt;/a&gt;, because HLog will no longer be either a Thread or a Chore. Instead a HLog object will manage the HLog and nothing else.&lt;/p&gt;

&lt;p&gt;LogRoller, (a Thread) and LogFlusher (a Chore) will be responsible for getting the HLog to disk.&lt;/p&gt;</comment>
                            <comment id="12643068" author="jimk" created="Mon, 27 Oct 2008 21:33:20 +0000"  >&lt;p&gt;Committed.&lt;/p&gt;</comment>
                    </comments>
                    <attachments>
                    </attachments>
                <subtasks>
                    </subtasks>
                <customfields>
                                                <customfield id="customfield_12310310" key="com.atlassian.jira.toolkit:attachments">
                        <customfieldname>Attachment count</customfieldname>
                        <customfieldvalues>
                            <customfieldvalue>0.0</customfieldvalue>
                        </customfieldvalues>
                    </customfield>
                                                                                                                                                                                                                                                                                                                                                                                                                                                                                                                                <customfield id="customfield_12310220" key="com.atlassian.jira.ext.charting:firstresponsedate">
                        <customfieldname>Date of First Response</customfieldname>
                        <customfieldvalues>
                            <customfieldvalue>Fri, 24 Oct 2008 22:03:23 +0000</customfieldvalue>

                        </customfieldvalues>
                    </customfield>
                                                                                                                                                                                                                                                                                                                                                                                                                                            <customfield id="customfield_12310420" key="com.pyxis.greenhopper.jira:gh-global-rank">
                        <customfieldname>Global Rank</customfieldname>
                        <customfieldvalues>
                            <customfieldvalue>31921</customfieldvalue>
                        </customfieldvalues>
                    </customfield>
                                                                                                                                                    <customfield id="customfield_12312521" key="com.atlassian.jira.toolkit:LastCommentDate">
                        <customfieldname>Last public comment date</customfieldname>
                        <customfieldvalues>
                            8 years, 8 weeks, 3 days ago
                        </customfieldvalues>
                    </customfield>
                                                                                            <customfield id="customfield_12311820" key="com.pyxis.greenhopper.jira:gh-lexo-rank">
                        <customfieldname>Rank</customfieldname>
                        <customfieldvalues>
                            <customfieldvalue>0|i0hah3:</customfieldvalue>

                        </customfieldvalues>
                    </customfield>
                                                                <customfield id="customfield_12310920" key="com.pyxis.greenhopper.jira:gh-global-rank">
                        <customfieldname>Rank (Obsolete)</customfieldname>
                        <customfieldvalues>
                            <customfieldvalue>98959</customfieldvalue>
                        </customfieldvalues>
                    </customfield>
                                                                                                                                                                                                                                                                                                <customfield id="customfield_12310222" key="com.atlassian.jira.ext.charting:timeinstatus">
                        <customfieldname>Time in Status</customfieldname>
                        <customfieldvalues>
                            
                        </customfieldvalues>
                    </customfield>
                                                                                                                        </customfields>
    </item>
</channel>
</rss>