<!-- 
RSS generated by JIRA (6.3.4#6332-sha1:51bc225ef474afe3128b2f66878477f322397b16) at Fri Dec 16 18:41:40 UTC 2016

It is possible to restrict the fields that are returned in this document by specifying the 'field' parameter in your request.
For example, to request only the issue key and summary add field=key&field=summary to the URL of your request.
For example:
https://issues.apache.org/jira/si/jira.issueviews:issue-xml/HBASE-167/HBASE-167.xml?field=key&amp;field=summary
-->
<rss version="0.92" >
<channel>
    <title>ASF JIRA</title>
    <link>https://issues.apache.org/jira</link>
    <description>This file is an XML representation of an issue</description>
    <language>en-uk</language>    <build-info>
        <version>6.3.4</version>
        <build-number>6332</build-number>
        <build-date>15-08-2014</build-date>
    </build-info>

<item>
            <title>[HBASE-167] [hbase] Simple switch to enable DEBUG level-logging in hbase</title>
                <link>https://issues.apache.org/jira/browse/HBASE-167</link>
                <project id="12310753" key="HBASE">HBase</project>
                    <description>&lt;p&gt;Currently, enabling debug logging is a matter of enabling in log4j per class or by setting HADOOP_ROOT_LOGGER up in hadoop scripts.  Need a simple means of throwing the DEBUG level switch for hbase-only logging, something that is easy to convey to users (One thing to look at would be adding to the UI a switch to enable DEBUG-level logging in hbase).&lt;/p&gt;</description>
                <environment></environment>
        <key id="12380698">HBASE-167</key>
            <summary>[hbase] Simple switch to enable DEBUG level-logging in hbase</summary>
                <type id="1" iconUrl="https://issues.apache.org/jira/images/icons/issuetypes/bug.png">Bug</type>
                                            <priority id="4" iconUrl="https://issues.apache.org/jira/images/icons/priorities/minor.png">Minor</priority>
                        <status id="6" iconUrl="https://issues.apache.org/jira/images/icons/statuses/closed.png" description="The issue is considered finished, the resolution is correct. Issues which are closed can be reopened.">Closed</status>
                    <statusCategory id="3" key="done" colorName="green"/>
                                    <resolution id="1">Fixed</resolution>
                                        <assignee username="-1">Unassigned</assignee>
                                    <reporter username="stack">stack</reporter>
                        <labels>
                    </labels>
                <created>Thu, 18 Oct 2007 17:15:55 +0000</created>
                <updated>Fri, 22 Aug 2008 21:34:50 +0000</updated>
                            <resolved>Wed, 7 Nov 2007 04:09:22 +0000</resolved>
                                                                        <due></due>
                            <votes>0</votes>
                                    <watches>0</watches>
                                                                <comments>
                            <comment id="12539414" author="stack" created="Thu, 1 Nov 2007 17:08:40 +0000"  >&lt;p&gt;Related: &lt;a href=&quot;https://issues.apache.org/jira/browse/HADOOP-1185&quot; class=&quot;external-link&quot; rel=&quot;nofollow&quot;&gt;https://issues.apache.org/jira/browse/HADOOP-1185&lt;/a&gt;.  Integrate this new servlet into hbase UI.  Complement by adding a blanket setting of DEBUG level for all hbase classes.&lt;/p&gt;</comment>
                            <comment id="12540622" author="stack" created="Tue, 6 Nov 2007 23:28:27 +0000"  >&lt;p&gt;Expose new log setting servlet in hbase.&lt;/p&gt;

&lt;p&gt;Also, added description to server attributes table and explaination of load &amp;#8211; that its requests per hbase.regionserver.msginterval (&lt;a href=&quot;https://issues.apache.org/jira/browse/HBASE-157&quot; title=&quot;[hbase] region &amp;#39;requests&amp;#39; attribute is unreliable&quot; class=&quot;issue-link&quot; data-issue-key=&quot;HBASE-157&quot;&gt;&lt;del&gt;HADOOP-2135&lt;/del&gt;&lt;/a&gt;).&lt;/p&gt;</comment>
                            <comment id="12540624" author="stack" created="Tue, 6 Nov 2007 23:34:28 +0000"  >&lt;p&gt;Passes muster locally.  Trying hudson.&lt;/p&gt;</comment>
                            <comment id="12540653" author="hadoopqa" created="Wed, 7 Nov 2007 02:27:22 +0000"  >&lt;p&gt;+1 overall.  Here are the results of testing the latest attachment &lt;br/&gt;
&lt;a href=&quot;http://issues.apache.org/jira/secure/attachment/12369064/2074.patch&quot; class=&quot;external-link&quot; rel=&quot;nofollow&quot;&gt;http://issues.apache.org/jira/secure/attachment/12369064/2074.patch&lt;/a&gt;&lt;br/&gt;
against trunk revision r592551.&lt;/p&gt;

&lt;p&gt;    @author +1.  The patch does not contain any @author tags.&lt;/p&gt;

&lt;p&gt;    javadoc +1.  The javadoc tool did not generate any warning messages.&lt;/p&gt;

&lt;p&gt;    javac +1.  The applied patch does not generate any new compiler warnings.&lt;/p&gt;

&lt;p&gt;    findbugs +1.  The patch does not introduce any new Findbugs warnings.&lt;/p&gt;

&lt;p&gt;    core tests +1.  The patch passed core unit tests.&lt;/p&gt;

&lt;p&gt;    contrib tests +1.  The patch passed contrib unit tests.&lt;/p&gt;

&lt;p&gt;Test results: &lt;a href=&quot;http://lucene.zones.apache.org:8080/hudson/job/Hadoop-Patch/1073/testReport/&quot; class=&quot;external-link&quot; rel=&quot;nofollow&quot;&gt;http://lucene.zones.apache.org:8080/hudson/job/Hadoop-Patch/1073/testReport/&lt;/a&gt;&lt;br/&gt;
Findbugs warnings: &lt;a href=&quot;http://lucene.zones.apache.org:8080/hudson/job/Hadoop-Patch/1073/artifact/trunk/build/test/findbugs/newPatchFindbugsWarnings.html&quot; class=&quot;external-link&quot; rel=&quot;nofollow&quot;&gt;http://lucene.zones.apache.org:8080/hudson/job/Hadoop-Patch/1073/artifact/trunk/build/test/findbugs/newPatchFindbugsWarnings.html&lt;/a&gt;&lt;br/&gt;
Checkstyle results: &lt;a href=&quot;http://lucene.zones.apache.org:8080/hudson/job/Hadoop-Patch/1073/artifact/trunk/build/test/checkstyle-errors.html&quot; class=&quot;external-link&quot; rel=&quot;nofollow&quot;&gt;http://lucene.zones.apache.org:8080/hudson/job/Hadoop-Patch/1073/artifact/trunk/build/test/checkstyle-errors.html&lt;/a&gt;&lt;br/&gt;
Console output: &lt;a href=&quot;http://lucene.zones.apache.org:8080/hudson/job/Hadoop-Patch/1073/console&quot; class=&quot;external-link&quot; rel=&quot;nofollow&quot;&gt;http://lucene.zones.apache.org:8080/hudson/job/Hadoop-Patch/1073/console&lt;/a&gt;&lt;/p&gt;

&lt;p&gt;This message is automatically generated.&lt;/p&gt;</comment>
                            <comment id="12540666" author="stack" created="Wed, 7 Nov 2007 04:09:22 +0000"  >&lt;p&gt;Committed.&lt;/p&gt;</comment>
                            <comment id="12540731" author="hudson" created="Wed, 7 Nov 2007 12:27:54 +0000"  >&lt;p&gt;Integrated in Hadoop-Nightly #296 (See &lt;a href=&quot;http://lucene.zones.apache.org:8080/hudson/job/Hadoop-Nightly/296/&quot; class=&quot;external-link&quot; rel=&quot;nofollow&quot;&gt;http://lucene.zones.apache.org:8080/hudson/job/Hadoop-Nightly/296/&lt;/a&gt;)&lt;/p&gt;</comment>
                    </comments>
                    <attachments>
                            <attachment id="12369064" name="2074.patch" size="11305" author="stack" created="Tue, 6 Nov 2007 23:28:26 +0000"/>
                    </attachments>
                <subtasks>
                    </subtasks>
                <customfields>
                                                <customfield id="customfield_12310310" key="com.atlassian.jira.toolkit:attachments">
                        <customfieldname>Attachment count</customfieldname>
                        <customfieldvalues>
                            <customfieldvalue>1.0</customfieldvalue>
                        </customfieldvalues>
                    </customfield>
                                                                                                                                                                                                                                                                                                                                                                                                                                                                                                                                <customfield id="customfield_12310220" key="com.atlassian.jira.ext.charting:firstresponsedate">
                        <customfieldname>Date of First Response</customfieldname>
                        <customfieldvalues>
                            <customfieldvalue>Wed, 7 Nov 2007 02:27:22 +0000</customfieldvalue>

                        </customfieldvalues>
                    </customfield>
                                                                                                                                                                                                                                                                                                                                                                                                                                            <customfield id="customfield_12310420" key="com.pyxis.greenhopper.jira:gh-global-rank">
                        <customfieldname>Global Rank</customfieldname>
                        <customfieldvalues>
                            <customfieldvalue>24951</customfieldvalue>
                        </customfieldvalues>
                    </customfield>
                                                                                                                                                    <customfield id="customfield_12312521" key="com.atlassian.jira.toolkit:LastCommentDate">
                        <customfieldname>Last public comment date</customfieldname>
                        <customfieldvalues>
                            9 years, 7 weeks, 2 days ago
                        </customfieldvalues>
                    </customfield>
                                                                                            <customfield id="customfield_12311820" key="com.pyxis.greenhopper.jira:gh-lexo-rank">
                        <customfieldname>Rank</customfieldname>
                        <customfieldvalues>
                            <customfieldvalue>0|i0h51b:</customfieldvalue>

                        </customfieldvalues>
                    </customfield>
                                                                <customfield id="customfield_12310920" key="com.pyxis.greenhopper.jira:gh-global-rank">
                        <customfieldname>Rank (Obsolete)</customfieldname>
                        <customfieldvalues>
                            <customfieldvalue>98078</customfieldvalue>
                        </customfieldvalues>
                    </customfield>
                                                                                                                                                                                                                                                                                                <customfield id="customfield_12310222" key="com.atlassian.jira.ext.charting:timeinstatus">
                        <customfieldname>Time in Status</customfieldname>
                        <customfieldvalues>
                            
                        </customfieldvalues>
                    </customfield>
                                                                                                                        </customfields>
    </item>
</channel>
</rss>