<!-- 
RSS generated by JIRA (6.3.4#6332-sha1:51bc225ef474afe3128b2f66878477f322397b16) at Fri Dec 16 18:41:06 UTC 2016

It is possible to restrict the fields that are returned in this document by specifying the 'field' parameter in your request.
For example, to request only the issue key and summary add field=key&field=summary to the URL of your request.
For example:
https://issues.apache.org/jira/si/jira.issueviews:issue-xml/HBASE-107/HBASE-107.xml?field=key&amp;field=summary
-->
<rss version="0.92" >
<channel>
    <title>ASF JIRA</title>
    <link>https://issues.apache.org/jira</link>
    <description>This file is an XML representation of an issue</description>
    <language>en-uk</language>    <build-info>
        <version>6.3.4</version>
        <build-number>6332</build-number>
        <build-date>15-08-2014</build-date>
    </build-info>

<item>
            <title>[HBASE-107] [hbase] Sporadic TestTable failures</title>
                <link>https://issues.apache.org/jira/browse/HBASE-107</link>
                <project id="12310753" key="HBASE">HBase</project>
                    <description>&lt;p&gt;Nightly failed in TestTable (though &apos;patch available&apos; build passed and it passes all tests locally).  The nightly failure has been reproduced on a machine here so looking into it (DFSClient leaseChecker thread is staying up though minidfs has been shutdown &amp;#8211; it then goes on to complain it can&apos;t connect to the destroyed &apos;remote&apos; minidfs).&lt;/p&gt;</description>
                <environment></environment>
        <key id="12373921">HBASE-107</key>
            <summary>[hbase] Sporadic TestTable failures</summary>
                <type id="1" iconUrl="https://issues.apache.org/jira/images/icons/issuetypes/bug.png">Bug</type>
                                            <priority id="3" iconUrl="https://issues.apache.org/jira/images/icons/priorities/major.png">Major</priority>
                        <status id="6" iconUrl="https://issues.apache.org/jira/images/icons/statuses/closed.png" description="The issue is considered finished, the resolution is correct. Issues which are closed can be reopened.">Closed</status>
                    <statusCategory id="3" key="done" colorName="green"/>
                                    <resolution id="1">Fixed</resolution>
                                        <assignee username="-1">Unassigned</assignee>
                                    <reporter username="stack">stack</reporter>
                        <labels>
                    </labels>
                <created>Mon, 16 Jul 2007 18:34:24 +0000</created>
                <updated>Mon, 4 Feb 2008 18:40:41 +0000</updated>
                            <resolved>Wed, 18 Jul 2007 00:39:35 +0000</resolved>
                                                                        <due></due>
                            <votes>0</votes>
                                    <watches>0</watches>
                                                                <comments>
                            <comment id="12513087" author="stack" created="Mon, 16 Jul 2007 22:38:12 +0000"  >&lt;p&gt;Found leaking file handles.  Was (on some machines) getting in the way of our running two tests of a TestCase on MiniHBaseCluster.&lt;/p&gt;

&lt;p&gt;&lt;a href=&quot;https://issues.apache.org/jira/browse/HBASE-107&quot; title=&quot;[hbase] Sporadic TestTable failures&quot; class=&quot;issue-link&quot; data-issue-key=&quot;HBASE-107&quot;&gt;&lt;del&gt;HADOOP-1616&lt;/del&gt;&lt;/a&gt; &lt;span class=&quot;error&quot;&gt;&amp;#91;hbase&amp;#93;&lt;/span&gt; Sporadic TestTable failures&lt;br/&gt;
Found a couple of leaking file handles that on some machines&lt;br/&gt;
prevented hdfs client shutting down its lease checker.  Was&lt;br/&gt;
stopping us moving on to next unit test in a Test Case.&lt;br/&gt;
M src/contrib/hbase/src/test/org/apache/hadoop/hbase/MiniHBaseCluster.java&lt;br/&gt;
    Add close of filesystem.  Will print out any leaking filehandles.&lt;br/&gt;
M src/contrib/hbase/src/test/org/apache/hadoop/hbase/TestScanner2.java&lt;br/&gt;
    Close region log.&lt;br/&gt;
M src/contrib/hbase/src/test/org/apache/hadoop/hbase/TestTableMapReduce.java&lt;br/&gt;
M src/contrib/hbase/src/test/org/apache/hadoop/hbase/AbstractMergeTestBase.java&lt;br/&gt;
    (createNewHRegion): Signature changed.&lt;br/&gt;
M src/contrib/hbase/src/test/org/apache/hadoop/hbase/HBaseTestCase.java&lt;br/&gt;
    (createNewHRegion): Refactored to use HRegion.createNewRegion.&lt;br/&gt;
M src/contrib/hbase/src/test/org/apache/hadoop/hbase/TestHLog.java&lt;br/&gt;
    Close and delete hlog.&lt;br/&gt;
M src/contrib/hbase/src/test/org/apache/hadoop/hbase/TestHRegion.java&lt;br/&gt;
    (tearDown): Added.  Close hlog.&lt;br/&gt;
M src/contrib/hbase/src/java/org/apache/hadoop/hbase/HLog.java&lt;br/&gt;
    Made logging more informative.  javadoc and formatting changes.&lt;br/&gt;
M src/contrib/hbase/src/java/org/apache/hadoop/hbase/HMaster.java&lt;br/&gt;
    (createTable): Close temporary region logs.&lt;br/&gt;
M src/contrib/hbase/src/java/org/apache/hadoop/hbase/HRegion.java&lt;br/&gt;
    Javadoc.&lt;/p&gt;</comment>
                            <comment id="12513112" author="stack" created="Tue, 17 Jul 2007 00:22:45 +0000"  >&lt;p&gt;V2.  Passes all tests.&lt;/p&gt;</comment>
                            <comment id="12513117" author="stack" created="Tue, 17 Jul 2007 00:31:26 +0000"  >&lt;p&gt;Trying patch against hudson (though the poor fella seems a little erratic today).&lt;/p&gt;</comment>
                            <comment id="12513131" author="hadoopqa" created="Tue, 17 Jul 2007 02:08:28 +0000"  >&lt;p&gt;-1, build or testing failed&lt;/p&gt;

&lt;p&gt;2 attempts failed to build and test the latest attachment &lt;a href=&quot;http://issues.apache.org/jira/secure/attachment/12361935/hadoop-1616-v2.patch&quot; class=&quot;external-link&quot; rel=&quot;nofollow&quot;&gt;http://issues.apache.org/jira/secure/attachment/12361935/hadoop-1616-v2.patch&lt;/a&gt; against trunk revision r556754.&lt;/p&gt;

&lt;p&gt;Test results:   &lt;a href=&quot;http://lucene.zones.apache.org:8080/hudson/job/Hadoop-Patch/424/testReport/&quot; class=&quot;external-link&quot; rel=&quot;nofollow&quot;&gt;http://lucene.zones.apache.org:8080/hudson/job/Hadoop-Patch/424/testReport/&lt;/a&gt;&lt;br/&gt;
Console output: &lt;a href=&quot;http://lucene.zones.apache.org:8080/hudson/job/Hadoop-Patch/424/console&quot; class=&quot;external-link&quot; rel=&quot;nofollow&quot;&gt;http://lucene.zones.apache.org:8080/hudson/job/Hadoop-Patch/424/console&lt;/a&gt;&lt;/p&gt;

&lt;p&gt;Please note that this message is automatically generated and may represent a problem with the automation system and not the patch.&lt;/p&gt;</comment>
                            <comment id="12513406" author="stack" created="Wed, 18 Jul 2007 00:39:35 +0000"  >&lt;p&gt;Committed patch.&lt;/p&gt;</comment>
                    </comments>
                    <attachments>
                            <attachment id="12361935" name="hadoop-1616-v2.patch" size="16904" author="stack" created="Tue, 17 Jul 2007 00:22:45 +0000"/>
                            <attachment id="12361926" name="hadoop-1616.patch" size="15699" author="stack" created="Mon, 16 Jul 2007 22:38:12 +0000"/>
                    </attachments>
                <subtasks>
                    </subtasks>
                <customfields>
                                                <customfield id="customfield_12310310" key="com.atlassian.jira.toolkit:attachments">
                        <customfieldname>Attachment count</customfieldname>
                        <customfieldvalues>
                            <customfieldvalue>2.0</customfieldvalue>
                        </customfieldvalues>
                    </customfield>
                                                                                                                                                                                                                                                                                                                                                                                                                                                                                                                                <customfield id="customfield_12310220" key="com.atlassian.jira.ext.charting:firstresponsedate">
                        <customfieldname>Date of First Response</customfieldname>
                        <customfieldvalues>
                            <customfieldvalue>Tue, 17 Jul 2007 02:08:28 +0000</customfieldvalue>

                        </customfieldvalues>
                    </customfield>
                                                                                                                                                                                                                                                                                                                                                                                                                                            <customfield id="customfield_12310420" key="com.pyxis.greenhopper.jira:gh-global-rank">
                        <customfieldname>Global Rank</customfieldname>
                        <customfieldvalues>
                            <customfieldvalue>24891</customfieldvalue>
                        </customfieldvalues>
                    </customfield>
                                                                                                                                                    <customfield id="customfield_12312521" key="com.atlassian.jira.toolkit:LastCommentDate">
                        <customfieldname>Last public comment date</customfieldname>
                        <customfieldvalues>
                            9 years, 23 weeks, 2 days ago
                        </customfieldvalues>
                    </customfield>
                                                                                            <customfield id="customfield_12311820" key="com.pyxis.greenhopper.jira:gh-lexo-rank">
                        <customfieldname>Rank</customfieldname>
                        <customfieldvalues>
                            <customfieldvalue>0|i0h4dz:</customfieldvalue>

                        </customfieldvalues>
                    </customfield>
                                                                <customfield id="customfield_12310920" key="com.pyxis.greenhopper.jira:gh-global-rank">
                        <customfieldname>Rank (Obsolete)</customfieldname>
                        <customfieldvalues>
                            <customfieldvalue>97973</customfieldvalue>
                        </customfieldvalues>
                    </customfield>
                                                                                                                                                                                                                                                                                                <customfield id="customfield_12310222" key="com.atlassian.jira.ext.charting:timeinstatus">
                        <customfieldname>Time in Status</customfieldname>
                        <customfieldvalues>
                            
                        </customfieldvalues>
                    </customfield>
                                                                                                                        </customfields>
    </item>
</channel>
</rss>