<!-- 
RSS generated by JIRA (6.3.4#6332-sha1:51bc225ef474afe3128b2f66878477f322397b16) at Fri Dec 16 18:46:21 UTC 2016

It is possible to restrict the fields that are returned in this document by specifying the 'field' parameter in your request.
For example, to request only the issue key and summary add field=key&field=summary to the URL of your request.
For example:
https://issues.apache.org/jira/si/jira.issueviews:issue-xml/HBASE-662/HBASE-662.xml?field=key&amp;field=summary
-->
<rss version="0.92" >
<channel>
    <title>ASF JIRA</title>
    <link>https://issues.apache.org/jira</link>
    <description>This file is an XML representation of an issue</description>
    <language>en-uk</language>    <build-info>
        <version>6.3.4</version>
        <build-number>6332</build-number>
        <build-date>15-08-2014</build-date>
    </build-info>

<item>
            <title>[HBASE-662] UI in table.jsp gives META locations, not the table&apos;s regions location</title>
                <link>https://issues.apache.org/jira/browse/HBASE-662</link>
                <project id="12310753" key="HBASE">HBase</project>
                    <description>&lt;p&gt;In HTable.getRegionsInfo()&lt;/p&gt;

&lt;blockquote&gt;
&lt;p&gt;regionMap.put(info, metaLocation.getServerAddress());&lt;/p&gt;&lt;/blockquote&gt;

&lt;p&gt;That returns the meta region location, not the location of the region of the table.&lt;/p&gt;</description>
                <environment></environment>
        <key id="12397400">HBASE-662</key>
            <summary>UI in table.jsp gives META locations, not the table&apos;s regions location</summary>
                <type id="1" iconUrl="https://issues.apache.org/jira/images/icons/issuetypes/bug.png">Bug</type>
                                            <priority id="4" iconUrl="https://issues.apache.org/jira/images/icons/priorities/minor.png">Minor</priority>
                        <status id="6" iconUrl="https://issues.apache.org/jira/images/icons/statuses/closed.png" description="The issue is considered finished, the resolution is correct. Issues which are closed can be reopened.">Closed</status>
                    <statusCategory id="3" key="done" colorName="green"/>
                                    <resolution id="1">Fixed</resolution>
                                        <assignee username="jdcryans">Jean-Daniel Cryans</assignee>
                                    <reporter username="jdcryans">Jean-Daniel Cryans</reporter>
                        <labels>
                    </labels>
                <created>Tue, 3 Jun 2008 18:26:43 +0000</created>
                <updated>Wed, 5 Sep 2012 00:57:14 +0000</updated>
                            <resolved>Tue, 10 Jun 2008 07:53:52 +0000</resolved>
                                                    <fixVersion>0.2.0</fixVersion>
                                    <component>Client</component>
                        <due></due>
                            <votes>0</votes>
                                    <watches>1</watches>
                                                                <comments>
                            <comment id="12602042" author="jdcryans" created="Tue, 3 Jun 2008 19:31:08 +0000"  >&lt;p&gt;Please review.&lt;/p&gt;

&lt;p&gt;I changed metaLocation to regionLocation. Returns what you expect.&lt;/p&gt;</comment>
                            <comment id="12603287" author="stack" created="Sat, 7 Jun 2008 05:00:47 +0000"  >&lt;p&gt;I updated the patch so it applies to trunk.  I tested it but it doesn&apos;t seem to fix issue of the tables page showing all regions hosted on the server carrying .META.  Have I broken something?  Does it work for you J-D?&lt;/p&gt;</comment>
                            <comment id="12603307" author="jdcryans" created="Sat, 7 Jun 2008 14:38:04 +0000"  >&lt;p&gt;Will look at it Monday morning. Sorry for all the historian-related problems.&lt;/p&gt;</comment>
                            <comment id="12603642" author="jdcryans" created="Mon, 9 Jun 2008 18:35:23 +0000"  >&lt;p&gt;It works for me. On a simple setup, META was on node10, the only user region was on node11 and table.jsp showed that it was on node11.&lt;/p&gt;</comment>
                            <comment id="12603795" author="stack" created="Tue, 10 Jun 2008 07:53:52 +0000"  >&lt;p&gt;I committed a version of your patch J-D.  I added a little parser for the meta region rows to extract table name and the row.  I was finding that your version of the patch worked if only one region in a table (all regions beyond the first were reported as being hosted on the same server as was hosting the first region in the table).&lt;/p&gt;

&lt;p&gt;Its still not &apos;perfect&apos; in that the client that is hosted inside the infoserver can have a stale cache of regions so will report wrong addresses for regions; we can later add a &apos;force scan&apos; or some such button so the client&apos;s cache gets fixed.&lt;/p&gt;

&lt;p&gt;Thanks for the patch J-D.&lt;/p&gt;</comment>
                            <comment id="13444808" author="hudson" created="Thu, 30 Aug 2012 09:06:15 +0000"  >&lt;p&gt;Integrated in HBase-TRUNK-on-Hadoop-2.0.0 #154 (See &lt;a href=&quot;https://builds.apache.org/job/HBase-TRUNK-on-Hadoop-2.0.0/154/&quot; class=&quot;external-link&quot; rel=&quot;nofollow&quot;&gt;https://builds.apache.org/job/HBase-TRUNK-on-Hadoop-2.0.0/154/&lt;/a&gt;)&lt;br/&gt;
    &lt;a href=&quot;https://issues.apache.org/jira/browse/HBASE-662&quot; title=&quot;UI in table.jsp gives META locations, not the table&amp;#39;s regions location&quot; class=&quot;issue-link&quot; data-issue-key=&quot;HBASE-662&quot;&gt;&lt;del&gt;HBASE-662&lt;/del&gt;&lt;/a&gt; &lt;span class=&quot;error&quot;&gt;&amp;#91;shell&amp;#93;&lt;/span&gt; Cannot describe &apos;.META.&apos; or &apos;&lt;del&gt;ROOT&lt;/del&gt;&apos; tables (Revision 1378800)&lt;/p&gt;

&lt;p&gt;     Result = FAILURE&lt;br/&gt;
stack : &lt;br/&gt;
Files : &lt;/p&gt;
&lt;ul&gt;
	&lt;li&gt;/hbase/trunk/hbase-server/src/main/java/org/apache/hadoop/hbase/client/HBaseAdmin.java&lt;/li&gt;
&lt;/ul&gt;
</comment>
                            <comment id="13444815" author="hudson" created="Thu, 30 Aug 2012 09:14:46 +0000"  >&lt;p&gt;Integrated in HBase-0.92 #545 (See &lt;a href=&quot;https://builds.apache.org/job/HBase-0.92/545/&quot; class=&quot;external-link&quot; rel=&quot;nofollow&quot;&gt;https://builds.apache.org/job/HBase-0.92/545/&lt;/a&gt;)&lt;br/&gt;
    &lt;a href=&quot;https://issues.apache.org/jira/browse/HBASE-662&quot; title=&quot;UI in table.jsp gives META locations, not the table&amp;#39;s regions location&quot; class=&quot;issue-link&quot; data-issue-key=&quot;HBASE-662&quot;&gt;&lt;del&gt;HBASE-662&lt;/del&gt;&lt;/a&gt; &lt;span class=&quot;error&quot;&gt;&amp;#91;shell&amp;#93;&lt;/span&gt; Cannot describe &apos;.META.&apos; or &apos;&lt;del&gt;ROOT&lt;/del&gt;&apos; tables (Revision 1378803)&lt;/p&gt;

&lt;p&gt;     Result = FAILURE&lt;br/&gt;
stack : &lt;br/&gt;
Files : &lt;/p&gt;
&lt;ul&gt;
	&lt;li&gt;/hbase/branches/0.92/src/main/java/org/apache/hadoop/hbase/client/HBaseAdmin.java&lt;/li&gt;
&lt;/ul&gt;
</comment>
                            <comment id="13444864" author="hudson" created="Thu, 30 Aug 2012 10:53:44 +0000"  >&lt;p&gt;Integrated in HBase-0.92-security #125 (See &lt;a href=&quot;https://builds.apache.org/job/HBase-0.92-security/125/&quot; class=&quot;external-link&quot; rel=&quot;nofollow&quot;&gt;https://builds.apache.org/job/HBase-0.92-security/125/&lt;/a&gt;)&lt;br/&gt;
    &lt;a href=&quot;https://issues.apache.org/jira/browse/HBASE-662&quot; title=&quot;UI in table.jsp gives META locations, not the table&amp;#39;s regions location&quot; class=&quot;issue-link&quot; data-issue-key=&quot;HBASE-662&quot;&gt;&lt;del&gt;HBASE-662&lt;/del&gt;&lt;/a&gt; &lt;span class=&quot;error&quot;&gt;&amp;#91;shell&amp;#93;&lt;/span&gt; Cannot describe &apos;.META.&apos; or &apos;&lt;del&gt;ROOT&lt;/del&gt;&apos; tables (Revision 1378803)&lt;/p&gt;

&lt;p&gt;     Result = FAILURE&lt;br/&gt;
stack : &lt;br/&gt;
Files : &lt;/p&gt;
&lt;ul&gt;
	&lt;li&gt;/hbase/branches/0.92/src/main/java/org/apache/hadoop/hbase/client/HBaseAdmin.java&lt;/li&gt;
&lt;/ul&gt;
</comment>
                            <comment id="13445642" author="hudson" created="Fri, 31 Aug 2012 04:27:32 +0000"  >&lt;p&gt;Integrated in HBase-0.94 #443 (See &lt;a href=&quot;https://builds.apache.org/job/HBase-0.94/443/&quot; class=&quot;external-link&quot; rel=&quot;nofollow&quot;&gt;https://builds.apache.org/job/HBase-0.94/443/&lt;/a&gt;)&lt;br/&gt;
    &lt;a href=&quot;https://issues.apache.org/jira/browse/HBASE-662&quot; title=&quot;UI in table.jsp gives META locations, not the table&amp;#39;s regions location&quot; class=&quot;issue-link&quot; data-issue-key=&quot;HBASE-662&quot;&gt;&lt;del&gt;HBASE-662&lt;/del&gt;&lt;/a&gt; &lt;span class=&quot;error&quot;&gt;&amp;#91;shell&amp;#93;&lt;/span&gt; Cannot describe &apos;.META.&apos; or &apos;&lt;del&gt;ROOT&lt;/del&gt;&apos; tables (Revision 1378802)&lt;/p&gt;

&lt;p&gt;     Result = SUCCESS&lt;br/&gt;
stack : &lt;br/&gt;
Files : &lt;/p&gt;
&lt;ul&gt;
	&lt;li&gt;/hbase/branches/0.94/src/main/java/org/apache/hadoop/hbase/client/HBaseAdmin.java&lt;/li&gt;
&lt;/ul&gt;
</comment>
                            <comment id="13448262" author="hudson" created="Wed, 5 Sep 2012 00:31:37 +0000"  >&lt;p&gt;Integrated in HBase-0.94-security #51 (See &lt;a href=&quot;https://builds.apache.org/job/HBase-0.94-security/51/&quot; class=&quot;external-link&quot; rel=&quot;nofollow&quot;&gt;https://builds.apache.org/job/HBase-0.94-security/51/&lt;/a&gt;)&lt;br/&gt;
    &lt;a href=&quot;https://issues.apache.org/jira/browse/HBASE-662&quot; title=&quot;UI in table.jsp gives META locations, not the table&amp;#39;s regions location&quot; class=&quot;issue-link&quot; data-issue-key=&quot;HBASE-662&quot;&gt;&lt;del&gt;HBASE-662&lt;/del&gt;&lt;/a&gt; &lt;span class=&quot;error&quot;&gt;&amp;#91;shell&amp;#93;&lt;/span&gt; Cannot describe &apos;.META.&apos; or &apos;&lt;del&gt;ROOT&lt;/del&gt;&apos; tables (Revision 1378802)&lt;/p&gt;

&lt;p&gt;     Result = FAILURE&lt;br/&gt;
stack : &lt;br/&gt;
Files : &lt;/p&gt;
&lt;ul&gt;
	&lt;li&gt;/hbase/branches/0.94/src/main/java/org/apache/hadoop/hbase/client/HBaseAdmin.java&lt;/li&gt;
&lt;/ul&gt;
</comment>
                            <comment id="13448301" author="hudson" created="Wed, 5 Sep 2012 00:57:14 +0000"  >&lt;p&gt;Integrated in HBase-0.94-security-on-Hadoop-23 #7 (See &lt;a href=&quot;https://builds.apache.org/job/HBase-0.94-security-on-Hadoop-23/7/&quot; class=&quot;external-link&quot; rel=&quot;nofollow&quot;&gt;https://builds.apache.org/job/HBase-0.94-security-on-Hadoop-23/7/&lt;/a&gt;)&lt;br/&gt;
    &lt;a href=&quot;https://issues.apache.org/jira/browse/HBASE-662&quot; title=&quot;UI in table.jsp gives META locations, not the table&amp;#39;s regions location&quot; class=&quot;issue-link&quot; data-issue-key=&quot;HBASE-662&quot;&gt;&lt;del&gt;HBASE-662&lt;/del&gt;&lt;/a&gt; &lt;span class=&quot;error&quot;&gt;&amp;#91;shell&amp;#93;&lt;/span&gt; Cannot describe &apos;.META.&apos; or &apos;&lt;del&gt;ROOT&lt;/del&gt;&apos; tables (Revision 1378802)&lt;br/&gt;
&lt;a href=&quot;https://issues.apache.org/jira/browse/HBASE-6623&quot; title=&quot;[replication] replication metrics value AgeOfLastShippedOp is not set correctly&quot; class=&quot;issue-link&quot; data-issue-key=&quot;HBASE-6623&quot;&gt;&lt;del&gt;HBASE-6623&lt;/del&gt;&lt;/a&gt; &lt;span class=&quot;error&quot;&gt;&amp;#91;replication&amp;#93;&lt;/span&gt; replication metrics value AgeOfLastShippedOp is not set correctly (Revision 1377036)&lt;br/&gt;
&lt;a href=&quot;https://issues.apache.org/jira/browse/HBASE-6621&quot; title=&quot;Reduce calls to Bytes.toInt&quot; class=&quot;issue-link&quot; data-issue-key=&quot;HBASE-6621&quot;&gt;&lt;del&gt;HBASE-6621&lt;/del&gt;&lt;/a&gt; Reduce calls to Bytes.toInt (Revision 1375665)&lt;/p&gt;

&lt;p&gt;     Result = FAILURE&lt;br/&gt;
stack : &lt;br/&gt;
Files : &lt;/p&gt;
&lt;ul&gt;
	&lt;li&gt;/hbase/branches/0.94/src/main/java/org/apache/hadoop/hbase/client/HBaseAdmin.java&lt;/li&gt;
&lt;/ul&gt;


&lt;p&gt;stack : &lt;br/&gt;
Files : &lt;/p&gt;
&lt;ul&gt;
	&lt;li&gt;/hbase/branches/0.94/src/main/java/org/apache/hadoop/hbase/replication/regionserver/ReplicationSource.java&lt;/li&gt;
&lt;/ul&gt;


&lt;p&gt;larsh : &lt;br/&gt;
Files : &lt;/p&gt;
&lt;ul&gt;
	&lt;li&gt;/hbase/branches/0.94/src/main/java/org/apache/hadoop/hbase/KeyValue.java&lt;/li&gt;
	&lt;li&gt;/hbase/branches/0.94/src/main/java/org/apache/hadoop/hbase/io/hfile/HFileReaderV2.java&lt;/li&gt;
&lt;/ul&gt;
</comment>
                    </comments>
                    <attachments>
                            <attachment id="12383616" name="662-v2.patch" size="4380" author="stack" created="Sat, 7 Jun 2008 05:00:47 +0000"/>
                            <attachment id="12383315" name="hbase-662-v1.patch" size="4387" author="jdcryans" created="Tue, 3 Jun 2008 19:31:08 +0000"/>
                    </attachments>
                <subtasks>
                    </subtasks>
                <customfields>
                                                <customfield id="customfield_12310310" key="com.atlassian.jira.toolkit:attachments">
                        <customfieldname>Attachment count</customfieldname>
                        <customfieldvalues>
                            <customfieldvalue>2.0</customfieldvalue>
                        </customfieldvalues>
                    </customfield>
                                                                                                                                                                                                                                                                                                                                                                                                                                                                                                                                <customfield id="customfield_12310220" key="com.atlassian.jira.ext.charting:firstresponsedate">
                        <customfieldname>Date of First Response</customfieldname>
                        <customfieldvalues>
                            <customfieldvalue>Sat, 7 Jun 2008 05:00:47 +0000</customfieldvalue>

                        </customfieldvalues>
                    </customfield>
                                                                                                                                                                                                                                                                                                                                                                                                                                            <customfield id="customfield_12310420" key="com.pyxis.greenhopper.jira:gh-global-rank">
                        <customfieldname>Global Rank</customfieldname>
                        <customfieldvalues>
                            <customfieldvalue>25320</customfieldvalue>
                        </customfieldvalues>
                    </customfield>
                                                                                                                                                    <customfield id="customfield_12312521" key="com.atlassian.jira.toolkit:LastCommentDate">
                        <customfieldname>Last public comment date</customfieldname>
                        <customfieldvalues>
                            4 years, 15 weeks, 2 days ago
                        </customfieldvalues>
                    </customfield>
                                                                                            <customfield id="customfield_12311820" key="com.pyxis.greenhopper.jira:gh-lexo-rank">
                        <customfieldname>Rank</customfieldname>
                        <customfieldvalues>
                            <customfieldvalue>0|i0h8of:</customfieldvalue>

                        </customfieldvalues>
                    </customfield>
                                                                <customfield id="customfield_12310920" key="com.pyxis.greenhopper.jira:gh-global-rank">
                        <customfieldname>Rank (Obsolete)</customfieldname>
                        <customfieldvalues>
                            <customfieldvalue>98668</customfieldvalue>
                        </customfieldvalues>
                    </customfield>
                                                                                                                                                                                                                                                                                                <customfield id="customfield_12310222" key="com.atlassian.jira.ext.charting:timeinstatus">
                        <customfieldname>Time in Status</customfieldname>
                        <customfieldvalues>
                            
                        </customfieldvalues>
                    </customfield>
                                                                                                                        </customfields>
    </item>
</channel>
</rss>