<!-- 
RSS generated by JIRA (6.3.4#6332-sha1:51bc225ef474afe3128b2f66878477f322397b16) at Fri Dec 16 18:44:51 UTC 2016

It is possible to restrict the fields that are returned in this document by specifying the 'field' parameter in your request.
For example, to request only the issue key and summary add field=key&field=summary to the URL of your request.
For example:
https://issues.apache.org/jira/si/jira.issueviews:issue-xml/HBASE-503/HBASE-503.xml?field=key&amp;field=summary
-->
<rss version="0.92" >
<channel>
    <title>ASF JIRA</title>
    <link>https://issues.apache.org/jira</link>
    <description>This file is an XML representation of an issue</description>
    <language>en-uk</language>    <build-info>
        <version>6.3.4</version>
        <build-number>6332</build-number>
        <build-date>15-08-2014</build-date>
    </build-info>

<item>
            <title>[HBASE-503] cluster won&apos;t shut down</title>
                <link>https://issues.apache.org/jira/browse/HBASE-503</link>
                <project id="12310753" key="HBASE">HBase</project>
                    <description>&lt;p&gt;Master is stuck trying to shutdown.  It gets confused if its not running the shutdown.  Scenario is cluster is being monitored by a watcher process.  When a server goes down, its restarted.  In this environment, all hbase was updated then each server was restarted.  The regionservers bounced fine but the master won&apos;t go down.  Its stuck servicing reports of newly started regionservers to whom it sends a shutdown.... but cluster is of such a size that the master hasn&apos;t gone down by the time the regionserver starts again.  Here is how the master log looks for one server:&lt;/p&gt;

&lt;div class=&quot;code panel&quot; style=&quot;border-width: 1px;&quot;&gt;&lt;div class=&quot;codeContent panelContent&quot;&gt;
&lt;pre class=&quot;code-java&quot;&gt;2008-03-11 20:47:08,198 INFO org.apache.hadoop.hbase.HMaster: Cancelling lease &lt;span class=&quot;code-keyword&quot;&gt;for&lt;/span&gt; XX.XX.XX.122:60020
2008-03-11 20:47:08,198 INFO org.apache.hadoop.hbase.HMaster: Region server XX.XX.XX.122:60020: MSG_REPORT_EXITING -- lease cancelled
2008-03-11 20:47:08,398 DEBUG org.apache.hadoop.hbase.HMaster: Region server XX.XX.XX.122:60020: MSG_REPORT_EXITING -- cancelling lease
2008-03-11 20:47:16,421 INFO org.apache.hadoop.hbase.HMaster: received start message from: XX.XX.XX.122:60020
2008-03-11 20:47:20,163 DEBUG org.apache.hadoop.hbase.HMaster: Region server XX.XX.XX.122:60020: MSG_REPORT_EXITING -- cancelling lease
2008-03-11 20:47:20,163 INFO org.apache.hadoop.hbase.HMaster: Cancelling lease &lt;span class=&quot;code-keyword&quot;&gt;for&lt;/span&gt; XX.XX.XX.122:60020
2008-03-11 20:47:20,163 INFO org.apache.hadoop.hbase.HMaster: Region server XX.XX.XX.122:60020: MSG_REPORT_EXITING -- lease cancelled
2008-03-11 20:47:20,393 DEBUG org.apache.hadoop.hbase.HMaster: Region server XX.XX.XX.122:60020: MSG_REPORT_EXITING -- cancelling lease
2008-03-11 20:47:28,374 INFO org.apache.hadoop.hbase.HMaster: received start message from: XX.XX.XX.122:600
202008-03-11 20:47:32,095 DEBUG org.apache.hadoop.hbase.HMaster: Region server XX.XX.XX.122:60020: MSG_REPORT_EXITING -- cancelling lease
2008-03-11 20:47:32,095 INFO org.apache.hadoop.hbase.HMaster: Cancelling lease &lt;span class=&quot;code-keyword&quot;&gt;for&lt;/span&gt; XX.XX.XX.122:60020
2008-03-11 20:47:32,095 INFO org.apache.hadoop.hbase.HMaster: Region server XX.XX.XX.122:60020: MSG_REPORT_EXITING -- lease cancelled
2008-03-11 20:47:32,274 DEBUG org.apache.hadoop.hbase.HMaster: Region server XX.XX.XX.122:60020: MSG_REPORT_EXITING -- cancelling lease
&lt;/pre&gt;
&lt;/div&gt;&lt;/div&gt;</description>
                <environment></environment>
        <key id="12390788">HBASE-503</key>
            <summary>cluster won&apos;t shut down</summary>
                <type id="1" iconUrl="https://issues.apache.org/jira/images/icons/issuetypes/bug.png">Bug</type>
                                            <priority id="4" iconUrl="https://issues.apache.org/jira/images/icons/priorities/minor.png">Minor</priority>
                        <status id="5" iconUrl="https://issues.apache.org/jira/images/icons/statuses/resolved.png" description="A resolution has been taken, and it is awaiting verification by reporter. From here issues are either reopened, or are closed.">Resolved</status>
                    <statusCategory id="3" key="done" colorName="green"/>
                                    <resolution id="2">Won&apos;t Fix</resolution>
                                        <assignee username="-1">Unassigned</assignee>
                                    <reporter username="stack">stack</reporter>
                        <labels>
                    </labels>
                <created>Tue, 11 Mar 2008 20:49:51 +0000</created>
                <updated>Wed, 8 Jul 2009 20:24:36 +0000</updated>
                            <resolved>Wed, 8 Jul 2009 20:24:36 +0000</resolved>
                                    <version>0.16.0</version>
                    <version>0.1.0</version>
                    <version>0.2.0</version>
                                                        <due></due>
                            <votes>0</votes>
                                    <watches>0</watches>
                                                                <comments>
                            <comment id="12643574" author="stack" created="Wed, 29 Oct 2008 18:18:51 +0000"  >&lt;p&gt;Marking minor.  The babysitting process was root cause.  We should be able to deal though.&lt;/p&gt;</comment>
                            <comment id="12728881" author="stack" created="Wed, 8 Jul 2009 20:24:36 +0000"  >&lt;p&gt;Issue is too old and original description was about a process watched by errant babysitter.&lt;/p&gt;</comment>
                    </comments>
                    <attachments>
                    </attachments>
                <subtasks>
                    </subtasks>
                <customfields>
                                                <customfield id="customfield_12310310" key="com.atlassian.jira.toolkit:attachments">
                        <customfieldname>Attachment count</customfieldname>
                        <customfieldvalues>
                            <customfieldvalue>0.0</customfieldvalue>
                        </customfieldvalues>
                    </customfield>
                                                                                                                                                                                                                                                                                                                                                                                                                                                                                                                                                                                                                                                                                                                                                                                                                                                                                                                                        <customfield id="customfield_12310420" key="com.pyxis.greenhopper.jira:gh-global-rank">
                        <customfieldname>Global Rank</customfieldname>
                        <customfieldvalues>
                            <customfieldvalue>25235</customfieldvalue>
                        </customfieldvalues>
                    </customfield>
                                                                                                                                                    <customfield id="customfield_12312521" key="com.atlassian.jira.toolkit:LastCommentDate">
                        <customfieldname>Last public comment date</customfieldname>
                        <customfieldvalues>
                            7 years, 24 weeks, 1 day ago
                        </customfieldvalues>
                    </customfield>
                                                                                            <customfield id="customfield_12311820" key="com.pyxis.greenhopper.jira:gh-lexo-rank">
                        <customfieldname>Rank</customfieldname>
                        <customfieldvalues>
                            <customfieldvalue>0|i0h7p3:</customfieldvalue>

                        </customfieldvalues>
                    </customfield>
                                                                <customfield id="customfield_12310920" key="com.pyxis.greenhopper.jira:gh-global-rank">
                        <customfieldname>Rank (Obsolete)</customfieldname>
                        <customfieldvalues>
                            <customfieldvalue>98509</customfieldvalue>
                        </customfieldvalues>
                    </customfield>
                                                                                                                                                                                                                                                                                                <customfield id="customfield_12310222" key="com.atlassian.jira.ext.charting:timeinstatus">
                        <customfieldname>Time in Status</customfieldname>
                        <customfieldvalues>
                            
                        </customfieldvalues>
                    </customfield>
                                                                                                                        </customfields>
    </item>
</channel>
</rss>