<!-- 
RSS generated by JIRA (6.3.4#6332-sha1:51bc225ef474afe3128b2f66878477f322397b16) at Fri Dec 16 18:49:35 UTC 2016

It is possible to restrict the fields that are returned in this document by specifying the 'field' parameter in your request.
For example, to request only the issue key and summary add field=key&field=summary to the URL of your request.
For example:
https://issues.apache.org/jira/si/jira.issueviews:issue-xml/HBASE-994/HBASE-994.xml?field=key&amp;field=summary
-->
<rss version="0.92" >
<channel>
    <title>ASF JIRA</title>
    <link>https://issues.apache.org/jira</link>
    <description>This file is an XML representation of an issue</description>
    <language>en-uk</language>    <build-info>
        <version>6.3.4</version>
        <build-number>6332</build-number>
        <build-date>15-08-2014</build-date>
    </build-info>

<item>
            <title>[HBASE-994] IPC interfaces with different versions can cause problems</title>
                <link>https://issues.apache.org/jira/browse/HBASE-994</link>
                <project id="12310753" key="HBASE">HBase</project>
                    <description>&lt;p&gt;This morning we ran into a situation in which some 0.2.x region servers started up and joined a 0.18.1 cluster. &lt;/p&gt;

&lt;p&gt;This &apos;sort of&apos; worked in that the hrs could communicate with the master, but clients could not communicate with the 0.2 region servers because the api version changed (the master wouldn&apos;t have liked it if it had deployed root or meta there).&lt;/p&gt;

&lt;p&gt;Suggestion is that we have a single api version that gets bumped when any of the interfaces changes.&lt;/p&gt;</description>
                <environment></environment>
        <key id="12408282">HBASE-994</key>
            <summary>IPC interfaces with different versions can cause problems</summary>
                <type id="1" iconUrl="https://issues.apache.org/jira/images/icons/issuetypes/bug.png">Bug</type>
                                            <priority id="3" iconUrl="https://issues.apache.org/jira/images/icons/priorities/major.png">Major</priority>
                        <status id="6" iconUrl="https://issues.apache.org/jira/images/icons/statuses/closed.png" description="The issue is considered finished, the resolution is correct. Issues which are closed can be reopened.">Closed</status>
                    <statusCategory id="3" key="done" colorName="green"/>
                                    <resolution id="1">Fixed</resolution>
                                        <assignee username="jimk">Jim Kellerman</assignee>
                                    <reporter username="jimk">Jim Kellerman</reporter>
                        <labels>
                    </labels>
                <created>Tue, 11 Nov 2008 19:38:11 +0000</created>
                <updated>Sun, 13 Sep 2009 22:26:32 +0000</updated>
                            <resolved>Tue, 11 Nov 2008 23:10:11 +0000</resolved>
                                    <version>0.2.1</version>
                    <version>0.18.0</version>
                    <version>0.18.1</version>
                    <version>0.19.0</version>
                                    <fixVersion>0.19.0</fixVersion>
                                    <component>IPC/RPC</component>
                        <due></due>
                            <votes>0</votes>
                                    <watches>0</watches>
                                                                <comments>
                            <comment id="12646722" author="jimk" created="Tue, 11 Nov 2008 23:10:11 +0000"  >&lt;p&gt;Committed. Resolving issue.&lt;/p&gt;</comment>
                    </comments>
                    <attachments>
                    </attachments>
                <subtasks>
                    </subtasks>
                <customfields>
                                                <customfield id="customfield_12310310" key="com.atlassian.jira.toolkit:attachments">
                        <customfieldname>Attachment count</customfieldname>
                        <customfieldvalues>
                            <customfieldvalue>0.0</customfieldvalue>
                        </customfieldvalues>
                    </customfield>
                                                                                                                                                                                                                                                                                                                                                                                                                                                                                                                                                                                                                                                                                                                                                                                                                                                                                                                                        <customfield id="customfield_12310420" key="com.pyxis.greenhopper.jira:gh-global-rank">
                        <customfieldname>Global Rank</customfieldname>
                        <customfieldvalues>
                            <customfieldvalue>25516</customfieldvalue>
                        </customfieldvalues>
                    </customfield>
                                                                                                                                                    <customfield id="customfield_12312521" key="com.atlassian.jira.toolkit:LastCommentDate">
                        <customfieldname>Last public comment date</customfieldname>
                        <customfieldvalues>
                            8 years, 6 weeks, 2 days ago
                        </customfieldvalues>
                    </customfield>
                                                                                            <customfield id="customfield_12311820" key="com.pyxis.greenhopper.jira:gh-lexo-rank">
                        <customfieldname>Rank</customfieldname>
                        <customfieldvalues>
                            <customfieldvalue>0|i0hapj:</customfieldvalue>

                        </customfieldvalues>
                    </customfield>
                                                                <customfield id="customfield_12310920" key="com.pyxis.greenhopper.jira:gh-global-rank">
                        <customfieldname>Rank (Obsolete)</customfieldname>
                        <customfieldvalues>
                            <customfieldvalue>98997</customfieldvalue>
                        </customfieldvalues>
                    </customfield>
                                                                                                                                                                                                                                                                                                <customfield id="customfield_12310222" key="com.atlassian.jira.ext.charting:timeinstatus">
                        <customfieldname>Time in Status</customfieldname>
                        <customfieldvalues>
                            
                        </customfieldvalues>
                    </customfield>
                                                                                                                        </customfields>
    </item>
</channel>
</rss>