<!-- 
RSS generated by JIRA (6.3.4#6332-sha1:51bc225ef474afe3128b2f66878477f322397b16) at Fri Dec 16 18:48:01 UTC 2016

It is possible to restrict the fields that are returned in this document by specifying the 'field' parameter in your request.
For example, to request only the issue key and summary add field=key&field=summary to the URL of your request.
For example:
https://issues.apache.org/jira/si/jira.issueviews:issue-xml/HBASE-842/HBASE-842.xml?field=key&amp;field=summary
-->
<rss version="0.92" >
<channel>
    <title>ASF JIRA</title>
    <link>https://issues.apache.org/jira</link>
    <description>This file is an XML representation of an issue</description>
    <language>en-uk</language>    <build-info>
        <version>6.3.4</version>
        <build-number>6332</build-number>
        <build-date>15-08-2014</build-date>
    </build-info>

<item>
            <title>[HBASE-842] Remove methods that have Text as a parameter and were deprecated in 0.2.1</title>
                <link>https://issues.apache.org/jira/browse/HBASE-842</link>
                <project id="12310753" key="HBASE">HBase</project>
                    <description>&lt;p&gt;&lt;a href=&quot;https://issues.apache.org/jira/browse/HBASE-799&quot; title=&quot;Deprecate all remaining methods that take Text as a parameter&quot; class=&quot;issue-link&quot; data-issue-key=&quot;HBASE-799&quot;&gt;&lt;del&gt;HBASE-799&lt;/del&gt;&lt;/a&gt; deprecated methods that take Text as a parameter in hbase-0.2.1&lt;/p&gt;

&lt;p&gt;For this release, those same methods should be removed.&lt;/p&gt;</description>
                <environment></environment>
        <key id="12403000">HBASE-842</key>
            <summary>Remove methods that have Text as a parameter and were deprecated in 0.2.1</summary>
                <type id="3" iconUrl="https://issues.apache.org/jira/images/icons/issuetypes/task.png">Task</type>
                                            <priority id="1" iconUrl="https://issues.apache.org/jira/images/icons/priorities/blocker.png">Blocker</priority>
                        <status id="6" iconUrl="https://issues.apache.org/jira/images/icons/statuses/closed.png" description="The issue is considered finished, the resolution is correct. Issues which are closed can be reopened.">Closed</status>
                    <statusCategory id="3" key="done" colorName="green"/>
                                    <resolution id="1">Fixed</resolution>
                                        <assignee username="jdcryans">Jean-Daniel Cryans</assignee>
                                    <reporter username="jimk">Jim Kellerman</reporter>
                        <labels>
                    </labels>
                <created>Mon, 25 Aug 2008 16:30:19 +0000</created>
                <updated>Sun, 13 Sep 2009 22:33:29 +0000</updated>
                            <resolved>Thu, 28 Aug 2008 19:28:40 +0000</resolved>
                                    <version>0.18.0</version>
                                    <fixVersion>0.18.0</fixVersion>
                                        <due></due>
                            <votes>0</votes>
                                    <watches>0</watches>
                                                                <comments>
                            <comment id="12625422" author="jimk" created="Mon, 25 Aug 2008 16:35:15 +0000"  >&lt;p&gt;Made blocker because if not done in this release, it must be deferred to 0.19.0&lt;/p&gt;</comment>
                            <comment id="12626682" author="jdcryans" created="Thu, 28 Aug 2008 18:29:15 +0000"  >&lt;p&gt;Review please. Thanks to Izaak for discussing this one with me.&lt;/p&gt;</comment>
                            <comment id="12626709" author="jimk" created="Thu, 28 Aug 2008 19:28:40 +0000"  >&lt;p&gt;Committed. Thanks for the patch JD! (and thanks Izaak for helping him)&lt;/p&gt;</comment>
                    </comments>
                <issuelinks>
                            <issuelinktype id="10032">
                    <name>Blocker</name>
                                                                <inwardlinks description="is blocked by">
                                        <issuelink>
            <issuekey id="12401807">HBASE-799</issuekey>
        </issuelink>
                            </inwardlinks>
                                    </issuelinktype>
                    </issuelinks>
                <attachments>
                            <attachment id="12389110" name="hbase-842.patch" size="42191" author="jdcryans" created="Thu, 28 Aug 2008 18:29:15 +0000"/>
                    </attachments>
                <subtasks>
                    </subtasks>
                <customfields>
                                                <customfield id="customfield_12310310" key="com.atlassian.jira.toolkit:attachments">
                        <customfieldname>Attachment count</customfieldname>
                        <customfieldvalues>
                            <customfieldvalue>1.0</customfieldvalue>
                        </customfieldvalues>
                    </customfield>
                                                                                                                                                                                                                                                                                                                                                                                                                                                                                                                                <customfield id="customfield_12310220" key="com.atlassian.jira.ext.charting:firstresponsedate">
                        <customfieldname>Date of First Response</customfieldname>
                        <customfieldvalues>
                            <customfieldvalue>Thu, 28 Aug 2008 18:29:15 +0000</customfieldvalue>

                        </customfieldvalues>
                    </customfield>
                                                                                                                                                                                                                                                                                                                                                                                                                                            <customfield id="customfield_12310420" key="com.pyxis.greenhopper.jira:gh-global-rank">
                        <customfieldname>Global Rank</customfieldname>
                        <customfieldvalues>
                            <customfieldvalue>31874</customfieldvalue>
                        </customfieldvalues>
                    </customfield>
                                                                                                                                                    <customfield id="customfield_12312521" key="com.atlassian.jira.toolkit:LastCommentDate">
                        <customfieldname>Last public comment date</customfieldname>
                        <customfieldvalues>
                            8 years, 17 weeks ago
                        </customfieldvalues>
                    </customfield>
                                                                                            <customfield id="customfield_12311820" key="com.pyxis.greenhopper.jira:gh-lexo-rank">
                        <customfieldname>Rank</customfieldname>
                        <customfieldvalues>
                            <customfieldvalue>0|i0h9s7:</customfieldvalue>

                        </customfieldvalues>
                    </customfield>
                                                                <customfield id="customfield_12310920" key="com.pyxis.greenhopper.jira:gh-global-rank">
                        <customfieldname>Rank (Obsolete)</customfieldname>
                        <customfieldvalues>
                            <customfieldvalue>98847</customfieldvalue>
                        </customfieldvalues>
                    </customfield>
                                                                                                                                                                                                                                                                                                <customfield id="customfield_12310222" key="com.atlassian.jira.ext.charting:timeinstatus">
                        <customfieldname>Time in Status</customfieldname>
                        <customfieldvalues>
                            
                        </customfieldvalues>
                    </customfield>
                                                                                                                        </customfields>
    </item>
</channel>
</rss>