<!-- 
RSS generated by JIRA (6.3.4#6332-sha1:51bc225ef474afe3128b2f66878477f322397b16) at Fri Dec 16 18:41:36 UTC 2016

It is possible to restrict the fields that are returned in this document by specifying the 'field' parameter in your request.
For example, to request only the issue key and summary add field=key&field=summary to the URL of your request.
For example:
https://issues.apache.org/jira/si/jira.issueviews:issue-xml/HBASE-161/HBASE-161.xml?field=key&amp;field=summary
-->
<rss version="0.92" >
<channel>
    <title>ASF JIRA</title>
    <link>https://issues.apache.org/jira</link>
    <description>This file is an XML representation of an issue</description>
    <language>en-uk</language>    <build-info>
        <version>6.3.4</version>
        <build-number>6332</build-number>
        <build-date>15-08-2014</build-date>
    </build-info>

<item>
            <title>[HBASE-161] On shutdown, IOE with complaint &apos;Cannot cancel lease that is not held&apos;</title>
                <link>https://issues.apache.org/jira/browse/HBASE-161</link>
                <project id="12310753" key="HBASE">HBase</project>
                    <description>&lt;p&gt;07/06/04 10:58:23 INFO ipc.Server: IPC Server handler 4 on 60000, call regionServerReport(address: 127.0.0.1:60010, startcode: 6879895887129135629, [Lorg.apache.hadoop.hbase.HMsg;@d1cdf7) from 127.0.0.1:63612: error: java.io.IOException: Cannot cancel lease that is not held: &amp;lt;holderId=127.0.0.1:60010, resourceId=127.0.0.1:60010&amp;gt;&lt;br/&gt;
java.io.IOException: Cannot cancel lease that is not held: &amp;lt;holderId=127.0.0.1:60010, resourceId=127.0.0.1:60010&amp;gt;&lt;br/&gt;
        at org.apache.hadoop.hbase.Leases.cancelLease(Leases.java:150)&lt;br/&gt;
        at org.apache.hadoop.hbase.HMaster.regionServerReport(HMaster.java:782)&lt;br/&gt;
        at sun.reflect.NativeMethodAccessorImpl.invoke0(Native Method)&lt;br/&gt;
        at sun.reflect.NativeMethodAccessorImpl.invoke(NativeMethodAccessorImpl.java:39)&lt;br/&gt;
        at sun.reflect.DelegatingMethodAccessorImpl.invoke(DelegatingMethodAccessorImpl.java:25)&lt;br/&gt;
        at java.lang.reflect.Method.invoke(Method.java:585)&lt;br/&gt;
        at org.apache.hadoop.ipc.RPC$Server.call(RPC.java:341)&lt;br/&gt;
        at org.apache.hadoop.ipc.Server$Handler.run(Server.java:567)&lt;br/&gt;
07/06/04 10:58:23 WARN hbase.HRegionServer: org.apache.hadoop.ipc.RemoteException: java.io.IOException: Cannot cancel lease that is not held: &amp;lt;holderId=127.0.0.1:60010, resourceId=127.0.0.1:60010&amp;gt;&lt;br/&gt;
        at org.apache.hadoop.hbase.Leases.cancelLease(Leases.java:150)&lt;br/&gt;
        at org.apache.hadoop.hbase.HMaster.regionServerReport(HMaster.java:782)&lt;br/&gt;
        at sun.reflect.NativeMethodAccessorImpl.invoke0(Native Method)&lt;br/&gt;
        at sun.reflect.NativeMethodAccessorImpl.invoke(NativeMethodAccessorImpl.java:39)&lt;br/&gt;
        at sun.reflect.DelegatingMethodAccessorImpl.invoke(DelegatingMethodAccessorImpl.java:25)&lt;br/&gt;
        at java.lang.reflect.Method.invoke(Method.java:585)&lt;br/&gt;
        at org.apache.hadoop.ipc.RPC$Server.call(RPC.java:341)&lt;br/&gt;
        at org.apache.hadoop.ipc.Server$Handler.run(Server.java:567)&lt;/p&gt;</description>
                <environment></environment>
        <key id="12370862">HBASE-161</key>
            <summary>On shutdown, IOE with complaint &apos;Cannot cancel lease that is not held&apos;</summary>
                <type id="1" iconUrl="https://issues.apache.org/jira/images/icons/issuetypes/bug.png">Bug</type>
                                            <priority id="4" iconUrl="https://issues.apache.org/jira/images/icons/priorities/minor.png">Minor</priority>
                        <status id="6" iconUrl="https://issues.apache.org/jira/images/icons/statuses/closed.png" description="The issue is considered finished, the resolution is correct. Issues which are closed can be reopened.">Closed</status>
                    <statusCategory id="3" key="done" colorName="green"/>
                                    <resolution id="1">Fixed</resolution>
                                        <assignee username="-1">Unassigned</assignee>
                                    <reporter username="stack">stack</reporter>
                        <labels>
                    </labels>
                <created>Mon, 4 Jun 2007 18:00:23 +0000</created>
                <updated>Mon, 4 Feb 2008 18:40:55 +0000</updated>
                            <resolved>Tue, 5 Jun 2007 15:13:32 +0000</resolved>
                                                                        <due></due>
                            <votes>0</votes>
                                    <watches>0</watches>
                                                                <comments>
                            <comment id="12501309" author="stack" created="Mon, 4 Jun 2007 18:32:42 +0000"  >&lt;p&gt;Only cancel lease first time through shutdown block.&lt;/p&gt;

&lt;p&gt;Commit message:&lt;/p&gt;

&lt;p&gt;&lt;a href=&quot;https://issues.apache.org/jira/browse/HBASE-161&quot; title=&quot;On shutdown, IOE with complaint &amp;#39;Cannot cancel lease that is not held&amp;#39;&quot; class=&quot;issue-link&quot; data-issue-key=&quot;HBASE-161&quot;&gt;&lt;del&gt;HADOOP-1460&lt;/del&gt;&lt;/a&gt; &apos;On shutdown, IOE with complaint &apos;Cannot cancel lease that is not&lt;br/&gt;
held&apos;&apos;&lt;/p&gt;

&lt;ul&gt;
	&lt;li&gt;src/contrib/hbase/src/java/org/apache/hadoop/hbase/HMaster.java&lt;br/&gt;
    (regionServerReport): The close block can run more than once. Only&lt;br/&gt;
    cancel lease first time block is run.&lt;/li&gt;
	&lt;li&gt;src/contrib/hbase/conf/hbase-site.xml&lt;br/&gt;
    Remove local config. accidentally committed as part of hadop-1445 commit.&lt;/li&gt;
	&lt;li&gt;src/contrib/hbase/src/java/org/apache/hadoop/hbase/Leases.java&lt;br/&gt;
    If DEBUG enabled, log getting, renewing and cancelling of leases.&lt;br/&gt;
    (getLeaseName): Added.&lt;/li&gt;
&lt;/ul&gt;
</comment>
                            <comment id="12501320" author="hadoopqa" created="Mon, 4 Jun 2007 19:25:03 +0000"  >&lt;p&gt;+1&lt;/p&gt;

&lt;p&gt;&lt;a href=&quot;http://issues.apache.org/jira/secure/attachment/12358894/hadoop1460.patch&quot; class=&quot;external-link&quot; rel=&quot;nofollow&quot;&gt;http://issues.apache.org/jira/secure/attachment/12358894/hadoop1460.patch&lt;/a&gt; applied and successfully tested against trunk revision r544188.&lt;/p&gt;

&lt;p&gt;Test results:   &lt;a href=&quot;http://lucene.zones.apache.org:8080/hudson/job/Hadoop-Patch/244/testReport/&quot; class=&quot;external-link&quot; rel=&quot;nofollow&quot;&gt;http://lucene.zones.apache.org:8080/hudson/job/Hadoop-Patch/244/testReport/&lt;/a&gt;&lt;br/&gt;
Console output: &lt;a href=&quot;http://lucene.zones.apache.org:8080/hudson/job/Hadoop-Patch/244/console&quot; class=&quot;external-link&quot; rel=&quot;nofollow&quot;&gt;http://lucene.zones.apache.org:8080/hudson/job/Hadoop-Patch/244/console&lt;/a&gt;&lt;/p&gt;</comment>
                            <comment id="12501589" author="jimk" created="Tue, 5 Jun 2007 15:13:32 +0000"  >&lt;p&gt;I just committed this. Thanks Michael.&lt;/p&gt;</comment>
                    </comments>
                    <attachments>
                            <attachment id="12358894" name="hadoop1460.patch" size="10311" author="stack" created="Mon, 4 Jun 2007 18:32:42 +0000"/>
                    </attachments>
                <subtasks>
                    </subtasks>
                <customfields>
                                                <customfield id="customfield_12310310" key="com.atlassian.jira.toolkit:attachments">
                        <customfieldname>Attachment count</customfieldname>
                        <customfieldvalues>
                            <customfieldvalue>1.0</customfieldvalue>
                        </customfieldvalues>
                    </customfield>
                                                                                                                                                                                                                                                                                                                                                                                                                                                                                                                                <customfield id="customfield_12310220" key="com.atlassian.jira.ext.charting:firstresponsedate">
                        <customfieldname>Date of First Response</customfieldname>
                        <customfieldvalues>
                            <customfieldvalue>Mon, 4 Jun 2007 19:25:03 +0000</customfieldvalue>

                        </customfieldvalues>
                    </customfield>
                                                                                                                                                                                                                                                                                                                                                                                                                                            <customfield id="customfield_12310420" key="com.pyxis.greenhopper.jira:gh-global-rank">
                        <customfieldname>Global Rank</customfieldname>
                        <customfieldvalues>
                            <customfieldvalue>24945</customfieldvalue>
                        </customfieldvalues>
                    </customfield>
                                                                                                                                                    <customfield id="customfield_12312521" key="com.atlassian.jira.toolkit:LastCommentDate">
                        <customfieldname>Last public comment date</customfieldname>
                        <customfieldvalues>
                            9 years, 29 weeks, 3 days ago
                        </customfieldvalues>
                    </customfield>
                                                                                            <customfield id="customfield_12311820" key="com.pyxis.greenhopper.jira:gh-lexo-rank">
                        <customfieldname>Rank</customfieldname>
                        <customfieldvalues>
                            <customfieldvalue>0|i0h4z3:</customfieldvalue>

                        </customfieldvalues>
                    </customfield>
                                                                <customfield id="customfield_12310920" key="com.pyxis.greenhopper.jira:gh-global-rank">
                        <customfieldname>Rank (Obsolete)</customfieldname>
                        <customfieldvalues>
                            <customfieldvalue>98068</customfieldvalue>
                        </customfieldvalues>
                    </customfield>
                                                                                                                                                                                                                                                                                                <customfield id="customfield_12310222" key="com.atlassian.jira.ext.charting:timeinstatus">
                        <customfieldname>Time in Status</customfieldname>
                        <customfieldvalues>
                            
                        </customfieldvalues>
                    </customfield>
                                                                                                                        </customfields>
    </item>
</channel>
</rss>