<!-- 
RSS generated by JIRA (6.3.4#6332-sha1:51bc225ef474afe3128b2f66878477f322397b16) at Fri Dec 16 18:40:12 UTC 2016

It is possible to restrict the fields that are returned in this document by specifying the 'field' parameter in your request.
For example, to request only the issue key and summary add field=key&field=summary to the URL of your request.
For example:
https://issues.apache.org/jira/si/jira.issueviews:issue-xml/HBASE-17/HBASE-17.xml?field=key&amp;field=summary
-->
<rss version="0.92" >
<channel>
    <title>ASF JIRA</title>
    <link>https://issues.apache.org/jira</link>
    <description>This file is an XML representation of an issue</description>
    <language>en-uk</language>    <build-info>
        <version>6.3.4</version>
        <build-number>6332</build-number>
        <build-date>15-08-2014</build-date>
    </build-info>

<item>
            <title>[HBASE-17] [hbase] Client exits with IllegalStateException</title>
                <link>https://issues.apache.org/jira/browse/HBASE-17</link>
                <project id="12310753" key="HBASE">HBase</project>
                    <description>&lt;p&gt;Running a load test, I see clients exiting with the below exception:&lt;/p&gt;

&lt;div class=&quot;code panel&quot; style=&quot;border-width: 1px;&quot;&gt;&lt;div class=&quot;codeContent panelContent&quot;&gt;
&lt;pre class=&quot;code-java&quot;&gt;08/01/23 22:12:12 ERROR hbase.PerformanceEvaluation: Failed
java.lang.IllegalStateException: region offline: TestTable,0000099498,1201125579414
        at org.apache.hadoop.hbase.HConnectionManager$TableServers.locateRegionInMeta(HConnectionManager.java:432)
        at org.apache.hadoop.hbase.HConnectionManager$TableServers.locateRegion(HConnectionManager.java:343)
        at org.apache.hadoop.hbase.HConnectionManager$TableServers.locateRegion(HConnectionManager.java:306)
        at org.apache.hadoop.hbase.HTable.getRegionLocation(HTable.java:102)
        at org.apache.hadoop.hbase.HTable.commit(HTable.java:959)
        at org.apache.hadoop.hbase.HTable.commit(HTable.java:939)
        at org.apache.hadoop.hbase.PerformanceEvaluation$SequentialWriteTest.testRow(PerformanceEvaluation.java:461)
        at org.apache.hadoop.hbase.PerformanceEvaluation$Test.test(PerformanceEvaluation.java:329)
        at org.apache.hadoop.hbase.PerformanceEvaluation.runOneClient(PerformanceEvaluation.java:525)
        at org.apache.hadoop.hbase.PerformanceEvaluation.runNIsOne(PerformanceEvaluation.java:546)
        at org.apache.hadoop.hbase.PerformanceEvaluation.runTest(PerformanceEvaluation.java:568)
        at org.apache.hadoop.hbase.PerformanceEvaluation.doCommandLine(PerformanceEvaluation.java:663)
        at org.apache.hadoop.hbase.PerformanceEvaluation.main(PerformanceEvaluation.java:682)
&lt;/pre&gt;
&lt;/div&gt;&lt;/div&gt;

&lt;p&gt;Looking in code, above is thrown because region is offline.  A split is probably going on.  Client should retry in this case after a little pause?&lt;/p&gt;</description>
                <environment></environment>
        <key id="12386979">HBASE-17</key>
            <summary>[hbase] Client exits with IllegalStateException</summary>
                <type id="1" iconUrl="https://issues.apache.org/jira/images/icons/issuetypes/bug.png">Bug</type>
                                            <priority id="3" iconUrl="https://issues.apache.org/jira/images/icons/priorities/major.png">Major</priority>
                        <status id="6" iconUrl="https://issues.apache.org/jira/images/icons/statuses/closed.png" description="The issue is considered finished, the resolution is correct. Issues which are closed can be reopened.">Closed</status>
                    <statusCategory id="3" key="done" colorName="green"/>
                                    <resolution id="3">Duplicate</resolution>
                                        <assignee username="-1">Unassigned</assignee>
                                    <reporter username="stack">stack</reporter>
                        <labels>
                    </labels>
                <created>Wed, 23 Jan 2008 22:34:55 +0000</created>
                <updated>Fri, 22 Aug 2008 21:34:48 +0000</updated>
                            <resolved>Mon, 4 Feb 2008 19:21:04 +0000</resolved>
                                                                        <due></due>
                            <votes>0</votes>
                                    <watches>0</watches>
                                                                <comments>
                            <comment id="12561860" author="stack" created="Wed, 23 Jan 2008 23:02:40 +0000"  >&lt;p&gt;This could be problem w/ server returning ISE when perhaps should return NSRE&lt;/p&gt;</comment>
                            <comment id="12561874" author="stack" created="Wed, 23 Jan 2008 23:39:22 +0000"  >&lt;p&gt;Client does right thing if region is closed:&lt;/p&gt;

&lt;div class=&quot;code panel&quot; style=&quot;border-width: 1px;&quot;&gt;&lt;div class=&quot;codeContent panelContent&quot;&gt;
&lt;pre class=&quot;code-java&quot;&gt;
08/01/23 22:03:38 DEBUG hbase.HTable: reloading table servers because: java.io.IOException: Region TestTable,0000042880,1201124936510 closed
        at org.apache.hadoop.hbase.HRegion.obtainRowLock(HRegion.java:1541)
        at org.apache.hadoop.hbase.HRegion.batchUpdate(HRegion.java:1232)
        at org.apache.hadoop.hbase.HRegionServer.batchUpdate(HRegionServer.java:1497)
        at sun.reflect.GeneratedMethodAccessor9.invoke(Unknown Source)
        at sun.reflect.DelegatingMethodAccessorImpl.invoke(DelegatingMethodAccessorImpl.java:25)
        at java.lang.reflect.Method.invoke(Method.java:597)
        at org.apache.hadoop.hbase.ipc.HbaseRPC$Server.call(HbaseRPC.java:413)
        at org.apache.hadoop.ipc.Server$Handler.run(Server.java:908)
&lt;/pre&gt;
&lt;/div&gt;&lt;/div&gt;</comment>
                            <comment id="12565482" author="bryanduxbury" created="Mon, 4 Feb 2008 19:21:04 +0000"  >&lt;p&gt;This issue probably exists because of Jim&apos;s discovery of the region offlining bug in the master. &lt;/p&gt;</comment>
                    </comments>
                    <attachments>
                    </attachments>
                <subtasks>
                    </subtasks>
                <customfields>
                                                <customfield id="customfield_12310310" key="com.atlassian.jira.toolkit:attachments">
                        <customfieldname>Attachment count</customfieldname>
                        <customfieldvalues>
                            <customfieldvalue>0.0</customfieldvalue>
                        </customfieldvalues>
                    </customfield>
                                                                                                                                                                                                                                                                                                                                                                                                                                                                                                                                <customfield id="customfield_12310220" key="com.atlassian.jira.ext.charting:firstresponsedate">
                        <customfieldname>Date of First Response</customfieldname>
                        <customfieldvalues>
                            <customfieldvalue>Mon, 4 Feb 2008 19:21:04 +0000</customfieldvalue>

                        </customfieldvalues>
                    </customfield>
                                                                                                                                                                                                                                                                                                                                                                                                                                            <customfield id="customfield_12310420" key="com.pyxis.greenhopper.jira:gh-global-rank">
                        <customfieldname>Global Rank</customfieldname>
                        <customfieldvalues>
                            <customfieldvalue>24855</customfieldvalue>
                        </customfieldvalues>
                    </customfield>
                                                                                                                                                    <customfield id="customfield_12312521" key="com.atlassian.jira.toolkit:LastCommentDate">
                        <customfieldname>Last public comment date</customfieldname>
                        <customfieldvalues>
                            8 years, 46 weeks, 3 days ago
                        </customfieldvalues>
                    </customfield>
                                                                                            <customfield id="customfield_12311820" key="com.pyxis.greenhopper.jira:gh-lexo-rank">
                        <customfieldname>Rank</customfieldname>
                        <customfieldvalues>
                            <customfieldvalue>0|i0h3gv:</customfieldvalue>

                        </customfieldvalues>
                    </customfield>
                                                                <customfield id="customfield_12310920" key="com.pyxis.greenhopper.jira:gh-global-rank">
                        <customfieldname>Rank (Obsolete)</customfieldname>
                        <customfieldvalues>
                            <customfieldvalue>97824</customfieldvalue>
                        </customfieldvalues>
                    </customfield>
                                                                                                                                                                                                                                                                                                <customfield id="customfield_12310222" key="com.atlassian.jira.ext.charting:timeinstatus">
                        <customfieldname>Time in Status</customfieldname>
                        <customfieldvalues>
                            
                        </customfieldvalues>
                    </customfield>
                                                                                                                        </customfields>
    </item>
</channel>
</rss>