<!-- 
RSS generated by JIRA (6.3.4#6332-sha1:51bc225ef474afe3128b2f66878477f322397b16) at Fri Dec 16 18:44:43 UTC 2016

It is possible to restrict the fields that are returned in this document by specifying the 'field' parameter in your request.
For example, to request only the issue key and summary add field=key&field=summary to the URL of your request.
For example:
https://issues.apache.org/jira/si/jira.issueviews:issue-xml/HBASE-488/HBASE-488.xml?field=key&amp;field=summary
-->
<rss version="0.92" >
<channel>
    <title>ASF JIRA</title>
    <link>https://issues.apache.org/jira</link>
    <description>This file is an XML representation of an issue</description>
    <language>en-uk</language>    <build-info>
        <version>6.3.4</version>
        <build-number>6332</build-number>
        <build-date>15-08-2014</build-date>
    </build-info>

<item>
            <title>[HBASE-488] if hql.jsp selects zero result, displays HTTP ERROR: 500 getState() == BEFORE_XML_DECLARATION</title>
                <link>https://issues.apache.org/jira/browse/HBASE-488</link>
                <project id="12310753" key="HBASE">HBase</project>
                    <description>&lt;p&gt;In hql.jsp, if I make hql that returns zero results, eg &apos;select nosuchcolumn from table&apos;, I get a 500 page with the text&lt;/p&gt;

&lt;p&gt;HTTP ERROR: 500&lt;/p&gt;

&lt;p&gt;getState() == BEFORE_XML_DECLARATION&lt;/p&gt;

&lt;p&gt;The search returns zero results in the hbase shell.&lt;/p&gt;</description>
                <environment>&lt;p&gt;hadoop/hbase 0.16&lt;/p&gt;</environment>
        <key id="12390074">HBASE-488</key>
            <summary>if hql.jsp selects zero result, displays HTTP ERROR: 500 getState() == BEFORE_XML_DECLARATION</summary>
                <type id="1" iconUrl="https://issues.apache.org/jira/images/icons/issuetypes/bug.png">Bug</type>
                                            <priority id="3" iconUrl="https://issues.apache.org/jira/images/icons/priorities/major.png">Major</priority>
                        <status id="6" iconUrl="https://issues.apache.org/jira/images/icons/statuses/closed.png" description="The issue is considered finished, the resolution is correct. Issues which are closed can be reopened.">Closed</status>
                    <statusCategory id="3" key="done" colorName="green"/>
                                    <resolution id="2">Won&apos;t Fix</resolution>
                                        <assignee username="-1">Unassigned</assignee>
                                    <reporter username="bien">Michael Bieniosek</reporter>
                        <labels>
                    </labels>
                <created>Mon, 3 Mar 2008 19:15:11 +0000</created>
                <updated>Tue, 29 Sep 2009 04:05:54 +0000</updated>
                            <resolved>Wed, 30 Apr 2008 05:02:08 +0000</resolved>
                                    <version>0.16.0</version>
                    <version>0.1.0</version>
                    <version>0.2.0</version>
                                    <fixVersion>0.2.0</fixVersion>
                                    <component>util</component>
                        <due></due>
                            <votes>0</votes>
                                    <watches>0</watches>
                                                                <comments>
                            <comment id="12574715" author="stack" created="Mon, 3 Mar 2008 20:01:31 +0000"  >&lt;p&gt;I thought &lt;a href=&quot;https://issues.apache.org/jira/browse/HBASE-438&quot; title=&quot;XMLOutputter state should be initialized.&quot; class=&quot;issue-link&quot; data-issue-key=&quot;HBASE-438&quot;&gt;&lt;del&gt;HBASE-438&lt;/del&gt;&lt;/a&gt; would fix this but I just tried it and it doesn&apos;t.&lt;/p&gt;</comment>
                            <comment id="12575904" author="stack" created="Thu, 6 Mar 2008 21:51:43 +0000"  >&lt;p&gt;Should we fix this for 0.1?  It looks pretty bad.&lt;/p&gt;</comment>
                            <comment id="12575919" author="bryanduxbury" created="Thu, 6 Mar 2008 22:14:12 +0000"  >&lt;p&gt;Should we just get rid of the HQL query option in the web interface instead, or do people use that a lot?&lt;/p&gt;</comment>
                            <comment id="12575921" author="stack" created="Thu, 6 Mar 2008 22:16:47 +0000"  >&lt;p&gt;Its used here internally a bunch debugging.&lt;/p&gt;</comment>
                            <comment id="12575922" author="bien" created="Thu, 6 Mar 2008 22:18:26 +0000"  >&lt;p&gt;Yeah, I use it a lot.  It is much simpler than trying to use the command-line version.&lt;/p&gt;</comment>
                            <comment id="12591836" author="stack" created="Wed, 23 Apr 2008 22:31:25 +0000"  >&lt;p&gt;This issue will probably get marked as won&apos;t fix in 0.2.0.  HQL will be removed and I think we&apos;ll be removing querying from the UI at same time since it unlikely we&apos;ll be able to make it so you can only do read-only things in any of the HQL-replacements we&apos;ve looked at so far.&lt;/p&gt;</comment>
                            <comment id="12593213" author="bryanduxbury" created="Wed, 30 Apr 2008 03:18:37 +0000"  >&lt;p&gt;+1 for marking this wont fix. &lt;/p&gt;

&lt;p&gt;I think that if we really want to we can allow the web ui to send JRuby snippets to get interpreted (assuming we use JRuby as the shell interpreter...). Making that secure is up to us of course.&lt;/p&gt;</comment>
                    </comments>
                    <attachments>
                    </attachments>
                <subtasks>
                    </subtasks>
                <customfields>
                                                <customfield id="customfield_12310310" key="com.atlassian.jira.toolkit:attachments">
                        <customfieldname>Attachment count</customfieldname>
                        <customfieldvalues>
                            <customfieldvalue>0.0</customfieldvalue>
                        </customfieldvalues>
                    </customfield>
                                                                                                                                                                                                                                                                                                                                                                                                                                                                                                                                <customfield id="customfield_12310220" key="com.atlassian.jira.ext.charting:firstresponsedate">
                        <customfieldname>Date of First Response</customfieldname>
                        <customfieldvalues>
                            <customfieldvalue>Mon, 3 Mar 2008 20:01:31 +0000</customfieldvalue>

                        </customfieldvalues>
                    </customfield>
                                                                                                                                                                                                                                                                                                                                                                                                                                            <customfield id="customfield_12310420" key="com.pyxis.greenhopper.jira:gh-global-rank">
                        <customfieldname>Global Rank</customfieldname>
                        <customfieldvalues>
                            <customfieldvalue>25225</customfieldvalue>
                        </customfieldvalues>
                    </customfield>
                                                                                                                                                    <customfield id="customfield_12312521" key="com.atlassian.jira.toolkit:LastCommentDate">
                        <customfieldname>Last public comment date</customfieldname>
                        <customfieldvalues>
                            8 years, 34 weeks, 2 days ago
                        </customfieldvalues>
                    </customfield>
                                                                                            <customfield id="customfield_12311820" key="com.pyxis.greenhopper.jira:gh-lexo-rank">
                        <customfieldname>Rank</customfieldname>
                        <customfieldvalues>
                            <customfieldvalue>0|i0h7lr:</customfieldvalue>

                        </customfieldvalues>
                    </customfield>
                                                                <customfield id="customfield_12310920" key="com.pyxis.greenhopper.jira:gh-global-rank">
                        <customfieldname>Rank (Obsolete)</customfieldname>
                        <customfieldvalues>
                            <customfieldvalue>98494</customfieldvalue>
                        </customfieldvalues>
                    </customfield>
                                                                                                                                                                                                                                                                                                <customfield id="customfield_12310222" key="com.atlassian.jira.ext.charting:timeinstatus">
                        <customfieldname>Time in Status</customfieldname>
                        <customfieldvalues>
                            
                        </customfieldvalues>
                    </customfield>
                                                                                                                        </customfields>
    </item>
</channel>
</rss>