<!-- 
RSS generated by JIRA (6.3.4#6332-sha1:51bc225ef474afe3128b2f66878477f322397b16) at Fri Dec 16 18:45:26 UTC 2016

It is possible to restrict the fields that are returned in this document by specifying the 'field' parameter in your request.
For example, to request only the issue key and summary add field=key&field=summary to the URL of your request.
For example:
https://issues.apache.org/jira/si/jira.issueviews:issue-xml/HBASE-560/HBASE-560.xml?field=key&amp;field=summary
-->
<rss version="0.92" >
<channel>
    <title>ASF JIRA</title>
    <link>https://issues.apache.org/jira</link>
    <description>This file is an XML representation of an issue</description>
    <language>en-uk</language>    <build-info>
        <version>6.3.4</version>
        <build-number>6332</build-number>
        <build-date>15-08-2014</build-date>
    </build-info>

<item>
            <title>[HBASE-560] Master will not start because it cannot find the jsp classes</title>
                <link>https://issues.apache.org/jira/browse/HBASE-560</link>
                <project id="12310753" key="HBASE">HBase</project>
                    <description>&lt;p&gt;After &lt;a href=&quot;https://issues.apache.org/jira/browse/HBASE-547&quot; title=&quot;UI shows hadoop version, not hbase version&quot; class=&quot;issue-link&quot; data-issue-key=&quot;HBASE-547&quot;&gt;&lt;del&gt;HBASE-547&lt;/del&gt;&lt;/a&gt; Master and region server will not start because they cannot find the jsp classes:&lt;/p&gt;
&lt;div class=&quot;code panel&quot; style=&quot;border-width: 1px;&quot;&gt;&lt;div class=&quot;codeContent panelContent&quot;&gt;
&lt;pre class=&quot;code-java&quot;&gt;2008-04-03 18:38:49,051 ERROR [HMaster] hbase.HMaster(1216): Failed startup
java.io.IOException: Problem starting http server
        at org.apache.hadoop.hbase.util.InfoServer.start(InfoServer.java:227)
        at org.apache.hadoop.hbase.HMaster.startServiceThreads(HMaster.java:1201)
        at org.apache.hadoop.hbase.HMaster.run(HMaster.java:1063)
Caused by: org.mortbay.util.MultiException[java.lang.ClassNotFoundException: org
.apache.hadoop.hbase.generated.master.hql_jsp, java.lang.ClassNotFoundException:
 org.apache.hadoop.hbase.generated.master.master_jsp]
        at org.mortbay.http.HttpServer.doStart(HttpServer.java:731)
        at org.mortbay.util.Container.start(Container.java:72)
        at org.apache.hadoop.hbase.util.InfoServer.start(InfoServer.java:205)
        ... 2 more
&lt;/pre&gt;
&lt;/div&gt;&lt;/div&gt;</description>
                <environment></environment>
        <key id="12393053">HBASE-560</key>
            <summary>Master will not start because it cannot find the jsp classes</summary>
                <type id="1" iconUrl="https://issues.apache.org/jira/images/icons/issuetypes/bug.png">Bug</type>
                                            <priority id="1" iconUrl="https://issues.apache.org/jira/images/icons/priorities/blocker.png">Blocker</priority>
                        <status id="6" iconUrl="https://issues.apache.org/jira/images/icons/statuses/closed.png" description="The issue is considered finished, the resolution is correct. Issues which are closed can be reopened.">Closed</status>
                    <statusCategory id="3" key="done" colorName="green"/>
                                    <resolution id="6">Invalid</resolution>
                                        <assignee username="stack">stack</assignee>
                                    <reporter username="jimk">Jim Kellerman</reporter>
                        <labels>
                    </labels>
                <created>Thu, 3 Apr 2008 18:43:50 +0000</created>
                <updated>Sat, 12 Apr 2008 16:12:06 +0000</updated>
                            <resolved>Thu, 3 Apr 2008 22:40:09 +0000</resolved>
                                    <version>0.1.1</version>
                    <version>0.2.0</version>
                                    <fixVersion>0.1.1</fixVersion>
                    <fixVersion>0.2.0</fixVersion>
                                        <due></due>
                            <votes>0</votes>
                                    <watches>0</watches>
                                                                <comments>
                            <comment id="12585302" author="stack" created="Thu, 3 Apr 2008 21:59:04 +0000"  >&lt;p&gt;How did you get that Jim?  What&apos;d you do?&lt;/p&gt;

&lt;p&gt;Works for me in unit tests:&lt;/p&gt;

&lt;div class=&quot;code panel&quot; style=&quot;border-width: 1px;&quot;&gt;&lt;div class=&quot;codeContent panelContent&quot;&gt;
&lt;pre class=&quot;code-java&quot;&gt;
durruti:~/Documents/checkouts/hbase/branches/0.1 stack$ ~/bin/ant/bin/ant clean test -Dtestcase=TestInfoServer -Dtest.output=yes
Buildfile: build.xml

clean:
   [delete] Deleting directory /Users/stack/Documents/checkouts/hbase/branches/0.1/build

init:
    [mkdir] Created dir: /Users/stack/Documents/checkouts/hbase/branches/0.1/build
    [mkdir] Created dir: /Users/stack/Documents/checkouts/hbase/branches/0.1/build/classes
    [mkdir] Created dir: /Users/stack/Documents/checkouts/hbase/branches/0.1/build/test
    [mkdir] Created dir: /Users/stack/Documents/checkouts/hbase/branches/0.1/build/examples
    [mkdir] Created dir: /Users/stack/Documents/checkouts/hbase/branches/0.1/build/webapps
     [copy] Copying 8 files to /Users/stack/Documents/checkouts/hbase/branches/0.1/build/webapps
    [mkdir] Created dir: /Users/stack/Documents/checkouts/hbase/branches/0.1/build/lib
     [copy] Copying 21 files to /Users/stack/Documents/checkouts/hbase/branches/0.1/build/lib
    [mkdir] Created dir: /Users/stack/Documents/checkouts/hbase/branches/0.1/build/conf
     [copy] Copying 5 files to /Users/stack/Documents/checkouts/hbase/branches/0.1/build/conf
    [mkdir] Created dir: /Users/stack/Documents/checkouts/hbase/branches/0.1/build/bin
     [copy] Copying 7 files to /Users/stack/Documents/checkouts/hbase/branches/0.1/build/bin

jspc:

javacc:

compile:
    [javac] Compiling 160 source files to /Users/stack/Documents/checkouts/hbase/branches/0.1/build/classes
    [javac] Note: /Users/stack/Documents/checkouts/hbase/branches/0.1/src/java/org/apache/hadoop/hbase/HStore.java uses or overrides a deprecated API.
    [javac] Note: Recompile with -Xlint:deprecation &lt;span class=&quot;code-keyword&quot;&gt;for&lt;/span&gt; details.
    [javac] Note: Some input files use unchecked or unsafe operations.
    [javac] Note: Recompile with -Xlint:unchecked &lt;span class=&quot;code-keyword&quot;&gt;for&lt;/span&gt; details.

compile-test:
    [javac] Compiling 61 source files to /Users/stack/Documents/checkouts/hbase/branches/0.1/build/test
    [javac] Note: /Users/stack/Documents/checkouts/hbase/branches/0.1/src/test/org/apache/hadoop/hbase/mapred/TestTableIndex.java uses or overrides a deprecated API.
    [javac] Note: Recompile with -Xlint:deprecation &lt;span class=&quot;code-keyword&quot;&gt;for&lt;/span&gt; details.
      [jar] Building jar: /Users/stack/Documents/checkouts/hbase/branches/0.1/build/hbase-0.1.1-dev-test.jar

test:
    [mkdir] Created dir: /Users/stack/Documents/checkouts/hbase/branches/0.1/build/test/logs

BUILD SUCCESSFUL
&lt;/pre&gt;
&lt;/div&gt;&lt;/div&gt;</comment>
                            <comment id="12585331" author="stack" created="Thu, 3 Apr 2008 22:40:09 +0000"  >&lt;p&gt;Try it now Jim.  I hadn&apos;t committed build.xml changes on branch for &lt;a href=&quot;https://issues.apache.org/jira/browse/HBASE-547&quot; title=&quot;UI shows hadoop version, not hbase version&quot; class=&quot;issue-link&quot; data-issue-key=&quot;HBASE-547&quot;&gt;&lt;del&gt;HBASE-547&lt;/del&gt;&lt;/a&gt;&lt;/p&gt;</comment>
                    </comments>
                    <attachments>
                    </attachments>
                <subtasks>
                    </subtasks>
                <customfields>
                                                <customfield id="customfield_12310310" key="com.atlassian.jira.toolkit:attachments">
                        <customfieldname>Attachment count</customfieldname>
                        <customfieldvalues>
                            <customfieldvalue>0.0</customfieldvalue>
                        </customfieldvalues>
                    </customfield>
                                                                                                                                                                                                                                                                                                                                                                                                                                                                                                                                <customfield id="customfield_12310220" key="com.atlassian.jira.ext.charting:firstresponsedate">
                        <customfieldname>Date of First Response</customfieldname>
                        <customfieldvalues>
                            <customfieldvalue>Thu, 3 Apr 2008 21:59:04 +0000</customfieldvalue>

                        </customfieldvalues>
                    </customfield>
                                                                                                                                                                                                                                                                                                                                                                                                                                            <customfield id="customfield_12310420" key="com.pyxis.greenhopper.jira:gh-global-rank">
                        <customfieldname>Global Rank</customfieldname>
                        <customfieldvalues>
                            <customfieldvalue>25265</customfieldvalue>
                        </customfieldvalues>
                    </customfield>
                                                                                                                                                    <customfield id="customfield_12312521" key="com.atlassian.jira.toolkit:LastCommentDate">
                        <customfieldname>Last public comment date</customfieldname>
                        <customfieldvalues>
                            8 years, 38 weeks ago
                        </customfieldvalues>
                    </customfield>
                                                                                            <customfield id="customfield_12311820" key="com.pyxis.greenhopper.jira:gh-lexo-rank">
                        <customfieldname>Rank</customfieldname>
                        <customfieldvalues>
                            <customfieldvalue>0|i0h81r:</customfieldvalue>

                        </customfieldvalues>
                    </customfield>
                                                                <customfield id="customfield_12310920" key="com.pyxis.greenhopper.jira:gh-global-rank">
                        <customfieldname>Rank (Obsolete)</customfieldname>
                        <customfieldvalues>
                            <customfieldvalue>98566</customfieldvalue>
                        </customfieldvalues>
                    </customfield>
                                                                                                                                                                                                                                                                                                <customfield id="customfield_12310222" key="com.atlassian.jira.ext.charting:timeinstatus">
                        <customfieldname>Time in Status</customfieldname>
                        <customfieldvalues>
                            
                        </customfieldvalues>
                    </customfield>
                                                                                                                        </customfields>
    </item>
</channel>
</rss>