<!-- 
RSS generated by JIRA (6.3.4#6332-sha1:51bc225ef474afe3128b2f66878477f322397b16) at Fri Dec 16 18:40:08 UTC 2016

It is possible to restrict the fields that are returned in this document by specifying the 'field' parameter in your request.
For example, to request only the issue key and summary add field=key&field=summary to the URL of your request.
For example:
https://issues.apache.org/jira/si/jira.issueviews:issue-xml/HBASE-11/HBASE-11.xml?field=key&amp;field=summary
-->
<rss version="0.92" >
<channel>
    <title>ASF JIRA</title>
    <link>https://issues.apache.org/jira</link>
    <description>This file is an XML representation of an issue</description>
    <language>en-uk</language>    <build-info>
        <version>6.3.4</version>
        <build-number>6332</build-number>
        <build-date>15-08-2014</build-date>
    </build-info>

<item>
            <title>[HBASE-11] [hbase] Unexpected exits corrupt DFS</title>
                <link>https://issues.apache.org/jira/browse/HBASE-11</link>
                <project id="12310753" key="HBASE">HBase</project>
                    <description>&lt;p&gt;When a RegionServer exits unexpectedly, it often leaves its DFS files open. In the case of the redo log, this can result in a zero-length file, which a newly started RegionServer will be unable to read, causing it to exit again. It also causes DFS corruption, requiring the admin to run a dfs fsck -delete before HBase can be restarted.&lt;/p&gt;</description>
                <environment></environment>
        <key id="12387516">HBASE-11</key>
            <summary>[hbase] Unexpected exits corrupt DFS</summary>
                <type id="1" iconUrl="https://issues.apache.org/jira/images/icons/issuetypes/bug.png">Bug</type>
                                            <priority id="3" iconUrl="https://issues.apache.org/jira/images/icons/priorities/major.png">Major</priority>
                        <status id="6" iconUrl="https://issues.apache.org/jira/images/icons/statuses/closed.png" description="The issue is considered finished, the resolution is correct. Issues which are closed can be reopened.">Closed</status>
                    <statusCategory id="3" key="done" colorName="green"/>
                                    <resolution id="1">Fixed</resolution>
                                        <assignee username="jimk">Jim Kellerman</assignee>
                                    <reporter username="bryanduxbury">Bryan Duxbury</reporter>
                        <labels>
                    </labels>
                <created>Wed, 30 Jan 2008 23:52:25 +0000</created>
                <updated>Fri, 22 Aug 2008 21:13:02 +0000</updated>
                            <resolved>Mon, 14 Apr 2008 22:07:05 +0000</resolved>
                                                    <fixVersion>0.1.2</fixVersion>
                    <fixVersion>0.2.0</fixVersion>
                                    <component>regionserver</component>
                        <due></due>
                            <votes>0</votes>
                                    <watches>0</watches>
                                                                <comments>
                            <comment id="12588612" author="jimk" created="Mon, 14 Apr 2008 15:32:05 +0000"  >&lt;p&gt;Although HLog.splitLog now properly skips zero length files (and they are all deleted after the log(s) are split, it probably does not handle empty files well (files that were properly closed but have no content - these are not zero length because of the metadata written to the beginning of the file. In this case, the reader will throw an eof exception, which will issue a warning about possible data loss. We should explicitly check for eof exception before generic IOException and ignore it.&lt;/p&gt;

&lt;p&gt;As for improperly closed files, there&apos;s not much we can do about that until we have (at least a subset of) &lt;a href=&quot;https://issues.apache.org/jira/browse/HADOOP-1700&quot; title=&quot;Append to files in HDFS&quot; class=&quot;issue-link&quot; data-issue-key=&quot;HADOOP-1700&quot;&gt;&lt;del&gt;HADOOP-1700&lt;/del&gt;&lt;/a&gt;.&lt;/p&gt;</comment>
                            <comment id="12588659" author="jimk" created="Mon, 14 Apr 2008 17:50:19 +0000"  >&lt;p&gt;Addresses HLog.splitLog encountering EOFException.&lt;/p&gt;</comment>
                            <comment id="12588660" author="jimk" created="Mon, 14 Apr 2008 17:51:00 +0000"  >&lt;p&gt;Passes tests. Please review.&lt;/p&gt;</comment>
                            <comment id="12588708" author="stack" created="Mon, 14 Apr 2008 18:47:52 +0000"  >&lt;p&gt;+1&lt;/p&gt;

&lt;p&gt;Backport it I&apos;d say.&lt;/p&gt;</comment>
                            <comment id="12588755" author="jimk" created="Mon, 14 Apr 2008 20:04:30 +0000"  >&lt;p&gt;Makes message friendlier.&lt;/p&gt;</comment>
                            <comment id="12588757" author="jimk" created="Mon, 14 Apr 2008 20:05:04 +0000"  >&lt;p&gt;Pls. Review.&lt;/p&gt;</comment>
                            <comment id="12588821" author="jimk" created="Mon, 14 Apr 2008 22:07:05 +0000"  >&lt;p&gt;Committed to trunk and to branch.&lt;/p&gt;</comment>
                    </comments>
                <issuelinks>
                            <issuelinktype id="12310010">
                    <name>Incorporates</name>
                                            <outwardlinks description="incorporates">
                                        <issuelink>
            <issuekey id="12384805">HBASE-236</issuekey>
        </issuelink>
                            </outwardlinks>
                                                        </issuelinktype>
                    </issuelinks>
                <attachments>
                            <attachment id="12380100" name="patch.txt" size="721" author="jimk" created="Mon, 14 Apr 2008 20:04:30 +0000"/>
                            <attachment id="12380080" name="patch.txt" size="2187" author="jimk" created="Mon, 14 Apr 2008 17:50:19 +0000"/>
                    </attachments>
                <subtasks>
                    </subtasks>
                <customfields>
                                                <customfield id="customfield_12310310" key="com.atlassian.jira.toolkit:attachments">
                        <customfieldname>Attachment count</customfieldname>
                        <customfieldvalues>
                            <customfieldvalue>2.0</customfieldvalue>
                        </customfieldvalues>
                    </customfield>
                                                                                                                                                                                                                                                                                                                                                                                                                                                                                                                                <customfield id="customfield_12310220" key="com.atlassian.jira.ext.charting:firstresponsedate">
                        <customfieldname>Date of First Response</customfieldname>
                        <customfieldvalues>
                            <customfieldvalue>Mon, 14 Apr 2008 15:32:05 +0000</customfieldvalue>

                        </customfieldvalues>
                    </customfield>
                                                                                                                                                                                                                                                                                                                                                                                                                                            <customfield id="customfield_12310420" key="com.pyxis.greenhopper.jira:gh-global-rank">
                        <customfieldname>Global Rank</customfieldname>
                        <customfieldvalues>
                            <customfieldvalue>24849</customfieldvalue>
                        </customfieldvalues>
                    </customfield>
                                                                                                                                                    <customfield id="customfield_12312521" key="com.atlassian.jira.toolkit:LastCommentDate">
                        <customfieldname>Last public comment date</customfieldname>
                        <customfieldvalues>
                            8 years, 36 weeks, 3 days ago
                        </customfieldvalues>
                    </customfield>
                                                                                            <customfield id="customfield_12311820" key="com.pyxis.greenhopper.jira:gh-lexo-rank">
                        <customfieldname>Rank</customfieldname>
                        <customfieldvalues>
                            <customfieldvalue>0|i0h3ev:</customfieldvalue>

                        </customfieldvalues>
                    </customfield>
                                                                <customfield id="customfield_12310920" key="com.pyxis.greenhopper.jira:gh-global-rank">
                        <customfieldname>Rank (Obsolete)</customfieldname>
                        <customfieldvalues>
                            <customfieldvalue>97815</customfieldvalue>
                        </customfieldvalues>
                    </customfield>
                                                                                                                                                                                                                                                                                                <customfield id="customfield_12310222" key="com.atlassian.jira.ext.charting:timeinstatus">
                        <customfieldname>Time in Status</customfieldname>
                        <customfieldvalues>
                            
                        </customfieldvalues>
                    </customfield>
                                                                                                                        </customfields>
    </item>
</channel>
</rss>