<!-- 
RSS generated by JIRA (6.3.4#6332-sha1:51bc225ef474afe3128b2f66878477f322397b16) at Fri Dec 16 18:47:50 UTC 2016

It is possible to restrict the fields that are returned in this document by specifying the 'field' parameter in your request.
For example, to request only the issue key and summary add field=key&field=summary to the URL of your request.
For example:
https://issues.apache.org/jira/si/jira.issueviews:issue-xml/HBASE-822/HBASE-822.xml?field=key&amp;field=summary
-->
<rss version="0.92" >
<channel>
    <title>ASF JIRA</title>
    <link>https://issues.apache.org/jira</link>
    <description>This file is an XML representation of an issue</description>
    <language>en-uk</language>    <build-info>
        <version>6.3.4</version>
        <build-number>6332</build-number>
        <build-date>15-08-2014</build-date>
    </build-info>

<item>
            <title>[HBASE-822] Update thrift README and HBase.thrift to use thrift 20080411</title>
                <link>https://issues.apache.org/jira/browse/HBASE-822</link>
                <project id="12310753" key="HBASE">HBase</project>
                    <description>&lt;p&gt;From hbase-dev list titled &apos;Thrift&apos;:&lt;/p&gt;

&lt;div class=&quot;code panel&quot; style=&quot;border-width: 1px;&quot;&gt;&lt;div class=&quot;codeContent panelContent&quot;&gt;
&lt;pre class=&quot;code-java&quot;&gt;Hey,
When using thrift as per the README.txt in
$HBASE_HOME/src/examples/thrift is outdated and uses deprecated
arguments &lt;span class=&quot;code-keyword&quot;&gt;for&lt;/span&gt; thrift.  The command should be

$thrift --gen cpp --gen java -gen rb \
    ../../../src/java/org/apache/hadoop/hbase/thrift/Hbase.thrift

Also, the Hbase.thrift file is a little outdated.  It uses namespaces now.

java_package org.apache.hadoop.hbase.thrift.generated
cpp_namespace apache.hadoop.hbase.thrift
ruby_namespace Apache.Hadoop.Hbase.Thrift

Should be

namespace java org.apache.hadoop.hbase.thrift.generated
namespace cpp  apache.hadoop.hbase.thrift
namespace rb Apache.Hadoop.Hbase.Thrift

I have attached both patch files.

Thanks,
Michael




34,36c34,36
&amp;lt; java_package org.apache.hadoop.hbase.thrift.generated
&amp;lt; cpp_namespace apache.hadoop.hbase.thrift
&amp;lt; ruby_namespace Apache.Hadoop.Hbase.Thrift
---
&amp;gt; &amp;gt; namespace java org.apache.hadoop.hbase.thrift.generated
&amp;gt; &amp;gt; namespace cpp  apache.hadoop.hbase.thrift
&amp;gt; &amp;gt; namespace rb Apache.Hadoop.Hbase.Thrift



12c12
&amp;lt; thrift -cpp -java -rb \
---
&amp;gt; &amp;gt; thrift --gen cpp -- gen java --gen rb \
&lt;/pre&gt;
&lt;/div&gt;&lt;/div&gt;</description>
                <environment></environment>
        <key id="12402229">HBASE-822</key>
            <summary>Update thrift README and HBase.thrift to use thrift 20080411</summary>
                <type id="1" iconUrl="https://issues.apache.org/jira/images/icons/issuetypes/bug.png">Bug</type>
                                            <priority id="3" iconUrl="https://issues.apache.org/jira/images/icons/priorities/major.png">Major</priority>
                        <status id="6" iconUrl="https://issues.apache.org/jira/images/icons/statuses/closed.png" description="The issue is considered finished, the resolution is correct. Issues which are closed can be reopened.">Closed</status>
                    <statusCategory id="3" key="done" colorName="green"/>
                                    <resolution id="1">Fixed</resolution>
                                        <assignee username="-1">Unassigned</assignee>
                                    <reporter username="stack">stack</reporter>
                        <labels>
                    </labels>
                <created>Tue, 12 Aug 2008 17:56:29 +0000</created>
                <updated>Sat, 13 Sep 2008 23:22:45 +0000</updated>
                            <resolved>Sat, 16 Aug 2008 22:12:52 +0000</resolved>
                                                    <fixVersion>0.2.1</fixVersion>
                    <fixVersion>0.18.0</fixVersion>
                                        <due></due>
                            <votes>0</votes>
                                    <watches>0</watches>
                                                                <comments>
                            <comment id="12621915" author="stack" created="Tue, 12 Aug 2008 18:24:38 +0000"  >&lt;p&gt;Michael notest that the REAME.txt under examples needs to point at that thrift package javadoc since this is where start of thrift server is described.&lt;/p&gt;</comment>
                            <comment id="12621937" author="stack" created="Tue, 12 Aug 2008 19:19:21 +0000"  >&lt;p&gt;More from Michael:&lt;/p&gt;
&lt;div class=&quot;code panel&quot; style=&quot;border-width: 1px;&quot;&gt;&lt;div class=&quot;codeContent panelContent&quot;&gt;
&lt;pre class=&quot;code-java&quot;&gt;
One small change.  just a typo actually:

$thrift --gen cpp --gen java -gen rb \
    ../../../src/java/org/apache/hadoop/hbase/thrift/Hbase.thrift

Should be

$thrift --gen cpp --gen java --gen rb \
    ../../../src/java/org/apache/hadoop/hbase/thrift/Hbase.thrift
&lt;/pre&gt;
&lt;/div&gt;&lt;/div&gt;</comment>
                            <comment id="12623164" author="stack" created="Sat, 16 Aug 2008 22:12:52 +0000"  >&lt;p&gt;Committed fixes to README (Tim Sell had already changed Hbase.thrift).&lt;/p&gt;</comment>
                    </comments>
                <issuelinks>
                            <issuelinktype id="10030">
                    <name>Reference</name>
                                                                <inwardlinks description="is related to">
                                        <issuelink>
            <issuekey id="12398549">HBASE-697</issuekey>
        </issuelink>
                            </inwardlinks>
                                    </issuelinktype>
                    </issuelinks>
                <attachments>
                            <attachment id="12388070" name="HBase.thrift.patch" size="303" author="stack" created="Tue, 12 Aug 2008 17:56:50 +0000"/>
                            <attachment id="12388071" name="README.txt.patch" size="78" author="stack" created="Tue, 12 Aug 2008 17:57:29 +0000"/>
                    </attachments>
                <subtasks>
                    </subtasks>
                <customfields>
                                                <customfield id="customfield_12310310" key="com.atlassian.jira.toolkit:attachments">
                        <customfieldname>Attachment count</customfieldname>
                        <customfieldvalues>
                            <customfieldvalue>2.0</customfieldvalue>
                        </customfieldvalues>
                    </customfield>
                                                                                                                                                                                                                                                                                                                                                                                                                                                                                                                                                                                                                                                                                                                                                                                                                                                                                                                                        <customfield id="customfield_12310420" key="com.pyxis.greenhopper.jira:gh-global-rank">
                        <customfieldname>Global Rank</customfieldname>
                        <customfieldvalues>
                            <customfieldvalue>25417</customfieldvalue>
                        </customfieldvalues>
                    </customfield>
                                                                                                                                                    <customfield id="customfield_12312521" key="com.atlassian.jira.toolkit:LastCommentDate">
                        <customfieldname>Last public comment date</customfieldname>
                        <customfieldvalues>
                            8 years, 18 weeks, 5 days ago
                        </customfieldvalues>
                    </customfield>
                                                                                            <customfield id="customfield_12311820" key="com.pyxis.greenhopper.jira:gh-lexo-rank">
                        <customfieldname>Rank</customfieldname>
                        <customfieldvalues>
                            <customfieldvalue>0|i0h9nj:</customfieldvalue>

                        </customfieldvalues>
                    </customfield>
                                                                <customfield id="customfield_12310920" key="com.pyxis.greenhopper.jira:gh-global-rank">
                        <customfieldname>Rank (Obsolete)</customfieldname>
                        <customfieldvalues>
                            <customfieldvalue>98826</customfieldvalue>
                        </customfieldvalues>
                    </customfield>
                                                                                                                                                                                                                                                                                                <customfield id="customfield_12310222" key="com.atlassian.jira.ext.charting:timeinstatus">
                        <customfieldname>Time in Status</customfieldname>
                        <customfieldvalues>
                            
                        </customfieldvalues>
                    </customfield>
                                                                                                                        </customfields>
    </item>
</channel>
</rss>