<!-- 
RSS generated by JIRA (6.3.4#6332-sha1:51bc225ef474afe3128b2f66878477f322397b16) at Fri Dec 16 18:40:04 UTC 2016

It is possible to restrict the fields that are returned in this document by specifying the 'field' parameter in your request.
For example, to request only the issue key and summary add field=key&field=summary to the URL of your request.
For example:
https://issues.apache.org/jira/si/jira.issueviews:issue-xml/HBASE-5/HBASE-5.xml?field=key&amp;field=summary
-->
<rss version="0.92" >
<channel>
    <title>ASF JIRA</title>
    <link>https://issues.apache.org/jira</link>
    <description>This file is an XML representation of an issue</description>
    <language>en-uk</language>    <build-info>
        <version>6.3.4</version>
        <build-number>6332</build-number>
        <build-date>15-08-2014</build-date>
    </build-info>

<item>
            <title>[HBASE-5] Components definition</title>
                <link>https://issues.apache.org/jira/browse/HBASE-5</link>
                <project id="12310753" key="HBASE">HBase</project>
                    <description>&lt;p&gt;Are there any plans to separate them? I&apos;d suggest, as described below.&lt;br/&gt;
I also think mapred package should be clarified their role and responsibilities to ensure their effectiveness.&lt;/p&gt;

&lt;p&gt;Table. &lt;em&gt;Component List Table Cont&apos;d&lt;/em&gt;&lt;/p&gt;
&lt;table class=&apos;confluenceTable&apos;&gt;&lt;tbody&gt;
&lt;tr&gt;
&lt;th class=&apos;confluenceTh&apos;&gt;Component/s&lt;/th&gt;
&lt;/tr&gt;
&lt;tr&gt;
&lt;td class=&apos;confluenceTd&apos;&gt;unknown&lt;/td&gt;
&lt;/tr&gt;
&lt;tr&gt;
&lt;td class=&apos;confluenceTd&apos;&gt;documentation&lt;/td&gt;
&lt;/tr&gt;
&lt;tr&gt;
&lt;td class=&apos;confluenceTd&apos;&gt;examples&lt;/td&gt;
&lt;/tr&gt;
&lt;tr&gt;
&lt;td class=&apos;confluenceTd&apos;&gt;hql&lt;/td&gt;
&lt;/tr&gt;
&lt;tr&gt;
&lt;td class=&apos;confluenceTd&apos;&gt;io&lt;/td&gt;
&lt;/tr&gt;
&lt;tr&gt;
&lt;td class=&apos;confluenceTd&apos;&gt;ipc&lt;/td&gt;
&lt;/tr&gt;
&lt;tr&gt;
&lt;td class=&apos;confluenceTd&apos;&gt;mapred&lt;/td&gt;
&lt;/tr&gt;
&lt;tr&gt;
&lt;td class=&apos;confluenceTd&apos;&gt;rest&lt;/td&gt;
&lt;/tr&gt;
&lt;tr&gt;
&lt;td class=&apos;confluenceTd&apos;&gt;thrift&lt;/td&gt;
&lt;/tr&gt;
&lt;tr&gt;
&lt;td class=&apos;confluenceTd&apos;&gt;scripts&lt;/td&gt;
&lt;/tr&gt;
&lt;tr&gt;
&lt;td class=&apos;confluenceTd&apos;&gt;test&lt;/td&gt;
&lt;/tr&gt;
&lt;tr&gt;
&lt;td class=&apos;confluenceTd&apos;&gt;util&lt;/td&gt;
&lt;/tr&gt;
&lt;/tbody&gt;&lt;/table&gt;
</description>
                <environment></environment>
        <key id="12387724">HBASE-5</key>
            <summary>Components definition</summary>
                <type id="5" iconUrl="https://issues.apache.org/jira/images/icons/issuetypes/improvement.png">Wish</type>
                                            <priority id="2" iconUrl="https://issues.apache.org/jira/images/icons/priorities/critical.png">Critical</priority>
                        <status id="6" iconUrl="https://issues.apache.org/jira/images/icons/statuses/closed.png" description="The issue is considered finished, the resolution is correct. Issues which are closed can be reopened.">Closed</status>
                    <statusCategory id="3" key="done" colorName="green"/>
                                    <resolution id="1">Fixed</resolution>
                                        <assignee username="jimk">Jim Kellerman</assignee>
                                    <reporter username="udanax">Edward J. Yoon</reporter>
                        <labels>
                    </labels>
                <created>Sun, 3 Feb 2008 10:00:11 +0000</created>
                <updated>Fri, 22 Aug 2008 21:17:40 +0000</updated>
                            <resolved>Mon, 4 Feb 2008 20:30:05 +0000</resolved>
                                                    <fixVersion>0.1.0</fixVersion>
                                        <due></due>
                            <votes>0</votes>
                                    <watches>0</watches>
                                                                <comments>
                            <comment id="12565204" author="bryanduxbury" created="Sun, 3 Feb 2008 19:26:31 +0000"  >&lt;p&gt;I&apos;d drop io, util, mapred, and examples, change HQL to shell, and add client, master, and regionserver. Mapred is really just part of client in my mind. Examples may or may not even end up in the source code, instead showing up on the wiki. &lt;/p&gt;

&lt;p&gt;What&apos;s the point of unknown? If you don&apos;t know what component it is, leave it blank.&lt;/p&gt;</comment>
                            <comment id="12565236" author="udanax" created="Sun, 3 Feb 2008 23:00:43 +0000"  >&lt;p&gt;Have seen the unknown option value at select-box yet? &lt;img class=&quot;emoticon&quot; src=&quot;https://issues.apache.org/jira/images/icons/emoticons/wink.gif&quot; height=&quot;16&quot; width=&quot;16&quot; align=&quot;absmiddle&quot; alt=&quot;&quot; border=&quot;0&quot;/&gt;  unknown is just a default selected option value. That&apos;s it.&lt;/p&gt;

&lt;p&gt;&amp;gt;&amp;gt; change HQL to shell&lt;br/&gt;
I don&apos;t agree with you, hql doen&apos;t belong to a shell. &lt;/p&gt;

&lt;p&gt;Here&apos;s a new table. &lt;/p&gt;
&lt;table class=&apos;confluenceTable&apos;&gt;&lt;tbody&gt;
&lt;tr&gt;
&lt;th class=&apos;confluenceTh&apos;&gt;Component/s&lt;/th&gt;
&lt;/tr&gt;
&lt;tr&gt;
&lt;td class=&apos;confluenceTd&apos;&gt;unknown&lt;/td&gt;
&lt;/tr&gt;
&lt;tr&gt;
&lt;td class=&apos;confluenceTd&apos;&gt;client&lt;/td&gt;
&lt;/tr&gt;
&lt;tr&gt;
&lt;td class=&apos;confluenceTd&apos;&gt;documentation&lt;/td&gt;
&lt;/tr&gt;
&lt;tr&gt;
&lt;td class=&apos;confluenceTd&apos;&gt;hql&lt;/td&gt;
&lt;/tr&gt;
&lt;tr&gt;
&lt;td class=&apos;confluenceTd&apos;&gt;ipc&lt;/td&gt;
&lt;/tr&gt;
&lt;tr&gt;
&lt;td class=&apos;confluenceTd&apos;&gt;master&lt;/td&gt;
&lt;/tr&gt;
&lt;tr&gt;
&lt;td class=&apos;confluenceTd&apos;&gt;rest&lt;/td&gt;
&lt;/tr&gt;
&lt;tr&gt;
&lt;td class=&apos;confluenceTd&apos;&gt;regionserver&lt;/td&gt;
&lt;/tr&gt;
&lt;tr&gt;
&lt;td class=&apos;confluenceTd&apos;&gt;thrift&lt;/td&gt;
&lt;/tr&gt;
&lt;tr&gt;
&lt;td class=&apos;confluenceTd&apos;&gt;scripts&lt;/td&gt;
&lt;/tr&gt;
&lt;tr&gt;
&lt;td class=&apos;confluenceTd&apos;&gt;test&lt;/td&gt;
&lt;/tr&gt;
&lt;tr&gt;
&lt;td class=&apos;confluenceTd&apos;&gt;util&lt;/td&gt;
&lt;/tr&gt;
&lt;/tbody&gt;&lt;/table&gt;
</comment>
                            <comment id="12565469" author="bryanduxbury" created="Mon, 4 Feb 2008 18:59:31 +0000"  >&lt;p&gt;Let&apos;s get this handled ASAP.&lt;/p&gt;</comment>
                            <comment id="12565509" author="jimk" created="Mon, 4 Feb 2008 20:30:05 +0000"  >&lt;p&gt;Initial Jira setup complete. We can open new issues for problems we encounter down the road.&lt;/p&gt;</comment>
                    </comments>
                    <attachments>
                    </attachments>
                <subtasks>
                    </subtasks>
                <customfields>
                                                <customfield id="customfield_12310310" key="com.atlassian.jira.toolkit:attachments">
                        <customfieldname>Attachment count</customfieldname>
                        <customfieldvalues>
                            <customfieldvalue>0.0</customfieldvalue>
                        </customfieldvalues>
                    </customfield>
                                                                                                                                                                                                                                                                                                                                                                                                                                                                                                                                <customfield id="customfield_12310220" key="com.atlassian.jira.ext.charting:firstresponsedate">
                        <customfieldname>Date of First Response</customfieldname>
                        <customfieldvalues>
                            <customfieldvalue>Sun, 3 Feb 2008 19:26:31 +0000</customfieldvalue>

                        </customfieldvalues>
                    </customfield>
                                                                                                                                                                                                                                                                                                                                                                                                                                            <customfield id="customfield_12310420" key="com.pyxis.greenhopper.jira:gh-global-rank">
                        <customfieldname>Global Rank</customfieldname>
                        <customfieldvalues>
                            <customfieldvalue>31630</customfieldvalue>
                        </customfieldvalues>
                    </customfield>
                                                                                                                                                    <customfield id="customfield_12312521" key="com.atlassian.jira.toolkit:LastCommentDate">
                        <customfieldname>Last public comment date</customfieldname>
                        <customfieldvalues>
                            8 years, 46 weeks, 3 days ago
                        </customfieldvalues>
                    </customfield>
                                                                                            <customfield id="customfield_12311820" key="com.pyxis.greenhopper.jira:gh-lexo-rank">
                        <customfieldname>Rank</customfieldname>
                        <customfieldvalues>
                            <customfieldvalue>0|i0h3cn:</customfieldvalue>

                        </customfieldvalues>
                    </customfield>
                                                                <customfield id="customfield_12310920" key="com.pyxis.greenhopper.jira:gh-global-rank">
                        <customfieldname>Rank (Obsolete)</customfieldname>
                        <customfieldvalues>
                            <customfieldvalue>97805</customfieldvalue>
                        </customfieldvalues>
                    </customfield>
                                                                                                                                                                                                                                                                                                <customfield id="customfield_12310222" key="com.atlassian.jira.ext.charting:timeinstatus">
                        <customfieldname>Time in Status</customfieldname>
                        <customfieldvalues>
                            
                        </customfieldvalues>
                    </customfield>
                                                                                                                        </customfields>
    </item>
</channel>
</rss>