<!-- 
RSS generated by JIRA (6.3.4#6332-sha1:51bc225ef474afe3128b2f66878477f322397b16) at Fri Dec 16 18:48:55 UTC 2016

It is possible to restrict the fields that are returned in this document by specifying the 'field' parameter in your request.
For example, to request only the issue key and summary add field=key&field=summary to the URL of your request.
For example:
https://issues.apache.org/jira/si/jira.issueviews:issue-xml/HBASE-933/HBASE-933.xml?field=key&amp;field=summary
-->
<rss version="0.92" >
<channel>
    <title>ASF JIRA</title>
    <link>https://issues.apache.org/jira</link>
    <description>This file is an XML representation of an issue</description>
    <language>en-uk</language>    <build-info>
        <version>6.3.4</version>
        <build-number>6332</build-number>
        <build-date>15-08-2014</build-date>
    </build-info>

<item>
            <title>[HBASE-933] missing hbase.regions.slop in hbase-default.xml for 0.18 branch</title>
                <link>https://issues.apache.org/jira/browse/HBASE-933</link>
                <project id="12310753" key="HBASE">HBase</project>
                    <description>&lt;p&gt;&lt;a href=&quot;https://issues.apache.org/jira/browse/HBASE-920&quot; title=&quot;Make region balancing sloppier&quot; class=&quot;issue-link&quot; data-issue-key=&quot;HBASE-920&quot;&gt;&lt;del&gt;HBASE-920&lt;/del&gt;&lt;/a&gt; introduces a new configuration variable: hbase.regions.slop. It is missing in hbase-default.xml of 0.18 branch while trunk has the correct information.&lt;/p&gt;</description>
                <environment></environment>
        <key id="12406604">HBASE-933</key>
            <summary>missing hbase.regions.slop in hbase-default.xml for 0.18 branch</summary>
                <type id="1" iconUrl="https://issues.apache.org/jira/images/icons/issuetypes/bug.png">Bug</type>
                                            <priority id="5" iconUrl="https://issues.apache.org/jira/images/icons/priorities/trivial.png">Trivial</priority>
                        <status id="6" iconUrl="https://issues.apache.org/jira/images/icons/statuses/closed.png" description="The issue is considered finished, the resolution is correct. Issues which are closed can be reopened.">Closed</status>
                    <statusCategory id="3" key="done" colorName="green"/>
                                    <resolution id="1">Fixed</resolution>
                                        <assignee username="stack">stack</assignee>
                                    <reporter username="rafan">Rong-En Fan</reporter>
                        <labels>
                    </labels>
                <created>Thu, 16 Oct 2008 15:09:49 +0000</created>
                <updated>Sun, 13 Sep 2009 22:32:51 +0000</updated>
                            <resolved>Thu, 16 Oct 2008 17:06:39 +0000</resolved>
                                    <version>0.18.1</version>
                                    <fixVersion>0.18.1</fixVersion>
                                        <due></due>
                            <votes>0</votes>
                                    <watches>0</watches>
                                                                <comments>
                            <comment id="12640187" author="rafan" created="Thu, 16 Oct 2008 15:19:21 +0000"  >&lt;p&gt;patch for 0.18 branch&lt;/p&gt;</comment>
                            <comment id="12640226" author="stack" created="Thu, 16 Oct 2008 17:06:39 +0000"  >&lt;p&gt;Committed. Thanks for the patch Rong-en&lt;/p&gt;</comment>
                    </comments>
                    <attachments>
                            <attachment id="12392251" name="933-0.18.1.patch" size="644" author="rafan" created="Thu, 16 Oct 2008 15:19:21 +0000"/>
                    </attachments>
                <subtasks>
                    </subtasks>
                <customfields>
                                                <customfield id="customfield_12310310" key="com.atlassian.jira.toolkit:attachments">
                        <customfieldname>Attachment count</customfieldname>
                        <customfieldvalues>
                            <customfieldvalue>1.0</customfieldvalue>
                        </customfieldvalues>
                    </customfield>
                                                                                                                                                                                                                                                                                                                                                                                                                                                                                                                                <customfield id="customfield_12310220" key="com.atlassian.jira.ext.charting:firstresponsedate">
                        <customfieldname>Date of First Response</customfieldname>
                        <customfieldvalues>
                            <customfieldvalue>Thu, 16 Oct 2008 17:06:39 +0000</customfieldvalue>

                        </customfieldvalues>
                    </customfield>
                                                                                                                                                                                                                                                                                                                                                                                                                                            <customfield id="customfield_12310420" key="com.pyxis.greenhopper.jira:gh-global-rank">
                        <customfieldname>Global Rank</customfieldname>
                        <customfieldvalues>
                            <customfieldvalue>25484</customfieldvalue>
                        </customfieldvalues>
                    </customfield>
                                                                                                                                                    <customfield id="customfield_12312521" key="com.atlassian.jira.toolkit:LastCommentDate">
                        <customfieldname>Last public comment date</customfieldname>
                        <customfieldvalues>
                            8 years, 10 weeks, 1 day ago
                        </customfieldvalues>
                    </customfield>
                                                                                            <customfield id="customfield_12311820" key="com.pyxis.greenhopper.jira:gh-lexo-rank">
                        <customfieldname>Rank</customfieldname>
                        <customfieldvalues>
                            <customfieldvalue>0|i0hac7:</customfieldvalue>

                        </customfieldvalues>
                    </customfield>
                                                                <customfield id="customfield_12310920" key="com.pyxis.greenhopper.jira:gh-global-rank">
                        <customfieldname>Rank (Obsolete)</customfieldname>
                        <customfieldvalues>
                            <customfieldvalue>98937</customfieldvalue>
                        </customfieldvalues>
                    </customfield>
                                                                                                                                                                                                                                                                                                <customfield id="customfield_12310222" key="com.atlassian.jira.ext.charting:timeinstatus">
                        <customfieldname>Time in Status</customfieldname>
                        <customfieldvalues>
                            
                        </customfieldvalues>
                    </customfield>
                                                                                                                        </customfields>
    </item>
</channel>
</rss>