<!-- 
RSS generated by JIRA (6.3.4#6332-sha1:51bc225ef474afe3128b2f66878477f322397b16) at Fri Dec 16 18:41:43 UTC 2016

It is possible to restrict the fields that are returned in this document by specifying the 'field' parameter in your request.
For example, to request only the issue key and summary add field=key&field=summary to the URL of your request.
For example:
https://issues.apache.org/jira/si/jira.issueviews:issue-xml/HBASE-173/HBASE-173.xml?field=key&amp;field=summary
-->
<rss version="0.92" >
<channel>
    <title>ASF JIRA</title>
    <link>https://issues.apache.org/jira</link>
    <description>This file is an XML representation of an issue</description>
    <language>en-uk</language>    <build-info>
        <version>6.3.4</version>
        <build-number>6332</build-number>
        <build-date>15-08-2014</build-date>
    </build-info>

<item>
            <title>[HBASE-173] HBase Shell crash</title>
                <link>https://issues.apache.org/jira/browse/HBASE-173</link>
                <project id="12310753" key="HBASE">HBase</project>
                    <description>&lt;p&gt;$ bin/hbase shell&lt;br/&gt;
Hbase Shell, 0.0.2 version.&lt;br/&gt;
Copyright (c) 2007 by udanax, licensed to Apache Software Foundation.&lt;br/&gt;
Type &apos;help;&apos; for usage.&lt;/p&gt;

&lt;p&gt;hql &amp;gt; help;&lt;br/&gt;
Type &apos;help COMMAND;&apos; to see command-specific usage.&lt;br/&gt;
&lt;ins&gt;------------------------&lt;del&gt;&lt;/ins&gt;&lt;/del&gt;-----------------------&lt;del&gt;&lt;ins&gt;&lt;/del&gt;------------------------&lt;/ins&gt;&lt;/p&gt;
&lt;table class=&apos;confluenceTable&apos;&gt;&lt;tbody&gt;
&lt;tr&gt;
&lt;td class=&apos;confluenceTd&apos;&gt; Command                 &lt;/td&gt;
&lt;td class=&apos;confluenceTd&apos;&gt; Description             &lt;/td&gt;
&lt;td class=&apos;confluenceTd&apos;&gt; Example                 &lt;/td&gt;
&lt;/tr&gt;
&lt;/tbody&gt;&lt;/table&gt;

&lt;p&gt;&lt;ins&gt;------------------------&lt;del&gt;&lt;/ins&gt;&lt;/del&gt;-----------------------&lt;del&gt;&lt;ins&gt;&lt;/del&gt;------------------------&lt;/ins&gt;&lt;/p&gt;
&lt;table class=&apos;confluenceTable&apos;&gt;&lt;tbody&gt;
&lt;tr&gt;
&lt;td class=&apos;confluenceTd&apos;&gt; SHOW                    &lt;/td&gt;
&lt;td class=&apos;confluenceTd&apos;&gt; Show information about s&lt;/td&gt;
&lt;td class=&apos;confluenceTd&apos;&gt; SHOW TABLES [or substitu&lt;/td&gt;
&lt;/tr&gt;
&lt;tr&gt;
&lt;td class=&apos;confluenceTd&apos;&gt;&amp;nbsp;&lt;/td&gt;
&lt;td class=&apos;confluenceTd&apos;&gt; elected title           &lt;/td&gt;
&lt;td class=&apos;confluenceTd&apos;&gt; tion variable name];    &lt;/td&gt;
&lt;/tr&gt;
&lt;/tbody&gt;&lt;/table&gt;

&lt;p&gt;&lt;ins&gt;------------------------&lt;del&gt;&lt;/ins&gt;&lt;/del&gt;-----------------------&lt;del&gt;&lt;ins&gt;&lt;/del&gt;------------------------&lt;/ins&gt;&lt;/p&gt;
&lt;table class=&apos;confluenceTable&apos;&gt;&lt;tbody&gt;
&lt;tr&gt;
&lt;td class=&apos;confluenceTd&apos;&gt; DELETE                  &lt;/td&gt;
&lt;td class=&apos;confluenceTd&apos;&gt; Delete table data       &lt;/td&gt;
&lt;td class=&apos;confluenceTd&apos;&gt; DELETE 
{column_name, [, |
|                         |                         | column_name] ... | *}
&lt;p&gt; FR&lt;/p&gt;&lt;/td&gt;
&lt;/tr&gt;
&lt;tr&gt;
&lt;td class=&apos;confluenceTd&apos;&gt;&amp;nbsp;&lt;/td&gt;
&lt;td class=&apos;confluenceTd&apos;&gt;&amp;nbsp;&lt;/td&gt;
&lt;td class=&apos;confluenceTd&apos;&gt; OM table_name WHERE row=&lt;/td&gt;
&lt;/tr&gt;
&lt;tr&gt;
&lt;td class=&apos;confluenceTd&apos;&gt;&amp;nbsp;&lt;/td&gt;
&lt;td class=&apos;confluenceTd&apos;&gt;&amp;nbsp;&lt;/td&gt;
&lt;td class=&apos;confluenceTd&apos;&gt; &apos;row-key&apos;;              &lt;/td&gt;
&lt;/tr&gt;
&lt;/tbody&gt;&lt;/table&gt;

&lt;p&gt;&lt;ins&gt;------------------------&lt;del&gt;&lt;/ins&gt;&lt;/del&gt;-----------------------&lt;del&gt;&lt;ins&gt;&lt;/del&gt;------------------------&lt;/ins&gt;&lt;/p&gt;
&lt;table class=&apos;confluenceTable&apos;&gt;&lt;tbody&gt;
&lt;tr&gt;
&lt;td class=&apos;confluenceTd&apos;&gt; DROP                    &lt;/td&gt;
&lt;td class=&apos;confluenceTd&apos;&gt; Drop tables             &lt;/td&gt;
&lt;td class=&apos;confluenceTd&apos;&gt; DROP TABLE table_name [,&lt;/td&gt;
&lt;/tr&gt;
&lt;tr&gt;
&lt;td class=&apos;confluenceTd&apos;&gt;&amp;nbsp;&lt;/td&gt;
&lt;td class=&apos;confluenceTd&apos;&gt;&amp;nbsp;&lt;/td&gt;
&lt;td class=&apos;confluenceTd&apos;&gt;  table_name] ...;       &lt;/td&gt;
&lt;/tr&gt;
&lt;/tbody&gt;&lt;/table&gt;

&lt;p&gt;&lt;ins&gt;------------------------&lt;del&gt;&lt;/ins&gt;&lt;/del&gt;-----------------------&lt;del&gt;&lt;ins&gt;&lt;/del&gt;------------------------&lt;/ins&gt;&lt;/p&gt;
&lt;table class=&apos;confluenceTable&apos;&gt;&lt;tbody&gt;
&lt;tr&gt;
&lt;td class=&apos;confluenceTd&apos;&gt; ALTER                   &lt;/td&gt;
&lt;td class=&apos;confluenceTd&apos;&gt; Alter structure of table&lt;/td&gt;
&lt;td class=&apos;confluenceTd&apos;&gt; ALTER TABLE table_name A&lt;/td&gt;
&lt;/tr&gt;
&lt;tr&gt;
&lt;td class=&apos;confluenceTd&apos;&gt;&amp;nbsp;&lt;/td&gt;
&lt;td class=&apos;confluenceTd&apos;&gt;&amp;nbsp;&lt;/td&gt;
&lt;td class=&apos;confluenceTd&apos;&gt; DD column_spec &lt;/td&gt;
&lt;td class=&apos;confluenceTd&apos;&gt; ADD (co&lt;/td&gt;
&lt;/tr&gt;
&lt;tr&gt;
&lt;td class=&apos;confluenceTd&apos;&gt;&amp;nbsp;&lt;/td&gt;
&lt;td class=&apos;confluenceTd&apos;&gt;&amp;nbsp;&lt;/td&gt;
&lt;td class=&apos;confluenceTd&apos;&gt; lumn_spec, column_spec, &lt;/td&gt;
&lt;/tr&gt;
&lt;tr&gt;
&lt;td class=&apos;confluenceTd&apos;&gt;&amp;nbsp;&lt;/td&gt;
&lt;td class=&apos;confluenceTd&apos;&gt;&amp;nbsp;&lt;/td&gt;
&lt;td class=&apos;confluenceTd&apos;&gt; ...) &lt;/td&gt;
&lt;td class=&apos;confluenceTd&apos;&gt; CHANGE column_fam&lt;/td&gt;
&lt;/tr&gt;
&lt;tr&gt;
&lt;td class=&apos;confluenceTd&apos;&gt;&amp;nbsp;&lt;/td&gt;
&lt;td class=&apos;confluenceTd&apos;&gt;&amp;nbsp;&lt;/td&gt;
&lt;td class=&apos;confluenceTd&apos;&gt; ily column_spec &lt;/td&gt;
&lt;td class=&apos;confluenceTd&apos;&gt; DROP c&lt;/td&gt;
&lt;/tr&gt;
&lt;tr&gt;
&lt;td class=&apos;confluenceTd&apos;&gt;&amp;nbsp;&lt;/td&gt;
&lt;td class=&apos;confluenceTd&apos;&gt;&amp;nbsp;&lt;/td&gt;
&lt;td class=&apos;confluenceTd&apos;&gt; olumn_family_name &lt;/td&gt;
&lt;td class=&apos;confluenceTd&apos;&gt; CHAN&lt;/td&gt;
&lt;/tr&gt;
&lt;tr&gt;
&lt;td class=&apos;confluenceTd&apos;&gt;&amp;nbsp;&lt;/td&gt;
&lt;td class=&apos;confluenceTd&apos;&gt;&amp;nbsp;&lt;/td&gt;
&lt;td class=&apos;confluenceTd&apos;&gt; GE column_spec;         &lt;/td&gt;
&lt;/tr&gt;
&lt;/tbody&gt;&lt;/table&gt;

&lt;p&gt;&lt;ins&gt;------------------------&lt;del&gt;&lt;/ins&gt;&lt;/del&gt;-----------------------&lt;del&gt;&lt;ins&gt;&lt;/del&gt;------------------------&lt;/ins&gt;&lt;/p&gt;
&lt;table class=&apos;confluenceTable&apos;&gt;&lt;tbody&gt;
&lt;tr&gt;
&lt;td class=&apos;confluenceTd&apos;&gt; CLEAR                   &lt;/td&gt;
&lt;td class=&apos;confluenceTd&apos;&gt; Clear the screen        &lt;/td&gt;
&lt;td class=&apos;confluenceTd&apos;&gt; CLEAR;                  &lt;/td&gt;
&lt;/tr&gt;
&lt;/tbody&gt;&lt;/table&gt;

&lt;p&gt;&lt;ins&gt;------------------------&lt;del&gt;&lt;/ins&gt;&lt;/del&gt;-----------------------&lt;del&gt;&lt;ins&gt;&lt;/del&gt;------------------------&lt;/ins&gt;&lt;/p&gt;
&lt;table class=&apos;confluenceTable&apos;&gt;&lt;tbody&gt;
&lt;tr&gt;
&lt;td class=&apos;confluenceTd&apos;&gt; JAR                     &lt;/td&gt;
&lt;td class=&apos;confluenceTd&apos;&gt; Hadoop RunJar util      &lt;/td&gt;
&lt;td class=&apos;confluenceTd&apos;&gt; JAR jarFile &lt;span class=&quot;error&quot;&gt;&amp;#91;mainClass&amp;#93;&lt;/span&gt; &lt;/td&gt;
&lt;/tr&gt;
&lt;tr&gt;
&lt;td class=&apos;confluenceTd&apos;&gt;&amp;nbsp;&lt;/td&gt;
&lt;td class=&apos;confluenceTd&apos;&gt;&amp;nbsp;&lt;/td&gt;
&lt;td class=&apos;confluenceTd&apos;&gt; arguments...;           &lt;/td&gt;
&lt;/tr&gt;
&lt;/tbody&gt;&lt;/table&gt;

&lt;p&gt;&lt;ins&gt;------------------------&lt;del&gt;&lt;/ins&gt;&lt;/del&gt;-----------------------&lt;del&gt;&lt;ins&gt;&lt;/del&gt;------------------------&lt;/ins&gt;&lt;/p&gt;
&lt;table class=&apos;confluenceTable&apos;&gt;&lt;tbody&gt;
&lt;tr&gt;
&lt;td class=&apos;confluenceTd&apos;&gt; DESCRIBE                &lt;/td&gt;
&lt;td class=&apos;confluenceTd&apos;&gt; Print table information &lt;/td&gt;
&lt;td class=&apos;confluenceTd&apos;&gt; &lt;span class=&quot;error&quot;&gt;&amp;#91;DESCRIBE|DESC&amp;#93;&lt;/span&gt; table_na&lt;/td&gt;
&lt;/tr&gt;
&lt;tr&gt;
&lt;td class=&apos;confluenceTd&apos;&gt;&amp;nbsp;&lt;/td&gt;
&lt;td class=&apos;confluenceTd&apos;&gt;&amp;nbsp;&lt;/td&gt;
&lt;td class=&apos;confluenceTd&apos;&gt; me;                     &lt;/td&gt;
&lt;/tr&gt;
&lt;/tbody&gt;&lt;/table&gt;

&lt;p&gt;&lt;ins&gt;------------------------&lt;del&gt;&lt;/ins&gt;&lt;/del&gt;-----------------------&lt;del&gt;&lt;ins&gt;&lt;/del&gt;------------------------&lt;/ins&gt;&lt;/p&gt;
&lt;table class=&apos;confluenceTable&apos;&gt;&lt;tbody&gt;
&lt;tr&gt;
&lt;td class=&apos;confluenceTd&apos;&gt; SELECT                  &lt;/td&gt;
&lt;td class=&apos;confluenceTd&apos;&gt; Select values from table&lt;/td&gt;
&lt;td class=&apos;confluenceTd&apos;&gt; SELECT 
{column_name, [, |
|                         |                         | column_name] ... | expr[|
|                         |                         | alias] | * }
&lt;p&gt; FROM table_&lt;/p&gt;&lt;/td&gt;
&lt;/tr&gt;
&lt;tr&gt;
&lt;td class=&apos;confluenceTd&apos;&gt;&amp;nbsp;&lt;/td&gt;
&lt;td class=&apos;confluenceTd&apos;&gt;&amp;nbsp;&lt;/td&gt;
&lt;td class=&apos;confluenceTd&apos;&gt; name [WHERE row=&apos;row_key&lt;/td&gt;
&lt;/tr&gt;
&lt;tr&gt;
&lt;td class=&apos;confluenceTd&apos;&gt;&amp;nbsp;&lt;/td&gt;
&lt;td class=&apos;confluenceTd&apos;&gt;&amp;nbsp;&lt;/td&gt;
&lt;td class=&apos;confluenceTd&apos;&gt; &apos; &lt;/td&gt;
&lt;td class=&apos;confluenceTd&apos;&gt; STARTING FROM &apos;row-k&lt;/td&gt;
&lt;/tr&gt;
&lt;tr&gt;
&lt;td class=&apos;confluenceTd&apos;&gt;&amp;nbsp;&lt;/td&gt;
&lt;td class=&apos;confluenceTd&apos;&gt;&amp;nbsp;&lt;/td&gt;
&lt;td class=&apos;confluenceTd&apos;&gt; ey&apos; &lt;span class=&quot;error&quot;&gt;&amp;#91;UNTIL &amp;#39;stop-key&amp;#39;&amp;#93;&lt;/span&gt;] &lt;/td&gt;
&lt;/tr&gt;
&lt;tr&gt;
&lt;td class=&apos;confluenceTd&apos;&gt;&amp;nbsp;&lt;/td&gt;
&lt;td class=&apos;confluenceTd&apos;&gt;&amp;nbsp;&lt;/td&gt;
&lt;td class=&apos;confluenceTd&apos;&gt; [NUM_VERSIONS = version_&lt;/td&gt;
&lt;/tr&gt;
&lt;tr&gt;
&lt;td class=&apos;confluenceTd&apos;&gt;&amp;nbsp;&lt;/td&gt;
&lt;td class=&apos;confluenceTd&apos;&gt;&amp;nbsp;&lt;/td&gt;
&lt;td class=&apos;confluenceTd&apos;&gt; count] [TIMESTAMP &apos;times&lt;/td&gt;
&lt;/tr&gt;
&lt;tr&gt;
&lt;td class=&apos;confluenceTd&apos;&gt;&amp;nbsp;&lt;/td&gt;
&lt;td class=&apos;confluenceTd&apos;&gt;&amp;nbsp;&lt;/td&gt;
&lt;td class=&apos;confluenceTd&apos;&gt; tamp&apos;] [LIMIT = row_coun&lt;/td&gt;
&lt;/tr&gt;
&lt;tr&gt;
&lt;td class=&apos;confluenceTd&apos;&gt;&amp;nbsp;&lt;/td&gt;
&lt;td class=&apos;confluenceTd&apos;&gt;&amp;nbsp;&lt;/td&gt;
&lt;td class=&apos;confluenceTd&apos;&gt; t] [INTO FILE &apos;file_name&lt;/td&gt;
&lt;/tr&gt;
&lt;tr&gt;
&lt;td class=&apos;confluenceTd&apos;&gt;&amp;nbsp;&lt;/td&gt;
&lt;td class=&apos;confluenceTd&apos;&gt;&amp;nbsp;&lt;/td&gt;
&lt;td class=&apos;confluenceTd&apos;&gt; &apos;];                     &lt;/td&gt;
&lt;/tr&gt;
&lt;/tbody&gt;&lt;/table&gt;

&lt;p&gt;&lt;ins&gt;------------------------&lt;del&gt;&lt;/ins&gt;&lt;/del&gt;-----------------------&lt;del&gt;&lt;ins&gt;&lt;/del&gt;------------------------&lt;/ins&gt;&lt;/p&gt;
&lt;table class=&apos;confluenceTable&apos;&gt;&lt;tbody&gt;
&lt;tr&gt;
&lt;td class=&apos;confluenceTd&apos;&gt; FS                      &lt;/td&gt;
&lt;td class=&apos;confluenceTd&apos;&gt; Hadoop FsShell; entering&lt;/td&gt;
&lt;td class=&apos;confluenceTd&apos;&gt; FS &lt;span class=&quot;error&quot;&gt;&amp;#91;-option&amp;#93;&lt;/span&gt; arguments..&lt;/td&gt;
&lt;/tr&gt;
&lt;tr&gt;
&lt;td class=&apos;confluenceTd&apos;&gt;&amp;nbsp;&lt;/td&gt;
&lt;td class=&apos;confluenceTd&apos;&gt;  a lone &apos;FS;&apos; will emit &lt;/td&gt;
&lt;td class=&apos;confluenceTd&apos;&gt; ;                       &lt;/td&gt;
&lt;/tr&gt;
&lt;tr&gt;
&lt;td class=&apos;confluenceTd&apos;&gt;&amp;nbsp;&lt;/td&gt;
&lt;td class=&apos;confluenceTd&apos;&gt; usage                   &lt;/td&gt;
&lt;td class=&apos;confluenceTd&apos;&gt;&amp;nbsp;&lt;/td&gt;
&lt;/tr&gt;
&lt;/tbody&gt;&lt;/table&gt;

&lt;p&gt;&lt;ins&gt;------------------------&lt;del&gt;&lt;/ins&gt;&lt;/del&gt;-----------------------&lt;del&gt;&lt;ins&gt;&lt;/del&gt;------------------------&lt;/ins&gt;&lt;/p&gt;
&lt;table class=&apos;confluenceTable&apos;&gt;&lt;tbody&gt;
&lt;tr&gt;
&lt;td class=&apos;confluenceTd&apos;&gt; TRUNCATE                &lt;/td&gt;
&lt;td class=&apos;confluenceTd&apos;&gt; Truncate table is used t&lt;/td&gt;
&lt;td class=&apos;confluenceTd&apos;&gt; TRUNCATE TABLE table_nam&lt;/td&gt;
&lt;/tr&gt;
&lt;tr&gt;
&lt;td class=&apos;confluenceTd&apos;&gt;&amp;nbsp;&lt;/td&gt;
&lt;td class=&apos;confluenceTd&apos;&gt; o clean all data from a &lt;/td&gt;
&lt;td class=&apos;confluenceTd&apos;&gt; e;                      &lt;/td&gt;
&lt;/tr&gt;
&lt;tr&gt;
&lt;td class=&apos;confluenceTd&apos;&gt;&amp;nbsp;&lt;/td&gt;
&lt;td class=&apos;confluenceTd&apos;&gt; table                   &lt;/td&gt;
&lt;td class=&apos;confluenceTd&apos;&gt;&amp;nbsp;&lt;/td&gt;
&lt;/tr&gt;
&lt;/tbody&gt;&lt;/table&gt;

&lt;p&gt;&lt;ins&gt;------------------------&lt;del&gt;&lt;/ins&gt;&lt;/del&gt;-----------------------&lt;del&gt;&lt;ins&gt;&lt;/del&gt;------------------------&lt;/ins&gt;&lt;/p&gt;
&lt;table class=&apos;confluenceTable&apos;&gt;&lt;tbody&gt;
&lt;tr&gt;
&lt;td class=&apos;confluenceTd&apos;&gt; EXIT                    &lt;/td&gt;
&lt;td class=&apos;confluenceTd&apos;&gt; Exit shell              &lt;/td&gt;
&lt;td class=&apos;confluenceTd&apos;&gt; EXIT;                   &lt;/td&gt;
&lt;/tr&gt;
&lt;/tbody&gt;&lt;/table&gt;

&lt;p&gt;&lt;ins&gt;------------------------&lt;del&gt;&lt;/ins&gt;&lt;/del&gt;-----------------------&lt;del&gt;&lt;ins&gt;&lt;/del&gt;------------------------&lt;/ins&gt;&lt;/p&gt;
&lt;table class=&apos;confluenceTable&apos;&gt;&lt;tbody&gt;
&lt;tr&gt;
&lt;td class=&apos;confluenceTd&apos;&gt; INSERT                  &lt;/td&gt;
&lt;td class=&apos;confluenceTd&apos;&gt; Insert values into table&lt;/td&gt;
&lt;td class=&apos;confluenceTd&apos;&gt; INSERT INTO table_name (&lt;/td&gt;
&lt;/tr&gt;
&lt;tr&gt;
&lt;td class=&apos;confluenceTd&apos;&gt;&amp;nbsp;&lt;/td&gt;
&lt;td class=&apos;confluenceTd&apos;&gt;&amp;nbsp;&lt;/td&gt;
&lt;td class=&apos;confluenceTd&apos;&gt; column_name, ...) VALUES&lt;/td&gt;
&lt;/tr&gt;
&lt;tr&gt;
&lt;td class=&apos;confluenceTd&apos;&gt;&amp;nbsp;&lt;/td&gt;
&lt;td class=&apos;confluenceTd&apos;&gt;&amp;nbsp;&lt;/td&gt;
&lt;td class=&apos;confluenceTd&apos;&gt;  (&apos;value&apos;, ...) WHERE ro&lt;/td&gt;
&lt;/tr&gt;
&lt;tr&gt;
&lt;td class=&apos;confluenceTd&apos;&gt;&amp;nbsp;&lt;/td&gt;
&lt;td class=&apos;confluenceTd&apos;&gt;&amp;nbsp;&lt;/td&gt;
&lt;td class=&apos;confluenceTd&apos;&gt; w=&apos;row_key&apos; [TIMESTAMP &apos;&lt;/td&gt;
&lt;/tr&gt;
&lt;tr&gt;
&lt;td class=&apos;confluenceTd&apos;&gt;&amp;nbsp;&lt;/td&gt;
&lt;td class=&apos;confluenceTd&apos;&gt;&amp;nbsp;&lt;/td&gt;
&lt;td class=&apos;confluenceTd&apos;&gt; timestamp&apos;];            &lt;/td&gt;
&lt;/tr&gt;
&lt;/tbody&gt;&lt;/table&gt;

&lt;p&gt;&lt;ins&gt;------------------------&lt;del&gt;&lt;/ins&gt;&lt;/del&gt;-----------------------&lt;del&gt;&lt;ins&gt;&lt;/del&gt;------------------------&lt;/ins&gt;&lt;/p&gt;
&lt;table class=&apos;confluenceTable&apos;&gt;&lt;tbody&gt;
&lt;tr&gt;
&lt;td class=&apos;confluenceTd&apos;&gt; CREATE                  &lt;/td&gt;
&lt;td class=&apos;confluenceTd&apos;&gt; Create tables           &lt;/td&gt;
&lt;td class=&apos;confluenceTd&apos;&gt; CREATE TABLE table_name &lt;/td&gt;
&lt;/tr&gt;
&lt;tr&gt;
&lt;td class=&apos;confluenceTd&apos;&gt;&amp;nbsp;&lt;/td&gt;
&lt;td class=&apos;confluenceTd&apos;&gt;&amp;nbsp;&lt;/td&gt;
&lt;td class=&apos;confluenceTd&apos;&gt; (column_family_name [MAX&lt;/td&gt;
&lt;/tr&gt;
&lt;tr&gt;
&lt;td class=&apos;confluenceTd&apos;&gt;&amp;nbsp;&lt;/td&gt;
&lt;td class=&apos;confluenceTd&apos;&gt;&amp;nbsp;&lt;/td&gt;
&lt;td class=&apos;confluenceTd&apos;&gt; _VERSIONS=n] [MAX_LENGTH&lt;/td&gt;
&lt;/tr&gt;
&lt;tr&gt;
&lt;td class=&apos;confluenceTd&apos;&gt;&amp;nbsp;&lt;/td&gt;
&lt;td class=&apos;confluenceTd&apos;&gt;&amp;nbsp;&lt;/td&gt;
&lt;td class=&apos;confluenceTd&apos;&gt; =n] [COMPRESSION=NONE&lt;/td&gt;
&lt;td class=&apos;confluenceTd&apos;&gt;RE&lt;/td&gt;
&lt;/tr&gt;
&lt;tr&gt;
&lt;td class=&apos;confluenceTd&apos;&gt;&amp;nbsp;&lt;/td&gt;
&lt;td class=&apos;confluenceTd&apos;&gt;&amp;nbsp;&lt;/td&gt;
&lt;td class=&apos;confluenceTd&apos;&gt; CORD&lt;/td&gt;
&lt;td class=&apos;confluenceTd&apos;&gt;BLOCK] &lt;span class=&quot;error&quot;&gt;&amp;#91;IN_MEMORY&amp;#93;&lt;/span&gt; &lt;/td&gt;
&lt;/tr&gt;
&lt;tr&gt;
&lt;td class=&apos;confluenceTd&apos;&gt;&amp;nbsp;&lt;/td&gt;
&lt;td class=&apos;confluenceTd&apos;&gt;&amp;nbsp;&lt;/td&gt;
&lt;td class=&apos;confluenceTd&apos;&gt; [BLOOMFILTER=NONE&lt;/td&gt;
&lt;td class=&apos;confluenceTd&apos;&gt;BLOOMF&lt;/td&gt;
&lt;/tr&gt;
&lt;tr&gt;
&lt;td class=&apos;confluenceTd&apos;&gt;&amp;nbsp;&lt;/td&gt;
&lt;td class=&apos;confluenceTd&apos;&gt;&amp;nbsp;&lt;/td&gt;
&lt;td class=&apos;confluenceTd&apos;&gt; ILTER&lt;/td&gt;
&lt;td class=&apos;confluenceTd&apos;&gt;COUNTING_BLOOMFILT&lt;/td&gt;
&lt;/tr&gt;
&lt;tr&gt;
&lt;td class=&apos;confluenceTd&apos;&gt;&amp;nbsp;&lt;/td&gt;
&lt;td class=&apos;confluenceTd&apos;&gt;&amp;nbsp;&lt;/td&gt;
&lt;td class=&apos;confluenceTd&apos;&gt; ER&lt;/td&gt;
&lt;td class=&apos;confluenceTd&apos;&gt;RETOUCHED_BLOOMFILTER&lt;/td&gt;
&lt;/tr&gt;
&lt;tr&gt;
&lt;td class=&apos;confluenceTd&apos;&gt;&amp;nbsp;&lt;/td&gt;
&lt;td class=&apos;confluenceTd&apos;&gt;&amp;nbsp;&lt;/td&gt;
&lt;td class=&apos;confluenceTd&apos;&gt;  VECTOR_SIZE=n NUM_HASH=&lt;/td&gt;
&lt;/tr&gt;
&lt;tr&gt;
&lt;td class=&apos;confluenceTd&apos;&gt;&amp;nbsp;&lt;/td&gt;
&lt;td class=&apos;confluenceTd&apos;&gt;&amp;nbsp;&lt;/td&gt;
&lt;td class=&apos;confluenceTd&apos;&gt; n], ...)                &lt;/td&gt;
&lt;/tr&gt;
&lt;/tbody&gt;&lt;/table&gt;

&lt;p&gt;&lt;ins&gt;------------------------&lt;del&gt;&lt;/ins&gt;&lt;/del&gt;-----------------------&lt;del&gt;&lt;ins&gt;&lt;/del&gt;------------------------&lt;/ins&gt;&lt;br/&gt;
Exception in thread &quot;main&quot; java.lang.NullPointerException&lt;br/&gt;
	at org.apache.hadoop.hbase.Shell.main(Shell.java:119)&lt;/p&gt;
</description>
                <environment>&lt;p&gt;Mac OS 10.5.1&lt;/p&gt;</environment>
        <key id="12387094">HBASE-173</key>
            <summary>HBase Shell crash</summary>
                <type id="1" iconUrl="https://issues.apache.org/jira/images/icons/issuetypes/bug.png">Bug</type>
                                            <priority id="1" iconUrl="https://issues.apache.org/jira/images/icons/priorities/blocker.png">Blocker</priority>
                        <status id="6" iconUrl="https://issues.apache.org/jira/images/icons/statuses/closed.png" description="The issue is considered finished, the resolution is correct. Issues which are closed can be reopened.">Closed</status>
                    <statusCategory id="3" key="done" colorName="green"/>
                                    <resolution id="1">Fixed</resolution>
                                        <assignee username="-1">Unassigned</assignee>
                                    <reporter username="travisbrady">Travis Brady</reporter>
                        <labels>
                    </labels>
                <created>Thu, 24 Jan 2008 22:00:52 +0000</created>
                <updated>Fri, 22 Aug 2008 21:34:54 +0000</updated>
                            <resolved>Fri, 25 Jan 2008 15:45:28 +0000</resolved>
                                                                        <due></due>
                            <votes>0</votes>
                                    <watches>0</watches>
                                                                <comments>
                            <comment id="12562246" author="jimk" created="Thu, 24 Jan 2008 22:05:43 +0000"  >&lt;p&gt;Are you using HBase from trunk or from 0.15.x ?&lt;/p&gt;</comment>
                            <comment id="12562257" author="travisbrady" created="Thu, 24 Jan 2008 22:22:33 +0000"  >&lt;p&gt;I&apos;m running off of trunk checked out from svn this morning PST.&lt;/p&gt;</comment>
                            <comment id="12562298" author="stack" created="Thu, 24 Jan 2008 23:32:24 +0000"  >&lt;p&gt;Attached file fixes the NPE.  Its pretty bad that the first command we ask folks to run after setting up their hbase crashes.  For this reason, marking it a blocker.&lt;/p&gt;</comment>
                            <comment id="12562300" author="stack" created="Thu, 24 Jan 2008 23:35:17 +0000"  >&lt;p&gt;Passing via hudson&lt;/p&gt;</comment>
                            <comment id="12562330" author="udanax" created="Fri, 25 Jan 2008 01:24:14 +0000"  >&lt;p&gt;I added this code at  2653_v03.patch.&lt;br/&gt;
I&apos;d like to commit a &lt;a href=&quot;https://issues.apache.org/jira/browse/HBASE-56&quot; title=&quot;Unnecessary HQLClient Object creation in a shell loop.&quot; class=&quot;issue-link&quot; data-issue-key=&quot;HBASE-56&quot;&gt;&lt;del&gt;HADOOP-2653&lt;/del&gt;&lt;/a&gt;&lt;/p&gt;</comment>
                            <comment id="12562343" author="jimk" created="Fri, 25 Jan 2008 02:34:20 +0000"  >&lt;p&gt;Reopening this issue as it directly addresses the blocking issue and does not include &apos;extra changes&apos;&lt;/p&gt;</comment>
                            <comment id="12562467" author="hadoopqa" created="Fri, 25 Jan 2008 12:26:38 +0000"  >&lt;p&gt;+1 overall.  Here are the results of testing the latest attachment &lt;br/&gt;
&lt;a href=&quot;http://issues.apache.org/jira/secure/attachment/12373989/helpnpe.patch&quot; class=&quot;external-link&quot; rel=&quot;nofollow&quot;&gt;http://issues.apache.org/jira/secure/attachment/12373989/helpnpe.patch&lt;/a&gt;&lt;br/&gt;
against trunk revision 614721.&lt;/p&gt;

&lt;p&gt;    @author +1.  The patch does not contain any @author tags.&lt;/p&gt;

&lt;p&gt;    javadoc +1.  The javadoc tool did not generate any warning messages.&lt;/p&gt;

&lt;p&gt;    javac +1.  The applied patch does not generate any new compiler warnings.&lt;/p&gt;

&lt;p&gt;    findbugs +1.  The patch does not introduce any new Findbugs warnings.&lt;/p&gt;

&lt;p&gt;    core tests +1.  The patch passed core unit tests.&lt;/p&gt;

&lt;p&gt;    contrib tests +1.  The patch passed contrib unit tests.&lt;/p&gt;

&lt;p&gt;Test results: &lt;a href=&quot;http://hudson.zones.apache.org/hudson/job/Hadoop-Patch/1675/testReport/&quot; class=&quot;external-link&quot; rel=&quot;nofollow&quot;&gt;http://hudson.zones.apache.org/hudson/job/Hadoop-Patch/1675/testReport/&lt;/a&gt;&lt;br/&gt;
Findbugs warnings: &lt;a href=&quot;http://hudson.zones.apache.org/hudson/job/Hadoop-Patch/1675/artifact/trunk/build/test/findbugs/newPatchFindbugsWarnings.html&quot; class=&quot;external-link&quot; rel=&quot;nofollow&quot;&gt;http://hudson.zones.apache.org/hudson/job/Hadoop-Patch/1675/artifact/trunk/build/test/findbugs/newPatchFindbugsWarnings.html&lt;/a&gt;&lt;br/&gt;
Checkstyle results: &lt;a href=&quot;http://hudson.zones.apache.org/hudson/job/Hadoop-Patch/1675/artifact/trunk/build/test/checkstyle-errors.html&quot; class=&quot;external-link&quot; rel=&quot;nofollow&quot;&gt;http://hudson.zones.apache.org/hudson/job/Hadoop-Patch/1675/artifact/trunk/build/test/checkstyle-errors.html&lt;/a&gt;&lt;br/&gt;
Console output: &lt;a href=&quot;http://hudson.zones.apache.org/hudson/job/Hadoop-Patch/1675/console&quot; class=&quot;external-link&quot; rel=&quot;nofollow&quot;&gt;http://hudson.zones.apache.org/hudson/job/Hadoop-Patch/1675/console&lt;/a&gt;&lt;/p&gt;

&lt;p&gt;This message is automatically generated.&lt;/p&gt;</comment>
                            <comment id="12562545" author="stack" created="Fri, 25 Jan 2008 15:45:28 +0000"  >&lt;p&gt;Committed.&lt;/p&gt;</comment>
                            <comment id="12562856" author="hudson" created="Sat, 26 Jan 2008 12:36:20 +0000"  >&lt;p&gt;Integrated in Hadoop-trunk #380 (See &lt;a href=&quot;http://hudson.zones.apache.org/hudson/job/Hadoop-trunk/380/&quot; class=&quot;external-link&quot; rel=&quot;nofollow&quot;&gt;http://hudson.zones.apache.org/hudson/job/Hadoop-trunk/380/&lt;/a&gt;)&lt;/p&gt;</comment>
                    </comments>
                <issuelinks>
                            <issuelinktype id="12310010">
                    <name>Incorporates</name>
                                                                <inwardlinks description="is part of">
                                        <issuelink>
            <issuekey id="12386569">HBASE-56</issuekey>
        </issuelink>
                            </inwardlinks>
                                    </issuelinktype>
                    </issuelinks>
                <attachments>
                            <attachment id="12373989" name="helpnpe.patch" size="1123" author="stack" created="Thu, 24 Jan 2008 23:30:53 +0000"/>
                    </attachments>
                <subtasks>
                    </subtasks>
                <customfields>
                                                <customfield id="customfield_12310310" key="com.atlassian.jira.toolkit:attachments">
                        <customfieldname>Attachment count</customfieldname>
                        <customfieldvalues>
                            <customfieldvalue>1.0</customfieldvalue>
                        </customfieldvalues>
                    </customfield>
                                                                                                                                                                                                                                                                                                                                                                                                                                                                                                                                <customfield id="customfield_12310220" key="com.atlassian.jira.ext.charting:firstresponsedate">
                        <customfieldname>Date of First Response</customfieldname>
                        <customfieldvalues>
                            <customfieldvalue>Thu, 24 Jan 2008 22:05:43 +0000</customfieldvalue>

                        </customfieldvalues>
                    </customfield>
                                                                                                                                                                                                                                                                                                                                                                                                                                            <customfield id="customfield_12310420" key="com.pyxis.greenhopper.jira:gh-global-rank">
                        <customfieldname>Global Rank</customfieldname>
                        <customfieldvalues>
                            <customfieldvalue>24957</customfieldvalue>
                        </customfieldvalues>
                    </customfield>
                                                                                                                                                    <customfield id="customfield_12312521" key="com.atlassian.jira.toolkit:LastCommentDate">
                        <customfieldname>Last public comment date</customfieldname>
                        <customfieldvalues>
                            8 years, 47 weeks, 6 days ago
                        </customfieldvalues>
                    </customfield>
                                                                                            <customfield id="customfield_12311820" key="com.pyxis.greenhopper.jira:gh-lexo-rank">
                        <customfieldname>Rank</customfieldname>
                        <customfieldvalues>
                            <customfieldvalue>0|i0h53b:</customfieldvalue>

                        </customfieldvalues>
                    </customfield>
                                                                <customfield id="customfield_12310920" key="com.pyxis.greenhopper.jira:gh-global-rank">
                        <customfieldname>Rank (Obsolete)</customfieldname>
                        <customfieldvalues>
                            <customfieldvalue>98087</customfieldvalue>
                        </customfieldvalues>
                    </customfield>
                                                                                                                                                                                                                                                                                                <customfield id="customfield_12310222" key="com.atlassian.jira.ext.charting:timeinstatus">
                        <customfieldname>Time in Status</customfieldname>
                        <customfieldvalues>
                            
                        </customfieldvalues>
                    </customfield>
                                                                                                                        </customfields>
    </item>
</channel>
</rss>