<!-- 
RSS generated by JIRA (6.3.4#6332-sha1:51bc225ef474afe3128b2f66878477f322397b16) at Fri Dec 16 18:40:13 UTC 2016

It is possible to restrict the fields that are returned in this document by specifying the 'field' parameter in your request.
For example, to request only the issue key and summary add field=key&field=summary to the URL of your request.
For example:
https://issues.apache.org/jira/si/jira.issueviews:issue-xml/HBASE-19/HBASE-19.xml?field=key&amp;field=summary
-->
<rss version="0.92" >
<channel>
    <title>ASF JIRA</title>
    <link>https://issues.apache.org/jira</link>
    <description>This file is an XML representation of an issue</description>
    <language>en-uk</language>    <build-info>
        <version>6.3.4</version>
        <build-number>6332</build-number>
        <build-date>15-08-2014</build-date>
    </build-info>

<item>
            <title>[HBASE-19] CountingBloomFilter can overflow its storage</title>
                <link>https://issues.apache.org/jira/browse/HBASE-19</link>
                <project id="12310753" key="HBASE">HBase</project>
                    <description>&lt;p&gt;The org.onelab.filter.CountingBloomFilter implementation does not check the value of a bucket before incrementing/decrementing it. The buckets in a Counting Bloom filter must not be allowed to overflow, and if they reach their maximum value, they must not be allowed to decrement. This is the only way to preserve the assumptions of the filter (without larger buckets). See: &lt;a href=&quot;http://en.wikipedia.org/wiki/Bloom_filter#Counting_filters&quot; class=&quot;external-link&quot; rel=&quot;nofollow&quot;&gt;http://en.wikipedia.org/wiki/Bloom_filter#Counting_filters&lt;/a&gt;&lt;/p&gt;

&lt;p&gt;Currently, if enough values hash to a bucket, the CountingBloomFilter may begin reporting false negatives when it wraps back around to 0.&lt;/p&gt;</description>
                <environment></environment>
        <key id="12386580">HBASE-19</key>
            <summary>CountingBloomFilter can overflow its storage</summary>
                <type id="1" iconUrl="https://issues.apache.org/jira/images/icons/issuetypes/bug.png">Bug</type>
                                            <priority id="3" iconUrl="https://issues.apache.org/jira/images/icons/priorities/major.png">Major</priority>
                        <status id="6" iconUrl="https://issues.apache.org/jira/images/icons/statuses/closed.png" description="The issue is considered finished, the resolution is correct. Issues which are closed can be reopened.">Closed</status>
                    <statusCategory id="3" key="done" colorName="green"/>
                                    <resolution id="1">Fixed</resolution>
                                        <assignee username="-1">Unassigned</assignee>
                                    <reporter username="stuhood">Stu Hood</reporter>
                        <labels>
                    </labels>
                <created>Fri, 18 Jan 2008 07:13:58 +0000</created>
                <updated>Fri, 22 Aug 2008 21:13:02 +0000</updated>
                            <resolved>Thu, 7 Feb 2008 20:11:10 +0000</resolved>
                                                    <fixVersion>0.2.0</fixVersion>
                                        <due></due>
                            <votes>0</votes>
                                    <watches>0</watches>
                                                                <comments>
                            <comment id="12560266" author="stuhood" created="Fri, 18 Jan 2008 07:31:05 +0000"  >&lt;p&gt;Here is a patch that compares the value of each bucket to Byte.MAX_VALUE to ensure that buckets stay in range.&lt;/p&gt;</comment>
                            <comment id="12560475" author="stack" created="Fri, 18 Jan 2008 17:36:02 +0000"  >&lt;p&gt;Patch looks good Stu.  Does it say anywhere that this counter is byte-wide?  (I don&apos;t see it on a quick check of the code) Is this value that is being incremented, the &quot;3 or 4 bit counter&quot; that is referred to in the wikipedia article?  Thanks.&lt;/p&gt;</comment>
                            <comment id="12560490" author="stuhood" created="Fri, 18 Jan 2008 18:28:45 +0000"  >&lt;p&gt;Yea, it is byte-wide: the storage in this implementation is an array of bytes, each byte representing a bucket.&lt;/p&gt;

&lt;p&gt;On a related topic, I think it would be a nice improvement to convert from byte buckets to 4bit buckets as suggested in the article. Currently, we are only effectively using 7bits of each bucket, because we are treating the value as unsigned (0-127). It would also obviously be a space improvement.&lt;/p&gt;</comment>
                            <comment id="12560492" author="stuhood" created="Fri, 18 Jan 2008 18:31:56 +0000"  >&lt;p&gt;Also, I just noticed that this patch does not fully resolve the issue. The Filter.and(Filter) and Filter.or(Filter) perform AND and OR on the bytes respectively, which can result in negative values in the resulting CountingBloomFilter.&lt;/p&gt;

&lt;p&gt;I think I&apos;ll write a patch to replace the byte storage with 4bit so that we can use the full range of the buckets.&lt;/p&gt;</comment>
                            <comment id="12560575" author="stack" created="Fri, 18 Jan 2008 22:28:58 +0000"  >&lt;p&gt;That would be great Stu&lt;/p&gt;</comment>
                            <comment id="12560660" author="stuhood" created="Sat, 19 Jan 2008 05:57:49 +0000"  >&lt;p&gt;This patch implements the CountingBloomFilter using 4bit buckets in a long[]. Since the majority of the time is taken in the hash function, it runs at approximately the same speed as BloomFilter.&lt;/p&gt;</comment>
                            <comment id="12560666" author="hadoopqa" created="Sat, 19 Jan 2008 07:39:33 +0000"  >&lt;p&gt;-1 overall.  Here are the results of testing the latest attachment &lt;br/&gt;
&lt;a href=&quot;http://issues.apache.org/jira/secure/attachment/12373592/counting-overflow-fourbit.patch&quot; class=&quot;external-link&quot; rel=&quot;nofollow&quot;&gt;http://issues.apache.org/jira/secure/attachment/12373592/counting-overflow-fourbit.patch&lt;/a&gt;&lt;br/&gt;
against trunk revision r613359.&lt;/p&gt;

&lt;p&gt;    @author +1.  The patch does not contain any @author tags.&lt;/p&gt;

&lt;p&gt;    javadoc +1.  The javadoc tool did not generate any warning messages.&lt;/p&gt;

&lt;p&gt;    javac +1.  The applied patch does not generate any new compiler warnings.&lt;/p&gt;

&lt;p&gt;    findbugs -1.  The patch appears to cause Findbugs to fail.&lt;/p&gt;

&lt;p&gt;    core tests -1.  The patch failed core unit tests.&lt;/p&gt;

&lt;p&gt;    contrib tests -1.  The patch failed contrib unit tests.&lt;/p&gt;

&lt;p&gt;Test results: &lt;a href=&quot;http://lucene.zones.apache.org:8080/hudson/job/Hadoop-Patch/1646/testReport/&quot; class=&quot;external-link&quot; rel=&quot;nofollow&quot;&gt;http://lucene.zones.apache.org:8080/hudson/job/Hadoop-Patch/1646/testReport/&lt;/a&gt;&lt;br/&gt;
Checkstyle results: &lt;a href=&quot;http://lucene.zones.apache.org:8080/hudson/job/Hadoop-Patch/1646/artifact/trunk/build/test/checkstyle-errors.html&quot; class=&quot;external-link&quot; rel=&quot;nofollow&quot;&gt;http://lucene.zones.apache.org:8080/hudson/job/Hadoop-Patch/1646/artifact/trunk/build/test/checkstyle-errors.html&lt;/a&gt;&lt;br/&gt;
Console output: &lt;a href=&quot;http://lucene.zones.apache.org:8080/hudson/job/Hadoop-Patch/1646/console&quot; class=&quot;external-link&quot; rel=&quot;nofollow&quot;&gt;http://lucene.zones.apache.org:8080/hudson/job/Hadoop-Patch/1646/console&lt;/a&gt;&lt;/p&gt;

&lt;p&gt;This message is automatically generated.&lt;/p&gt;</comment>
                            <comment id="12560667" author="stuhood" created="Sat, 19 Jan 2008 07:53:50 +0000"  >&lt;p&gt;Use (long[]).clone() rather than Arrays.copyOf.&lt;/p&gt;</comment>
                            <comment id="12560881" author="hadoopqa" created="Sun, 20 Jan 2008 21:51:44 +0000"  >&lt;p&gt;+1 overall.  Here are the results of testing the latest attachment &lt;br/&gt;
&lt;a href=&quot;http://issues.apache.org/jira/secure/attachment/12373593/counting-overflow-fourbit.patch&quot; class=&quot;external-link&quot; rel=&quot;nofollow&quot;&gt;http://issues.apache.org/jira/secure/attachment/12373593/counting-overflow-fourbit.patch&lt;/a&gt;&lt;br/&gt;
against trunk revision r613499.&lt;/p&gt;

&lt;p&gt;    @author +1.  The patch does not contain any @author tags.&lt;/p&gt;

&lt;p&gt;    javadoc +1.  The javadoc tool did not generate any warning messages.&lt;/p&gt;

&lt;p&gt;    javac +1.  The applied patch does not generate any new compiler warnings.&lt;/p&gt;

&lt;p&gt;    findbugs +1.  The patch does not introduce any new Findbugs warnings.&lt;/p&gt;

&lt;p&gt;    core tests +1.  The patch passed core unit tests.&lt;/p&gt;

&lt;p&gt;    contrib tests +1.  The patch passed contrib unit tests.&lt;/p&gt;

&lt;p&gt;Test results: &lt;a href=&quot;http://lucene.zones.apache.org:8080/hudson/job/Hadoop-Patch/1664/testReport/&quot; class=&quot;external-link&quot; rel=&quot;nofollow&quot;&gt;http://lucene.zones.apache.org:8080/hudson/job/Hadoop-Patch/1664/testReport/&lt;/a&gt;&lt;br/&gt;
Findbugs warnings: &lt;a href=&quot;http://lucene.zones.apache.org:8080/hudson/job/Hadoop-Patch/1664/artifact/trunk/build/test/findbugs/newPatchFindbugsWarnings.html&quot; class=&quot;external-link&quot; rel=&quot;nofollow&quot;&gt;http://lucene.zones.apache.org:8080/hudson/job/Hadoop-Patch/1664/artifact/trunk/build/test/findbugs/newPatchFindbugsWarnings.html&lt;/a&gt;&lt;br/&gt;
Checkstyle results: &lt;a href=&quot;http://lucene.zones.apache.org:8080/hudson/job/Hadoop-Patch/1664/artifact/trunk/build/test/checkstyle-errors.html&quot; class=&quot;external-link&quot; rel=&quot;nofollow&quot;&gt;http://lucene.zones.apache.org:8080/hudson/job/Hadoop-Patch/1664/artifact/trunk/build/test/checkstyle-errors.html&lt;/a&gt;&lt;br/&gt;
Console output: &lt;a href=&quot;http://lucene.zones.apache.org:8080/hudson/job/Hadoop-Patch/1664/console&quot; class=&quot;external-link&quot; rel=&quot;nofollow&quot;&gt;http://lucene.zones.apache.org:8080/hudson/job/Hadoop-Patch/1664/console&lt;/a&gt;&lt;/p&gt;

&lt;p&gt;This message is automatically generated.&lt;/p&gt;</comment>
                            <comment id="12561190" author="stack" created="Tue, 22 Jan 2008 01:21:38 +0000"  >&lt;p&gt;Patch looks good Stu.  Let me apply it after we make the 0.16 branch.  Currently, only blockers are to be applied (There is to be a vote on 0.16 on the 24th).&lt;/p&gt;</comment>
                            <comment id="12565441" author="bryanduxbury" created="Mon, 4 Feb 2008 18:03:57 +0000"  >&lt;p&gt;We&apos;ve been discussing making bloomfilters mandatory on mapfiles. Also, the plan would be to use standard bloomfilters, since we&apos;d only create them when we&apos;re flushing or compacting, and never have to delete from them. In light of that, should we bother with this issue, or just resolve it Won&apos;tFix?&lt;/p&gt;</comment>
                            <comment id="12565449" author="stack" created="Mon, 4 Feb 2008 18:13:23 +0000"  >&lt;p&gt;Lets apply the patch.  It fixes the broken counting bloom filter implementation (though this filter type doesn&apos;t look to be directly useful in hbase going forward).&lt;/p&gt;</comment>
                            <comment id="12565473" author="bryanduxbury" created="Mon, 4 Feb 2008 19:03:50 +0000"  >&lt;p&gt;Updated to apply to new svn.&lt;/p&gt;</comment>
                            <comment id="12566462" author="bryanduxbury" created="Thu, 7 Feb 2008 06:32:06 +0000"  >&lt;p&gt;Replaced a poorly sed&apos;d patch.&lt;/p&gt;</comment>
                            <comment id="12566769" author="stack" created="Thu, 7 Feb 2008 20:11:09 +0000"  >&lt;p&gt;Committed.  Thanks Stu (And Bryan for fixing patch to apply in new location).&lt;/p&gt;</comment>
                    </comments>
                    <attachments>
                            <attachment id="12374946" name="19-v2.patch" size="6942" author="bryanduxbury" created="Thu, 7 Feb 2008 06:32:06 +0000"/>
                            <attachment id="12374695" name="19.patch" size="6948" author="bryanduxbury" created="Mon, 4 Feb 2008 19:03:49 +0000"/>
                            <attachment id="12373593" name="counting-overflow-fourbit.patch" size="7050" author="stuhood" created="Sat, 19 Jan 2008 07:53:50 +0000"/>
                            <attachment id="12373592" name="counting-overflow-fourbit.patch" size="7078" author="stuhood" created="Sat, 19 Jan 2008 05:57:49 +0000"/>
                            <attachment id="12373483" name="counting-overflow.patch" size="900" author="stuhood" created="Fri, 18 Jan 2008 07:31:03 +0000"/>
                    </attachments>
                <subtasks>
                    </subtasks>
                <customfields>
                                                <customfield id="customfield_12310310" key="com.atlassian.jira.toolkit:attachments">
                        <customfieldname>Attachment count</customfieldname>
                        <customfieldvalues>
                            <customfieldvalue>5.0</customfieldvalue>
                        </customfieldvalues>
                    </customfield>
                                                                                                                                                                                                                                                                                                                                                                                                                                                                                                                                <customfield id="customfield_12310220" key="com.atlassian.jira.ext.charting:firstresponsedate">
                        <customfieldname>Date of First Response</customfieldname>
                        <customfieldvalues>
                            <customfieldvalue>Fri, 18 Jan 2008 17:36:02 +0000</customfieldvalue>

                        </customfieldvalues>
                    </customfield>
                                                                                                                                                                                                                                                                                                                                                                                                                                            <customfield id="customfield_12310420" key="com.pyxis.greenhopper.jira:gh-global-rank">
                        <customfieldname>Global Rank</customfieldname>
                        <customfieldvalues>
                            <customfieldvalue>24857</customfieldvalue>
                        </customfieldvalues>
                    </customfield>
                                                                                                                                                    <customfield id="customfield_12312521" key="com.atlassian.jira.toolkit:LastCommentDate">
                        <customfieldname>Last public comment date</customfieldname>
                        <customfieldvalues>
                            8 years, 46 weeks ago
                        </customfieldvalues>
                    </customfield>
                                                                                            <customfield id="customfield_12311820" key="com.pyxis.greenhopper.jira:gh-lexo-rank">
                        <customfieldname>Rank</customfieldname>
                        <customfieldvalues>
                            <customfieldvalue>0|i0h3hr:</customfieldvalue>

                        </customfieldvalues>
                    </customfield>
                                                                <customfield id="customfield_12310920" key="com.pyxis.greenhopper.jira:gh-global-rank">
                        <customfieldname>Rank (Obsolete)</customfieldname>
                        <customfieldvalues>
                            <customfieldvalue>97828</customfieldvalue>
                        </customfieldvalues>
                    </customfield>
                                                                                                                                                                                                                                                                                                <customfield id="customfield_12310222" key="com.atlassian.jira.ext.charting:timeinstatus">
                        <customfieldname>Time in Status</customfieldname>
                        <customfieldvalues>
                            
                        </customfieldvalues>
                    </customfield>
                                                                                                                        </customfields>
    </item>
</channel>
</rss>