<!-- 
RSS generated by JIRA (6.3.4#6332-sha1:51bc225ef474afe3128b2f66878477f322397b16) at Fri Dec 16 18:47:20 UTC 2016

It is possible to restrict the fields that are returned in this document by specifying the 'field' parameter in your request.
For example, to request only the issue key and summary add field=key&field=summary to the URL of your request.
For example:
https://issues.apache.org/jira/si/jira.issueviews:issue-xml/HBASE-767/HBASE-767.xml?field=key&amp;field=summary
-->
<rss version="0.92" >
<channel>
    <title>ASF JIRA</title>
    <link>https://issues.apache.org/jira</link>
    <description>This file is an XML representation of an issue</description>
    <language>en-uk</language>    <build-info>
        <version>6.3.4</version>
        <build-number>6332</build-number>
        <build-date>15-08-2014</build-date>
    </build-info>

<item>
            <title>[HBASE-767] Add option so stop-processing if &apos;lost&apos; data files</title>
                <link>https://issues.apache.org/jira/browse/HBASE-767</link>
                <project id="12310753" key="HBASE">HBase</project>
                    <description>&lt;p&gt;&lt;a href=&quot;https://issues.apache.org/jira/browse/HBASE-646&quot; title=&quot;EOFException opening HStoreFile info file (spin on HBASE-645 and 550)&quot; class=&quot;issue-link&quot; data-issue-key=&quot;HBASE-646&quot;&gt;&lt;del&gt;HBASE-646&lt;/del&gt;&lt;/a&gt; and &lt;a href=&quot;https://issues.apache.org/jira/browse/HBASE-766&quot; title=&quot;FileNotFoundException trying to load HStoreFile &amp;#39;data&amp;#39;&quot; class=&quot;issue-link&quot; data-issue-key=&quot;HBASE-766&quot;&gt;&lt;del&gt;HBASE-766&lt;/del&gt;&lt;/a&gt; are about handlers for the case where store file &apos;data&apos; goes missing.  This issue is about figuring why/how they disappear&lt;/p&gt;</description>
                <environment></environment>
        <key id="12400855">HBASE-767</key>
            <summary>Add option so stop-processing if &apos;lost&apos; data files</summary>
                <type id="1" iconUrl="https://issues.apache.org/jira/images/icons/issuetypes/bug.png">Bug</type>
                                            <priority id="4" iconUrl="https://issues.apache.org/jira/images/icons/priorities/minor.png">Minor</priority>
                        <status id="5" iconUrl="https://issues.apache.org/jira/images/icons/statuses/resolved.png" description="A resolution has been taken, and it is awaiting verification by reporter. From here issues are either reopened, or are closed.">Resolved</status>
                    <statusCategory id="3" key="done" colorName="green"/>
                                    <resolution id="6">Invalid</resolution>
                                        <assignee username="-1">Unassigned</assignee>
                                    <reporter username="stack">stack</reporter>
                        <labels>
                    </labels>
                <created>Wed, 23 Jul 2008 18:19:19 +0000</created>
                <updated>Tue, 7 Dec 2010 20:40:06 +0000</updated>
                            <resolved>Tue, 7 Dec 2010 20:40:06 +0000</resolved>
                                                                        <due></due>
                            <votes>0</votes>
                                    <watches>2</watches>
                                                                <comments>
                            <comment id="12616204" author="stack" created="Wed, 23 Jul 2008 18:21:26 +0000"  >&lt;p&gt;Should at a minimum add an option where we do NOT just log and keep going when a data file has been lost.&lt;/p&gt;</comment>
                            <comment id="12621968" author="stack" created="Tue, 12 Aug 2008 20:46:50 +0000"  >&lt;p&gt;So, hbase-766 was not about &apos;lost&apos; files in the end. &lt;/p&gt;

&lt;p&gt;Edit this issue&apos;s subject so its about adding an option where we stop processing if data file goes missing rather than just log it and press on as we currently do.&lt;/p&gt;</comment>
                            <comment id="12968960" author="stack" created="Tue, 7 Dec 2010 20:40:06 +0000"  >&lt;p&gt;No longer valid and besides we have a flag in WAL that can be set to abort if data loss or log and carry-on.&lt;/p&gt;</comment>
                    </comments>
                    <attachments>
                    </attachments>
                <subtasks>
                    </subtasks>
                <customfields>
                                                <customfield id="customfield_12310310" key="com.atlassian.jira.toolkit:attachments">
                        <customfieldname>Attachment count</customfieldname>
                        <customfieldvalues>
                            <customfieldvalue>0.0</customfieldvalue>
                        </customfieldvalues>
                    </customfield>
                                                                                                                                                                                                                                                                                                                                                                                                                                                                                                                                                                                                                                                                                                                                                                                                                                                                                                                                        <customfield id="customfield_12310420" key="com.pyxis.greenhopper.jira:gh-global-rank">
                        <customfieldname>Global Rank</customfieldname>
                        <customfieldvalues>
                            <customfieldvalue>25388</customfieldvalue>
                        </customfieldvalues>
                    </customfield>
                                                                                                                                                    <customfield id="customfield_12312521" key="com.atlassian.jira.toolkit:LastCommentDate">
                        <customfieldname>Last public comment date</customfieldname>
                        <customfieldvalues>
                            6 years, 2 weeks, 2 days ago
                        </customfieldvalues>
                    </customfield>
                                                                                            <customfield id="customfield_12311820" key="com.pyxis.greenhopper.jira:gh-lexo-rank">
                        <customfieldname>Rank</customfieldname>
                        <customfieldvalues>
                            <customfieldvalue>0|i0h9br:</customfieldvalue>

                        </customfieldvalues>
                    </customfield>
                                                                <customfield id="customfield_12310920" key="com.pyxis.greenhopper.jira:gh-global-rank">
                        <customfieldname>Rank (Obsolete)</customfieldname>
                        <customfieldvalues>
                            <customfieldvalue>98773</customfieldvalue>
                        </customfieldvalues>
                    </customfield>
                                                                                                                                                                                                                                                                                                <customfield id="customfield_12310222" key="com.atlassian.jira.ext.charting:timeinstatus">
                        <customfieldname>Time in Status</customfieldname>
                        <customfieldvalues>
                            
                        </customfieldvalues>
                    </customfield>
                                                                                                                        </customfields>
    </item>
</channel>
</rss>