<!-- 
RSS generated by JIRA (6.3.4#6332-sha1:51bc225ef474afe3128b2f66878477f322397b16) at Fri Dec 16 18:48:45 UTC 2016

It is possible to restrict the fields that are returned in this document by specifying the 'field' parameter in your request.
For example, to request only the issue key and summary add field=key&field=summary to the URL of your request.
For example:
https://issues.apache.org/jira/si/jira.issueviews:issue-xml/HBASE-918/HBASE-918.xml?field=key&amp;field=summary
-->
<rss version="0.92" >
<channel>
    <title>ASF JIRA</title>
    <link>https://issues.apache.org/jira</link>
    <description>This file is an XML representation of an issue</description>
    <language>en-uk</language>    <build-info>
        <version>6.3.4</version>
        <build-number>6332</build-number>
        <build-date>15-08-2014</build-date>
    </build-info>

<item>
            <title>[HBASE-918] Region balancing during startup makes cluster unstable</title>
                <link>https://issues.apache.org/jira/browse/HBASE-918</link>
                <project id="12310753" key="HBASE">HBase</project>
                    <description>&lt;p&gt;During cluster startup, region balancing makes cluster unstable. Disable balancing until all regions are assigned.&lt;/p&gt;</description>
                <environment></environment>
        <key id="12406182">HBASE-918</key>
            <summary>Region balancing during startup makes cluster unstable</summary>
                <type id="7" iconUrl="https://issues.apache.org/jira/images/icons/issuetypes/subtask_alternate.png">Sub-task</type>
                            <parent id="12397996">HBASE-678</parent>
                                    <priority id="1" iconUrl="https://issues.apache.org/jira/images/icons/priorities/blocker.png">Blocker</priority>
                        <status id="6" iconUrl="https://issues.apache.org/jira/images/icons/statuses/closed.png" description="The issue is considered finished, the resolution is correct. Issues which are closed can be reopened.">Closed</status>
                    <statusCategory id="3" key="done" colorName="green"/>
                                    <resolution id="1">Fixed</resolution>
                                        <assignee username="jimk">Jim Kellerman</assignee>
                                    <reporter username="jimk">Jim Kellerman</reporter>
                        <labels>
                    </labels>
                <created>Fri, 10 Oct 2008 15:46:39 +0000</created>
                <updated>Sun, 13 Sep 2009 22:26:28 +0000</updated>
                            <resolved>Sat, 11 Oct 2008 19:04:56 +0000</resolved>
                                    <version>0.18.0</version>
                                    <fixVersion>0.18.1</fixVersion>
                    <fixVersion>0.19.0</fixVersion>
                                    <component>master</component>
                        <due></due>
                            <votes>0</votes>
                                    <watches>0</watches>
                                                                <comments>
                            <comment id="12638634" author="jimk" created="Fri, 10 Oct 2008 19:47:20 +0000"  >&lt;p&gt;Disables region balancing until all regions have been assigned.&lt;/p&gt;</comment>
                            <comment id="12638775" author="jimk" created="Sat, 11 Oct 2008 17:24:09 +0000"  >&lt;p&gt;Patch does not work as HTable usage on server side prevents anything from happening (like updating meta and region historian), so the cluster never comes up.&lt;/p&gt;</comment>
                            <comment id="12638782" author="jimk" created="Sat, 11 Oct 2008 18:50:57 +0000"  >&lt;p&gt;This patch prevents rebalancing until all regions are assigned, but does not prevent HTables from connecting. An instance with 22 regions and 4 region servers came up in seconds.&lt;/p&gt;</comment>
                            <comment id="12638784" author="jimk" created="Sat, 11 Oct 2008 19:04:56 +0000"  >&lt;p&gt;Committed to branch and trunk&lt;/p&gt;</comment>
                            <comment id="12638785" author="jdcryans" created="Sat, 11 Oct 2008 19:08:24 +0000"  >&lt;p&gt;+1&lt;/p&gt;</comment>
                    </comments>
                <issuelinks>
                            <issuelinktype id="10030">
                    <name>Reference</name>
                                                                <inwardlinks description="is related to">
                                        <issuelink>
            <issuekey id="12403560">HBASE-862</issuekey>
        </issuelink>
                            </inwardlinks>
                                    </issuelinktype>
                    </issuelinks>
                <attachments>
                            <attachment id="12391942" name="hbase-918-0.18.0.patch" size="2867" author="jimk" created="Sat, 11 Oct 2008 18:50:57 +0000"/>
                            <attachment id="12391901" name="hbase-918-0.18.0.patch" size="3021" author="jimk" created="Fri, 10 Oct 2008 19:47:20 +0000"/>
                    </attachments>
                <subtasks>
                    </subtasks>
                <customfields>
                                                <customfield id="customfield_12310310" key="com.atlassian.jira.toolkit:attachments">
                        <customfieldname>Attachment count</customfieldname>
                        <customfieldvalues>
                            <customfieldvalue>2.0</customfieldvalue>
                        </customfieldvalues>
                    </customfield>
                                                                                                                                                                                                                                                                                                                                                                                                                                                                                                                                <customfield id="customfield_12310220" key="com.atlassian.jira.ext.charting:firstresponsedate">
                        <customfieldname>Date of First Response</customfieldname>
                        <customfieldvalues>
                            <customfieldvalue>Sat, 11 Oct 2008 19:08:24 +0000</customfieldvalue>

                        </customfieldvalues>
                    </customfield>
                                                                                                                                                                                                                                                                                                                                                                                                                                            <customfield id="customfield_12310420" key="com.pyxis.greenhopper.jira:gh-global-rank">
                        <customfieldname>Global Rank</customfieldname>
                        <customfieldvalues>
                            <customfieldvalue>31903</customfieldvalue>
                        </customfieldvalues>
                    </customfield>
                                                                                                                                                    <customfield id="customfield_12312521" key="com.atlassian.jira.toolkit:LastCommentDate">
                        <customfieldname>Last public comment date</customfieldname>
                        <customfieldvalues>
                            8 years, 10 weeks, 5 days ago
                        </customfieldvalues>
                    </customfield>
                                                                                            <customfield id="customfield_12311820" key="com.pyxis.greenhopper.jira:gh-lexo-rank">
                        <customfieldname>Rank</customfieldname>
                        <customfieldvalues>
                            <customfieldvalue>0|i0ha8n:</customfieldvalue>

                        </customfieldvalues>
                    </customfield>
                                                                <customfield id="customfield_12310920" key="com.pyxis.greenhopper.jira:gh-global-rank">
                        <customfieldname>Rank (Obsolete)</customfieldname>
                        <customfieldvalues>
                            <customfieldvalue>98921</customfieldvalue>
                        </customfieldvalues>
                    </customfield>
                                                                                                                                                                                                                                                                                                <customfield id="customfield_12310222" key="com.atlassian.jira.ext.charting:timeinstatus">
                        <customfieldname>Time in Status</customfieldname>
                        <customfieldvalues>
                            
                        </customfieldvalues>
                    </customfield>
                                                                                                                        </customfields>
    </item>
</channel>
</rss>