<!-- 
RSS generated by JIRA (6.3.4#6332-sha1:51bc225ef474afe3128b2f66878477f322397b16) at Fri Dec 16 18:48:26 UTC 2016

It is possible to restrict the fields that are returned in this document by specifying the 'field' parameter in your request.
For example, to request only the issue key and summary add field=key&field=summary to the URL of your request.
For example:
https://issues.apache.org/jira/si/jira.issueviews:issue-xml/HBASE-885/HBASE-885.xml?field=key&amp;field=summary
-->
<rss version="0.92" >
<channel>
    <title>ASF JIRA</title>
    <link>https://issues.apache.org/jira</link>
    <description>This file is an XML representation of an issue</description>
    <language>en-uk</language>    <build-info>
        <version>6.3.4</version>
        <build-number>6332</build-number>
        <build-date>15-08-2014</build-date>
    </build-info>

<item>
            <title>[HBASE-885] TableMap and TableReduce should be interfaces</title>
                <link>https://issues.apache.org/jira/browse/HBASE-885</link>
                <project id="12310753" key="HBASE">HBase</project>
                    <description>&lt;p&gt;TableMap and TableReduce are abstract classes which makes it impossible to write a class that maps from and reduce to hbase. IMHO, they should be interfaces since they only define a single and static method.&lt;/p&gt;</description>
                <environment></environment>
        <key id="12404342">HBASE-885</key>
            <summary>TableMap and TableReduce should be interfaces</summary>
                <type id="4" iconUrl="https://issues.apache.org/jira/images/icons/issuetypes/improvement.png">Improvement</type>
                                            <priority id="4" iconUrl="https://issues.apache.org/jira/images/icons/priorities/minor.png">Minor</priority>
                        <status id="6" iconUrl="https://issues.apache.org/jira/images/icons/statuses/closed.png" description="The issue is considered finished, the resolution is correct. Issues which are closed can be reopened.">Closed</status>
                    <statusCategory id="3" key="done" colorName="green"/>
                                    <resolution id="1">Fixed</resolution>
                                        <assignee username="dogacan">Do&#287;acan G&#252;ney</assignee>
                                    <reporter username="dogacan">Do&#287;acan G&#252;ney</reporter>
                        <labels>
                    </labels>
                <created>Mon, 15 Sep 2008 08:35:47 +0000</created>
                <updated>Thu, 20 Sep 2012 22:10:38 +0000</updated>
                            <resolved>Tue, 23 Sep 2008 05:04:51 +0000</resolved>
                                                    <fixVersion>0.19.0</fixVersion>
                                        <due></due>
                            <votes>0</votes>
                                    <watches>0</watches>
                                                                <comments>
                            <comment id="12630959" author="dogacan" created="Mon, 15 Sep 2008 08:36:36 +0000"  >&lt;p&gt;Simple patch that refactors initJob-s into a TableMapReduceUtil class and makes TableMap and TableReduce interfaces.&lt;/p&gt;

&lt;p&gt;TestTableMapReduce is also updated.&lt;/p&gt;</comment>
                            <comment id="12631177" author="stack" created="Mon, 15 Sep 2008 23:08:14 +0000"  >&lt;p&gt;+1 on this patch (TRUNK is currently frozen).  &lt;/p&gt;

&lt;p&gt;The only small concern I have is that it will break extant code derived from TableMap.  Existing code will have to change so it implements rather than extends TableMap.  IMO this is a small inconvenience.&lt;/p&gt;</comment>
                            <comment id="12633624" author="stack" created="Tue, 23 Sep 2008 05:04:51 +0000"  >&lt;p&gt;Committed as incompatible change.  Thanks for the patch Do&#287;acan.  Good stuff.&lt;/p&gt;</comment>
                    </comments>
                    <attachments>
                            <attachment id="12390097" name="tablemr.patch" size="16462" author="dogacan" created="Mon, 15 Sep 2008 08:36:36 +0000"/>
                    </attachments>
                <subtasks>
                    </subtasks>
                <customfields>
                                                <customfield id="customfield_12310310" key="com.atlassian.jira.toolkit:attachments">
                        <customfieldname>Attachment count</customfieldname>
                        <customfieldvalues>
                            <customfieldvalue>1.0</customfieldvalue>
                        </customfieldvalues>
                    </customfield>
                                                                                                                                                                                                                                                                                                                                                                                                                                                                                                                                <customfield id="customfield_12310220" key="com.atlassian.jira.ext.charting:firstresponsedate">
                        <customfieldname>Date of First Response</customfieldname>
                        <customfieldvalues>
                            <customfieldvalue>Mon, 15 Sep 2008 23:08:14 +0000</customfieldvalue>

                        </customfieldvalues>
                    </customfield>
                                                                                                                                                                                                                                                                                                                                                                                                                                            <customfield id="customfield_12310420" key="com.pyxis.greenhopper.jira:gh-global-rank">
                        <customfieldname>Global Rank</customfieldname>
                        <customfieldvalues>
                            <customfieldvalue>31888</customfieldvalue>
                        </customfieldvalues>
                    </customfield>
                                                                                                                                                    <customfield id="customfield_12312521" key="com.atlassian.jira.toolkit:LastCommentDate">
                        <customfieldname>Last public comment date</customfieldname>
                        <customfieldvalues>
                            8 years, 13 weeks, 3 days ago
                        </customfieldvalues>
                    </customfield>
                                                                                            <customfield id="customfield_12311820" key="com.pyxis.greenhopper.jira:gh-lexo-rank">
                        <customfieldname>Rank</customfieldname>
                        <customfieldvalues>
                            <customfieldvalue>0|i0ha1r:</customfieldvalue>

                        </customfieldvalues>
                    </customfield>
                                                                <customfield id="customfield_12310920" key="com.pyxis.greenhopper.jira:gh-global-rank">
                        <customfieldname>Rank (Obsolete)</customfieldname>
                        <customfieldvalues>
                            <customfieldvalue>98890</customfieldvalue>
                        </customfieldvalues>
                    </customfield>
                                                                                                                                                                                                                                                                                                <customfield id="customfield_12310222" key="com.atlassian.jira.ext.charting:timeinstatus">
                        <customfieldname>Time in Status</customfieldname>
                        <customfieldvalues>
                            
                        </customfieldvalues>
                    </customfield>
                                                                                                                        </customfields>
    </item>
</channel>
</rss>