<!-- 
RSS generated by JIRA (6.3.4#6332-sha1:51bc225ef474afe3128b2f66878477f322397b16) at Fri Dec 16 18:42:42 UTC 2016

It is possible to restrict the fields that are returned in this document by specifying the 'field' parameter in your request.
For example, to request only the issue key and summary add field=key&field=summary to the URL of your request.
For example:
https://issues.apache.org/jira/si/jira.issueviews:issue-xml/HBASE-274/HBASE-274.xml?field=key&amp;field=summary
-->
<rss version="0.92" >
<channel>
    <title>ASF JIRA</title>
    <link>https://issues.apache.org/jira</link>
    <description>This file is an XML representation of an issue</description>
    <language>en-uk</language>    <build-info>
        <version>6.3.4</version>
        <build-number>6332</build-number>
        <build-date>15-08-2014</build-date>
    </build-info>

<item>
            <title>[HBASE-274] Add to MapFile a getClosest that returns key that comes just-before if key not present (Currently does just-after only).</title>
                <link>https://issues.apache.org/jira/browse/HBASE-274</link>
                <project id="12310753" key="HBASE">HBase</project>
                    <description>&lt;p&gt;The list of regions that make up a table in hbase are effectively kept in a mapfile.  Regions are identified by the first row contained by that region.   To find the region that contains a particular row, we need to be able to search the mapfile of regions to find the closest matching row that falls just-before the searched-for key rather than the just-after that is current mapfile getClosest behavior.&lt;/p&gt;
</description>
                <environment></environment>
        <key id="12385631">HBASE-274</key>
            <summary>Add to MapFile a getClosest that returns key that comes just-before if key not present (Currently does just-after only).</summary>
                <type id="1" iconUrl="https://issues.apache.org/jira/images/icons/issuetypes/bug.png">Bug</type>
                                            <priority id="4" iconUrl="https://issues.apache.org/jira/images/icons/priorities/minor.png">Minor</priority>
                        <status id="6" iconUrl="https://issues.apache.org/jira/images/icons/statuses/closed.png" description="The issue is considered finished, the resolution is correct. Issues which are closed can be reopened.">Closed</status>
                    <statusCategory id="3" key="done" colorName="green"/>
                                    <resolution id="1">Fixed</resolution>
                                        <assignee username="-1">Unassigned</assignee>
                                    <reporter username="stack">stack</reporter>
                        <labels>
                    </labels>
                <created>Sat, 5 Jan 2008 01:51:53 +0000</created>
                <updated>Thu, 2 May 2013 02:29:12 +0000</updated>
                            <resolved>Tue, 15 Jan 2008 10:16:24 +0000</resolved>
                                                                        <due></due>
                            <votes>0</votes>
                                    <watches>0</watches>
                                                                <comments>
                            <comment id="12556154" author="stack" created="Sat, 5 Jan 2008 01:52:27 +0000"  >&lt;p&gt;Amended mapfile and mapfile unit test.&lt;/p&gt;</comment>
                            <comment id="12556155" author="stack" created="Sat, 5 Jan 2008 01:58:43 +0000"  >&lt;p&gt;v2 removes some dross included by misstack.&lt;/p&gt;</comment>
                            <comment id="12556156" author="stack" created="Sat, 5 Jan 2008 01:59:01 +0000"  >&lt;p&gt;Passing to hudson.&lt;/p&gt;</comment>
                            <comment id="12556185" author="hadoopqa" created="Sat, 5 Jan 2008 07:31:23 +0000"  >&lt;p&gt;-1 overall.  Here are the results of testing the latest attachment &lt;br/&gt;
&lt;a href=&quot;http://issues.apache.org/jira/secure/attachment/12372547/getclosestbefore-v2.patch&quot; class=&quot;external-link&quot; rel=&quot;nofollow&quot;&gt;http://issues.apache.org/jira/secure/attachment/12372547/getclosestbefore-v2.patch&lt;/a&gt;&lt;br/&gt;
against trunk revision .&lt;/p&gt;

&lt;p&gt;    @author +1.  The patch does not contain any @author tags.&lt;/p&gt;

&lt;p&gt;    javadoc -1.  The javadoc tool appears to have generated  messages.&lt;/p&gt;

&lt;p&gt;    javac +1.  The applied patch does not generate any new compiler warnings.&lt;/p&gt;

&lt;p&gt;    findbugs +1.  The patch does not introduce any new Findbugs warnings.&lt;/p&gt;

&lt;p&gt;    core tests +1.  The patch passed core unit tests.&lt;/p&gt;

&lt;p&gt;    contrib tests -1.  The patch failed contrib unit tests.&lt;/p&gt;

&lt;p&gt;Test results: &lt;a href=&quot;http://lucene.zones.apache.org:8080/hudson/job/Hadoop-Patch/1473/testReport/&quot; class=&quot;external-link&quot; rel=&quot;nofollow&quot;&gt;http://lucene.zones.apache.org:8080/hudson/job/Hadoop-Patch/1473/testReport/&lt;/a&gt;&lt;br/&gt;
Findbugs warnings: &lt;a href=&quot;http://lucene.zones.apache.org:8080/hudson/job/Hadoop-Patch/1473/artifact/trunk/build/test/findbugs/newPatchFindbugsWarnings.html&quot; class=&quot;external-link&quot; rel=&quot;nofollow&quot;&gt;http://lucene.zones.apache.org:8080/hudson/job/Hadoop-Patch/1473/artifact/trunk/build/test/findbugs/newPatchFindbugsWarnings.html&lt;/a&gt;&lt;br/&gt;
Checkstyle results: &lt;a href=&quot;http://lucene.zones.apache.org:8080/hudson/job/Hadoop-Patch/1473/artifact/trunk/build/test/checkstyle-errors.html&quot; class=&quot;external-link&quot; rel=&quot;nofollow&quot;&gt;http://lucene.zones.apache.org:8080/hudson/job/Hadoop-Patch/1473/artifact/trunk/build/test/checkstyle-errors.html&lt;/a&gt;&lt;br/&gt;
Console output: &lt;a href=&quot;http://lucene.zones.apache.org:8080/hudson/job/Hadoop-Patch/1473/console&quot; class=&quot;external-link&quot; rel=&quot;nofollow&quot;&gt;http://lucene.zones.apache.org:8080/hudson/job/Hadoop-Patch/1473/console&lt;/a&gt;&lt;/p&gt;

&lt;p&gt;This message is automatically generated.&lt;/p&gt;</comment>
                            <comment id="12556277" author="stack" created="Sat, 5 Jan 2008 20:45:30 +0000"  >&lt;p&gt;v3 fixes javadoc warning.&lt;/p&gt;</comment>
                            <comment id="12556278" author="stack" created="Sat, 5 Jan 2008 20:46:21 +0000"  >&lt;p&gt;Going to hudson again with fix for javadoc warning.&lt;/p&gt;</comment>
                            <comment id="12556342" author="hadoopqa" created="Sun, 6 Jan 2008 06:30:03 +0000"  >&lt;p&gt;-1 overall.  Here are the results of testing the latest attachment &lt;br/&gt;
&lt;a href=&quot;http://issues.apache.org/jira/secure/attachment/12372570/getclosestbefore-v3.patch&quot; class=&quot;external-link&quot; rel=&quot;nofollow&quot;&gt;http://issues.apache.org/jira/secure/attachment/12372570/getclosestbefore-v3.patch&lt;/a&gt;&lt;br/&gt;
against trunk revision .&lt;/p&gt;

&lt;p&gt;    @author +1.  The patch does not contain any @author tags.&lt;/p&gt;

&lt;p&gt;    javadoc -1.  The javadoc tool appears to have generated  messages.&lt;/p&gt;

&lt;p&gt;    javac +1.  The applied patch does not generate any new compiler warnings.&lt;/p&gt;

&lt;p&gt;    findbugs -1.  The patch appears to cause Findbugs to fail.&lt;/p&gt;

&lt;p&gt;    core tests -1.  The patch failed core unit tests.&lt;/p&gt;

&lt;p&gt;    contrib tests -1.  The patch failed contrib unit tests.&lt;/p&gt;

&lt;p&gt;Test results: &lt;a href=&quot;http://lucene.zones.apache.org:8080/hudson/job/Hadoop-Patch/1485/testReport/&quot; class=&quot;external-link&quot; rel=&quot;nofollow&quot;&gt;http://lucene.zones.apache.org:8080/hudson/job/Hadoop-Patch/1485/testReport/&lt;/a&gt;&lt;br/&gt;
Checkstyle results: &lt;a href=&quot;http://lucene.zones.apache.org:8080/hudson/job/Hadoop-Patch/1485/artifact/trunk/build/test/checkstyle-errors.html&quot; class=&quot;external-link&quot; rel=&quot;nofollow&quot;&gt;http://lucene.zones.apache.org:8080/hudson/job/Hadoop-Patch/1485/artifact/trunk/build/test/checkstyle-errors.html&lt;/a&gt;&lt;br/&gt;
Console output: &lt;a href=&quot;http://lucene.zones.apache.org:8080/hudson/job/Hadoop-Patch/1485/console&quot; class=&quot;external-link&quot; rel=&quot;nofollow&quot;&gt;http://lucene.zones.apache.org:8080/hudson/job/Hadoop-Patch/1485/console&lt;/a&gt;&lt;/p&gt;

&lt;p&gt;This message is automatically generated.&lt;/p&gt;</comment>
                            <comment id="12556345" author="stack" created="Sun, 6 Jan 2008 06:35:12 +0000"  >&lt;p&gt;Failed because I&apos;d forgotten to add the TruncateCommand class as part of a previous commit (&lt;a href=&quot;https://issues.apache.org/jira/browse/HBASE-286&quot; title=&quot;Truncate for hbase&quot; class=&quot;issue-link&quot; data-issue-key=&quot;HBASE-286&quot;&gt;&lt;del&gt;HADOOP-2240&lt;/del&gt;&lt;/a&gt;).   Retry.&lt;/p&gt;</comment>
                            <comment id="12556346" author="stack" created="Sun, 6 Jan 2008 06:35:26 +0000"  >&lt;p&gt;Retrying patch.&lt;/p&gt;</comment>
                            <comment id="12556362" author="hadoopqa" created="Sun, 6 Jan 2008 11:21:37 +0000"  >&lt;p&gt;-1 overall.  Here are the results of testing the latest attachment &lt;br/&gt;
&lt;a href=&quot;http://issues.apache.org/jira/secure/attachment/12372570/getclosestbefore-v3.patch&quot; class=&quot;external-link&quot; rel=&quot;nofollow&quot;&gt;http://issues.apache.org/jira/secure/attachment/12372570/getclosestbefore-v3.patch&lt;/a&gt;&lt;br/&gt;
against trunk revision .&lt;/p&gt;

&lt;p&gt;    @author +1.  The patch does not contain any @author tags.&lt;/p&gt;

&lt;p&gt;    javadoc +1.  The javadoc tool did not generate any warning messages.&lt;/p&gt;

&lt;p&gt;    javac +1.  The applied patch does not generate any new compiler warnings.&lt;/p&gt;

&lt;p&gt;    findbugs +1.  The patch does not introduce any new Findbugs warnings.&lt;/p&gt;

&lt;p&gt;    core tests +1.  The patch passed core unit tests.&lt;/p&gt;

&lt;p&gt;    contrib tests -1.  The patch failed contrib unit tests.&lt;/p&gt;

&lt;p&gt;Test results: &lt;a href=&quot;http://lucene.zones.apache.org:8080/hudson/job/Hadoop-Patch/1488/testReport/&quot; class=&quot;external-link&quot; rel=&quot;nofollow&quot;&gt;http://lucene.zones.apache.org:8080/hudson/job/Hadoop-Patch/1488/testReport/&lt;/a&gt;&lt;br/&gt;
Findbugs warnings: &lt;a href=&quot;http://lucene.zones.apache.org:8080/hudson/job/Hadoop-Patch/1488/artifact/trunk/build/test/findbugs/newPatchFindbugsWarnings.html&quot; class=&quot;external-link&quot; rel=&quot;nofollow&quot;&gt;http://lucene.zones.apache.org:8080/hudson/job/Hadoop-Patch/1488/artifact/trunk/build/test/findbugs/newPatchFindbugsWarnings.html&lt;/a&gt;&lt;br/&gt;
Checkstyle results: &lt;a href=&quot;http://lucene.zones.apache.org:8080/hudson/job/Hadoop-Patch/1488/artifact/trunk/build/test/checkstyle-errors.html&quot; class=&quot;external-link&quot; rel=&quot;nofollow&quot;&gt;http://lucene.zones.apache.org:8080/hudson/job/Hadoop-Patch/1488/artifact/trunk/build/test/checkstyle-errors.html&lt;/a&gt;&lt;br/&gt;
Console output: &lt;a href=&quot;http://lucene.zones.apache.org:8080/hudson/job/Hadoop-Patch/1488/console&quot; class=&quot;external-link&quot; rel=&quot;nofollow&quot;&gt;http://lucene.zones.apache.org:8080/hudson/job/Hadoop-Patch/1488/console&lt;/a&gt;&lt;/p&gt;

&lt;p&gt;This message is automatically generated.&lt;/p&gt;</comment>
                            <comment id="12556436" author="stack" created="Sun, 6 Jan 2008 22:02:20 +0000"  >&lt;p&gt;Failure is in an unrelated hbase test.  Hopefully this failure doesn&apos;t get in the way of this patch getting reviewed.&lt;/p&gt;

&lt;p&gt;Hbase needs this feature in MapFile so the hbase client will work against large clusters, particularly those undergoing churn: upload or failures, etc.&lt;/p&gt;</comment>
                            <comment id="12557008" author="cutting" created="Tue, 8 Jan 2008 19:48:51 +0000"  >&lt;p&gt;+1 This looks fine to me.&lt;/p&gt;</comment>
                            <comment id="12557439" author="bryanduxbury" created="Wed, 9 Jan 2008 21:31:59 +0000"  >&lt;p&gt;+1 This should make my HBase cache patch much more efficient.&lt;/p&gt;</comment>
                            <comment id="12559009" author="tomwhite" created="Tue, 15 Jan 2008 10:16:24 +0000"  >&lt;p&gt;I&apos;ve just committed this. Thanks stack!&lt;/p&gt;</comment>
                            <comment id="12559064" author="hudson" created="Tue, 15 Jan 2008 14:30:38 +0000"  >&lt;p&gt;Integrated in Hadoop-Nightly #366 (See &lt;a href=&quot;http://lucene.zones.apache.org:8080/hudson/job/Hadoop-Nightly/366/&quot; class=&quot;external-link&quot; rel=&quot;nofollow&quot;&gt;http://lucene.zones.apache.org:8080/hudson/job/Hadoop-Nightly/366/&lt;/a&gt;)&lt;/p&gt;</comment>
                    </comments>
                <issuelinks>
                            <issuelinktype id="10032">
                    <name>Blocker</name>
                                            <outwardlinks description="blocks">
                                        <issuelink>
            <issuekey id="12386209">HBASE-337</issuekey>
        </issuelink>
                            </outwardlinks>
                                                        </issuelinktype>
                            <issuelinktype id="10001">
                    <name>dependent</name>
                                                                <inwardlinks description="is depended upon by">
                                        <issuelink>
            <issuekey id="12384798">HBASE-366</issuekey>
        </issuelink>
                            </inwardlinks>
                                    </issuelinktype>
                    </issuelinks>
                <attachments>
                            <attachment id="12372547" name="getclosestbefore-v2.patch" size="7885" author="stack" created="Sat, 5 Jan 2008 01:58:43 +0000"/>
                            <attachment id="12372570" name="getclosestbefore-v3.patch" size="7783" author="stack" created="Sat, 5 Jan 2008 20:45:30 +0000"/>
                            <attachment id="12372546" name="getclosestbefore.patch" size="12273" author="stack" created="Sat, 5 Jan 2008 01:52:27 +0000"/>
                    </attachments>
                <subtasks>
                    </subtasks>
                <customfields>
                                                <customfield id="customfield_12310310" key="com.atlassian.jira.toolkit:attachments">
                        <customfieldname>Attachment count</customfieldname>
                        <customfieldvalues>
                            <customfieldvalue>3.0</customfieldvalue>
                        </customfieldvalues>
                    </customfield>
                                                                                                                                                                                                                                                                                                                                                                                                                                                                                                                                <customfield id="customfield_12310220" key="com.atlassian.jira.ext.charting:firstresponsedate">
                        <customfieldname>Date of First Response</customfieldname>
                        <customfieldvalues>
                            <customfieldvalue>Sat, 5 Jan 2008 07:31:23 +0000</customfieldvalue>

                        </customfieldvalues>
                    </customfield>
                                                                                                                                                                                                                                                                                                                                                                                                                                            <customfield id="customfield_12310420" key="com.pyxis.greenhopper.jira:gh-global-rank">
                        <customfieldname>Global Rank</customfieldname>
                        <customfieldvalues>
                            <customfieldvalue>25058</customfieldvalue>
                        </customfieldvalues>
                    </customfield>
                                                                                                                                                    <customfield id="customfield_12312521" key="com.atlassian.jira.toolkit:LastCommentDate">
                        <customfieldname>Last public comment date</customfieldname>
                        <customfieldvalues>
                            8 years, 49 weeks, 3 days ago
                        </customfieldvalues>
                    </customfield>
                                                                                            <customfield id="customfield_12311820" key="com.pyxis.greenhopper.jira:gh-lexo-rank">
                        <customfieldname>Rank</customfieldname>
                        <customfieldvalues>
                            <customfieldvalue>0|i0h653:</customfieldvalue>

                        </customfieldvalues>
                    </customfield>
                                                                <customfield id="customfield_12310920" key="com.pyxis.greenhopper.jira:gh-global-rank">
                        <customfieldname>Rank (Obsolete)</customfieldname>
                        <customfieldvalues>
                            <customfieldvalue>98257</customfieldvalue>
                        </customfieldvalues>
                    </customfield>
                                                                                                                                                                                                                                                                                                <customfield id="customfield_12310222" key="com.atlassian.jira.ext.charting:timeinstatus">
                        <customfieldname>Time in Status</customfieldname>
                        <customfieldvalues>
                            
                        </customfieldvalues>
                    </customfield>
                                                                                                                        </customfields>
    </item>
</channel>
</rss>