<!-- 
RSS generated by JIRA (6.3.4#6332-sha1:51bc225ef474afe3128b2f66878477f322397b16) at Fri Dec 16 18:42:28 UTC 2016

It is possible to restrict the fields that are returned in this document by specifying the 'field' parameter in your request.
For example, to request only the issue key and summary add field=key&field=summary to the URL of your request.
For example:
https://issues.apache.org/jira/si/jira.issueviews:issue-xml/HBASE-250/HBASE-250.xml?field=key&amp;field=summary
-->
<rss version="0.92" >
<channel>
    <title>ASF JIRA</title>
    <link>https://issues.apache.org/jira</link>
    <description>This file is an XML representation of an issue</description>
    <language>en-uk</language>    <build-info>
        <version>6.3.4</version>
        <build-number>6332</build-number>
        <build-date>15-08-2014</build-date>
    </build-info>

<item>
            <title>[HBASE-250] [hbase] Documentation and improved logging so fact that hbase now requires migration comes as less of a surprise</title>
                <link>https://issues.apache.org/jira/browse/HBASE-250</link>
                <project id="12310753" key="HBASE">HBase</project>
                    <description>&lt;p&gt;Hbase now checks for a version file.  If none, it reports a version mismatch.  There will be no version file if the hbase was made by a version older than r613469&lt;/p&gt;</description>
                <environment></environment>
        <key id="12386708">HBASE-250</key>
            <summary>[hbase] Documentation and improved logging so fact that hbase now requires migration comes as less of a surprise</summary>
                <type id="1" iconUrl="https://issues.apache.org/jira/images/icons/issuetypes/bug.png">Bug</type>
                                            <priority id="1" iconUrl="https://issues.apache.org/jira/images/icons/priorities/blocker.png">Blocker</priority>
                        <status id="6" iconUrl="https://issues.apache.org/jira/images/icons/statuses/closed.png" description="The issue is considered finished, the resolution is correct. Issues which are closed can be reopened.">Closed</status>
                    <statusCategory id="3" key="done" colorName="green"/>
                                    <resolution id="1">Fixed</resolution>
                                        <assignee username="-1">Unassigned</assignee>
                                    <reporter username="stack">stack</reporter>
                        <labels>
                    </labels>
                <created>Sat, 19 Jan 2008 23:13:21 +0000</created>
                <updated>Fri, 22 Aug 2008 21:34:57 +0000</updated>
                            <resolved>Wed, 23 Jan 2008 03:26:29 +0000</resolved>
                                                                        <due></due>
                            <votes>0</votes>
                                    <watches>0</watches>
                                                                <comments>
                            <comment id="12560746" author="stack" created="Sat, 19 Jan 2008 23:16:34 +0000"  >&lt;p&gt;Changed the checkVersion to throw an FNFE if version file is not present.  Up in the master, catch any FNFE and create the version file (logging fact at WARN level).  Also changed version from 0.1 to 1.  1 will sit better as prefix for migration scripts and integers are how RPC and classes are versioned.&lt;/p&gt;</comment>
                            <comment id="12560748" author="jimk" created="Sat, 19 Jan 2008 23:46:15 +0000"  >&lt;p&gt;If you run the migrate tool as the exception suggested, it will write the version file and then the system will start.&lt;/p&gt;</comment>
                            <comment id="12560752" author="stack" created="Sun, 20 Jan 2008 00:09:07 +0000"  >&lt;p&gt;It didn&apos;t occur to me that migration was the way to fix the missing version file.  I also figured we should just auto-migrate this one case of a missing version file (If in future, version file goes missing, I&apos;d think it the job of hbsfck recreating it, rather than migration?).&lt;/p&gt;

&lt;p&gt;But I&apos;m fine w/ forcing users to run the migration.  It needs to be better documented and added to the bin/hbase script with verb &apos;migrate&apos; I&apos;d say.&lt;/p&gt;

&lt;p&gt;I tried to run the migration but it wants to connect to a HMaster.  That ain&apos;t going to work (Cluster won&apos;t start because no version file... can&apos;t migrate because cluster ain&apos;t up...).&lt;/p&gt;</comment>
                            <comment id="12560753" author="jimk" created="Sun, 20 Jan 2008 01:03:50 +0000"  >&lt;p&gt;&amp;gt; It didn&apos;t occur to me that migration was the way to fix the missing version file.&lt;/p&gt;

&lt;p&gt;From HMaster.java(894, 5):&lt;/p&gt;

&lt;div class=&quot;code panel&quot; style=&quot;border-width: 1px;&quot;&gt;&lt;div class=&quot;codeContent panelContent&quot;&gt;
&lt;pre class=&quot;code-java&quot;&gt;
        &lt;span class=&quot;code-keyword&quot;&gt;throw&lt;/span&gt; &lt;span class=&quot;code-keyword&quot;&gt;new&lt;/span&gt; IOException(
            &lt;span class=&quot;code-quote&quot;&gt;&quot;file system not correct version. Run hbase.util.Migrate&quot;&lt;/span&gt;);
&lt;/pre&gt;
&lt;/div&gt;&lt;/div&gt;

&lt;p&gt;&amp;gt; I also figured we should just auto-migrate this one case of a missing version file (If in future, &lt;br/&gt;
&amp;gt; version file goes missing, I&apos;d think it the job of hbsfck recreating it, rather than migration?).&lt;/p&gt;

&lt;p&gt;Suppose you have a file system that has not been migrated? (i.e. regions are stored in&lt;/p&gt;
&lt;div class=&quot;code panel&quot; style=&quot;border-width: 1px;&quot;&gt;&lt;div class=&quot;codeContent panelContent&quot;&gt;
&lt;pre class=&quot;code-java&quot;&gt;/hbase/hregion_nnnnnnn&lt;/pre&gt;
&lt;/div&gt;&lt;/div&gt;
&lt;p&gt;) The master would start up write the version file and then &lt;br/&gt;
proceed to recreate the root and meta regions because they aren&apos;t under&lt;/p&gt;
&lt;div class=&quot;code panel&quot; style=&quot;border-width: 1px;&quot;&gt;&lt;div class=&quot;codeContent panelContent&quot;&gt;
&lt;pre class=&quot;code-java&quot;&gt;/hbase/-ROOT-&lt;/pre&gt;
&lt;/div&gt;&lt;/div&gt;
&lt;p&gt; and &lt;/p&gt;
&lt;div class=&quot;code panel&quot; style=&quot;border-width: 1px;&quot;&gt;&lt;div class=&quot;codeContent panelContent&quot;&gt;
&lt;pre class=&quot;code-java&quot;&gt;/hbase/.META.&lt;/pre&gt;
&lt;/div&gt;&lt;/div&gt;
&lt;p&gt; respectively.&lt;/p&gt;

&lt;p&gt;Additionally the first thing the migrate tool does is look for the version file. If it finds it and&lt;br/&gt;
the version number matches, it figures that the file system has been upgraded already&lt;br/&gt;
and does nothing.&lt;/p&gt;

&lt;p&gt;&amp;gt; But I&apos;m fine w/ forcing users to run the migration. It needs to be better documented and added &lt;br/&gt;
&amp;gt; to the bin/hbase script with verb &apos;migrate&apos; I&apos;d say.&lt;/p&gt;

&lt;p&gt;Agreed. How about this changing this patch to update bin/hbase and add documentation&lt;br/&gt;
(where ?)?&lt;/p&gt;

&lt;p&gt;&amp;gt; I tried to run the migration but it wants to connect to a HMaster. That ain&apos;t going to work (Cluster&lt;br/&gt;
&amp;gt;  won&apos;t start because no version file... can&apos;t migrate because cluster ain&apos;t up...).&lt;/p&gt;

&lt;p&gt;It tries to connect to the master to ensure it isn&apos;t running (uses HBaseAdmin.isMasterRunning())&lt;br/&gt;
We wouldn&apos;t want to do a upgrade with the cluster running.&lt;/p&gt;</comment>
                            <comment id="12560758" author="stack" created="Sun, 20 Jan 2008 01:48:41 +0000"  >&lt;p&gt;I should have said, in spite of the exception, I did not get that I was supposed to run the migration.  The thing just looks broke.  My guess is that users will think the same.&lt;/p&gt;

&lt;p&gt;Agreed, to move past r613469, running migration is needed and yes, lets make this issue be about making the migration easier to find and run &amp;#8211; add to bin/hbase &amp;#8211; and about documentation (&apos;Getting Started&apos; doc., incompatible changes in the release notes, IRC, etc.).&lt;/p&gt;

&lt;p&gt;Would help if there was a prefatory message that script is verifying the cluster is down.&lt;/p&gt;</comment>
                            <comment id="12560779" author="stack" created="Sun, 20 Jan 2008 07:14:23 +0000"  >&lt;p&gt;I tried to do a migrate and it looks like the below:&lt;/p&gt;

&lt;div class=&quot;code panel&quot; style=&quot;border-width: 1px;&quot;&gt;&lt;div class=&quot;codeContent panelContent&quot;&gt;
&lt;pre class=&quot;code-java&quot;&gt;
durruti:~/Documents/checkouts/hadoop-commit/src/contrib/hbase stack$ ./bin/hbase org.apache.hadoop.hbase.util.Migrate
08/01/19 23:05:21 INFO ipc.Client: Retrying connect to server: localhost/127.0.0.1:60000. Already tried 1 time(s).
08/01/19 23:05:22 INFO ipc.Client: Retrying connect to server: localhost/127.0.0.1:60000. Already tried 2 time(s).
08/01/19 23:05:23 INFO ipc.Client: Retrying connect to server: localhost/127.0.0.1:60000. Already tried 3 time(s).
08/01/19 23:05:24 INFO ipc.Client: Retrying connect to server: localhost/127.0.0.1:60000. Already tried 4 time(s).
08/01/19 23:05:25 INFO ipc.Client: Retrying connect to server: localhost/127.0.0.1:60000. Already tried 5 time(s).
08/01/19 23:05:26 INFO ipc.Client: Retrying connect to server: localhost/127.0.0.1:60000. Already tried 6 time(s).
08/01/19 23:05:27 INFO ipc.Client: Retrying connect to server: localhost/127.0.0.1:60000. Already tried 7 time(s).
08/01/19 23:05:28 INFO ipc.Client: Retrying connect to server: localhost/127.0.0.1:60000. Already tried 8 time(s).
08/01/19 23:05:29 INFO ipc.Client: Retrying connect to server: localhost/127.0.0.1:60000. Already tried 9 time(s).
08/01/19 23:05:30 INFO ipc.Client: Retrying connect to server: localhost/127.0.0.1:60000. Already tried 10 time(s).
08/01/19 23:05:31 INFO util.Migrate: unrecognized file -ROOT- ignoring
08/01/19 23:05:31 INFO util.Migrate: unrecognized file .hbase.version.crc ignoring
08/01/19 23:05:31 INFO util.Migrate: unrecognized file .META. ignoring
08/01/19 23:05:31 ERROR util.Migrate: exiting due to error
java.io.IOException: unrecovered region server log file log_192.168.0.100_1200373881646_51251 aborting
        at org.apache.hadoop.hbase.util.Migrate.extraFile(Migrate.java:206)
        at org.apache.hadoop.hbase.util.Migrate.extraFiles(Migrate.java:184)
        at org.apache.hadoop.hbase.util.Migrate.run(Migrate.java:148)
        at org.apache.hadoop.util.ToolRunner.run(ToolRunner.java:65)
        at org.apache.hadoop.util.ToolRunner.run(ToolRunner.java:79)
        at org.apache.hadoop.hbase.util.Migrate.main(Migrate.java:450)
&lt;/pre&gt;
&lt;/div&gt;&lt;/div&gt;

&lt;p&gt;The &apos;unrecognized&apos; &lt;del&gt;ROOT&lt;/del&gt; and .META. and *.crc do not inspire confidence.  Can we make the message better?&lt;/p&gt;

&lt;p&gt;Looking at the FS, I see the version file and figure that rerunning the start, it&apos;d probably work for me (running the logs).. but it just fails again telling me to migrate.&lt;/p&gt;</comment>
                            <comment id="12560780" author="stack" created="Sun, 20 Jan 2008 07:23:59 +0000"  >&lt;p&gt;I removed the hbase dir completely.  Restarted.  Came up nice.  Shut it down.  Remove the hbase.version and .hbase.version.crc.  Tried to start it.  It complained no version file.  Run migration.  I did and it made following emissions:&lt;/p&gt;

&lt;div class=&quot;code panel&quot; style=&quot;border-width: 1px;&quot;&gt;&lt;div class=&quot;codeContent panelContent&quot;&gt;
&lt;pre class=&quot;code-java&quot;&gt;

08/01/19 23:17:56 INFO ipc.Client: Retrying connect to server: localhost/127.0.0.1:60000. Already tried 1 time(s).08/01/19 23:17:57 INFO ipc.Client: Retrying connect to server: localhost/127.0.0.1:60000. Already tried 2 time(s).08/01/19 23:17:58 INFO ipc.Client: Retrying connect to server: localhost/127.0.0.1:60000. Already tried 3 time(s).08/01/19 23:17:59 INFO ipc.Client: Retrying connect to server: localhost/127.0.0.1:60000. Already tried 4 time(s).08/01/19 23:18:00 INFO ipc.Client: Retrying connect to server: localhost/127.0.0.1:60000. Already tried 5 time(s).08/01/19 23:18:01 INFO ipc.Client: Retrying connect to server: localhost/127.0.0.1:60000. Already tried 6 time(s).08/01/19 23:18:02 INFO ipc.Client: Retrying connect to server: localhost/127.0.0.1:60000. Already tried 7 time(s).08/01/19 23:18:03 INFO ipc.Client: Retrying connect to server: localhost/127.0.0.1:60000. Already tried 8 time(s).08/01/19 23:18:04 INFO ipc.Client: Retrying connect to server: localhost/127.0.0.1:60000. Already tried 9 time(s).08/01/19 23:18:05 INFO ipc.Client: Retrying connect to server: localhost/127.0.0.1:60000. Already tried 10 time(s).08/01/19 23:18:06 INFO util.Migrate: unrecognized file -ROOT- ignoring08/01/19 23:18:06 INFO util.Migrate: unrecognized file .META. ignoring08/01/19 23:18:06 ERROR util.Migrate: exiting due to errorjava.io.IOException: cannot find root region file:/tmp/hadoop-stack/hbase/hregion_70236052        at org.apache.hadoop.hbase.util.Migrate.run(Migrate.java:156)        at org.apache.hadoop.util.ToolRunner.run(ToolRunner.java:65)        at org.apache.hadoop.util.ToolRunner.run(ToolRunner.java:79)        at org.apache.hadoop.hbase.util.Migrate.main(Migrate.java:450)

&lt;/pre&gt;
&lt;/div&gt;&lt;/div&gt;

&lt;p&gt;Odd is that there is not hregion_70236052 file:&lt;/p&gt;

&lt;div class=&quot;code panel&quot; style=&quot;border-width: 1px;&quot;&gt;&lt;div class=&quot;codeContent panelContent&quot;&gt;
&lt;pre class=&quot;code-java&quot;&gt;
$ ls -la /tmp/hadoop-stack/hbase/
total 0
drwxr-xr-x   3 stack  wheel  102 Jan 19 23:16 -ROOT-
drwxr-xr-x   4 stack  wheel  136 Jan 19 23:17 .
drwxr-xr-x   3 stack  wheel  102 Jan 19 23:16 ..
drwxr-xr-x   3 stack  wheel  102 Jan 19 23:16 .META.
&lt;/pre&gt;
&lt;/div&gt;&lt;/div&gt;</comment>
                            <comment id="12560843" author="stack" created="Sun, 20 Jan 2008 18:57:52 +0000"  >&lt;p&gt;This patch is imcomplete.  Adds migrate to ./bin/hbase.  Adds doc. about necessary migration to &apos;getting started&apos; under javadoc.  I started in adding to the migration script extra info-level logging talking users through the process so they have a better sense of whats happening but didn&apos;t finish the job because need to study more what this script is up to (How about adding description of migration steps to the class comment &amp;#8211; we can fill it out as we add new steps).&lt;/p&gt;

&lt;p&gt;The script doesn&apos;t have usage/help (&lt;del&gt;h/&lt;/del&gt;-help do nought).  If I supply them, it goes ahead and starts up the migration regardless.  Do you think it should do this?  Should it not first emit flashing neon warnings about how this script rewrites hbase.rootdir and of how it might make sense making a backup first, etc. (Perhaps point at the MR CopyFiles or ./bin/hadoop distcp).&lt;/p&gt;

&lt;p&gt;One idea would be that this script first checks to see if any migratory actions are required; if so, user needs to rerun the migration script with an option that says actually go ahead and rearrange hbase.rootdir.&lt;/p&gt;</comment>
                            <comment id="12560893" author="jimk" created="Sun, 20 Jan 2008 22:48:30 +0000"  >&lt;p&gt;Ok, there is definitely some work to do here. I&apos;ll work on fixing Migrate.&lt;/p&gt;</comment>
                            <comment id="12560939" author="jimk" created="Mon, 21 Jan 2008 06:47:17 +0000"  >&lt;p&gt;Lots more checking, clean up several bugs, new read-only mode, usage, etc.&lt;/p&gt;</comment>
                            <comment id="12560940" author="jimk" created="Mon, 21 Jan 2008 06:48:22 +0000"  >&lt;p&gt;Works locally, try hudson. - Stack, please review patch.&lt;/p&gt;</comment>
                            <comment id="12561081" author="jimk" created="Mon, 21 Jan 2008 18:07:38 +0000"  >&lt;p&gt;It appears that hudson lost this patch when it went down. Resubmitting.&lt;/p&gt;</comment>
                            <comment id="12561200" author="stack" created="Tue, 22 Jan 2008 02:23:00 +0000"  >&lt;p&gt;This patch looks great.&lt;/p&gt;

&lt;p&gt;Shouldn&apos;t the &apos;check&apos; emit a result? That is, shouldn&apos;t check say &quot;hbase.rootdir is up to date&quot; or &quot;hbase.rootdir needs to be migrated&quot;?  Same for actual migration.  Should say &quot;migration successful&quot; or &quot;migration failed&quot; or &quot;up to date&quot;?&lt;/p&gt;

&lt;p&gt;Regards the check for a running cluster, what we&apos;ve seen internally is that often a newer version of hbase will just timeout trying to connect to a running instance without an exception being thrown or complaint about mismatched RPC version numbers.  There ain&apos;t much that the migration script can do in this case.  Add to the info log a more forceful note that hbase cluster must be down when this script runs?&lt;/p&gt;

&lt;p&gt;If the HDFS to upgrade is not running, it doesn&apos;t recognize it.  See below:&lt;/p&gt;

&lt;div class=&quot;code panel&quot; style=&quot;border-width: 1px;&quot;&gt;&lt;div class=&quot;codeContent panelContent&quot;&gt;
&lt;pre class=&quot;code-java&quot;&gt;
[stack@aa0-000-12 hbase]$ ./bin/hbase migrate check
08/01/22 02:11:35 INFO util.Migrate: Verifying that HBase is not running...
08/01/22 02:11:35 INFO ipc.Client: Retrying connect to server: XX.XX.XX.139:60000. Already tried 1 time(s).
08/01/22 02:11:36 INFO ipc.Client: Retrying connect to server: XX.XX.XX.139:60000. Already tried 2 time(s).
...
08/01/22 02:11:45 INFO util.Migrate: Starting migration check
08/01/22 02:11:45 INFO ipc.Client: Retrying connect to server: XX.XX.XX.139:9123. Already tried 1 time(s).
....
&lt;/pre&gt;
&lt;/div&gt;&lt;/div&gt;

&lt;p&gt;I don&apos;t think this too important.&lt;/p&gt;</comment>
                            <comment id="12561252" author="jimk" created="Tue, 22 Jan 2008 07:57:15 +0000"  >&lt;p&gt;Hudson lost this patch. Resubmitting.&lt;/p&gt;</comment>
                            <comment id="12561394" author="hadoopqa" created="Tue, 22 Jan 2008 17:48:05 +0000"  >&lt;p&gt;-1 overall.  Here are the results of testing the latest attachment &lt;br/&gt;
&lt;a href=&quot;http://issues.apache.org/jira/secure/attachment/12373663/patch.txt&quot; class=&quot;external-link&quot; rel=&quot;nofollow&quot;&gt;http://issues.apache.org/jira/secure/attachment/12373663/patch.txt&lt;/a&gt;&lt;br/&gt;
against trunk revision r614192.&lt;/p&gt;

&lt;p&gt;    @author +1.  The patch does not contain any @author tags.&lt;/p&gt;

&lt;p&gt;    javadoc +1.  The javadoc tool did not generate any warning messages.&lt;/p&gt;

&lt;p&gt;    javac +1.  The applied patch does not generate any new compiler warnings.&lt;/p&gt;

&lt;p&gt;    findbugs +1.  The patch does not introduce any new Findbugs warnings.&lt;/p&gt;

&lt;p&gt;    core tests -1.  The patch failed core unit tests.&lt;/p&gt;

&lt;p&gt;    contrib tests -1.  The patch failed contrib unit tests.&lt;/p&gt;

&lt;p&gt;Test results: &lt;a href=&quot;http://lucene.zones.apache.org:8080/hudson/job/Hadoop-Patch/1674/testReport/&quot; class=&quot;external-link&quot; rel=&quot;nofollow&quot;&gt;http://lucene.zones.apache.org:8080/hudson/job/Hadoop-Patch/1674/testReport/&lt;/a&gt;&lt;br/&gt;
Findbugs warnings: &lt;a href=&quot;http://lucene.zones.apache.org:8080/hudson/job/Hadoop-Patch/1674/artifact/trunk/build/test/findbugs/newPatchFindbugsWarnings.html&quot; class=&quot;external-link&quot; rel=&quot;nofollow&quot;&gt;http://lucene.zones.apache.org:8080/hudson/job/Hadoop-Patch/1674/artifact/trunk/build/test/findbugs/newPatchFindbugsWarnings.html&lt;/a&gt;&lt;br/&gt;
Checkstyle results: &lt;a href=&quot;http://lucene.zones.apache.org:8080/hudson/job/Hadoop-Patch/1674/artifact/trunk/build/test/checkstyle-errors.html&quot; class=&quot;external-link&quot; rel=&quot;nofollow&quot;&gt;http://lucene.zones.apache.org:8080/hudson/job/Hadoop-Patch/1674/artifact/trunk/build/test/checkstyle-errors.html&lt;/a&gt;&lt;br/&gt;
Console output: &lt;a href=&quot;http://lucene.zones.apache.org:8080/hudson/job/Hadoop-Patch/1674/console&quot; class=&quot;external-link&quot; rel=&quot;nofollow&quot;&gt;http://lucene.zones.apache.org:8080/hudson/job/Hadoop-Patch/1674/console&lt;/a&gt;&lt;/p&gt;

&lt;p&gt;This message is automatically generated.&lt;/p&gt;</comment>
                            <comment id="12561426" author="jimk" created="Tue, 22 Jan 2008 19:24:23 +0000"  >&lt;p&gt;Improve messages&lt;/p&gt;</comment>
                            <comment id="12561561" author="hadoopqa" created="Wed, 23 Jan 2008 02:27:04 +0000"  >&lt;p&gt;-1 overall.  Here are the results of testing the latest attachment &lt;br/&gt;
&lt;a href=&quot;http://issues.apache.org/jira/secure/attachment/12373775/patch.txt&quot; class=&quot;external-link&quot; rel=&quot;nofollow&quot;&gt;http://issues.apache.org/jira/secure/attachment/12373775/patch.txt&lt;/a&gt;&lt;br/&gt;
against trunk revision r614301.&lt;/p&gt;

&lt;p&gt;    @author +1.  The patch does not contain any @author tags.&lt;/p&gt;

&lt;p&gt;    javadoc +1.  The javadoc tool did not generate any warning messages.&lt;/p&gt;

&lt;p&gt;    javac +1.  The applied patch does not generate any new compiler warnings.&lt;/p&gt;

&lt;p&gt;    findbugs +1.  The patch does not introduce any new Findbugs warnings.&lt;/p&gt;

&lt;p&gt;    core tests -1.  The patch failed core unit tests.&lt;/p&gt;

&lt;p&gt;    contrib tests +1.  The patch passed contrib unit tests.&lt;/p&gt;

&lt;p&gt;Test results: &lt;a href=&quot;http://lucene.zones.apache.org:8080/hudson/job/Hadoop-Patch/1679/testReport/&quot; class=&quot;external-link&quot; rel=&quot;nofollow&quot;&gt;http://lucene.zones.apache.org:8080/hudson/job/Hadoop-Patch/1679/testReport/&lt;/a&gt;&lt;br/&gt;
Findbugs warnings: &lt;a href=&quot;http://lucene.zones.apache.org:8080/hudson/job/Hadoop-Patch/1679/artifact/trunk/build/test/findbugs/newPatchFindbugsWarnings.html&quot; class=&quot;external-link&quot; rel=&quot;nofollow&quot;&gt;http://lucene.zones.apache.org:8080/hudson/job/Hadoop-Patch/1679/artifact/trunk/build/test/findbugs/newPatchFindbugsWarnings.html&lt;/a&gt;&lt;br/&gt;
Checkstyle results: &lt;a href=&quot;http://lucene.zones.apache.org:8080/hudson/job/Hadoop-Patch/1679/artifact/trunk/build/test/checkstyle-errors.html&quot; class=&quot;external-link&quot; rel=&quot;nofollow&quot;&gt;http://lucene.zones.apache.org:8080/hudson/job/Hadoop-Patch/1679/artifact/trunk/build/test/checkstyle-errors.html&lt;/a&gt;&lt;br/&gt;
Console output: &lt;a href=&quot;http://lucene.zones.apache.org:8080/hudson/job/Hadoop-Patch/1679/console&quot; class=&quot;external-link&quot; rel=&quot;nofollow&quot;&gt;http://lucene.zones.apache.org:8080/hudson/job/Hadoop-Patch/1679/console&lt;/a&gt;&lt;/p&gt;

&lt;p&gt;This message is automatically generated.&lt;/p&gt;</comment>
                            <comment id="12561569" author="jimk" created="Wed, 23 Jan 2008 03:26:29 +0000"  >&lt;p&gt;Committed. (Ignoring single failure in core tests that is unrelated to this patch)&lt;/p&gt;</comment>
                            <comment id="12561651" author="hudson" created="Wed, 23 Jan 2008 12:23:01 +0000"  >&lt;p&gt;Integrated in Hadoop-trunk #374 (See &lt;a href=&quot;http://hudson.zones.apache.org/hudson/job/Hadoop-trunk/374/&quot; class=&quot;external-link&quot; rel=&quot;nofollow&quot;&gt;http://hudson.zones.apache.org/hudson/job/Hadoop-trunk/374/&lt;/a&gt;)&lt;/p&gt;</comment>
                            <comment id="12561710" author="hudson" created="Wed, 23 Jan 2008 15:36:58 +0000"  >&lt;p&gt;Integrated in Hadoop-Nightly #374 (See &lt;a href=&quot;http://lucene.zones.apache.org:8080/hudson/job/Hadoop-Nightly/374/&quot; class=&quot;external-link&quot; rel=&quot;nofollow&quot;&gt;http://lucene.zones.apache.org:8080/hudson/job/Hadoop-Nightly/374/&lt;/a&gt;)&lt;/p&gt;</comment>
                    </comments>
                    <attachments>
                            <attachment id="12373612" name="migrate.patch" size="4075" author="stack" created="Sat, 19 Jan 2008 23:16:34 +0000"/>
                            <attachment id="12373629" name="migration.patch" size="12555" author="stack" created="Sun, 20 Jan 2008 18:57:52 +0000"/>
                            <attachment id="12373775" name="patch.txt" size="27528" author="jimk" created="Tue, 22 Jan 2008 19:24:22 +0000"/>
                            <attachment id="12373663" name="patch.txt" size="25480" author="jimk" created="Mon, 21 Jan 2008 06:47:17 +0000"/>
                    </attachments>
                <subtasks>
                    </subtasks>
                <customfields>
                                                <customfield id="customfield_12310310" key="com.atlassian.jira.toolkit:attachments">
                        <customfieldname>Attachment count</customfieldname>
                        <customfieldvalues>
                            <customfieldvalue>4.0</customfieldvalue>
                        </customfieldvalues>
                    </customfield>
                                                                                                                                                                                                                                                                                                                                                                                                                                                                                                                                <customfield id="customfield_12310220" key="com.atlassian.jira.ext.charting:firstresponsedate">
                        <customfieldname>Date of First Response</customfieldname>
                        <customfieldvalues>
                            <customfieldvalue>Sat, 19 Jan 2008 23:46:15 +0000</customfieldvalue>

                        </customfieldvalues>
                    </customfield>
                                                                                                                                                                                                                                                                                                                                                                                                                                            <customfield id="customfield_12310420" key="com.pyxis.greenhopper.jira:gh-global-rank">
                        <customfieldname>Global Rank</customfieldname>
                        <customfieldvalues>
                            <customfieldvalue>25034</customfieldvalue>
                        </customfieldvalues>
                    </customfield>
                                                                                                                                                    <customfield id="customfield_12312521" key="com.atlassian.jira.toolkit:LastCommentDate">
                        <customfieldname>Last public comment date</customfieldname>
                        <customfieldvalues>
                            8 years, 48 weeks, 2 days ago
                        </customfieldvalues>
                    </customfield>
                                                                                            <customfield id="customfield_12311820" key="com.pyxis.greenhopper.jira:gh-lexo-rank">
                        <customfieldname>Rank</customfieldname>
                        <customfieldvalues>
                            <customfieldvalue>0|i0h5vj:</customfieldvalue>

                        </customfieldvalues>
                    </customfield>
                                                                <customfield id="customfield_12310920" key="com.pyxis.greenhopper.jira:gh-global-rank">
                        <customfieldname>Rank (Obsolete)</customfieldname>
                        <customfieldvalues>
                            <customfieldvalue>98214</customfieldvalue>
                        </customfieldvalues>
                    </customfield>
                                                                                                                                                                                                                                                                                                <customfield id="customfield_12310222" key="com.atlassian.jira.ext.charting:timeinstatus">
                        <customfieldname>Time in Status</customfieldname>
                        <customfieldvalues>
                            
                        </customfieldvalues>
                    </customfield>
                                                                                                                        </customfields>
    </item>
</channel>
</rss>