<!-- 
RSS generated by JIRA (6.3.4#6332-sha1:51bc225ef474afe3128b2f66878477f322397b16) at Fri Dec 16 18:43:00 UTC 2016

It is possible to restrict the fields that are returned in this document by specifying the 'field' parameter in your request.
For example, to request only the issue key and summary add field=key&field=summary to the URL of your request.
For example:
https://issues.apache.org/jira/si/jira.issueviews:issue-xml/HBASE-303/HBASE-303.xml?field=key&amp;field=summary
-->
<rss version="0.92" >
<channel>
    <title>ASF JIRA</title>
    <link>https://issues.apache.org/jira</link>
    <description>This file is an XML representation of an issue</description>
    <language>en-uk</language>    <build-info>
        <version>6.3.4</version>
        <build-number>6332</build-number>
        <build-date>15-08-2014</build-date>
    </build-info>

<item>
            <title>[HBASE-303] [hbase] Startup scripts should wait until hdfs as cleared &apos;safe mode&apos; </title>
                <link>https://issues.apache.org/jira/browse/HBASE-303</link>
                <project id="12310753" key="HBASE">HBase</project>
                    <description>&lt;p&gt;If the underying hdfs is in &apos;safe mode&apos;, hbase gets confused.  hbase start scripts should just wait on hdfs leaving &apos;safe mode&apos; &amp;#8211; perhaps emitting a status message &amp;#8211; before proceeding with cluster startup.&lt;/p&gt;</description>
                <environment></environment>
        <key id="12377039">HBASE-303</key>
            <summary>[hbase] Startup scripts should wait until hdfs as cleared &apos;safe mode&apos; </summary>
                <type id="1" iconUrl="https://issues.apache.org/jira/images/icons/issuetypes/bug.png">Bug</type>
                                            <priority id="4" iconUrl="https://issues.apache.org/jira/images/icons/priorities/minor.png">Minor</priority>
                        <status id="6" iconUrl="https://issues.apache.org/jira/images/icons/statuses/closed.png" description="The issue is considered finished, the resolution is correct. Issues which are closed can be reopened.">Closed</status>
                    <statusCategory id="3" key="done" colorName="green"/>
                                    <resolution id="1">Fixed</resolution>
                                        <assignee username="-1">Unassigned</assignee>
                                    <reporter username="stack">stack</reporter>
                        <labels>
                    </labels>
                <created>Tue, 28 Aug 2007 23:16:34 +0000</created>
                <updated>Mon, 4 Feb 2008 18:41:35 +0000</updated>
                            <resolved>Thu, 30 Aug 2007 15:39:59 +0000</resolved>
                                                                        <due></due>
                            <votes>0</votes>
                                    <watches>0</watches>
                                                                <comments>
                            <comment id="12523439" author="owen.omalley" created="Wed, 29 Aug 2007 02:54:09 +0000"  >&lt;p&gt;I like this change. I personally use a &apos;bin/hadoop dfsadmin -safemode wait&apos; in my start-all script.&lt;/p&gt;</comment>
                            <comment id="12523685" author="stack" created="Wed, 29 Aug 2007 21:21:55 +0000"  >&lt;p&gt;Add &apos;bin/hadoop dfsadmin -safemode wait&apos;  to &apos;start-hbase.sh&apos; script.&lt;/p&gt;</comment>
                            <comment id="12523686" author="stack" created="Wed, 29 Aug 2007 21:22:22 +0000"  >&lt;p&gt;Works locally.  Passing to hudson.&lt;/p&gt;</comment>
                            <comment id="12523691" author="stack" created="Wed, 29 Aug 2007 21:28:02 +0000"  >&lt;p&gt;This is better.&lt;/p&gt;</comment>
                            <comment id="12523833" author="hadoopqa" created="Thu, 30 Aug 2007 11:52:14 +0000"  >&lt;p&gt;+1&lt;/p&gt;

&lt;p&gt;&lt;a href=&quot;http://issues.apache.org/jira/secure/attachment/12364791/hadoop-1802-v2.patch&quot; class=&quot;external-link&quot; rel=&quot;nofollow&quot;&gt;http://issues.apache.org/jira/secure/attachment/12364791/hadoop-1802-v2.patch&lt;/a&gt; applied and successfully tested against trunk revision r570983.&lt;/p&gt;

&lt;p&gt;Test results:   &lt;a href=&quot;http://lucene.zones.apache.org:8080/hudson/job/Hadoop-Patch/655/testReport/&quot; class=&quot;external-link&quot; rel=&quot;nofollow&quot;&gt;http://lucene.zones.apache.org:8080/hudson/job/Hadoop-Patch/655/testReport/&lt;/a&gt;&lt;br/&gt;
Console output: &lt;a href=&quot;http://lucene.zones.apache.org:8080/hudson/job/Hadoop-Patch/655/console&quot; class=&quot;external-link&quot; rel=&quot;nofollow&quot;&gt;http://lucene.zones.apache.org:8080/hudson/job/Hadoop-Patch/655/console&lt;/a&gt;&lt;/p&gt;</comment>
                    </comments>
                    <attachments>
                            <attachment id="12364791" name="hadoop-1802-v2.patch" size="621" author="stack" created="Wed, 29 Aug 2007 21:28:01 +0000"/>
                            <attachment id="12364790" name="hadoop-1802.patch" size="643" author="stack" created="Wed, 29 Aug 2007 21:21:55 +0000"/>
                    </attachments>
                <subtasks>
                    </subtasks>
                <customfields>
                                                <customfield id="customfield_12310310" key="com.atlassian.jira.toolkit:attachments">
                        <customfieldname>Attachment count</customfieldname>
                        <customfieldvalues>
                            <customfieldvalue>2.0</customfieldvalue>
                        </customfieldvalues>
                    </customfield>
                                                                                                                                                                                                                                                                                                                                                                                                                                                                                                                                <customfield id="customfield_12310220" key="com.atlassian.jira.ext.charting:firstresponsedate">
                        <customfieldname>Date of First Response</customfieldname>
                        <customfieldvalues>
                            <customfieldvalue>Wed, 29 Aug 2007 02:54:09 +0000</customfieldvalue>

                        </customfieldvalues>
                    </customfield>
                                                                                                                                                                                                                                                                                                                                                                                                                                            <customfield id="customfield_12310420" key="com.pyxis.greenhopper.jira:gh-global-rank">
                        <customfieldname>Global Rank</customfieldname>
                        <customfieldvalues>
                            <customfieldvalue>25087</customfieldvalue>
                        </customfieldvalues>
                    </customfield>
                                                                                                                                                    <customfield id="customfield_12312521" key="com.atlassian.jira.toolkit:LastCommentDate">
                        <customfieldname>Last public comment date</customfieldname>
                        <customfieldvalues>
                            9 years, 17 weeks, 1 day ago
                        </customfieldvalues>
                    </customfield>
                                                                                            <customfield id="customfield_12311820" key="com.pyxis.greenhopper.jira:gh-lexo-rank">
                        <customfieldname>Rank</customfieldname>
                        <customfieldvalues>
                            <customfieldvalue>0|i0h6ev:</customfieldvalue>

                        </customfieldvalues>
                    </customfield>
                                                                <customfield id="customfield_12310920" key="com.pyxis.greenhopper.jira:gh-global-rank">
                        <customfieldname>Rank (Obsolete)</customfieldname>
                        <customfieldvalues>
                            <customfieldvalue>98301</customfieldvalue>
                        </customfieldvalues>
                    </customfield>
                                                                                                                                                                                                                                                                                                <customfield id="customfield_12310222" key="com.atlassian.jira.ext.charting:timeinstatus">
                        <customfieldname>Time in Status</customfieldname>
                        <customfieldvalues>
                            
                        </customfieldvalues>
                    </customfield>
                                                                                                                        </customfields>
    </item>
</channel>
</rss>