<!-- 
RSS generated by JIRA (6.3.4#6332-sha1:51bc225ef474afe3128b2f66878477f322397b16) at Fri Dec 16 18:42:41 UTC 2016

It is possible to restrict the fields that are returned in this document by specifying the 'field' parameter in your request.
For example, to request only the issue key and summary add field=key&field=summary to the URL of your request.
For example:
https://issues.apache.org/jira/si/jira.issueviews:issue-xml/HBASE-271/HBASE-271.xml?field=key&amp;field=summary
-->
<rss version="0.92" >
<channel>
    <title>ASF JIRA</title>
    <link>https://issues.apache.org/jira</link>
    <description>This file is an XML representation of an issue</description>
    <language>en-uk</language>    <build-info>
        <version>6.3.4</version>
        <build-number>6332</build-number>
        <build-date>15-08-2014</build-date>
    </build-info>

<item>
            <title>[HBASE-271] Add HBase batch update to reduce RPC overhead</title>
                <link>https://issues.apache.org/jira/browse/HBASE-271</link>
                <project id="12310753" key="HBASE">HBase</project>
                    <description>&lt;p&gt;On Wed, 2007-06-06 at 10:05 -0700, James Kennedy wrote:&lt;br/&gt;
Hi,&lt;br/&gt;
&amp;gt; &lt;br/&gt;
&amp;gt; I&apos;m noticing that since the HClient/HRegionServer interface only allows &lt;br/&gt;
&amp;gt; for a per-column put(), there is a lot of RPC and some lease management &lt;br/&gt;
&amp;gt; overhead when writing large amounts of data. For example:&lt;br/&gt;
&amp;gt; &lt;br/&gt;
&amp;gt;         for (int i = 0; i &amp;lt; 10000; i++) &lt;/p&gt;
{
&amp;gt;             Text rowKey = new Text(i+&quot;&quot;);
&amp;gt;             long lock = client.startUpdate(rowKey);
&amp;gt;             client.put(lock, COL1, rowKey.getBytes());
&amp;gt;             client.put(lock, COL2, someValue.getBytes());
&amp;gt;             client.commit(lock);
&amp;gt;         }
&lt;p&gt;&amp;gt; &lt;br/&gt;
&amp;gt; This code takes my machine (using a single HMaster/HRegionServer on &lt;br/&gt;
&amp;gt; local filesystem) approximately 13 seconds to execute. When i measure &lt;br/&gt;
&amp;gt; the execution time within HRegionServer.put() I get total time spent in &lt;br/&gt;
&amp;gt; put() &amp;lt; 2 seconds. So it looks like there&apos;s definately overhead in the &lt;br/&gt;
&amp;gt; RPC communication and serialization/deserialization between client and &lt;br/&gt;
&amp;gt; server. &lt;br/&gt;
&amp;gt; &lt;br/&gt;
&amp;gt; To write 10000 rows, 10000 x (startUpdate=1 +  #cols=2 + commit=1) = &lt;br/&gt;
&amp;gt; 40000 RPC operations.&lt;br/&gt;
&amp;gt; &lt;br/&gt;
&amp;gt; What I&apos;m thinking, and please tell me if i&apos;m wrong or if this is already &lt;br/&gt;
&amp;gt; in the works, is that if I create a row-level put() method that submits &lt;br/&gt;
&amp;gt; a map of column values at once, I would reduce the 2 + (#cols) RPC &lt;br/&gt;
&amp;gt; operations to one single atomic row-write RPC as well as eliminate the &lt;br/&gt;
&amp;gt; small but noticeable overhead in lease creation, renewal, and cancellation.&lt;br/&gt;
&amp;gt; &lt;br/&gt;
&amp;gt; It&apos;s not clear exactly what the performance improvement would be. The &lt;br/&gt;
&amp;gt; same amount of serialization/deserilalization must occur, but YourKit &lt;br/&gt;
&amp;gt; profiling tells me that the serialization overhead is negligible.&lt;br/&gt;
&amp;gt; &lt;br/&gt;
&amp;gt; Any thoughts?&lt;/p&gt;</description>
                <environment></environment>
        <key id="12371060">HBASE-271</key>
            <summary>Add HBase batch update to reduce RPC overhead</summary>
                <type id="1" iconUrl="https://issues.apache.org/jira/images/icons/issuetypes/bug.png">Bug</type>
                                            <priority id="3" iconUrl="https://issues.apache.org/jira/images/icons/priorities/major.png">Major</priority>
                        <status id="6" iconUrl="https://issues.apache.org/jira/images/icons/statuses/closed.png" description="The issue is considered finished, the resolution is correct. Issues which are closed can be reopened.">Closed</status>
                    <statusCategory id="3" key="done" colorName="green"/>
                                    <resolution id="1">Fixed</resolution>
                                        <assignee username="-1">Unassigned</assignee>
                                    <reporter username="jimk">Jim Kellerman</reporter>
                        <labels>
                    </labels>
                <created>Wed, 6 Jun 2007 17:14:04 +0000</created>
                <updated>Mon, 4 Feb 2008 18:41:24 +0000</updated>
                            <resolved>Thu, 26 Jul 2007 21:59:18 +0000</resolved>
                                                                        <due></due>
                            <votes>0</votes>
                                    <watches>0</watches>
                                                                <comments>
                            <comment id="12502003" author="james.kennedy" created="Wed, 6 Jun 2007 17:40:40 +0000"  >&lt;p&gt;The above batch update description implies batch update of columns for a single row.&lt;/p&gt;

&lt;p&gt;Another possibility is batch update of multiple rows wherein the client buffers up a number of row updates and flushes them out together.&lt;/p&gt;</comment>
                            <comment id="12511500" author="jimk" created="Tue, 10 Jul 2007 17:26:54 +0000"  >&lt;p&gt;&amp;gt; Another possibility is batch update of multiple rows wherein the client buffers up a number&lt;br/&gt;
&amp;gt; of row updates and flushes them out together.&lt;/p&gt;

&lt;p&gt;This may still require multiple RPCs if the rows being updated are in different regions and are being served by different servers. However, the client could split the batch into per-server chunks, which would still greatly reduce the number of RPCs.&lt;/p&gt;</comment>
                            <comment id="12512877" author="jimk" created="Mon, 16 Jul 2007 07:05:05 +0000"  >&lt;p&gt;Works in my environment. Ensure Hudson agrees.&lt;/p&gt;</comment>
                            <comment id="12513060" author="hadoopqa" created="Mon, 16 Jul 2007 22:00:23 +0000"  >&lt;p&gt;+1&lt;/p&gt;

&lt;p&gt;&lt;a href=&quot;http://issues.apache.org/jira/secure/attachment/12361870/patch.txt&quot; class=&quot;external-link&quot; rel=&quot;nofollow&quot;&gt;http://issues.apache.org/jira/secure/attachment/12361870/patch.txt&lt;/a&gt; applied and successfully tested against trunk revision r556707.&lt;/p&gt;

&lt;p&gt;Test results:   &lt;a href=&quot;http://lucene.zones.apache.org:8080/hudson/job/Hadoop-Patch/419/testReport/&quot; class=&quot;external-link&quot; rel=&quot;nofollow&quot;&gt;http://lucene.zones.apache.org:8080/hudson/job/Hadoop-Patch/419/testReport/&lt;/a&gt;&lt;br/&gt;
Console output: &lt;a href=&quot;http://lucene.zones.apache.org:8080/hudson/job/Hadoop-Patch/419/console&quot; class=&quot;external-link&quot; rel=&quot;nofollow&quot;&gt;http://lucene.zones.apache.org:8080/hudson/job/Hadoop-Patch/419/console&lt;/a&gt;&lt;/p&gt;</comment>
                            <comment id="12513076" author="jimk" created="Mon, 16 Jul 2007 22:20:43 +0000"  >&lt;p&gt;Committed.&lt;/p&gt;</comment>
                            <comment id="12515352" author="jimk" created="Wed, 25 Jul 2007 17:17:37 +0000"  >&lt;p&gt;Michael Stack and I were discussing the current implementation and there are multiple problems with updating more than a single row at a time:&lt;/p&gt;
&lt;ul class=&quot;alternate&quot; type=&quot;square&quot;&gt;
	&lt;li&gt;a region might be reassigned between the start of the batch update and the commit&lt;/li&gt;
	&lt;li&gt;a region split might occur&lt;/li&gt;
	&lt;li&gt;the server might receive a shut down request before all the commits complete&lt;/li&gt;
	&lt;li&gt;if a lot of data is being passed, the rpc could time out before all the data is transmitted.&lt;/li&gt;
&lt;/ul&gt;


&lt;p&gt;We came up with this list in a short five minute discussion and I&apos;m sure we could think of a lot more issues without trying too hard.&lt;/p&gt;

&lt;p&gt;For these reasons we decided that batch updates should be limited to a single row and consequently this issue is being reopened.&lt;/p&gt;</comment>
                            <comment id="12515864" author="jimk" created="Thu, 26 Jul 2007 21:02:43 +0000"  >&lt;p&gt;Restricts batches to one row per batch&lt;/p&gt;</comment>
                            <comment id="12515865" author="jimk" created="Thu, 26 Jul 2007 21:03:21 +0000"  >&lt;p&gt;Works in my environment. Try to get the +1 from Hudson.&lt;/p&gt;</comment>
                            <comment id="12515884" author="hadoopqa" created="Thu, 26 Jul 2007 21:54:45 +0000"  >&lt;p&gt;+1&lt;/p&gt;

&lt;p&gt;&lt;a href=&quot;http://issues.apache.org/jira/secure/attachment/12362641/patch.txt&quot; class=&quot;external-link&quot; rel=&quot;nofollow&quot;&gt;http://issues.apache.org/jira/secure/attachment/12362641/patch.txt&lt;/a&gt; applied and successfully tested against trunk revision r559886.&lt;/p&gt;

&lt;p&gt;Test results:   &lt;a href=&quot;http://lucene.zones.apache.org:8080/hudson/job/Hadoop-Patch/476/testReport/&quot; class=&quot;external-link&quot; rel=&quot;nofollow&quot;&gt;http://lucene.zones.apache.org:8080/hudson/job/Hadoop-Patch/476/testReport/&lt;/a&gt;&lt;br/&gt;
Console output: &lt;a href=&quot;http://lucene.zones.apache.org:8080/hudson/job/Hadoop-Patch/476/console&quot; class=&quot;external-link&quot; rel=&quot;nofollow&quot;&gt;http://lucene.zones.apache.org:8080/hudson/job/Hadoop-Patch/476/console&lt;/a&gt;&lt;/p&gt;</comment>
                            <comment id="12515886" author="jimk" created="Thu, 26 Jul 2007 21:59:18 +0000"  >&lt;p&gt;Committed.&lt;/p&gt;</comment>
                    </comments>
                    <attachments>
                            <attachment id="12362641" name="patch.txt" size="26999" author="jimk" created="Thu, 26 Jul 2007 21:02:43 +0000"/>
                            <attachment id="12361870" name="patch.txt" size="35119" author="jimk" created="Mon, 16 Jul 2007 07:05:03 +0000"/>
                    </attachments>
                <subtasks>
                    </subtasks>
                <customfields>
                                                <customfield id="customfield_12310310" key="com.atlassian.jira.toolkit:attachments">
                        <customfieldname>Attachment count</customfieldname>
                        <customfieldvalues>
                            <customfieldvalue>2.0</customfieldvalue>
                        </customfieldvalues>
                    </customfield>
                                                                                                                                                                                                                                                                                                                                                                                                                                                                                                                                <customfield id="customfield_12310220" key="com.atlassian.jira.ext.charting:firstresponsedate">
                        <customfieldname>Date of First Response</customfieldname>
                        <customfieldvalues>
                            <customfieldvalue>Wed, 6 Jun 2007 17:40:40 +0000</customfieldvalue>

                        </customfieldvalues>
                    </customfield>
                                                                                                                                                                                                                                                                                                                                                                                                                                            <customfield id="customfield_12310420" key="com.pyxis.greenhopper.jira:gh-global-rank">
                        <customfieldname>Global Rank</customfieldname>
                        <customfieldvalues>
                            <customfieldvalue>25055</customfieldvalue>
                        </customfieldvalues>
                    </customfield>
                                                                                                                                                    <customfield id="customfield_12312521" key="com.atlassian.jira.toolkit:LastCommentDate">
                        <customfieldname>Last public comment date</customfieldname>
                        <customfieldvalues>
                            9 years, 22 weeks ago
                        </customfieldvalues>
                    </customfield>
                                                                                            <customfield id="customfield_12311820" key="com.pyxis.greenhopper.jira:gh-lexo-rank">
                        <customfieldname>Rank</customfieldname>
                        <customfieldvalues>
                            <customfieldvalue>0|i0h63z:</customfieldvalue>

                        </customfieldvalues>
                    </customfield>
                                                                <customfield id="customfield_12310920" key="com.pyxis.greenhopper.jira:gh-global-rank">
                        <customfieldname>Rank (Obsolete)</customfieldname>
                        <customfieldvalues>
                            <customfieldvalue>98252</customfieldvalue>
                        </customfieldvalues>
                    </customfield>
                                                                                                                                                                                                                                                                                                <customfield id="customfield_12310222" key="com.atlassian.jira.ext.charting:timeinstatus">
                        <customfieldname>Time in Status</customfieldname>
                        <customfieldvalues>
                            
                        </customfieldvalues>
                    </customfield>
                                                                                                                        </customfields>
    </item>
</channel>
</rss>