<!-- 
RSS generated by JIRA (6.3.4#6332-sha1:51bc225ef474afe3128b2f66878477f322397b16) at Fri Dec 16 18:44:31 UTC 2016

It is possible to restrict the fields that are returned in this document by specifying the 'field' parameter in your request.
For example, to request only the issue key and summary add field=key&field=summary to the URL of your request.
For example:
https://issues.apache.org/jira/si/jira.issueviews:issue-xml/HBASE-467/HBASE-467.xml?field=key&amp;field=summary
-->
<rss version="0.92" >
<channel>
    <title>ASF JIRA</title>
    <link>https://issues.apache.org/jira</link>
    <description>This file is an XML representation of an issue</description>
    <language>en-uk</language>    <build-info>
        <version>6.3.4</version>
        <build-number>6332</build-number>
        <build-date>15-08-2014</build-date>
    </build-info>

<item>
            <title>[HBASE-467] Move HStore(^Key)*.java into o.a.h.h.store</title>
                <link>https://issues.apache.org/jira/browse/HBASE-467</link>
                <project id="12310753" key="HBASE">HBase</project>
                    <description>&lt;p&gt;Per Jim&apos;s suggestions on HBase-419, let&apos;s move all the store-related files into a subpackage. It should either be o.a.h.h.store or o.a.h.h.regionserver.store. If we push it down another level, I think that we should make sure we never use any of those files outside of o.a.h.h.regionserver.&lt;/p&gt;</description>
                <environment></environment>
        <key id="12389411">HBASE-467</key>
            <summary>Move HStore(^Key)*.java into o.a.h.h.store</summary>
                <type id="7" iconUrl="https://issues.apache.org/jira/images/icons/issuetypes/subtask_alternate.png">Sub-task</type>
                            <parent id="12386905">HBASE-75</parent>
                                    <priority id="4" iconUrl="https://issues.apache.org/jira/images/icons/priorities/minor.png">Minor</priority>
                        <status id="6" iconUrl="https://issues.apache.org/jira/images/icons/statuses/closed.png" description="The issue is considered finished, the resolution is correct. Issues which are closed can be reopened.">Closed</status>
                    <statusCategory id="3" key="done" colorName="green"/>
                                    <resolution id="2">Won&apos;t Fix</resolution>
                                        <assignee username="jimk">Jim Kellerman</assignee>
                                    <reporter username="bryanduxbury">Bryan Duxbury</reporter>
                        <labels>
                    </labels>
                <created>Sun, 24 Feb 2008 05:57:43 +0000</created>
                <updated>Fri, 22 Aug 2008 21:35:04 +0000</updated>
                            <resolved>Sun, 24 Feb 2008 22:10:11 +0000</resolved>
                                                                        <due></due>
                            <votes>0</votes>
                                    <watches>0</watches>
                                                                <comments>
                            <comment id="12571870" author="jimk" created="Sun, 24 Feb 2008 06:23:44 +0000"  >&lt;p&gt;HStore.isReference is the only method used outside of HRegionServer. I can move that somewhere else.&lt;/p&gt;</comment>
                            <comment id="12571885" author="jimk" created="Sun, 24 Feb 2008 09:58:38 +0000"  >&lt;p&gt;This is looking ugly. HRegion references a number of methods in HStore and HStoreFile.&lt;br/&gt;
HStore references static methods from HRegion.&lt;/p&gt;

&lt;p&gt;HRegion and HStore are also tightly coupled with HLog.&lt;/p&gt;

&lt;p&gt;We can probably factor out the inner classes of Hregion, HStore and HStoreFile into&lt;br/&gt;
o.a.h.h.regionserver.&lt;/p&gt;
{region,store,storefile(??)}
&lt;p&gt;, but trying to tease these apart using the current plan will either be a) a ton of work or b) turn out to not be possible.&lt;/p&gt;

&lt;p&gt;Comments, please!&lt;/p&gt;</comment>
                            <comment id="12571912" author="jimk" created="Sun, 24 Feb 2008 16:24:46 +0000"  >&lt;p&gt;Looking at the issue further, it appears that making subpackages for region, store, etc inner classes is not going to work well. Although many of the inner classes are static, in order for the parent class to access them, too much would have to be made public.&lt;/p&gt;

&lt;p&gt;Just factoring out inner classes (into o.a.h.h.regionserver) and making them package scope would yield the highest containment.&lt;/p&gt;</comment>
                            <comment id="12571914" author="jimk" created="Sun, 24 Feb 2008 16:52:07 +0000"  >&lt;p&gt;On second thought, I am going to put &lt;a href=&quot;https://issues.apache.org/jira/browse/HBASE-467&quot; title=&quot;Move HStore(^Key)*.java into o.a.h.h.store&quot; class=&quot;issue-link&quot; data-issue-key=&quot;HBASE-467&quot;&gt;&lt;del&gt;HBASE-467&lt;/del&gt;&lt;/a&gt; on the back burner until &lt;a href=&quot;https://issues.apache.org/jira/browse/HBASE-469&quot; title=&quot;Streamline HStore startup and compactions&quot; class=&quot;issue-link&quot; data-issue-key=&quot;HBASE-469&quot;&gt;&lt;del&gt;HBASE-469&lt;/del&gt;&lt;/a&gt; is completed. Since the original patch was based on unrefactored code, the changes will be easier to apply now than later.&lt;/p&gt;</comment>
                            <comment id="12571915" author="stack" created="Sun, 24 Feb 2008 17:21:02 +0000"  >&lt;p&gt;I&apos;m fine w/ all being under o.a.h.h.r rather than under subpackages under o.a.h.h.r &amp;#8211; especially if its loads of work.  Introducing o.a.h.h.r package is sufficient improvement over what we had previous.  Good stuff.&lt;/p&gt;</comment>
                            <comment id="12571938" author="bryanduxbury" created="Sun, 24 Feb 2008 20:16:25 +0000"  >&lt;p&gt;So let&apos;s resolve won&apos;t fix?&lt;/p&gt;</comment>
                            <comment id="12571976" author="jimk" created="Sun, 24 Feb 2008 22:10:11 +0000"  >&lt;p&gt;There is just too much intermodule coupling to do this properly without breaking encapsulation. &lt;/p&gt;</comment>
                    </comments>
                <issuelinks>
                            <issuelinktype id="10032">
                    <name>Blocker</name>
                                                                <inwardlinks description="is blocked by">
                                        <issuelink>
            <issuekey id="12389412">HBASE-468</issuekey>
        </issuelink>
            <issuelink>
            <issuekey id="12389413">HBASE-469</issuekey>
        </issuelink>
                            </inwardlinks>
                                    </issuelinktype>
                    </issuelinks>
                <attachments>
                    </attachments>
                <subtasks>
                    </subtasks>
                <customfields>
                                                <customfield id="customfield_12310310" key="com.atlassian.jira.toolkit:attachments">
                        <customfieldname>Attachment count</customfieldname>
                        <customfieldvalues>
                            <customfieldvalue>0.0</customfieldvalue>
                        </customfieldvalues>
                    </customfield>
                                                                                                                                                                                                                                                                                                                                                                                                                                                                                                                                <customfield id="customfield_12310220" key="com.atlassian.jira.ext.charting:firstresponsedate">
                        <customfieldname>Date of First Response</customfieldname>
                        <customfieldvalues>
                            <customfieldvalue>Sun, 24 Feb 2008 06:23:44 +0000</customfieldvalue>

                        </customfieldvalues>
                    </customfield>
                                                                                                                                                                                                                                                                                                                                                                                                                                            <customfield id="customfield_12310420" key="com.pyxis.greenhopper.jira:gh-global-rank">
                        <customfieldname>Global Rank</customfieldname>
                        <customfieldvalues>
                            <customfieldvalue>31714</customfieldvalue>
                        </customfieldvalues>
                    </customfield>
                                                                                                                                                    <customfield id="customfield_12312521" key="com.atlassian.jira.toolkit:LastCommentDate">
                        <customfieldname>Last public comment date</customfieldname>
                        <customfieldvalues>
                            8 years, 43 weeks, 4 days ago
                        </customfieldvalues>
                    </customfield>
                                                                                            <customfield id="customfield_12311820" key="com.pyxis.greenhopper.jira:gh-lexo-rank">
                        <customfieldname>Rank</customfieldname>
                        <customfieldvalues>
                            <customfieldvalue>0|i0h7hj:</customfieldvalue>

                        </customfieldvalues>
                    </customfield>
                                                                <customfield id="customfield_12310920" key="com.pyxis.greenhopper.jira:gh-global-rank">
                        <customfieldname>Rank (Obsolete)</customfieldname>
                        <customfieldvalues>
                            <customfieldvalue>98475</customfieldvalue>
                        </customfieldvalues>
                    </customfield>
                                                                                                                                                                                                                                                                                                <customfield id="customfield_12310222" key="com.atlassian.jira.ext.charting:timeinstatus">
                        <customfieldname>Time in Status</customfieldname>
                        <customfieldvalues>
                            
                        </customfieldvalues>
                    </customfield>
                                                                                                                        </customfields>
    </item>
</channel>
</rss>