<!-- 
RSS generated by JIRA (6.3.4#6332-sha1:51bc225ef474afe3128b2f66878477f322397b16) at Fri Dec 16 18:42:43 UTC 2016

It is possible to restrict the fields that are returned in this document by specifying the 'field' parameter in your request.
For example, to request only the issue key and summary add field=key&field=summary to the URL of your request.
For example:
https://issues.apache.org/jira/si/jira.issueviews:issue-xml/HBASE-275/HBASE-275.xml?field=key&amp;field=summary
-->
<rss version="0.92" >
<channel>
    <title>ASF JIRA</title>
    <link>https://issues.apache.org/jira</link>
    <description>This file is an XML representation of an issue</description>
    <language>en-uk</language>    <build-info>
        <version>6.3.4</version>
        <build-number>6332</build-number>
        <build-date>15-08-2014</build-date>
    </build-info>

<item>
            <title>[HBASE-275] Add cluster stop/start scripts for hbase</title>
                <link>https://issues.apache.org/jira/browse/HBASE-275</link>
                <project id="12310753" key="HBASE">HBase</project>
                    <description>&lt;p&gt;Add start-hbase.sh and stop-hbase.sh scripts that will do for hbase what *-dfs.sh does for HDFS and *-mapred.sh does for MR.&lt;/p&gt;</description>
                <environment></environment>
        <key id="12370973">HBASE-275</key>
            <summary>Add cluster stop/start scripts for hbase</summary>
                <type id="1" iconUrl="https://issues.apache.org/jira/images/icons/issuetypes/bug.png">Bug</type>
                                            <priority id="4" iconUrl="https://issues.apache.org/jira/images/icons/priorities/minor.png">Minor</priority>
                        <status id="6" iconUrl="https://issues.apache.org/jira/images/icons/statuses/closed.png" description="The issue is considered finished, the resolution is correct. Issues which are closed can be reopened.">Closed</status>
                    <statusCategory id="3" key="done" colorName="green"/>
                                    <resolution id="1">Fixed</resolution>
                                        <assignee username="-1">Unassigned</assignee>
                                    <reporter username="stack">stack</reporter>
                        <labels>
                    </labels>
                <created>Tue, 5 Jun 2007 23:04:35 +0000</created>
                <updated>Mon, 4 Feb 2008 18:41:27 +0000</updated>
                            <resolved>Thu, 14 Jun 2007 22:11:30 +0000</resolved>
                                                                        <due></due>
                            <votes>0</votes>
                                    <watches>0</watches>
                                                                <comments>
                            <comment id="12501738" author="stack" created="Tue, 5 Jun 2007 23:09:25 +0000"  >&lt;p&gt;Patch that adds *-hbase.sh and supporting scripts.&lt;/p&gt;

&lt;p&gt;Commit message;&lt;/p&gt;

&lt;p&gt;&lt;a href=&quot;https://issues.apache.org/jira/browse/HBASE-275&quot; title=&quot;Add cluster stop/start scripts for hbase&quot; class=&quot;issue-link&quot; data-issue-key=&quot;HBASE-275&quot;&gt;&lt;del&gt;HADOOP-1465&lt;/del&gt;&lt;/a&gt; &apos;Add cluster stop/start scripts for hbase&apos;&lt;br/&gt;
Added scripts modelled on content of $HADOOP_HOME/bin.&lt;/p&gt;

&lt;ul&gt;
	&lt;li&gt;src/contrib/hbase/src/java/org/apache/hadoop/hbase/package.html&lt;br/&gt;
    Update hbase &apos;getting started&apos; so it now refers to new&lt;br/&gt;
    *-hbase.sh scripts.&lt;/li&gt;
	&lt;li&gt;src/contrib/hbase/bin/hbase-daemons.sh&lt;/li&gt;
	&lt;li&gt;src/contrib/hbase/bin/regionservers.sh&lt;/li&gt;
	&lt;li&gt;src/contrib/hbase/bin/start-hbase.sh&lt;/li&gt;
	&lt;li&gt;src/contrib/hbase/bin/hbase-daemon.sh&lt;/li&gt;
	&lt;li&gt;src/contrib/hbase/bin/stop-hbase.sh&lt;br/&gt;
    Added.&lt;/li&gt;
	&lt;li&gt;src/contrib/hbase/bin/hbase-config.sh&lt;br/&gt;
    Set alternate regionservers into HBASE_REGIONSERVERS&lt;/li&gt;
&lt;/ul&gt;
</comment>
                            <comment id="12501970" author="stack" created="Wed, 6 Jun 2007 16:30:00 +0000"  >&lt;p&gt;Re-submit.  Hudson seems to have missed first submission.&lt;/p&gt;</comment>
                            <comment id="12502141" author="stack" created="Wed, 6 Jun 2007 23:26:07 +0000"  >&lt;p&gt;Version 2. Regionservers were all reporting in as &apos;localhost&apos; rather than actual hostname.&lt;/p&gt;</comment>
                            <comment id="12502582" author="stack" created="Fri, 8 Jun 2007 00:24:20 +0000"  >&lt;p&gt;Version 3.  Add in a hbase-env.sh.&lt;/p&gt;</comment>
                            <comment id="12502888" author="hadoopqa" created="Fri, 8 Jun 2007 17:38:23 +0000"  >&lt;p&gt;-1, build or testing failed&lt;/p&gt;

&lt;p&gt;2 attempts failed to build and test the latest attachment &lt;a href=&quot;http://issues.apache.org/jira/secure/attachment/12359129/clusterscripts-v2.patch&quot; class=&quot;external-link&quot; rel=&quot;nofollow&quot;&gt;http://issues.apache.org/jira/secure/attachment/12359129/clusterscripts-v2.patch&lt;/a&gt; against trunk revision r544740.&lt;/p&gt;

&lt;p&gt;Test results:   &lt;a href=&quot;http://lucene.zones.apache.org:8080/hudson/job/Hadoop-Patch/258/testReport/&quot; class=&quot;external-link&quot; rel=&quot;nofollow&quot;&gt;http://lucene.zones.apache.org:8080/hudson/job/Hadoop-Patch/258/testReport/&lt;/a&gt;&lt;br/&gt;
Console output: &lt;a href=&quot;http://lucene.zones.apache.org:8080/hudson/job/Hadoop-Patch/258/console&quot; class=&quot;external-link&quot; rel=&quot;nofollow&quot;&gt;http://lucene.zones.apache.org:8080/hudson/job/Hadoop-Patch/258/console&lt;/a&gt;&lt;/p&gt;

&lt;p&gt;Please note that this message is automatically generated and may represent a problem with the automation system and not the patch.&lt;/p&gt;</comment>
                            <comment id="12503471" author="stack" created="Mon, 11 Jun 2007 16:48:48 +0000"  >&lt;p&gt;Retrying.  Hudson ran v2 of patch, not v3.&lt;/p&gt;</comment>
                            <comment id="12503642" author="hadoopqa" created="Mon, 11 Jun 2007 21:50:04 +0000"  >&lt;p&gt;-1, could not apply patch.&lt;/p&gt;

&lt;p&gt;The patch command could not apply the latest attachment &lt;a href=&quot;http://issues.apache.org/jira/secure/attachment/12359226/clusterscripts-v3.patch&quot; class=&quot;external-link&quot; rel=&quot;nofollow&quot;&gt;http://issues.apache.org/jira/secure/attachment/12359226/clusterscripts-v3.patch&lt;/a&gt; as a patch to trunk revision r546297.&lt;/p&gt;

&lt;p&gt;Console output: &lt;a href=&quot;http://lucene.zones.apache.org:8080/hudson/job/Hadoop-Patch/266/console&quot; class=&quot;external-link&quot; rel=&quot;nofollow&quot;&gt;http://lucene.zones.apache.org:8080/hudson/job/Hadoop-Patch/266/console&lt;/a&gt;&lt;/p&gt;

&lt;p&gt;Please note that this message is automatically generated and may represent a problem with the automation system and not the patch.&lt;/p&gt;</comment>
                            <comment id="12503685" author="stack" created="Tue, 12 Jun 2007 00:03:45 +0000"  >&lt;p&gt;Version of patch that&apos;ll apply post-application of &lt;a href=&quot;https://issues.apache.org/jira/browse/HBASE-296&quot; title=&quot;When a region server dies, its log must be distributed to all the new servers that have been assigned its regions&quot; class=&quot;issue-link&quot; data-issue-key=&quot;HBASE-296&quot;&gt;&lt;del&gt;HADOOP-1421&lt;/del&gt;&lt;/a&gt;.&lt;/p&gt;</comment>
                            <comment id="12504527" author="hadoopqa" created="Thu, 14 Jun 2007 03:35:43 +0000"  >&lt;p&gt;-1, build or testing failed&lt;/p&gt;

&lt;p&gt;2 attempts failed to build and test the latest attachment &lt;a href=&quot;http://issues.apache.org/jira/secure/attachment/12359453/clusterscripts-v4.patch&quot; class=&quot;external-link&quot; rel=&quot;nofollow&quot;&gt;http://issues.apache.org/jira/secure/attachment/12359453/clusterscripts-v4.patch&lt;/a&gt; against trunk revision r547031.&lt;/p&gt;

&lt;p&gt;Test results:   &lt;a href=&quot;http://lucene.zones.apache.org:8080/hudson/job/Hadoop-Patch/278/testReport/&quot; class=&quot;external-link&quot; rel=&quot;nofollow&quot;&gt;http://lucene.zones.apache.org:8080/hudson/job/Hadoop-Patch/278/testReport/&lt;/a&gt;&lt;br/&gt;
Console output: &lt;a href=&quot;http://lucene.zones.apache.org:8080/hudson/job/Hadoop-Patch/278/console&quot; class=&quot;external-link&quot; rel=&quot;nofollow&quot;&gt;http://lucene.zones.apache.org:8080/hudson/job/Hadoop-Patch/278/console&lt;/a&gt;&lt;/p&gt;

&lt;p&gt;Please note that this message is automatically generated and may represent a problem with the automation system and not the patch.&lt;/p&gt;</comment>
                            <comment id="12504884" author="stack" created="Thu, 14 Jun 2007 19:26:17 +0000"  >&lt;p&gt;My bad.  A local config. was hiding fact that v4 of this patch was making hbase tests hang until fail w/ timeout.  This v5 adds a fix so minihbasecluster can run w/ more than a single region server.&lt;/p&gt;</comment>
                            <comment id="12504905" author="hadoopqa" created="Thu, 14 Jun 2007 20:43:33 +0000"  >&lt;p&gt;+1&lt;/p&gt;

&lt;p&gt;&lt;a href=&quot;http://issues.apache.org/jira/secure/attachment/12359766/clusterscripts-v5.patch&quot; class=&quot;external-link&quot; rel=&quot;nofollow&quot;&gt;http://issues.apache.org/jira/secure/attachment/12359766/clusterscripts-v5.patch&lt;/a&gt; applied and successfully tested against trunk revision r547159.&lt;/p&gt;

&lt;p&gt;Test results:   &lt;a href=&quot;http://lucene.zones.apache.org:8080/hudson/job/Hadoop-Patch/286/testReport/&quot; class=&quot;external-link&quot; rel=&quot;nofollow&quot;&gt;http://lucene.zones.apache.org:8080/hudson/job/Hadoop-Patch/286/testReport/&lt;/a&gt;&lt;br/&gt;
Console output: &lt;a href=&quot;http://lucene.zones.apache.org:8080/hudson/job/Hadoop-Patch/286/console&quot; class=&quot;external-link&quot; rel=&quot;nofollow&quot;&gt;http://lucene.zones.apache.org:8080/hudson/job/Hadoop-Patch/286/console&lt;/a&gt;&lt;/p&gt;</comment>
                            <comment id="12504944" author="jimk" created="Thu, 14 Jun 2007 22:11:30 +0000"  >&lt;p&gt;I just committed this. Thanks Michael.&lt;/p&gt;</comment>
                            <comment id="12505168" author="hadoopqa" created="Fri, 15 Jun 2007 11:47:32 +0000"  >&lt;p&gt;Integrated in Hadoop-Nightly #122 (See &lt;a href=&quot;http://lucene.zones.apache.org:8080/hudson/job/Hadoop-Nightly/122/&quot; class=&quot;external-link&quot; rel=&quot;nofollow&quot;&gt;http://lucene.zones.apache.org:8080/hudson/job/Hadoop-Nightly/122/&lt;/a&gt;)&lt;/p&gt;</comment>
                    </comments>
                    <attachments>
                            <attachment id="12359129" name="clusterscripts-v2.patch" size="17315" author="stack" created="Wed, 6 Jun 2007 23:26:07 +0000"/>
                            <attachment id="12359226" name="clusterscripts-v3.patch" size="27107" author="stack" created="Fri, 8 Jun 2007 00:24:20 +0000"/>
                            <attachment id="12359453" name="clusterscripts-v4.patch" size="27528" author="stack" created="Tue, 12 Jun 2007 00:03:45 +0000"/>
                            <attachment id="12359766" name="clusterscripts-v5.patch" size="32629" author="stack" created="Thu, 14 Jun 2007 19:26:16 +0000"/>
                            <attachment id="12359000" name="clusterscripts.patch" size="10781" author="stack" created="Tue, 5 Jun 2007 23:09:25 +0000"/>
                    </attachments>
                <subtasks>
                    </subtasks>
                <customfields>
                                                <customfield id="customfield_12310310" key="com.atlassian.jira.toolkit:attachments">
                        <customfieldname>Attachment count</customfieldname>
                        <customfieldvalues>
                            <customfieldvalue>5.0</customfieldvalue>
                        </customfieldvalues>
                    </customfield>
                                                                                                                                                                                                                                                                                                                                                                                                                                                                                                                                <customfield id="customfield_12310220" key="com.atlassian.jira.ext.charting:firstresponsedate">
                        <customfieldname>Date of First Response</customfieldname>
                        <customfieldvalues>
                            <customfieldvalue>Fri, 8 Jun 2007 17:38:23 +0000</customfieldvalue>

                        </customfieldvalues>
                    </customfield>
                                                                                                                                                                                                                                                                                                                                                                                                                                            <customfield id="customfield_12310420" key="com.pyxis.greenhopper.jira:gh-global-rank">
                        <customfieldname>Global Rank</customfieldname>
                        <customfieldvalues>
                            <customfieldvalue>25059</customfieldvalue>
                        </customfieldvalues>
                    </customfield>
                                                                                                                                                    <customfield id="customfield_12312521" key="com.atlassian.jira.toolkit:LastCommentDate">
                        <customfieldname>Last public comment date</customfieldname>
                        <customfieldvalues>
                            9 years, 28 weeks ago
                        </customfieldvalues>
                    </customfield>
                                                                                            <customfield id="customfield_12311820" key="com.pyxis.greenhopper.jira:gh-lexo-rank">
                        <customfieldname>Rank</customfieldname>
                        <customfieldvalues>
                            <customfieldvalue>0|i0h65j:</customfieldvalue>

                        </customfieldvalues>
                    </customfield>
                                                                <customfield id="customfield_12310920" key="com.pyxis.greenhopper.jira:gh-global-rank">
                        <customfieldname>Rank (Obsolete)</customfieldname>
                        <customfieldvalues>
                            <customfieldvalue>98259</customfieldvalue>
                        </customfieldvalues>
                    </customfield>
                                                                                                                                                                                                                                                                                                <customfield id="customfield_12310222" key="com.atlassian.jira.ext.charting:timeinstatus">
                        <customfieldname>Time in Status</customfieldname>
                        <customfieldvalues>
                            
                        </customfieldvalues>
                    </customfield>
                                                                                                                        </customfields>
    </item>
</channel>
</rss>