<!-- 
RSS generated by JIRA (6.3.4#6332-sha1:51bc225ef474afe3128b2f66878477f322397b16) at Fri Dec 16 18:43:57 UTC 2016

It is possible to restrict the fields that are returned in this document by specifying the 'field' parameter in your request.
For example, to request only the issue key and summary add field=key&field=summary to the URL of your request.
For example:
https://issues.apache.org/jira/si/jira.issueviews:issue-xml/HBASE-405/HBASE-405.xml?field=key&amp;field=summary
-->
<rss version="0.92" >
<channel>
    <title>ASF JIRA</title>
    <link>https://issues.apache.org/jira</link>
    <description>This file is an XML representation of an issue</description>
    <language>en-uk</language>    <build-info>
        <version>6.3.4</version>
        <build-number>6332</build-number>
        <build-date>15-08-2014</build-date>
    </build-info>

<item>
            <title>[HBASE-405] TIF and TOF use log4j directly rather than apache commons-logging</title>
                <link>https://issues.apache.org/jira/browse/HBASE-405</link>
                <project id="12310753" key="HBASE">HBase</project>
                    <description></description>
                <environment></environment>
        <key id="12387819">HBASE-405</key>
            <summary>TIF and TOF use log4j directly rather than apache commons-logging</summary>
                <type id="1" iconUrl="https://issues.apache.org/jira/images/icons/issuetypes/bug.png">Bug</type>
                                            <priority id="4" iconUrl="https://issues.apache.org/jira/images/icons/priorities/minor.png">Minor</priority>
                        <status id="6" iconUrl="https://issues.apache.org/jira/images/icons/statuses/closed.png" description="The issue is considered finished, the resolution is correct. Issues which are closed can be reopened.">Closed</status>
                    <statusCategory id="3" key="done" colorName="green"/>
                                    <resolution id="1">Fixed</resolution>
                                        <assignee username="stack">stack</assignee>
                                    <reporter username="stack">stack</reporter>
                        <labels>
                    </labels>
                <created>Mon, 4 Feb 2008 20:51:21 +0000</created>
                <updated>Thu, 20 Sep 2012 22:10:37 +0000</updated>
                            <resolved>Tue, 6 May 2008 22:19:39 +0000</resolved>
                                                    <fixVersion>0.2.0</fixVersion>
                                        <due></due>
                            <votes>0</votes>
                                    <watches>0</watches>
                                                                <comments>
                            <comment id="12591848" author="stack" created="Wed, 23 Apr 2008 22:44:28 +0000"  >&lt;p&gt;Should be easy fix.&lt;/p&gt;</comment>
                            <comment id="12592212" author="bryanduxbury" created="Fri, 25 Apr 2008 00:14:45 +0000"  >&lt;p&gt;I think this issue was partially done in hbase-521. &lt;/p&gt;</comment>
                            <comment id="12592255" author="stack" created="Fri, 25 Apr 2008 03:08:24 +0000"  >&lt;p&gt;Here is the rest of the change.&lt;/p&gt;

&lt;p&gt;Removes unused imports too.&lt;/p&gt;

&lt;p&gt;We&apos;re subclassing a deprecated class.  We&apos;ll need to change that but can do that in another patch.&lt;/p&gt;</comment>
                            <comment id="12592256" author="stack" created="Fri, 25 Apr 2008 03:08:49 +0000"  >&lt;p&gt;Submitting patch for review.&lt;/p&gt;</comment>
                            <comment id="12593138" author="bryanduxbury" created="Tue, 29 Apr 2008 21:51:27 +0000"  >&lt;p&gt;Patch looks good. Applies cleanly. +1&lt;/p&gt;</comment>
                            <comment id="12594722" author="jimk" created="Tue, 6 May 2008 22:19:39 +0000"  >&lt;p&gt;Committed patch. &lt;a href=&quot;https://issues.apache.org/jira/browse/HBASE-589&quot; title=&quot;Remove references to deprecated methods in Hadoop once hadoop-0.17.0 is released&quot; class=&quot;issue-link&quot; data-issue-key=&quot;HBASE-589&quot;&gt;&lt;del&gt;HBASE-589&lt;/del&gt;&lt;/a&gt; will resolve usage of deprecated classes.&lt;/p&gt;</comment>
                    </comments>
                    <attachments>
                            <attachment id="12380892" name="tof.patch" size="2046" author="stack" created="Fri, 25 Apr 2008 03:08:24 +0000"/>
                    </attachments>
                <subtasks>
                    </subtasks>
                <customfields>
                                                <customfield id="customfield_12310310" key="com.atlassian.jira.toolkit:attachments">
                        <customfieldname>Attachment count</customfieldname>
                        <customfieldvalues>
                            <customfieldvalue>1.0</customfieldvalue>
                        </customfieldvalues>
                    </customfield>
                                                                                                                                                                                                                                                                                                                                                                                                                                                                                                                                <customfield id="customfield_12310220" key="com.atlassian.jira.ext.charting:firstresponsedate">
                        <customfieldname>Date of First Response</customfieldname>
                        <customfieldvalues>
                            <customfieldvalue>Fri, 25 Apr 2008 00:14:45 +0000</customfieldvalue>

                        </customfieldvalues>
                    </customfield>
                                                                                                                                                                                                                                                                                                                                                                                                                                            <customfield id="customfield_12310420" key="com.pyxis.greenhopper.jira:gh-global-rank">
                        <customfieldname>Global Rank</customfieldname>
                        <customfieldvalues>
                            <customfieldvalue>25186</customfieldvalue>
                        </customfieldvalues>
                    </customfield>
                                                                                                                                                    <customfield id="customfield_12312521" key="com.atlassian.jira.toolkit:LastCommentDate">
                        <customfieldname>Last public comment date</customfieldname>
                        <customfieldvalues>
                            8 years, 33 weeks, 2 days ago
                        </customfieldvalues>
                    </customfield>
                                                                                            <customfield id="customfield_12311820" key="com.pyxis.greenhopper.jira:gh-lexo-rank">
                        <customfieldname>Rank</customfieldname>
                        <customfieldvalues>
                            <customfieldvalue>0|i0h747:</customfieldvalue>

                        </customfieldvalues>
                    </customfield>
                                                                <customfield id="customfield_12310920" key="com.pyxis.greenhopper.jira:gh-global-rank">
                        <customfieldname>Rank (Obsolete)</customfieldname>
                        <customfieldvalues>
                            <customfieldvalue>98415</customfieldvalue>
                        </customfieldvalues>
                    </customfield>
                                                                                                                                                                                                                                                                                                <customfield id="customfield_12310222" key="com.atlassian.jira.ext.charting:timeinstatus">
                        <customfieldname>Time in Status</customfieldname>
                        <customfieldvalues>
                            
                        </customfieldvalues>
                    </customfield>
                                                                                                                        </customfields>
    </item>
</channel>
</rss>