<!-- 
RSS generated by JIRA (6.3.4#6332-sha1:51bc225ef474afe3128b2f66878477f322397b16) at Fri Dec 16 18:47:03 UTC 2016

It is possible to restrict the fields that are returned in this document by specifying the 'field' parameter in your request.
For example, to request only the issue key and summary add field=key&field=summary to the URL of your request.
For example:
https://issues.apache.org/jira/si/jira.issueviews:issue-xml/HBASE-738/HBASE-738.xml?field=key&amp;field=summary
-->
<rss version="0.92" >
<channel>
    <title>ASF JIRA</title>
    <link>https://issues.apache.org/jira</link>
    <description>This file is an XML representation of an issue</description>
    <language>en-uk</language>    <build-info>
        <version>6.3.4</version>
        <build-number>6332</build-number>
        <build-date>15-08-2014</build-date>
    </build-info>

<item>
            <title>[HBASE-738] overview.html in need of updating</title>
                <link>https://issues.apache.org/jira/browse/HBASE-738</link>
                <project id="12310753" key="HBASE">HBase</project>
                    <description>&lt;p&gt;overview.html is slightly out-of-date, needs to be revised to account for more recent changes in HBase and Hadoop.&lt;/p&gt;</description>
                <environment></environment>
        <key id="12400060">HBASE-738</key>
            <summary>overview.html in need of updating</summary>
                <type id="4" iconUrl="https://issues.apache.org/jira/images/icons/issuetypes/improvement.png">Improvement</type>
                                            <priority id="5" iconUrl="https://issues.apache.org/jira/images/icons/priorities/trivial.png">Trivial</priority>
                        <status id="6" iconUrl="https://issues.apache.org/jira/images/icons/statuses/closed.png" description="The issue is considered finished, the resolution is correct. Issues which are closed can be reopened.">Closed</status>
                    <statusCategory id="3" key="done" colorName="green"/>
                                    <resolution id="1">Fixed</resolution>
                                        <assignee username="irubin">Izaak Rubin</assignee>
                                    <reporter username="irubin">Izaak Rubin</reporter>
                        <labels>
                    </labels>
                <created>Thu, 10 Jul 2008 21:18:33 +0000</created>
                <updated>Fri, 22 Aug 2008 21:13:19 +0000</updated>
                            <resolved>Fri, 11 Jul 2008 21:43:39 +0000</resolved>
                                                    <fixVersion>0.2.0</fixVersion>
                                    <component>documentation</component>
                        <due></due>
                            <votes>0</votes>
                                    <watches>0</watches>
                                                                <comments>
                            <comment id="12612684" author="irubin" created="Thu, 10 Jul 2008 23:01:00 +0000"  >&lt;p&gt;The above patch (hbase-738.patch) updates overview.html, most importantly making the following changes:&lt;/p&gt;

&lt;ul&gt;
	&lt;li&gt;Updating the &quot;Getting Started&quot; instructions to take into account the different requirements for running on a pseudo-distributed versus fully-distributed instance of Hadoop DFS.&lt;/li&gt;
&lt;/ul&gt;


&lt;ul&gt;
	&lt;li&gt;Fixing the &quot;Example API Usage.&quot;  The code was very out of date and did not work at all.&lt;/li&gt;
&lt;/ul&gt;


&lt;p&gt;Two areas I could not fully update, test, or verify were &quot;Upgrading&quot; and &quot;Fully-Distributed Operation&quot; (running HBase with multiple machines, something I cannot do individually at this time).  Before applying the patch, please read them to make sure they are accurate.&lt;/p&gt;

&lt;p&gt;The javadoc compiled correctly.  No other HBase tests were run (no Java code was modified).&lt;/p&gt;</comment>
                            <comment id="12612758" author="stack" created="Fri, 11 Jul 2008 04:48:13 +0000"  >&lt;p&gt;Patch looks good Izaak.  Only comments are that distributed should probably also include note that  hbase.rootdir needs to point at example.org.  Also, the example code uses Text which we&apos;re trying to move off; lets sit together tomorow so I can give my opinion on how the example can be refactored (The example code is also up in the wiki I believe &amp;#8211; should be changed there too or else should point to this code in overview.html)&lt;/p&gt;</comment>
                            <comment id="12612993" author="irubin" created="Fri, 11 Jul 2008 21:06:54 +0000"  >&lt;p&gt;hbase-738_v2.patch is very similar to its predecessor, and includes the changes that Stack mentioned in his comment.&lt;/p&gt;

&lt;p&gt;All javadoc compiled successfully.&lt;/p&gt;</comment>
                            <comment id="12613002" author="stack" created="Fri, 11 Jul 2008 21:43:39 +0000"  >&lt;p&gt;Committed.  Thanks for the patch Izaak.&lt;/p&gt;</comment>
                    </comments>
                    <attachments>
                            <attachment id="12385812" name="hbase-738.patch" size="10694" author="irubin" created="Thu, 10 Jul 2008 23:01:00 +0000"/>
                            <attachment id="12385904" name="hbase-738_v2.patch" size="12668" author="irubin" created="Fri, 11 Jul 2008 21:06:54 +0000"/>
                    </attachments>
                <subtasks>
                    </subtasks>
                <customfields>
                                                <customfield id="customfield_12310310" key="com.atlassian.jira.toolkit:attachments">
                        <customfieldname>Attachment count</customfieldname>
                        <customfieldvalues>
                            <customfieldvalue>2.0</customfieldvalue>
                        </customfieldvalues>
                    </customfield>
                                                                                                                                                                                                                                                                                                                                                                                                                                                                                                                                <customfield id="customfield_12310220" key="com.atlassian.jira.ext.charting:firstresponsedate">
                        <customfieldname>Date of First Response</customfieldname>
                        <customfieldvalues>
                            <customfieldvalue>Fri, 11 Jul 2008 04:48:13 +0000</customfieldvalue>

                        </customfieldvalues>
                    </customfield>
                                                                                                                                                                                                                                                                                                                                                                                                                                            <customfield id="customfield_12310420" key="com.pyxis.greenhopper.jira:gh-global-rank">
                        <customfieldname>Global Rank</customfieldname>
                        <customfieldvalues>
                            <customfieldvalue>31830</customfieldvalue>
                        </customfieldvalues>
                    </customfield>
                                                                                                                                                    <customfield id="customfield_12312521" key="com.atlassian.jira.toolkit:LastCommentDate">
                        <customfieldname>Last public comment date</customfieldname>
                        <customfieldvalues>
                            8 years, 23 weeks, 6 days ago
                        </customfieldvalues>
                    </customfield>
                                                                                            <customfield id="customfield_12311820" key="com.pyxis.greenhopper.jira:gh-lexo-rank">
                        <customfieldname>Rank</customfieldname>
                        <customfieldvalues>
                            <customfieldvalue>0|i0h95b:</customfieldvalue>

                        </customfieldvalues>
                    </customfield>
                                                                <customfield id="customfield_12310920" key="com.pyxis.greenhopper.jira:gh-global-rank">
                        <customfieldname>Rank (Obsolete)</customfieldname>
                        <customfieldvalues>
                            <customfieldvalue>98744</customfieldvalue>
                        </customfieldvalues>
                    </customfield>
                                                                                                                                                                                                                                                                                                <customfield id="customfield_12310222" key="com.atlassian.jira.ext.charting:timeinstatus">
                        <customfieldname>Time in Status</customfieldname>
                        <customfieldvalues>
                            
                        </customfieldvalues>
                    </customfield>
                                                                                                                        </customfields>
    </item>
</channel>
</rss>