<!-- 
RSS generated by JIRA (6.3.4#6332-sha1:51bc225ef474afe3128b2f66878477f322397b16) at Fri Dec 16 18:40:25 UTC 2016

It is possible to restrict the fields that are returned in this document by specifying the 'field' parameter in your request.
For example, to request only the issue key and summary add field=key&field=summary to the URL of your request.
For example:
https://issues.apache.org/jira/si/jira.issueviews:issue-xml/HBASE-39/HBASE-39.xml?field=key&amp;field=summary
-->
<rss version="0.92" >
<channel>
    <title>ASF JIRA</title>
    <link>https://issues.apache.org/jira</link>
    <description>This file is an XML representation of an issue</description>
    <language>en-uk</language>    <build-info>
        <version>6.3.4</version>
        <build-number>6332</build-number>
        <build-date>15-08-2014</build-date>
    </build-info>

<item>
            <title>[HBASE-39] Addition of start command for execute the *.hql query file</title>
                <link>https://issues.apache.org/jira/browse/HBASE-39</link>
                <project id="12310753" key="HBASE">HBase</project>
                    <description>&lt;div class=&quot;code panel&quot; style=&quot;border-width: 1px;&quot;&gt;&lt;div class=&quot;codeContent panelContent&quot;&gt;
&lt;pre class=&quot;code-java&quot;&gt;$ cat queries.hql
CREATE TABLE webtable (
 contents in_memory max_versions=10 compression=block,
 anchor max_length=256 bloomfilter=counting_bloomfilter
 vector_size=1000000 num_hash=4);
);

INSERT INTO webtable (contents, anchor:Hadoop) 
VALUES (&apos;html content&apos;, &apos;http:&lt;span class=&quot;code-comment&quot;&gt;//hadoop.apache.org&apos;) 
&lt;/span&gt;WHERE row=&apos;http:&lt;span class=&quot;code-comment&quot;&gt;//www.hadoop.co.kr&apos;;
&lt;/span&gt;...
----
hql&amp;gt; start ./queries.hql;
...
hql&amp;gt; desc webtable;
....
&lt;/pre&gt;
&lt;/div&gt;&lt;/div&gt;</description>
                <environment></environment>
        <key id="12386141">HBASE-39</key>
            <summary>Addition of start command for execute the *.hql query file</summary>
                <type id="2" iconUrl="https://issues.apache.org/jira/images/icons/issuetypes/newfeature.png">New Feature</type>
                                            <priority id="4" iconUrl="https://issues.apache.org/jira/images/icons/priorities/minor.png">Minor</priority>
                        <status id="6" iconUrl="https://issues.apache.org/jira/images/icons/statuses/closed.png" description="The issue is considered finished, the resolution is correct. Issues which are closed can be reopened.">Closed</status>
                    <statusCategory id="3" key="done" colorName="green"/>
                                    <resolution id="6">Invalid</resolution>
                                        <assignee username="udanax">Edward J. Yoon</assignee>
                                    <reporter username="udanax">Edward J. Yoon</reporter>
                        <labels>
                    </labels>
                <created>Sun, 13 Jan 2008 08:50:19 +0000</created>
                <updated>Tue, 29 Sep 2009 04:05:56 +0000</updated>
                            <resolved>Thu, 14 Feb 2008 05:02:48 +0000</resolved>
                                    <version>0.1.0</version>
                                    <fixVersion>0.2.0</fixVersion>
                                    <component>util</component>
                        <due></due>
                            <votes>0</votes>
                                    <watches>0</watches>
                                                                <comments>
                            <comment id="12558444" author="stack" created="Sun, 13 Jan 2008 20:14:26 +0000"  >&lt;p&gt;Doesn&apos;t &apos;$ cat ./queries.hql|./bin/hbase shell&apos; work?  Shouldn&apos;t that suffice?&lt;/p&gt;</comment>
                            <comment id="12558446" author="bryanduxbury" created="Sun, 13 Jan 2008 20:55:37 +0000"  >&lt;p&gt;Feature freeze seems to be this Friday. Is this issue going to be completed by then? If not, please adjust the fix version.&lt;/p&gt;</comment>
                            <comment id="12558489" author="udanax" created="Mon, 14 Jan 2008 03:03:33 +0000"  >&lt;p&gt;stack:&lt;/p&gt;

&lt;p&gt;Of course, It work but i think this formal command should be provided.&lt;br/&gt;
Generally, A query file used for construct schema, table, and column references in the auto installation batch program.&lt;/p&gt;</comment>
                            <comment id="12558490" author="udanax" created="Mon, 14 Jan 2008 03:10:11 +0000"  >&lt;p&gt;Also, It has visible reason. (hard-code or query file)&lt;/p&gt;</comment>
                            <comment id="12558496" author="udanax" created="Mon, 14 Jan 2008 04:16:34 +0000"  >&lt;p&gt;Is there anything in particular you wanted to discuss?&lt;/p&gt;</comment>
                            <comment id="12558498" author="udanax" created="Mon, 14 Jan 2008 04:26:31 +0000"  >&lt;p&gt;Going to 0.17.0&lt;/p&gt;</comment>
                            <comment id="12559005" author="udanax" created="Tue, 15 Jan 2008 10:08:50 +0000"  >&lt;div class=&quot;code panel&quot; style=&quot;border-width: 1px;&quot;&gt;&lt;div class=&quot;codeContent panelContent&quot;&gt;
&lt;pre class=&quot;code-java&quot;&gt;
bash-3.00# bin/hadoop dfs -cat udanax/queries.hql
create table udanax(
 head,
 arms,
 legs
);

insert into udanax (head, arms, legs)
values (&apos;big&apos;,&apos;&lt;span class=&quot;code-object&quot;&gt;short&lt;/span&gt;&apos;,&apos;very &lt;span class=&quot;code-object&quot;&gt;short&lt;/span&gt;&apos;)
where row=&apos;edward yoon&apos;;
...

hql &amp;gt; start udanax/queries.hql;
Creating table... Please wait.
Table created successfully.
1 row inserted successfully.
2 queries executed. (10.61 sec)
hql &amp;gt; select * from udanax;
08/01/15 19:02:00 INFO hbase.HTable: Creating scanner over udanax starting at key
+-------------------------+-------------------------+-------------------------+
| Row                     | Column                  | Cell                    |
+-------------------------+-------------------------+-------------------------+
| edward yoon             | arms:                   | &lt;span class=&quot;code-object&quot;&gt;short&lt;/span&gt;                   |
+-------------------------+-------------------------+-------------------------+
| edward yoon             | head:                   | big                     |
+-------------------------+-------------------------+-------------------------+
| edward yoon             | legs:                   | very &lt;span class=&quot;code-object&quot;&gt;short&lt;/span&gt;              |
+-------------------------+-------------------------+-------------------------+
1 row(s) in set. (10.07 sec)
hql &amp;gt; _
&lt;/pre&gt;
&lt;/div&gt;&lt;/div&gt;</comment>
                            <comment id="12559006" author="udanax" created="Tue, 15 Jan 2008 10:11:46 +0000"  >&lt;p&gt;Submitting.&lt;/p&gt;</comment>
                            <comment id="12559071" author="udanax" created="Tue, 15 Jan 2008 14:38:51 +0000"  >&lt;p&gt;  Head of Queue&lt;br/&gt;
&lt;a href=&quot;https://issues.apache.org/jira/browse/HADOOP-2605&quot; title=&quot;leading slash in mapred.task.tracker.report.bindAddress&quot; class=&quot;issue-link&quot; data-issue-key=&quot;HADOOP-2605&quot;&gt;&lt;del&gt;HADOOP-2605&lt;/del&gt;&lt;/a&gt;&lt;br/&gt;
&lt;a href=&quot;https://issues.apache.org/jira/browse/HADOOP-2514&quot; title=&quot;Trash and permissions don&amp;#39;t mix&quot; class=&quot;issue-link&quot; data-issue-key=&quot;HADOOP-2514&quot;&gt;&lt;del&gt;HADOOP-2514&lt;/del&gt;&lt;/a&gt;&lt;br/&gt;
&lt;a href=&quot;https://issues.apache.org/jira/browse/HBASE-353&quot; title=&quot;[Hbase] Change an classes/package name from Shell to hql&quot; class=&quot;issue-link&quot; data-issue-key=&quot;HBASE-353&quot;&gt;&lt;del&gt;HADOOP-2589&lt;/del&gt;&lt;/a&gt;&lt;br/&gt;
&lt;a href=&quot;https://issues.apache.org/jira/browse/HBASE-130&quot; title=&quot;hbase will split on row when the start and end row is the same cause data loss&quot; class=&quot;issue-link&quot; data-issue-key=&quot;HBASE-130&quot;&gt;&lt;del&gt;HADOOP-2493&lt;/del&gt;&lt;/a&gt;&lt;br/&gt;
&lt;a href=&quot;https://issues.apache.org/jira/browse/HADOOP-2449&quot; title=&quot;Restore the  old NN Bench that was replaced by a MR NN Bench&quot; class=&quot;issue-link&quot; data-issue-key=&quot;HADOOP-2449&quot;&gt;&lt;del&gt;HADOOP-2449&lt;/del&gt;&lt;/a&gt;&lt;br/&gt;
&lt;a href=&quot;https://issues.apache.org/jira/browse/HADOOP-1989&quot; title=&quot;Add support for simulated Data Nodes  - helpful for testing and performance benchmarking of the Name Node without having a large cluster&quot; class=&quot;issue-link&quot; data-issue-key=&quot;HADOOP-1989&quot;&gt;&lt;del&gt;HADOOP-1989&lt;/del&gt;&lt;/a&gt;&lt;br/&gt;
&lt;a href=&quot;https://issues.apache.org/jira/browse/HADOOP-1707&quot; title=&quot;Remove the DFS Client disk-based cache&quot; class=&quot;issue-link&quot; data-issue-key=&quot;HADOOP-1707&quot;&gt;&lt;del&gt;HADOOP-1707&lt;/del&gt;&lt;/a&gt;&lt;br/&gt;
&lt;a href=&quot;https://issues.apache.org/jira/browse/HBASE-263&quot; title=&quot;[hbase] Scanning, a region can let out a row that its not supposed to have&quot; class=&quot;issue-link&quot; data-issue-key=&quot;HBASE-263&quot;&gt;&lt;del&gt;HADOOP-2592&lt;/del&gt;&lt;/a&gt;&lt;br/&gt;
&lt;a href=&quot;https://issues.apache.org/jira/browse/HBASE-39&quot; title=&quot;Addition of start command for execute the *.hql query file&quot; class=&quot;issue-link&quot; data-issue-key=&quot;HBASE-39&quot;&gt;&lt;del&gt;HADOOP-2591&lt;/del&gt;&lt;/a&gt;&lt;br/&gt;
  Tail of Queue&lt;/p&gt;

&lt;p&gt;I&apos;m last. &lt;br/&gt;
Anyway, If you find some odd thing, please let me know.&lt;/p&gt;</comment>
                            <comment id="12559087" author="stack" created="Tue, 15 Jan 2008 15:44:09 +0000"  >&lt;p&gt;mysql syntax is &apos;load data infile &apos; (&lt;a href=&quot;http://dev.mysql.com/doc/refman/5.0/en/load-data.html&quot; class=&quot;external-link&quot; rel=&quot;nofollow&quot;&gt;http://dev.mysql.com/doc/refman/5.0/en/load-data.html&lt;/a&gt;).  &apos;load&apos; is better than &apos;start&apos;.  You are also missing mention of this functionality in help.&lt;/p&gt;</comment>
                            <comment id="12559288" author="hadoopqa" created="Tue, 15 Jan 2008 23:43:32 +0000"  >&lt;p&gt;-1 overall.  Here are the results of testing the latest attachment &lt;br/&gt;
&lt;a href=&quot;http://issues.apache.org/jira/secure/attachment/12373155/2591.patch&quot; class=&quot;external-link&quot; rel=&quot;nofollow&quot;&gt;http://issues.apache.org/jira/secure/attachment/12373155/2591.patch&lt;/a&gt;&lt;br/&gt;
against trunk revision r612258.&lt;/p&gt;

&lt;p&gt;    @author +1.  The patch does not contain any @author tags.&lt;/p&gt;

&lt;p&gt;    javadoc +1.  The javadoc tool did not generate any warning messages.&lt;/p&gt;

&lt;p&gt;    javac +1.  The applied patch does not generate any new compiler warnings.&lt;/p&gt;

&lt;p&gt;    findbugs -1.  The patch appears to cause Findbugs to fail.&lt;/p&gt;

&lt;p&gt;    core tests -1.  The patch failed core unit tests.&lt;/p&gt;

&lt;p&gt;    contrib tests -1.  The patch failed contrib unit tests.&lt;/p&gt;

&lt;p&gt;Test results: &lt;a href=&quot;http://lucene.zones.apache.org:8080/hudson/job/Hadoop-Patch/1603/testReport/&quot; class=&quot;external-link&quot; rel=&quot;nofollow&quot;&gt;http://lucene.zones.apache.org:8080/hudson/job/Hadoop-Patch/1603/testReport/&lt;/a&gt;&lt;br/&gt;
Checkstyle results: &lt;a href=&quot;http://lucene.zones.apache.org:8080/hudson/job/Hadoop-Patch/1603/artifact/trunk/build/test/checkstyle-errors.html&quot; class=&quot;external-link&quot; rel=&quot;nofollow&quot;&gt;http://lucene.zones.apache.org:8080/hudson/job/Hadoop-Patch/1603/artifact/trunk/build/test/checkstyle-errors.html&lt;/a&gt;&lt;br/&gt;
Console output: &lt;a href=&quot;http://lucene.zones.apache.org:8080/hudson/job/Hadoop-Patch/1603/console&quot; class=&quot;external-link&quot; rel=&quot;nofollow&quot;&gt;http://lucene.zones.apache.org:8080/hudson/job/Hadoop-Patch/1603/console&lt;/a&gt;&lt;/p&gt;

&lt;p&gt;This message is automatically generated.&lt;/p&gt;</comment>
                            <comment id="12559300" author="udanax" created="Wed, 16 Jan 2008 00:28:03 +0000"  >&lt;p&gt;Thanks, let&apos;s change.&lt;/p&gt;</comment>
                            <comment id="12559306" author="udanax" created="Wed, 16 Jan 2008 00:40:24 +0000"  >&lt;p&gt;Emm.. &quot;The LOAD DATA INFILE statement reads rows from a text file into a table&quot; &amp;#8211; &lt;a href=&quot;http://dev.mysql.com/doc/refman/5.0/en/load-data.html&quot; class=&quot;external-link&quot; rel=&quot;nofollow&quot;&gt;http://dev.mysql.com/doc/refman/5.0/en/load-data.html&lt;/a&gt;&lt;br/&gt;
I think it has different mean. (LOAD DATA INFILE &apos;file_name&apos; INTO TABLE table_name&lt;img class=&quot;emoticon&quot; src=&quot;https://issues.apache.org/jira/images/icons/emoticons/wink.gif&quot; height=&quot;16&quot; width=&quot;16&quot; align=&quot;absmiddle&quot; alt=&quot;&quot; border=&quot;0&quot;/&gt;&lt;br/&gt;
So, i would like to change it as describe below.&lt;/p&gt;

&lt;div class=&quot;code panel&quot; style=&quot;border-width: 1px;&quot;&gt;&lt;div class=&quot;codeContent panelContent&quot;&gt;
&lt;pre class=&quot;code-java&quot;&gt;
LOAD QUERY INFILE &apos;file_name&apos;;
&lt;/pre&gt;
&lt;/div&gt;&lt;/div&gt;</comment>
                            <comment id="12559316" author="udanax" created="Wed, 16 Jan 2008 01:06:12 +0000"  >&lt;p&gt;Syntax : &lt;br/&gt;
  LOAD QUERY INFILE &apos;file_name&apos;;&lt;/p&gt;

&lt;div class=&quot;code panel&quot; style=&quot;border-width: 1px;&quot;&gt;&lt;div class=&quot;codeContent panelContent&quot;&gt;
&lt;pre class=&quot;code-java&quot;&gt;
hql &amp;gt; load query infile &apos;udanax/queries.hql&apos;;
&apos;udanax&apos; table already exist.
1 row inserted successfully.
2 queries executed. (0.49 sec)
&lt;/pre&gt;
&lt;/div&gt;&lt;/div&gt;</comment>
                            <comment id="12559317" author="udanax" created="Wed, 16 Jan 2008 01:07:31 +0000"  >&lt;ul class=&quot;alternate&quot; type=&quot;square&quot;&gt;
	&lt;li&gt;Added help-output.&lt;/li&gt;
	&lt;li&gt;Change the syntax from &apos;START&apos; to &apos;LOAD&apos;&lt;/li&gt;
&lt;/ul&gt;


&lt;p&gt;Submitting.&lt;/p&gt;</comment>
                            <comment id="12559336" author="udanax" created="Wed, 16 Jan 2008 02:58:37 +0000"  >&lt;p&gt;Ooops. It&apos;s a old patch file. &lt;br/&gt;
I&apos;ll re-upload.&lt;/p&gt;</comment>
                            <comment id="12559338" author="udanax" created="Wed, 16 Jan 2008 02:59:37 +0000"  >&lt;p&gt;Here&apos;s a new patch.&lt;/p&gt;</comment>
                            <comment id="12559339" author="udanax" created="Wed, 16 Jan 2008 02:59:50 +0000"  >&lt;p&gt;Submitting.&lt;/p&gt;</comment>
                            <comment id="12559630" author="hadoopqa" created="Wed, 16 Jan 2008 18:54:14 +0000"  >&lt;p&gt;-1 overall.  Here are the results of testing the latest attachment &lt;br/&gt;
&lt;a href=&quot;http://issues.apache.org/jira/secure/attachment/12373230/2591_v01.patch&quot; class=&quot;external-link&quot; rel=&quot;nofollow&quot;&gt;http://issues.apache.org/jira/secure/attachment/12373230/2591_v01.patch&lt;/a&gt;&lt;br/&gt;
against trunk revision r612500.&lt;/p&gt;

&lt;p&gt;    @author +1.  The patch does not contain any @author tags.&lt;/p&gt;

&lt;p&gt;    javadoc +1.  The javadoc tool did not generate any warning messages.&lt;/p&gt;

&lt;p&gt;    javac +1.  The applied patch does not generate any new compiler warnings.&lt;/p&gt;

&lt;p&gt;    findbugs -1.  The patch appears to cause Findbugs to fail.&lt;/p&gt;

&lt;p&gt;    core tests -1.  The patch failed core unit tests.&lt;/p&gt;

&lt;p&gt;    contrib tests -1.  The patch failed contrib unit tests.&lt;/p&gt;

&lt;p&gt;Test results: &lt;a href=&quot;http://lucene.zones.apache.org:8080/hudson/job/Hadoop-Patch/1611/testReport/&quot; class=&quot;external-link&quot; rel=&quot;nofollow&quot;&gt;http://lucene.zones.apache.org:8080/hudson/job/Hadoop-Patch/1611/testReport/&lt;/a&gt;&lt;br/&gt;
Checkstyle results: &lt;a href=&quot;http://lucene.zones.apache.org:8080/hudson/job/Hadoop-Patch/1611/artifact/trunk/build/test/checkstyle-errors.html&quot; class=&quot;external-link&quot; rel=&quot;nofollow&quot;&gt;http://lucene.zones.apache.org:8080/hudson/job/Hadoop-Patch/1611/artifact/trunk/build/test/checkstyle-errors.html&lt;/a&gt;&lt;br/&gt;
Console output: &lt;a href=&quot;http://lucene.zones.apache.org:8080/hudson/job/Hadoop-Patch/1611/console&quot; class=&quot;external-link&quot; rel=&quot;nofollow&quot;&gt;http://lucene.zones.apache.org:8080/hudson/job/Hadoop-Patch/1611/console&lt;/a&gt;&lt;/p&gt;

&lt;p&gt;This message is automatically generated.&lt;/p&gt;</comment>
                            <comment id="12559739" author="udanax" created="Wed, 16 Jan 2008 23:37:09 +0000"  >&lt;p&gt;compile:&lt;br/&gt;
     &lt;span class=&quot;error&quot;&gt;&amp;#91;echo&amp;#93;&lt;/span&gt; contrib: hbase&lt;br/&gt;
    &lt;span class=&quot;error&quot;&gt;&amp;#91;javac&amp;#93;&lt;/span&gt; Compiling 59 source files to /tmp/Hadoop-Patch/workspace/trunk/build/contrib/hbase/classes&lt;br/&gt;
    &lt;span class=&quot;error&quot;&gt;&amp;#91;javac&amp;#93;&lt;/span&gt; /tmp/Hadoop-Patch/workspace/trunk/src/contrib/hbase/src/java/org/apache/hadoop/hbase/hql/LoadCommand.java:43: method does not override a method from its superclass&lt;br/&gt;
    &lt;span class=&quot;error&quot;&gt;&amp;#91;javac&amp;#93;&lt;/span&gt;   @Override&lt;br/&gt;
    &lt;span class=&quot;error&quot;&gt;&amp;#91;javac&amp;#93;&lt;/span&gt;    ^&lt;br/&gt;
    &lt;span class=&quot;error&quot;&gt;&amp;#91;javac&amp;#93;&lt;/span&gt; Note: Some input files use unchecked or unsafe operations.&lt;br/&gt;
    &lt;span class=&quot;error&quot;&gt;&amp;#91;javac&amp;#93;&lt;/span&gt; Note: Recompile with -Xlint:unchecked for details.&lt;br/&gt;
    &lt;span class=&quot;error&quot;&gt;&amp;#91;javac&amp;#93;&lt;/span&gt; 1 error&lt;/p&gt;</comment>
                            <comment id="12559750" author="udanax" created="Thu, 17 Jan 2008 00:08:22 +0000"  >&lt;p&gt;@Override has removed.&lt;/p&gt;</comment>
                            <comment id="12559751" author="udanax" created="Thu, 17 Jan 2008 00:08:38 +0000"  >&lt;p&gt;retrying&lt;/p&gt;</comment>
                            <comment id="12560010" author="hadoopqa" created="Thu, 17 Jan 2008 17:48:04 +0000"  >&lt;p&gt;+1 overall.  Here are the results of testing the latest attachment &lt;br/&gt;
&lt;a href=&quot;http://issues.apache.org/jira/secure/attachment/12373342/2591_v02.patch&quot; class=&quot;external-link&quot; rel=&quot;nofollow&quot;&gt;http://issues.apache.org/jira/secure/attachment/12373342/2591_v02.patch&lt;/a&gt;&lt;br/&gt;
against trunk revision r612774.&lt;/p&gt;

&lt;p&gt;    @author +1.  The patch does not contain any @author tags.&lt;/p&gt;

&lt;p&gt;    javadoc +1.  The javadoc tool did not generate any warning messages.&lt;/p&gt;

&lt;p&gt;    javac +1.  The applied patch does not generate any new compiler warnings.&lt;/p&gt;

&lt;p&gt;    findbugs +1.  The patch does not introduce any new Findbugs warnings.&lt;/p&gt;

&lt;p&gt;    core tests +1.  The patch passed core unit tests.&lt;/p&gt;

&lt;p&gt;    contrib tests +1.  The patch passed contrib unit tests.&lt;/p&gt;

&lt;p&gt;Test results: &lt;a href=&quot;http://lucene.zones.apache.org:8080/hudson/job/Hadoop-Patch/1621/testReport/&quot; class=&quot;external-link&quot; rel=&quot;nofollow&quot;&gt;http://lucene.zones.apache.org:8080/hudson/job/Hadoop-Patch/1621/testReport/&lt;/a&gt;&lt;br/&gt;
Findbugs warnings: &lt;a href=&quot;http://lucene.zones.apache.org:8080/hudson/job/Hadoop-Patch/1621/artifact/trunk/build/test/findbugs/newPatchFindbugsWarnings.html&quot; class=&quot;external-link&quot; rel=&quot;nofollow&quot;&gt;http://lucene.zones.apache.org:8080/hudson/job/Hadoop-Patch/1621/artifact/trunk/build/test/findbugs/newPatchFindbugsWarnings.html&lt;/a&gt;&lt;br/&gt;
Checkstyle results: &lt;a href=&quot;http://lucene.zones.apache.org:8080/hudson/job/Hadoop-Patch/1621/artifact/trunk/build/test/checkstyle-errors.html&quot; class=&quot;external-link&quot; rel=&quot;nofollow&quot;&gt;http://lucene.zones.apache.org:8080/hudson/job/Hadoop-Patch/1621/artifact/trunk/build/test/checkstyle-errors.html&lt;/a&gt;&lt;br/&gt;
Console output: &lt;a href=&quot;http://lucene.zones.apache.org:8080/hudson/job/Hadoop-Patch/1621/console&quot; class=&quot;external-link&quot; rel=&quot;nofollow&quot;&gt;http://lucene.zones.apache.org:8080/hudson/job/Hadoop-Patch/1621/console&lt;/a&gt;&lt;/p&gt;

&lt;p&gt;This message is automatically generated.&lt;/p&gt;</comment>
                            <comment id="12560026" author="stack" created="Thu, 17 Jan 2008 18:45:05 +0000"  >&lt;p&gt;Your example above contains data definition and manipulation statements. The example file-to-load does not contain query statements alone.  Therefore I think &apos;load query infile&apos; inappropriate syntax.  &apos;load data infile&apos; is not right either as you suggest. Why not just &apos;load FILENAME&apos; or &apos;run FILENAME&apos;?&lt;/p&gt;</comment>
                            <comment id="12560140" author="udanax" created="Thu, 17 Jan 2008 23:02:33 +0000"  >&lt;p&gt;Oracle:  sql&amp;gt; start &apos;FILENAME&apos;;&lt;/p&gt;

&lt;p&gt;Hmm. I like LOAD &apos;FILENAME&apos;&lt;/p&gt;</comment>
                            <comment id="12560145" author="udanax" created="Thu, 17 Jan 2008 23:05:05 +0000"  >&lt;p&gt;Hmm... Again, i&apos;d like to add the start command.&lt;br/&gt;
Load or Run is not right.&lt;/p&gt;</comment>
                            <comment id="12560149" author="udanax" created="Thu, 17 Jan 2008 23:08:50 +0000"  >&lt;p&gt;Just Roll back.&lt;/p&gt;</comment>
                            <comment id="12560150" author="udanax" created="Thu, 17 Jan 2008 23:09:05 +0000"  >&lt;p&gt;Submitting.&lt;/p&gt;</comment>
                            <comment id="12560325" author="hadoopqa" created="Fri, 18 Jan 2008 10:13:48 +0000"  >&lt;p&gt;+1 overall.  Here are the results of testing the latest attachment &lt;br/&gt;
&lt;a href=&quot;http://issues.apache.org/jira/secure/attachment/12373453/2591_v04.patch&quot; class=&quot;external-link&quot; rel=&quot;nofollow&quot;&gt;http://issues.apache.org/jira/secure/attachment/12373453/2591_v04.patch&lt;/a&gt;&lt;br/&gt;
against trunk revision r613069.&lt;/p&gt;

&lt;p&gt;    @author +1.  The patch does not contain any @author tags.&lt;/p&gt;

&lt;p&gt;    javadoc +1.  The javadoc tool did not generate any warning messages.&lt;/p&gt;

&lt;p&gt;    javac +1.  The applied patch does not generate any new compiler warnings.&lt;/p&gt;

&lt;p&gt;    findbugs +1.  The patch does not introduce any new Findbugs warnings.&lt;/p&gt;

&lt;p&gt;    core tests +1.  The patch passed core unit tests.&lt;/p&gt;

&lt;p&gt;    contrib tests +1.  The patch passed contrib unit tests.&lt;/p&gt;

&lt;p&gt;Test results: &lt;a href=&quot;http://lucene.zones.apache.org:8080/hudson/job/Hadoop-Patch/1636/testReport/&quot; class=&quot;external-link&quot; rel=&quot;nofollow&quot;&gt;http://lucene.zones.apache.org:8080/hudson/job/Hadoop-Patch/1636/testReport/&lt;/a&gt;&lt;br/&gt;
Findbugs warnings: &lt;a href=&quot;http://lucene.zones.apache.org:8080/hudson/job/Hadoop-Patch/1636/artifact/trunk/build/test/findbugs/newPatchFindbugsWarnings.html&quot; class=&quot;external-link&quot; rel=&quot;nofollow&quot;&gt;http://lucene.zones.apache.org:8080/hudson/job/Hadoop-Patch/1636/artifact/trunk/build/test/findbugs/newPatchFindbugsWarnings.html&lt;/a&gt;&lt;br/&gt;
Checkstyle results: &lt;a href=&quot;http://lucene.zones.apache.org:8080/hudson/job/Hadoop-Patch/1636/artifact/trunk/build/test/checkstyle-errors.html&quot; class=&quot;external-link&quot; rel=&quot;nofollow&quot;&gt;http://lucene.zones.apache.org:8080/hudson/job/Hadoop-Patch/1636/artifact/trunk/build/test/checkstyle-errors.html&lt;/a&gt;&lt;br/&gt;
Console output: &lt;a href=&quot;http://lucene.zones.apache.org:8080/hudson/job/Hadoop-Patch/1636/console&quot; class=&quot;external-link&quot; rel=&quot;nofollow&quot;&gt;http://lucene.zones.apache.org:8080/hudson/job/Hadoop-Patch/1636/console&lt;/a&gt;&lt;/p&gt;

&lt;p&gt;This message is automatically generated.&lt;/p&gt;</comment>
                            <comment id="12560768" author="udanax" created="Sun, 20 Jan 2008 02:51:07 +0000"  >&lt;p&gt;Test passed. Please commit it, boss.&lt;/p&gt;</comment>
                            <comment id="12560777" author="stack" created="Sun, 20 Jan 2008 06:45:11 +0000"  >&lt;p&gt;You have reverted to using the verb START in spite of my suggestions and your agreement a couple of times that LOAD is better.  &apos;Starting&apos; a file doesn&apos;t make sense here.  It gives no clue that the object file is read, all hql content is executed/run and then the file is closed.&lt;/p&gt;

&lt;p&gt;The help string talks about a &apos;query file&apos;.  Above I explain why I think its rare it will be queries only.&lt;/p&gt;

&lt;p&gt;Does &apos;load hdfs://hbase/script.hql&apos; work out of interest?  Its not important if it doesn&apos;t.&lt;/p&gt;</comment>
                            <comment id="12560907" author="udanax" created="Mon, 21 Jan 2008 00:45:36 +0000"  >&lt;p&gt;Changed. Please commit it.&lt;/p&gt;</comment>
                            <comment id="12560913" author="hadoopqa" created="Mon, 21 Jan 2008 02:31:08 +0000"  >&lt;p&gt;+1 overall.  Here are the results of testing the latest attachment &lt;br/&gt;
&lt;a href=&quot;http://issues.apache.org/jira/secure/attachment/12373645/2591_v05.patch&quot; class=&quot;external-link&quot; rel=&quot;nofollow&quot;&gt;http://issues.apache.org/jira/secure/attachment/12373645/2591_v05.patch&lt;/a&gt;&lt;br/&gt;
against trunk revision r613499.&lt;/p&gt;

&lt;p&gt;    @author +1.  The patch does not contain any @author tags.&lt;/p&gt;

&lt;p&gt;    javadoc +1.  The javadoc tool did not generate any warning messages.&lt;/p&gt;

&lt;p&gt;    javac +1.  The applied patch does not generate any new compiler warnings.&lt;/p&gt;

&lt;p&gt;    findbugs +1.  The patch does not introduce any new Findbugs warnings.&lt;/p&gt;

&lt;p&gt;    core tests +1.  The patch passed core unit tests.&lt;/p&gt;

&lt;p&gt;    contrib tests +1.  The patch passed contrib unit tests.&lt;/p&gt;

&lt;p&gt;Test results: &lt;a href=&quot;http://lucene.zones.apache.org:8080/hudson/job/Hadoop-Patch/1667/testReport/&quot; class=&quot;external-link&quot; rel=&quot;nofollow&quot;&gt;http://lucene.zones.apache.org:8080/hudson/job/Hadoop-Patch/1667/testReport/&lt;/a&gt;&lt;br/&gt;
Findbugs warnings: &lt;a href=&quot;http://lucene.zones.apache.org:8080/hudson/job/Hadoop-Patch/1667/artifact/trunk/build/test/findbugs/newPatchFindbugsWarnings.html&quot; class=&quot;external-link&quot; rel=&quot;nofollow&quot;&gt;http://lucene.zones.apache.org:8080/hudson/job/Hadoop-Patch/1667/artifact/trunk/build/test/findbugs/newPatchFindbugsWarnings.html&lt;/a&gt;&lt;br/&gt;
Checkstyle results: &lt;a href=&quot;http://lucene.zones.apache.org:8080/hudson/job/Hadoop-Patch/1667/artifact/trunk/build/test/checkstyle-errors.html&quot; class=&quot;external-link&quot; rel=&quot;nofollow&quot;&gt;http://lucene.zones.apache.org:8080/hudson/job/Hadoop-Patch/1667/artifact/trunk/build/test/checkstyle-errors.html&lt;/a&gt;&lt;br/&gt;
Console output: &lt;a href=&quot;http://lucene.zones.apache.org:8080/hudson/job/Hadoop-Patch/1667/console&quot; class=&quot;external-link&quot; rel=&quot;nofollow&quot;&gt;http://lucene.zones.apache.org:8080/hudson/job/Hadoop-Patch/1667/console&lt;/a&gt;&lt;/p&gt;

&lt;p&gt;This message is automatically generated.&lt;/p&gt;</comment>
                            <comment id="12561195" author="stack" created="Tue, 22 Jan 2008 01:31:24 +0000"  >&lt;p&gt;Thanks for making the change Edward. I&apos;ll commit after the 0.16 branch.&lt;/p&gt;</comment>
                            <comment id="12563116" author="udanax" created="Mon, 28 Jan 2008 10:46:52 +0000"  >&lt;p&gt;When the 0.16 branch done?&lt;/p&gt;</comment>
                            <comment id="12563416" author="udanax" created="Tue, 29 Jan 2008 07:51:50 +0000"  >&lt;p&gt;Canceling, It doesn&apos;t fit in the trunk.&lt;/p&gt;</comment>
                            <comment id="12565985" author="bryanduxbury" created="Wed, 6 Feb 2008 01:16:24 +0000"  >&lt;p&gt;0.1.0 is only the 0.16 compatibility release. New changes like this should go into 0.2.0.&lt;/p&gt;</comment>
                            <comment id="12566921" author="udanax" created="Fri, 8 Feb 2008 06:05:25 +0000"  >&lt;p&gt;new patch.&lt;/p&gt;</comment>
                            <comment id="12566922" author="udanax" created="Fri, 8 Feb 2008 06:05:50 +0000"  >&lt;p&gt;submitting.&lt;/p&gt;</comment>
                            <comment id="12568671" author="bryanduxbury" created="Wed, 13 Feb 2008 18:59:09 +0000"  >&lt;p&gt;I think it might make more sense to read from stdin like Stack has suggested. This will have the advantage of being standard, simple, and make the shell a little scriptable. &lt;/p&gt;

&lt;p&gt;All you&apos;d have to do is check if stdin has anything on it, read it if it does, execute it as commands, and then exit. You wouldn&apos;t have to introduce a new command into the shell.&lt;/p&gt;</comment>
                            <comment id="12568785" author="udanax" created="Thu, 14 Feb 2008 02:53:43 +0000"  >&lt;p&gt;Should it close?&lt;/p&gt;</comment>
                            <comment id="12568796" author="bryanduxbury" created="Thu, 14 Feb 2008 05:02:48 +0000"  >&lt;p&gt;&lt;a href=&quot;https://issues.apache.org/jira/browse/HBASE-447&quot; title=&quot;Shell reads from stdin and writes to stdout&quot; class=&quot;issue-link&quot; data-issue-key=&quot;HBASE-447&quot;&gt;&lt;del&gt;HBASE-447&lt;/del&gt;&lt;/a&gt; does a better job of accomplishing what this issue was about.&lt;/p&gt;</comment>
                    </comments>
                    <attachments>
                            <attachment id="12373155" name="2591.patch" size="72536" author="udanax" created="Tue, 15 Jan 2008 10:08:50 +0000"/>
                            <attachment id="12373230" name="2591_v01.patch" size="68497" author="udanax" created="Wed, 16 Jan 2008 02:59:37 +0000"/>
                            <attachment id="12373342" name="2591_v02.patch" size="68484" author="udanax" created="Thu, 17 Jan 2008 00:08:22 +0000"/>
                            <attachment id="12373448" name="2591_v03.patch" size="72536" author="udanax" created="Thu, 17 Jan 2008 23:08:50 +0000"/>
                            <attachment id="12373453" name="2591_v04.patch" size="228744" author="udanax" created="Thu, 17 Jan 2008 23:22:42 +0000"/>
                            <attachment id="12373645" name="2591_v05.patch" size="241937" author="udanax" created="Mon, 21 Jan 2008 00:45:11 +0000"/>
                            <attachment id="12375039" name="v06_39.patch" size="73342" author="udanax" created="Fri, 8 Feb 2008 06:05:25 +0000"/>
                            <attachment id="12375041" name="v07_39.patch" size="73340" author="udanax" created="Fri, 8 Feb 2008 06:11:23 +0000"/>
                            <attachment id="12375042" name="v08_39.patch" size="73374" author="udanax" created="Fri, 8 Feb 2008 06:21:10 +0000"/>
                    </attachments>
                <subtasks>
                    </subtasks>
                <customfields>
                                                <customfield id="customfield_12310310" key="com.atlassian.jira.toolkit:attachments">
                        <customfieldname>Attachment count</customfieldname>
                        <customfieldvalues>
                            <customfieldvalue>9.0</customfieldvalue>
                        </customfieldvalues>
                    </customfield>
                                                                                                                                                                                                                                                                                                                                                                                                                                                                                                                                <customfield id="customfield_12310220" key="com.atlassian.jira.ext.charting:firstresponsedate">
                        <customfieldname>Date of First Response</customfieldname>
                        <customfieldvalues>
                            <customfieldvalue>Sun, 13 Jan 2008 20:14:26 +0000</customfieldvalue>

                        </customfieldvalues>
                    </customfield>
                                                                                                                                                                                                                                                                                                                                                                                                                                            <customfield id="customfield_12310420" key="com.pyxis.greenhopper.jira:gh-global-rank">
                        <customfieldname>Global Rank</customfieldname>
                        <customfieldvalues>
                            <customfieldvalue>31640</customfieldvalue>
                        </customfieldvalues>
                    </customfield>
                                                                                                                                                    <customfield id="customfield_12312521" key="com.atlassian.jira.toolkit:LastCommentDate">
                        <customfieldname>Last public comment date</customfieldname>
                        <customfieldvalues>
                            8 years, 45 weeks, 1 day ago
                        </customfieldvalues>
                    </customfield>
                                                                                            <customfield id="customfield_12311820" key="com.pyxis.greenhopper.jira:gh-lexo-rank">
                        <customfieldname>Rank</customfieldname>
                        <customfieldvalues>
                            <customfieldvalue>0|i0h3pr:</customfieldvalue>

                        </customfieldvalues>
                    </customfield>
                                                                <customfield id="customfield_12310920" key="com.pyxis.greenhopper.jira:gh-global-rank">
                        <customfieldname>Rank (Obsolete)</customfieldname>
                        <customfieldvalues>
                            <customfieldvalue>97864</customfieldvalue>
                        </customfieldvalues>
                    </customfield>
                                                                                                                                                                                                                                                                                                <customfield id="customfield_12310222" key="com.atlassian.jira.ext.charting:timeinstatus">
                        <customfieldname>Time in Status</customfieldname>
                        <customfieldvalues>
                            
                        </customfieldvalues>
                    </customfield>
                                                                                                                        </customfields>
    </item>
</channel>
</rss>