<!-- 
RSS generated by JIRA (6.3.4#6332-sha1:51bc225ef474afe3128b2f66878477f322397b16) at Fri Dec 16 18:46:33 UTC 2016

It is possible to restrict the fields that are returned in this document by specifying the 'field' parameter in your request.
For example, to request only the issue key and summary add field=key&field=summary to the URL of your request.
For example:
https://issues.apache.org/jira/si/jira.issueviews:issue-xml/HBASE-683/HBASE-683.xml?field=key&amp;field=summary
-->
<rss version="0.92" >
<channel>
    <title>ASF JIRA</title>
    <link>https://issues.apache.org/jira</link>
    <description>This file is an XML representation of an issue</description>
    <language>en-uk</language>    <build-info>
        <version>6.3.4</version>
        <build-number>6332</build-number>
        <build-date>15-08-2014</build-date>
    </build-info>

<item>
            <title>[HBASE-683] can not get svn revision # at build time if locale is not english</title>
                <link>https://issues.apache.org/jira/browse/HBASE-683</link>
                <project id="12310753" key="HBASE">HBase</project>
                    <description>&lt;p&gt;My locale is zh_TW.UTF-8, so &apos;svn info&apos; shows messages in chinese. But&lt;br/&gt;
src/saveVersion.sh expects english from output.&lt;/p&gt;

&lt;p&gt;I suggest that we add clear LANG, LC_* in saveVersion.sh before calling svn.&lt;/p&gt;</description>
                <environment></environment>
        <key id="12398208">HBASE-683</key>
            <summary>can not get svn revision # at build time if locale is not english</summary>
                <type id="1" iconUrl="https://issues.apache.org/jira/images/icons/issuetypes/bug.png">Bug</type>
                                            <priority id="4" iconUrl="https://issues.apache.org/jira/images/icons/priorities/minor.png">Minor</priority>
                        <status id="6" iconUrl="https://issues.apache.org/jira/images/icons/statuses/closed.png" description="The issue is considered finished, the resolution is correct. Issues which are closed can be reopened.">Closed</status>
                    <statusCategory id="3" key="done" colorName="green"/>
                                    <resolution id="1">Fixed</resolution>
                                        <assignee username="rafan">Rong-En Fan</assignee>
                                    <reporter username="rafan">Rong-En Fan</reporter>
                        <labels>
                    </labels>
                <created>Fri, 13 Jun 2008 04:12:01 +0000</created>
                <updated>Fri, 22 Aug 2008 21:13:17 +0000</updated>
                            <resolved>Thu, 19 Jun 2008 03:51:55 +0000</resolved>
                                    <version>0.2.0</version>
                                    <fixVersion>0.2.0</fixVersion>
                                    <component>build</component>
                        <due></due>
                            <votes>0</votes>
                                    <watches>0</watches>
                                                                <comments>
                            <comment id="12606091" author="stack" created="Wed, 18 Jun 2008 20:56:00 +0000"  >&lt;p&gt;Can you make a patch Rong-En to do the above please so I can test and commit if alls well?&lt;/p&gt;</comment>
                            <comment id="12606222" author="rafan" created="Thu, 19 Jun 2008 02:45:51 +0000"  >&lt;p&gt;here is the patch. I believe this also applies to Hadoop.&lt;/p&gt;</comment>
                            <comment id="12606235" author="stack" created="Thu, 19 Jun 2008 03:48:27 +0000"  >&lt;p&gt;Tested.  Doesn&apos;t break anything.  Committed.  Thanks for the patch Rong-En.&lt;/p&gt;

&lt;p&gt;Regards hadoop, open a new issue against hadoop (if the same issue exists there).  Thanks.&lt;/p&gt;</comment>
                            <comment id="12606238" author="stack" created="Thu, 19 Jun 2008 03:51:55 +0000"  >&lt;p&gt;Committed.&lt;/p&gt;</comment>
                    </comments>
                <issuelinks>
                            <issuelinktype id="10030">
                    <name>Reference</name>
                                                                <inwardlinks description="is related to">
                                        <issuelink>
            <issuekey id="12400888">HADOOP-3819</issuekey>
        </issuelink>
                            </inwardlinks>
                                    </issuelinktype>
                    </issuelinks>
                <attachments>
                            <attachment id="12384247" name="683.diff" size="423" author="rafan" created="Thu, 19 Jun 2008 02:45:51 +0000"/>
                    </attachments>
                <subtasks>
                    </subtasks>
                <customfields>
                                                <customfield id="customfield_12310310" key="com.atlassian.jira.toolkit:attachments">
                        <customfieldname>Attachment count</customfieldname>
                        <customfieldvalues>
                            <customfieldvalue>1.0</customfieldvalue>
                        </customfieldvalues>
                    </customfield>
                                                                                                                                                                                                                                                                                                                                                                                                                                                                                                                                <customfield id="customfield_12310220" key="com.atlassian.jira.ext.charting:firstresponsedate">
                        <customfieldname>Date of First Response</customfieldname>
                        <customfieldvalues>
                            <customfieldvalue>Wed, 18 Jun 2008 20:56:00 +0000</customfieldvalue>

                        </customfieldvalues>
                    </customfield>
                                                                                                                                                                                                                                                                                                                                                                                                                                            <customfield id="customfield_12310420" key="com.pyxis.greenhopper.jira:gh-global-rank">
                        <customfieldname>Global Rank</customfieldname>
                        <customfieldvalues>
                            <customfieldvalue>25333</customfieldvalue>
                        </customfieldvalues>
                    </customfield>
                                                                                                                                                    <customfield id="customfield_12312521" key="com.atlassian.jira.toolkit:LastCommentDate">
                        <customfieldname>Last public comment date</customfieldname>
                        <customfieldvalues>
                            8 years, 27 weeks, 1 day ago
                        </customfieldvalues>
                    </customfield>
                                                                                            <customfield id="customfield_12311820" key="com.pyxis.greenhopper.jira:gh-lexo-rank">
                        <customfieldname>Rank</customfieldname>
                        <customfieldvalues>
                            <customfieldvalue>0|i0h8t3:</customfieldvalue>

                        </customfieldvalues>
                    </customfield>
                                                                <customfield id="customfield_12310920" key="com.pyxis.greenhopper.jira:gh-global-rank">
                        <customfieldname>Rank (Obsolete)</customfieldname>
                        <customfieldvalues>
                            <customfieldvalue>98689</customfieldvalue>
                        </customfieldvalues>
                    </customfield>
                                                                                                                                                                                                                                                                                                <customfield id="customfield_12310222" key="com.atlassian.jira.ext.charting:timeinstatus">
                        <customfieldname>Time in Status</customfieldname>
                        <customfieldvalues>
                            
                        </customfieldvalues>
                    </customfield>
                                                                                                                        </customfields>
    </item>
</channel>
</rss>