<!-- 
RSS generated by JIRA (6.3.4#6332-sha1:51bc225ef474afe3128b2f66878477f322397b16) at Fri Dec 16 18:40:04 UTC 2016

It is possible to restrict the fields that are returned in this document by specifying the 'field' parameter in your request.
For example, to request only the issue key and summary add field=key&field=summary to the URL of your request.
For example:
https://issues.apache.org/jira/si/jira.issueviews:issue-xml/HBASE-6/HBASE-6.xml?field=key&amp;field=summary
-->
<rss version="0.92" >
<channel>
    <title>ASF JIRA</title>
    <link>https://issues.apache.org/jira</link>
    <description>This file is an XML representation of an issue</description>
    <language>en-uk</language>    <build-info>
        <version>6.3.4</version>
        <build-number>6332</build-number>
        <build-date>15-08-2014</build-date>
    </build-info>

<item>
            <title>[HBASE-6] Opening then closing a scanner delays the effects of a delete</title>
                <link>https://issues.apache.org/jira/browse/HBASE-6</link>
                <project id="12310753" key="HBASE">HBase</project>
                    <description>&lt;p&gt;I stumbled across the following odd behavior: When I open, then close a scanner on&lt;br/&gt;
a table, then delete a row in the table, the delete does not work&lt;br/&gt;
(i.e., I can still get the row).&lt;/p&gt;</description>
                <environment></environment>
        <key id="12385736">HBASE-6</key>
            <summary>Opening then closing a scanner delays the effects of a delete</summary>
                <type id="1" iconUrl="https://issues.apache.org/jira/images/icons/issuetypes/bug.png">Bug</type>
                                            <priority id="3" iconUrl="https://issues.apache.org/jira/images/icons/priorities/major.png">Major</priority>
                        <status id="6" iconUrl="https://issues.apache.org/jira/images/icons/statuses/closed.png" description="The issue is considered finished, the resolution is correct. Issues which are closed can be reopened.">Closed</status>
                    <statusCategory id="3" key="done" colorName="green"/>
                                    <resolution id="1">Fixed</resolution>
                                        <assignee username="-1">Unassigned</assignee>
                                    <reporter username="clint.morgan">Clint Morgan</reporter>
                        <labels>
                    </labels>
                <created>Tue, 8 Jan 2008 00:58:29 +0000</created>
                <updated>Sun, 12 Jun 2011 11:14:33 +0000</updated>
                            <resolved>Tue, 22 Apr 2008 18:09:15 +0000</resolved>
                                                                    <component>Client</component>
                        <due></due>
                            <votes>0</votes>
                                    <watches>0</watches>
                                                                <comments>
                            <comment id="12556790" author="clint.morgan" created="Tue, 8 Jan 2008 01:01:48 +0000"  >&lt;p&gt;The test does the following.&lt;/p&gt;

&lt;p&gt;Insert a row.&lt;br/&gt;
Read the row. &lt;br/&gt;
Open and the close a scanner.&lt;br/&gt;
Delete the row.&lt;br/&gt;
Try and read the row (FAILURE, the row is still there)&lt;/p&gt;

&lt;p&gt;If I don&apos;t have the scanner in here, then everything works as&lt;br/&gt;
expected.&lt;/p&gt;</comment>
                            <comment id="12556791" author="clint.morgan" created="Tue, 8 Jan 2008 01:02:40 +0000"  >&lt;p&gt;submitting to demonstrate failure&lt;/p&gt;</comment>
                            <comment id="12556835" author="hadoopqa" created="Tue, 8 Jan 2008 08:00:18 +0000"  >&lt;p&gt;-1 overall.  Here are the results of testing the latest attachment &lt;br/&gt;
&lt;a href=&quot;http://issues.apache.org/jira/secure/attachment/12372680/HADOOP-2542.patch&quot; class=&quot;external-link&quot; rel=&quot;nofollow&quot;&gt;http://issues.apache.org/jira/secure/attachment/12372680/HADOOP-2542.patch&lt;/a&gt;&lt;br/&gt;
against trunk revision .&lt;/p&gt;

&lt;p&gt;    @author +1.  The patch does not contain any @author tags.&lt;/p&gt;

&lt;p&gt;    javadoc +1.  The javadoc tool did not generate any warning messages.&lt;/p&gt;

&lt;p&gt;    javac +1.  The applied patch does not generate any new compiler warnings.&lt;/p&gt;

&lt;p&gt;    findbugs +1.  The patch does not introduce any new Findbugs warnings.&lt;/p&gt;

&lt;p&gt;    core tests +1.  The patch passed core unit tests.&lt;/p&gt;

&lt;p&gt;    contrib tests -1.  The patch failed contrib unit tests.&lt;/p&gt;

&lt;p&gt;Test results: &lt;a href=&quot;http://lucene.zones.apache.org:8080/hudson/job/Hadoop-Patch/1509/testReport/&quot; class=&quot;external-link&quot; rel=&quot;nofollow&quot;&gt;http://lucene.zones.apache.org:8080/hudson/job/Hadoop-Patch/1509/testReport/&lt;/a&gt;&lt;br/&gt;
Findbugs warnings: &lt;a href=&quot;http://lucene.zones.apache.org:8080/hudson/job/Hadoop-Patch/1509/artifact/trunk/build/test/findbugs/newPatchFindbugsWarnings.html&quot; class=&quot;external-link&quot; rel=&quot;nofollow&quot;&gt;http://lucene.zones.apache.org:8080/hudson/job/Hadoop-Patch/1509/artifact/trunk/build/test/findbugs/newPatchFindbugsWarnings.html&lt;/a&gt;&lt;br/&gt;
Checkstyle results: &lt;a href=&quot;http://lucene.zones.apache.org:8080/hudson/job/Hadoop-Patch/1509/artifact/trunk/build/test/checkstyle-errors.html&quot; class=&quot;external-link&quot; rel=&quot;nofollow&quot;&gt;http://lucene.zones.apache.org:8080/hudson/job/Hadoop-Patch/1509/artifact/trunk/build/test/checkstyle-errors.html&lt;/a&gt;&lt;br/&gt;
Console output: &lt;a href=&quot;http://lucene.zones.apache.org:8080/hudson/job/Hadoop-Patch/1509/console&quot; class=&quot;external-link&quot; rel=&quot;nofollow&quot;&gt;http://lucene.zones.apache.org:8080/hudson/job/Hadoop-Patch/1509/console&lt;/a&gt;&lt;/p&gt;

&lt;p&gt;This message is automatically generated.&lt;/p&gt;</comment>
                            <comment id="12558448" author="bryanduxbury" created="Sun, 13 Jan 2008 20:59:24 +0000"  >&lt;p&gt;Patch just contains a unit test that is intended to fail. Only need to &quot;submit&quot; a patch once it&apos;s ready to be tested for committing.&lt;/p&gt;</comment>
                            <comment id="12591390" author="clint.morgan" created="Tue, 22 Apr 2008 18:09:15 +0000"  >&lt;p&gt;This bug seems to have gone away in the last month.&lt;/p&gt;</comment>
                            <comment id="13042700" author="subbaswathi" created="Thu, 2 Jun 2011 10:53:21 +0000"  >&lt;p&gt;this is same in hbase 0.90.3 version also...even if we delete that colum family member ie column Qualifier using deletecolumn API,that is still present..(If we do the scan ,we can able to see that columnfamily member)&lt;/p&gt;</comment>
                            <comment id="13042858" author="jdcryans" created="Thu, 2 Jun 2011 16:40:04 +0000"  >&lt;p&gt;deleteColumn only deletes the latest version eg if you have an older version it will become the new most recent Put. Try using deleteColumns, and please read the javadoc.&lt;/p&gt;</comment>
                            <comment id="13043221" author="subbaswathi" created="Fri, 3 Jun 2011 05:49:47 +0000"  >&lt;p&gt;even if i use deleteColumns and deleteFamily API,i am able to get that family if i do scan..&lt;/p&gt;</comment>
                            <comment id="13043868" author="jdcryans" created="Fri, 3 Jun 2011 16:58:23 +0000"  >&lt;p&gt;Can you demonstrate that with a unit test? Take a look at how we do it with TestFromClientSide.&lt;/p&gt;</comment>
                            <comment id="13044772" author="ram_krish" created="Mon, 6 Jun 2011 10:16:06 +0000"  >&lt;p&gt;thank you..its working fine...&lt;/p&gt;</comment>
                            <comment id="13045287" author="subbaswathi" created="Tue, 7 Jun 2011 06:10:38 +0000"  >&lt;p&gt;its working fine...&lt;/p&gt;</comment>
                            <comment id="13047462" author="jdcryans" created="Fri, 10 Jun 2011 21:19:50 +0000"  >&lt;p&gt;So what was the issue then?&lt;/p&gt;</comment>
                            <comment id="13048294" author="subbaswathi" created="Sun, 12 Jun 2011 11:14:33 +0000"  >&lt;p&gt;if we delete the column using admin.deletecolumn API,we need not use this table.delete(delete) again...but if we delete the column using delete.deletecolumn API ,then we should use table.delete(delete)(here table is a htable object)&lt;/p&gt;</comment>
                    </comments>
                    <attachments>
                            <attachment id="12372680" name="HADOOP-2542.patch" size="2023" author="clint.morgan" created="Tue, 8 Jan 2008 01:01:46 +0000"/>
                    </attachments>
                <subtasks>
                    </subtasks>
                <customfields>
                                                <customfield id="customfield_12310310" key="com.atlassian.jira.toolkit:attachments">
                        <customfieldname>Attachment count</customfieldname>
                        <customfieldvalues>
                            <customfieldvalue>1.0</customfieldvalue>
                        </customfieldvalues>
                    </customfield>
                                                                                                                                                                                                                                                                                                                                                                                                                                                                                                                                <customfield id="customfield_12310220" key="com.atlassian.jira.ext.charting:firstresponsedate">
                        <customfieldname>Date of First Response</customfieldname>
                        <customfieldvalues>
                            <customfieldvalue>Tue, 8 Jan 2008 08:00:18 +0000</customfieldvalue>

                        </customfieldvalues>
                    </customfield>
                                                                                                                                                                                                                                                                                                                                                                                                                                            <customfield id="customfield_12310420" key="com.pyxis.greenhopper.jira:gh-global-rank">
                        <customfieldname>Global Rank</customfieldname>
                        <customfieldvalues>
                            <customfieldvalue>24845</customfieldvalue>
                        </customfieldvalues>
                    </customfield>
                                                                                                                                                    <customfield id="customfield_12312521" key="com.atlassian.jira.toolkit:LastCommentDate">
                        <customfieldname>Last public comment date</customfieldname>
                        <customfieldvalues>
                            5 years, 27 weeks, 5 days ago
                        </customfieldvalues>
                    </customfield>
                                                                                            <customfield id="customfield_12311820" key="com.pyxis.greenhopper.jira:gh-lexo-rank">
                        <customfieldname>Rank</customfieldname>
                        <customfieldvalues>
                            <customfieldvalue>0|i0h3cv:</customfieldvalue>

                        </customfieldvalues>
                    </customfield>
                                                                <customfield id="customfield_12310920" key="com.pyxis.greenhopper.jira:gh-global-rank">
                        <customfieldname>Rank (Obsolete)</customfieldname>
                        <customfieldvalues>
                            <customfieldvalue>97806</customfieldvalue>
                        </customfieldvalues>
                    </customfield>
                                                                                                                                                                                                                                                                                                <customfield id="customfield_12310222" key="com.atlassian.jira.ext.charting:timeinstatus">
                        <customfieldname>Time in Status</customfieldname>
                        <customfieldvalues>
                            
                        </customfieldvalues>
                    </customfield>
                                                                                                                        </customfields>
    </item>
</channel>
</rss>