<!-- 
RSS generated by JIRA (6.3.4#6332-sha1:51bc225ef474afe3128b2f66878477f322397b16) at Fri Dec 16 18:45:29 UTC 2016

It is possible to restrict the fields that are returned in this document by specifying the 'field' parameter in your request.
For example, to request only the issue key and summary add field=key&field=summary to the URL of your request.
For example:
https://issues.apache.org/jira/si/jira.issueviews:issue-xml/HBASE-565/HBASE-565.xml?field=key&amp;field=summary
-->
<rss version="0.92" >
<channel>
    <title>ASF JIRA</title>
    <link>https://issues.apache.org/jira</link>
    <description>This file is an XML representation of an issue</description>
    <language>en-uk</language>    <build-info>
        <version>6.3.4</version>
        <build-number>6332</build-number>
        <build-date>15-08-2014</build-date>
    </build-info>

<item>
            <title>[HBASE-565] Move Table Schema out of HRegionInfo</title>
                <link>https://issues.apache.org/jira/browse/HBASE-565</link>
                <project id="12310753" key="HBASE">HBase</project>
                    <description>&lt;p&gt;Every HRI carries a HTableDescriptor instance.  When a Region context needs a table descriptor, doesn&apos;t have far to go.  Move the HTD out of HRI and when wanted, go elsewhere to go get it.&lt;/p&gt;

&lt;p&gt;In Bigtable paper, Schema is stored over in Chubby.  Could run a Zookeeper instance easy-enough and store it there.  Would run on master.  ZooKeeper snapshots its in-memory database to local director on disk &amp;#8211; not DFS.  If a ZooKeeper cluster, then that should protect against loss.  Master could tell regionservers the address of the zookeeper instance to use (as it does other vitals currently).  Later we could add the indirection so zookeeper is where regionservers register themselves on startup and master could watch here for the coming and going of servers.&lt;/p&gt;

&lt;p&gt;Or, we could store the schema in DFS.  Good thing would be replication of critical data and an hbasck tool could read the file to learn table schema (Would be awkward having to read zookeeper format out on local filesystem).  Downside would be that any change in schema would require offlining unless we develop a message that the master could send regionservers to notify them of of minor schema changes &amp;#8211; e.g. flip to being memory-based or to being compressed or that two column families are now of a single locality group (Zookeeper has the watcher mechanism where regionservers could &apos;notice&apos; schema changes).&lt;/p&gt;</description>
                <environment></environment>
        <key id="12393242">HBASE-565</key>
            <summary>Move Table Schema out of HRegionInfo</summary>
                <type id="4" iconUrl="https://issues.apache.org/jira/images/icons/issuetypes/improvement.png">Improvement</type>
                                            <priority id="3" iconUrl="https://issues.apache.org/jira/images/icons/priorities/major.png">Major</priority>
                        <status id="6" iconUrl="https://issues.apache.org/jira/images/icons/statuses/closed.png" description="The issue is considered finished, the resolution is correct. Issues which are closed can be reopened.">Closed</status>
                    <statusCategory id="3" key="done" colorName="green"/>
                                    <resolution id="3">Duplicate</resolution>
                                        <assignee username="stack">stack</assignee>
                                    <reporter username="stack">stack</reporter>
                        <labels>
                    </labels>
                <created>Sat, 5 Apr 2008 21:06:36 +0000</created>
                <updated>Fri, 22 Aug 2008 21:13:13 +0000</updated>
                            <resolved>Wed, 23 Apr 2008 22:40:20 +0000</resolved>
                                                    <fixVersion>0.2.0</fixVersion>
                                        <due></due>
                            <votes>0</votes>
                                    <watches>0</watches>
                                                                <comments>
                            <comment id="12591825" author="stack" created="Wed, 23 Apr 2008 22:21:10 +0000"  >&lt;p&gt;Lets fix for 0.2.0.  What we have just doesn&apos;t scale and its just annoying (outputting table descriptor for every row in META scanning).&lt;/p&gt;</comment>
                            <comment id="12591843" author="stack" created="Wed, 23 Apr 2008 22:40:20 +0000"  >&lt;p&gt;Marking as duplicate of &lt;a href=&quot;https://issues.apache.org/jira/browse/HBASE-451&quot; title=&quot;Remove HTableDescriptor from HRegionInfo&quot; class=&quot;issue-link&quot; data-issue-key=&quot;HBASE-451&quot;&gt;&lt;del&gt;HBASE-451&lt;/del&gt;&lt;/a&gt;&lt;/p&gt;</comment>
                    </comments>
                <issuelinks>
                            <issuelinktype id="12310000">
                    <name>Duplicate</name>
                                            <outwardlinks description="duplicates">
                                        <issuelink>
            <issuekey id="12388733">HBASE-451</issuekey>
        </issuelink>
                            </outwardlinks>
                                                        </issuelinktype>
                    </issuelinks>
                <attachments>
                    </attachments>
                <subtasks>
                    </subtasks>
                <customfields>
                                                <customfield id="customfield_12310310" key="com.atlassian.jira.toolkit:attachments">
                        <customfieldname>Attachment count</customfieldname>
                        <customfieldvalues>
                            <customfieldvalue>0.0</customfieldvalue>
                        </customfieldvalues>
                    </customfield>
                                                                                                                                                                                                                                                                                                                                                                                                                                                                                                                                                                                                                                                                                                                                                                                                                                                                                                                                        <customfield id="customfield_12310420" key="com.pyxis.greenhopper.jira:gh-global-rank">
                        <customfieldname>Global Rank</customfieldname>
                        <customfieldvalues>
                            <customfieldvalue>31759</customfieldvalue>
                        </customfieldvalues>
                    </customfield>
                                                                                                                                                    <customfield id="customfield_12312521" key="com.atlassian.jira.toolkit:LastCommentDate">
                        <customfieldname>Last public comment date</customfieldname>
                        <customfieldvalues>
                            8 years, 35 weeks, 1 day ago
                        </customfieldvalues>
                    </customfield>
                                                                                            <customfield id="customfield_12311820" key="com.pyxis.greenhopper.jira:gh-lexo-rank">
                        <customfieldname>Rank</customfieldname>
                        <customfieldvalues>
                            <customfieldvalue>0|i0h82v:</customfieldvalue>

                        </customfieldvalues>
                    </customfield>
                                                                <customfield id="customfield_12310920" key="com.pyxis.greenhopper.jira:gh-global-rank">
                        <customfieldname>Rank (Obsolete)</customfieldname>
                        <customfieldvalues>
                            <customfieldvalue>98571</customfieldvalue>
                        </customfieldvalues>
                    </customfield>
                                                                                                                                                                                                                                                                                                <customfield id="customfield_12310222" key="com.atlassian.jira.ext.charting:timeinstatus">
                        <customfieldname>Time in Status</customfieldname>
                        <customfieldvalues>
                            
                        </customfieldvalues>
                    </customfield>
                                                                                                                        </customfields>
    </item>
</channel>
</rss>