<!-- 
RSS generated by JIRA (6.3.4#6332-sha1:51bc225ef474afe3128b2f66878477f322397b16) at Fri Dec 16 18:44:03 UTC 2016

It is possible to restrict the fields that are returned in this document by specifying the 'field' parameter in your request.
For example, to request only the issue key and summary add field=key&field=summary to the URL of your request.
For example:
https://issues.apache.org/jira/si/jira.issueviews:issue-xml/HBASE-415/HBASE-415.xml?field=key&amp;field=summary
-->
<rss version="0.92" >
<channel>
    <title>ASF JIRA</title>
    <link>https://issues.apache.org/jira</link>
    <description>This file is an XML representation of an issue</description>
    <language>en-uk</language>    <build-info>
        <version>6.3.4</version>
        <build-number>6332</build-number>
        <build-date>15-08-2014</build-date>
    </build-info>

<item>
            <title>[HBASE-415] Rewrite leases to use DelayedBlockingQueue instead of polling</title>
                <link>https://issues.apache.org/jira/browse/HBASE-415</link>
                <project id="12310753" key="HBASE">HBase</project>
                    <description>&lt;p&gt;The current lease implementation is pretty broken. This change was previously included in &lt;a href=&quot;https://issues.apache.org/jira/browse/HBASE-69&quot; title=&quot;[hbase] Make cache flush triggering less simplistic&quot; class=&quot;issue-link&quot; data-issue-key=&quot;HBASE-69&quot;&gt;&lt;del&gt;HBASE-69&lt;/del&gt;&lt;/a&gt;, but should really be a separate patch.&lt;/p&gt;</description>
                <environment></environment>
        <key id="12387995">HBASE-415</key>
            <summary>Rewrite leases to use DelayedBlockingQueue instead of polling</summary>
                <type id="4" iconUrl="https://issues.apache.org/jira/images/icons/issuetypes/improvement.png">Improvement</type>
                                            <priority id="3" iconUrl="https://issues.apache.org/jira/images/icons/priorities/major.png">Major</priority>
                        <status id="6" iconUrl="https://issues.apache.org/jira/images/icons/statuses/closed.png" description="The issue is considered finished, the resolution is correct. Issues which are closed can be reopened.">Closed</status>
                    <statusCategory id="3" key="done" colorName="green"/>
                                    <resolution id="1">Fixed</resolution>
                                        <assignee username="jimk">Jim Kellerman</assignee>
                                    <reporter username="jimk">Jim Kellerman</reporter>
                        <labels>
                    </labels>
                <created>Wed, 6 Feb 2008 18:42:55 +0000</created>
                <updated>Fri, 22 Aug 2008 21:13:07 +0000</updated>
                            <resolved>Thu, 7 Feb 2008 06:42:46 +0000</resolved>
                                    <version>0.1.0</version>
                                    <fixVersion>0.2.0</fixVersion>
                                        <due></due>
                            <votes>0</votes>
                                    <watches>0</watches>
                                                                <comments>
                            <comment id="12566466" author="jimk" created="Thu, 7 Feb 2008 06:42:46 +0000"  >&lt;p&gt;This patch was a part of &lt;a href=&quot;https://issues.apache.org/jira/browse/HBASE-69&quot; title=&quot;[hbase] Make cache flush triggering less simplistic&quot; class=&quot;issue-link&quot; data-issue-key=&quot;HBASE-69&quot;&gt;&lt;del&gt;HBASE-69&lt;/del&gt;&lt;/a&gt;, but leases don&apos;t have anything to do with cache flushing so the changes for leases were factored out. As the existing patch(es) for &lt;a href=&quot;https://issues.apache.org/jira/browse/HBASE-69&quot; title=&quot;[hbase] Make cache flush triggering less simplistic&quot; class=&quot;issue-link&quot; data-issue-key=&quot;HBASE-69&quot;&gt;&lt;del&gt;HBASE-69&lt;/del&gt;&lt;/a&gt; have been run multiple times with no lease problems,  committed.&lt;/p&gt;</comment>
                            <comment id="12566470" author="viper799" created="Thu, 7 Feb 2008 06:51:59 +0000"  >&lt;p&gt;not sure if this is related but I thank it is&lt;/p&gt;

&lt;p&gt;I open a issues about leases here&lt;br/&gt;
&lt;a href=&quot;https://issues.apache.org/jira/browse/HBASE-412&quot; title=&quot;unable to report to master&quot; class=&quot;issue-link&quot; data-issue-key=&quot;HBASE-412&quot;&gt;&lt;del&gt;HBASE-412&lt;/del&gt;&lt;/a&gt;&lt;/p&gt;

&lt;p&gt;And I have &lt;a href=&quot;https://issues.apache.org/jira/browse/HBASE-69&quot; title=&quot;[hbase] Make cache flush triggering less simplistic&quot; class=&quot;issue-link&quot; data-issue-key=&quot;HBASE-69&quot;&gt;&lt;del&gt;HBASE-69&lt;/del&gt;&lt;/a&gt; patch applied to my source&lt;/p&gt;</comment>
                            <comment id="12566473" author="jimk" created="Thu, 7 Feb 2008 06:56:27 +0000"  >&lt;p&gt;If there is an issue with leases we&apos;ll track it in &lt;a href=&quot;https://issues.apache.org/jira/browse/HBASE-412&quot; title=&quot;unable to report to master&quot; class=&quot;issue-link&quot; data-issue-key=&quot;HBASE-412&quot;&gt;&lt;del&gt;HBASE-412&lt;/del&gt;&lt;/a&gt;&lt;/p&gt;</comment>
                            <comment id="12566480" author="jimk" created="Thu, 7 Feb 2008 07:21:24 +0000"  >&lt;p&gt;Passed on Hudson.&lt;/p&gt;</comment>
                    </comments>
                    <attachments>
                    </attachments>
                <subtasks>
                    </subtasks>
                <customfields>
                                                <customfield id="customfield_12310310" key="com.atlassian.jira.toolkit:attachments">
                        <customfieldname>Attachment count</customfieldname>
                        <customfieldvalues>
                            <customfieldvalue>0.0</customfieldvalue>
                        </customfieldvalues>
                    </customfield>
                                                                                                                                                                                                                                                                                                                                                                                                                                                                                                                                <customfield id="customfield_12310220" key="com.atlassian.jira.ext.charting:firstresponsedate">
                        <customfieldname>Date of First Response</customfieldname>
                        <customfieldvalues>
                            <customfieldvalue>Thu, 7 Feb 2008 06:51:59 +0000</customfieldvalue>

                        </customfieldvalues>
                    </customfield>
                                                                                                                                                                                                                                                                                                                                                                                                                                            <customfield id="customfield_12310420" key="com.pyxis.greenhopper.jira:gh-global-rank">
                        <customfieldname>Global Rank</customfieldname>
                        <customfieldvalues>
                            <customfieldvalue>31690</customfieldvalue>
                        </customfieldvalues>
                    </customfield>
                                                                                                                                                    <customfield id="customfield_12312521" key="com.atlassian.jira.toolkit:LastCommentDate">
                        <customfieldname>Last public comment date</customfieldname>
                        <customfieldvalues>
                            8 years, 46 weeks, 1 day ago
                        </customfieldvalues>
                    </customfield>
                                                                                            <customfield id="customfield_12311820" key="com.pyxis.greenhopper.jira:gh-lexo-rank">
                        <customfieldname>Rank</customfieldname>
                        <customfieldvalues>
                            <customfieldvalue>0|i0h76f:</customfieldvalue>

                        </customfieldvalues>
                    </customfield>
                                                                <customfield id="customfield_12310920" key="com.pyxis.greenhopper.jira:gh-global-rank">
                        <customfieldname>Rank (Obsolete)</customfieldname>
                        <customfieldvalues>
                            <customfieldvalue>98425</customfieldvalue>
                        </customfieldvalues>
                    </customfield>
                                                                                                                                                                                                                                                                                                <customfield id="customfield_12310222" key="com.atlassian.jira.ext.charting:timeinstatus">
                        <customfieldname>Time in Status</customfieldname>
                        <customfieldvalues>
                            
                        </customfieldvalues>
                    </customfield>
                                                                                                                        </customfields>
    </item>
</channel>
</rss>