<!-- 
RSS generated by JIRA (6.3.4#6332-sha1:51bc225ef474afe3128b2f66878477f322397b16) at Fri Dec 16 18:41:03 UTC 2016

It is possible to restrict the fields that are returned in this document by specifying the 'field' parameter in your request.
For example, to request only the issue key and summary add field=key&field=summary to the URL of your request.
For example:
https://issues.apache.org/jira/si/jira.issueviews:issue-xml/HBASE-102/HBASE-102.xml?field=key&amp;field=summary
-->
<rss version="0.92" >
<channel>
    <title>ASF JIRA</title>
    <link>https://issues.apache.org/jira</link>
    <description>This file is an XML representation of an issue</description>
    <language>en-uk</language>    <build-info>
        <version>6.3.4</version>
        <build-number>6332</build-number>
        <build-date>15-08-2014</build-date>
    </build-info>

<item>
            <title>[HBASE-102] Master GUI does not handle the redeployment of the meta table.</title>
                <link>https://issues.apache.org/jira/browse/HBASE-102</link>
                <project id="12310753" key="HBASE">HBase</project>
                    <description>&lt;p&gt;Master GUI does not handle the redeployment of the meta table. If one of the region servers fail when hosting the .META. looks like its cache it but not looking for the new location when its not found at know location. reproduce by killing the region server hosting the META region.&lt;/p&gt;

&lt;p&gt;The below is show when the tables should be listed&lt;/p&gt;
&lt;div class=&quot;code panel&quot; style=&quot;border-width: 1px;&quot;&gt;&lt;div class=&quot;codeContent panelContent&quot;&gt;
&lt;pre class=&quot;code-java&quot;&gt;error msg : org.apache.hadoop.ipc.RemoteException: org.apache.hadoop.hbase.NotServingRegionException: .META.,,1 at org.apache.hadoop.hbase.HRegionServer.getRegion(HRegionServer.java:1674) at org.apache.hadoop.hbase.HRegionServer.getRegion(HRegionServer.java:1646) at org.apache.hadoop.hbase.HRegionServer.openScanner(HRegionServer.java:1515) at sun.reflect.NativeMethodAccessorImpl.invoke0(Native Method) at sun.reflect.NativeMethodAccessorImpl.invoke(NativeMethodAccessorImpl.java:39) at sun.reflect.DelegatingMethodAccessorImpl.invoke(DelegatingMethodAccessorImpl.java:25) at java.lang.reflect.Method.invoke(Method.java:585) at org.apache.hadoop.hbase.ipc.HbaseRPC$Server.call(HbaseRPC.java:413) at org.apache.hadoop.ipc.Server$Handler.run(Server.java:908)
&lt;/pre&gt;
&lt;/div&gt;&lt;/div&gt;</description>
                <environment></environment>
        <key id="12386435">HBASE-102</key>
            <summary>Master GUI does not handle the redeployment of the meta table.</summary>
                <type id="1" iconUrl="https://issues.apache.org/jira/images/icons/issuetypes/bug.png">Bug</type>
                                            <priority id="4" iconUrl="https://issues.apache.org/jira/images/icons/priorities/minor.png">Minor</priority>
                        <status id="6" iconUrl="https://issues.apache.org/jira/images/icons/statuses/closed.png" description="The issue is considered finished, the resolution is correct. Issues which are closed can be reopened.">Closed</status>
                    <statusCategory id="3" key="done" colorName="green"/>
                                    <resolution id="3">Duplicate</resolution>
                                        <assignee username="-1">Unassigned</assignee>
                                    <reporter username="viper799">Billy Pearson</reporter>
                        <labels>
                    </labels>
                <created>Wed, 16 Jan 2008 22:49:49 +0000</created>
                <updated>Mon, 4 Feb 2008 18:40:40 +0000</updated>
                            <resolved>Mon, 21 Jan 2008 16:32:19 +0000</resolved>
                                                                        <due></due>
                            <votes>0</votes>
                                    <watches>0</watches>
                                                                <comments>
                            <comment id="12559717" author="viper799" created="Wed, 16 Jan 2008 22:51:10 +0000"  >&lt;p&gt;the above message is shown when the region server that was hosting the meta table is back online its shows a connection error if its off line&lt;/p&gt;</comment>
                            <comment id="12559834" author="stack" created="Thu, 17 Jan 2008 06:56:03 +0000"  >&lt;p&gt;This seems to happen to everyones cluster at one time or another.&lt;/p&gt;</comment>
                            <comment id="12560760" author="stack" created="Sun, 20 Jan 2008 02:00:36 +0000"  >&lt;p&gt;I thnk this is same as &lt;a href=&quot;https://issues.apache.org/jira/browse/HBASE-170&quot; title=&quot;Web UI displays an IOException instead of the Tables&quot; class=&quot;issue-link&quot; data-issue-key=&quot;HBASE-170&quot;&gt;&lt;del&gt;HADOOP-2584&lt;/del&gt;&lt;/a&gt;.  Exception shows where the list of tables is supposed to be?&lt;/p&gt;</comment>
                            <comment id="12561052" author="stack" created="Mon, 21 Jan 2008 16:32:19 +0000"  >&lt;p&gt;Resolving as duplicate of &lt;a href=&quot;https://issues.apache.org/jira/browse/HBASE-170&quot; title=&quot;Web UI displays an IOException instead of the Tables&quot; class=&quot;issue-link&quot; data-issue-key=&quot;HBASE-170&quot;&gt;&lt;del&gt;HADOOP-2584&lt;/del&gt;&lt;/a&gt;.  Billy in description says exception is in the section where page listing is meant to be, which is same as 2584.&lt;/p&gt;</comment>
                    </comments>
                    <attachments>
                    </attachments>
                <subtasks>
                    </subtasks>
                <customfields>
                                                <customfield id="customfield_12310310" key="com.atlassian.jira.toolkit:attachments">
                        <customfieldname>Attachment count</customfieldname>
                        <customfieldvalues>
                            <customfieldvalue>0.0</customfieldvalue>
                        </customfieldvalues>
                    </customfield>
                                                                                                                                                                                                                                                                                                                                                                                                                                                                                                                                <customfield id="customfield_12310220" key="com.atlassian.jira.ext.charting:firstresponsedate">
                        <customfieldname>Date of First Response</customfieldname>
                        <customfieldvalues>
                            <customfieldvalue>Thu, 17 Jan 2008 06:56:03 +0000</customfieldvalue>

                        </customfieldvalues>
                    </customfield>
                                                                                                                                                                                                                                                                                                                                                                                                                                            <customfield id="customfield_12310420" key="com.pyxis.greenhopper.jira:gh-global-rank">
                        <customfieldname>Global Rank</customfieldname>
                        <customfieldvalues>
                            <customfieldvalue>24886</customfieldvalue>
                        </customfieldvalues>
                    </customfield>
                                                                                                                                                    <customfield id="customfield_12312521" key="com.atlassian.jira.toolkit:LastCommentDate">
                        <customfieldname>Last public comment date</customfieldname>
                        <customfieldvalues>
                            8 years, 48 weeks, 4 days ago
                        </customfieldvalues>
                    </customfield>
                                                                                            <customfield id="customfield_12311820" key="com.pyxis.greenhopper.jira:gh-lexo-rank">
                        <customfieldname>Rank</customfieldname>
                        <customfieldvalues>
                            <customfieldvalue>0|i0h4br:</customfieldvalue>

                        </customfieldvalues>
                    </customfield>
                                                                <customfield id="customfield_12310920" key="com.pyxis.greenhopper.jira:gh-global-rank">
                        <customfieldname>Rank (Obsolete)</customfieldname>
                        <customfieldvalues>
                            <customfieldvalue>97963</customfieldvalue>
                        </customfieldvalues>
                    </customfield>
                                                                                                                                                                                                                                                                                                <customfield id="customfield_12310222" key="com.atlassian.jira.ext.charting:timeinstatus">
                        <customfieldname>Time in Status</customfieldname>
                        <customfieldvalues>
                            
                        </customfieldvalues>
                    </customfield>
                                                                                                                        </customfields>
    </item>
</channel>
</rss>