<!-- 
RSS generated by JIRA (6.3.4#6332-sha1:51bc225ef474afe3128b2f66878477f322397b16) at Fri Dec 16 18:47:57 UTC 2016

It is possible to restrict the fields that are returned in this document by specifying the 'field' parameter in your request.
For example, to request only the issue key and summary add field=key&field=summary to the URL of your request.
For example:
https://issues.apache.org/jira/si/jira.issueviews:issue-xml/HBASE-835/HBASE-835.xml?field=key&amp;field=summary
-->
<rss version="0.92" >
<channel>
    <title>ASF JIRA</title>
    <link>https://issues.apache.org/jira</link>
    <description>This file is an XML representation of an issue</description>
    <language>en-uk</language>    <build-info>
        <version>6.3.4</version>
        <build-number>6332</build-number>
        <build-date>15-08-2014</build-date>
    </build-info>

<item>
            <title>[HBASE-835] add test coverag ereport in hudson build</title>
                <link>https://issues.apache.org/jira/browse/HBASE-835</link>
                <project id="12310753" key="HBASE">HBase</project>
                    <description>&lt;p&gt;In &lt;a href=&quot;https://issues.apache.org/jira/browse/HBASE-789&quot; title=&quot;add clover coverage report targets&quot; class=&quot;issue-link&quot; data-issue-key=&quot;HBASE-789&quot;&gt;&lt;del&gt;HBASE-789&lt;/del&gt;&lt;/a&gt;, we have coverage report targets added in build.xml. We need to tweak the hudson build so that it can automatically calls the coverage report target for us, just like Hadoop.&lt;/p&gt;</description>
                <environment></environment>
        <key id="12402503">HBASE-835</key>
            <summary>add test coverag ereport in hudson build</summary>
                <type id="6" iconUrl="https://issues.apache.org/jira/images/icons/issuetypes/requirement.png">Test</type>
                                            <priority id="2" iconUrl="https://issues.apache.org/jira/images/icons/priorities/critical.png">Critical</priority>
                        <status id="6" iconUrl="https://issues.apache.org/jira/images/icons/statuses/closed.png" description="The issue is considered finished, the resolution is correct. Issues which are closed can be reopened.">Closed</status>
                    <statusCategory id="3" key="done" colorName="green"/>
                                    <resolution id="1">Fixed</resolution>
                                        <assignee username="stack">stack</assignee>
                                    <reporter username="rafan">Rong-En Fan</reporter>
                        <labels>
                    </labels>
                <created>Sat, 16 Aug 2008 16:36:38 +0000</created>
                <updated>Sun, 13 Sep 2009 22:24:10 +0000</updated>
                            <resolved>Tue, 20 Jan 2009 01:30:47 +0000</resolved>
                                                    <fixVersion>0.20.0</fixVersion>
                                    <component>build</component>
                    <component>test</component>
                        <due></due>
                            <votes>0</votes>
                                    <watches>0</watches>
                                                                <comments>
                            <comment id="12643554" author="stack" created="Wed, 29 Oct 2008 17:53:30 +0000"  >&lt;p&gt;Try and get this in to 0.19.0.&lt;/p&gt;</comment>
                            <comment id="12657826" author="stack" created="Thu, 18 Dec 2008 17:37:35 +0000"  >&lt;p&gt;From Rong-en: &lt;a href=&quot;https://issues.apache.org/jira/browse/HADOOP-3921&quot; title=&quot;Clover breaks nightly builds&quot; class=&quot;issue-link&quot; data-issue-key=&quot;HADOOP-3921&quot;&gt;&lt;del&gt;HADOOP-3921&lt;/del&gt;&lt;/a&gt;&lt;/p&gt;</comment>
                            <comment id="12658195" author="stack" created="Fri, 19 Dec 2008 21:46:17 +0000"  >&lt;p&gt;Rong-en, did you see that clover caused build fail again?&lt;/p&gt;</comment>
                            <comment id="12658269" author="rafan" created="Sat, 20 Dec 2008 06:09:03 +0000"  >&lt;p&gt;didn&apos;t see until you say so. Now I see they revert the changes. Can we try this in hbase and see if it works or not?&lt;/p&gt;</comment>
                            <comment id="12658335" author="stack" created="Sat, 20 Dec 2008 23:23:33 +0000"  >&lt;p&gt;I&apos;d imagine that since same build environment and build tools, we&apos;d suffer from whatever hadoop is prone to.  Lets wait on their fix first.  I also think that we should move this issue out of 0.19.0 since it can be done anytime &amp;#8211; its not something that is bundled with a release but rather effects hudson, the build box.&lt;/p&gt;</comment>
                            <comment id="12658341" author="rafan" created="Sun, 21 Dec 2008 02:35:12 +0000"  >&lt;p&gt;agree to move out 0.19. this can be done at anytime.&lt;/p&gt;</comment>
                            <comment id="12658342" author="rafan" created="Sun, 21 Dec 2008 02:36:46 +0000"  >&lt;p&gt;agree to move out of 0.19.&lt;/p&gt;</comment>
                            <comment id="12658343" author="stack" created="Sun, 21 Dec 2008 02:38:54 +0000"  >&lt;p&gt;Thanks Rong-en.  Marking it critical so it keeps our attention.  Lets fix it when the hadoop fellas figure it.&lt;/p&gt;</comment>
                            <comment id="12665305" author="stack" created="Tue, 20 Jan 2009 01:30:47 +0000"  >&lt;p&gt;Clover reports now show on hbase-patch page after commit of hbase-1139 and enabling clover generation as part of hbase patch build.  See &lt;a href=&quot;http://hudson.zones.apache.org/hudson/job/HBase-Patch/clover/&quot; class=&quot;external-link&quot; rel=&quot;nofollow&quot;&gt;http://hudson.zones.apache.org/hudson/job/HBase-Patch/clover/&lt;/a&gt;.&lt;/p&gt;</comment>
                            <comment id="12665306" author="stack" created="Tue, 20 Jan 2009 01:32:29 +0000"  >&lt;p&gt;Our coverage ain&apos;t abysmal: Coverage 492 classes, 13,470 / 33,127 elements 40.7% 	0.40661696&lt;/p&gt;

&lt;p&gt;Thanks Rong-en for pushing on this one.&lt;/p&gt;</comment>
                    </comments>
                <issuelinks>
                            <issuelinktype id="10032">
                    <name>Blocker</name>
                                                                <inwardlinks description="is blocked by">
                                        <issuelink>
            <issuekey id="12412780">HBASE-1139</issuekey>
        </issuelink>
                            </inwardlinks>
                                    </issuelinktype>
                    </issuelinks>
                <attachments>
                    </attachments>
                <subtasks>
                    </subtasks>
                <customfields>
                                                <customfield id="customfield_12310310" key="com.atlassian.jira.toolkit:attachments">
                        <customfieldname>Attachment count</customfieldname>
                        <customfieldvalues>
                            <customfieldvalue>0.0</customfieldvalue>
                        </customfieldvalues>
                    </customfield>
                                                                                                                                                                                                                                                                                                                                                                                                                                                                                                                                <customfield id="customfield_12310220" key="com.atlassian.jira.ext.charting:firstresponsedate">
                        <customfieldname>Date of First Response</customfieldname>
                        <customfieldvalues>
                            <customfieldvalue>Wed, 29 Oct 2008 17:53:30 +0000</customfieldvalue>

                        </customfieldvalues>
                    </customfield>
                                                                                                                                                                                                                                                                                                                                                                                                                                            <customfield id="customfield_12310420" key="com.pyxis.greenhopper.jira:gh-global-rank">
                        <customfieldname>Global Rank</customfieldname>
                        <customfieldvalues>
                            <customfieldvalue>31869</customfieldvalue>
                        </customfieldvalues>
                    </customfield>
                                                                                                                                                    <customfield id="customfield_12312521" key="com.atlassian.jira.toolkit:LastCommentDate">
                        <customfieldname>Last public comment date</customfieldname>
                        <customfieldvalues>
                            7 years, 48 weeks, 3 days ago
                        </customfieldvalues>
                    </customfield>
                                                                                            <customfield id="customfield_12311820" key="com.pyxis.greenhopper.jira:gh-lexo-rank">
                        <customfieldname>Rank</customfieldname>
                        <customfieldvalues>
                            <customfieldvalue>0|i0h9qn:</customfieldvalue>

                        </customfieldvalues>
                    </customfield>
                                                                <customfield id="customfield_12310920" key="com.pyxis.greenhopper.jira:gh-global-rank">
                        <customfieldname>Rank (Obsolete)</customfieldname>
                        <customfieldvalues>
                            <customfieldvalue>98840</customfieldvalue>
                        </customfieldvalues>
                    </customfield>
                                                                                                                                                                                                                                                                                                <customfield id="customfield_12310222" key="com.atlassian.jira.ext.charting:timeinstatus">
                        <customfieldname>Time in Status</customfieldname>
                        <customfieldvalues>
                            
                        </customfieldvalues>
                    </customfield>
                                                                                                                        </customfields>
    </item>
</channel>
</rss>