<!-- 
RSS generated by JIRA (6.3.4#6332-sha1:51bc225ef474afe3128b2f66878477f322397b16) at Fri Dec 16 18:45:35 UTC 2016

It is possible to restrict the fields that are returned in this document by specifying the 'field' parameter in your request.
For example, to request only the issue key and summary add field=key&field=summary to the URL of your request.
For example:
https://issues.apache.org/jira/si/jira.issueviews:issue-xml/HBASE-577/HBASE-577.xml?field=key&amp;field=summary
-->
<rss version="0.92" >
<channel>
    <title>ASF JIRA</title>
    <link>https://issues.apache.org/jira</link>
    <description>This file is an XML representation of an issue</description>
    <language>en-uk</language>    <build-info>
        <version>6.3.4</version>
        <build-number>6332</build-number>
        <build-date>15-08-2014</build-date>
    </build-info>

<item>
            <title>[HBASE-577] NPE getting scanner</title>
                <link>https://issues.apache.org/jira/browse/HBASE-577</link>
                <project id="12310753" key="HBASE">HBase</project>
                    <description>&lt;p&gt;Saw following in a 0.1.1 install:&lt;/p&gt;

&lt;div class=&quot;code panel&quot; style=&quot;border-width: 1px;&quot;&gt;&lt;div class=&quot;codeContent panelContent&quot;&gt;
&lt;pre class=&quot;code-java&quot;&gt;2008-04-11 16:59:09,820 INFO org.apache.hadoop.ipc.Server: IPC Server handler 3 on 60020, call openScanner(enwiki_test10k,,1197341035929, &lt;span class=&quot;code-keyword&quot;&gt;null&lt;/span&gt;, k4xE4Y6SK4dq7I2F2uhRn-==, 9223372036854775807, &lt;span class=&quot;code-keyword&quot;&gt;null&lt;/span&gt;) from 208.76.44.136:39230: error: java.io.IOException: java.lang.NullPointerException
java.io.IOException: java.lang.NullPointerException
        at org.apache.hadoop.hbase.HRegion.getScanner(HRegion.java:1195)
        at org.apache.hadoop.hbase.HRegionServer.openScanner(HRegionServer.java:1449)
        at sun.reflect.GeneratedMethodAccessor9.invoke(Unknown Source)
        at sun.reflect.DelegatingMethodAccessorImpl.invoke(Unknown Source)
        at java.lang.reflect.Method.invoke(Unknown Source)
        at org.apache.hadoop.hbase.ipc.HbaseRPC$Server.call(HbaseRPC.java:413)
        at org.apache.hadoop.ipc.Server$Handler.run(Server.java:910)
&lt;/pre&gt;
&lt;/div&gt;&lt;/div&gt;</description>
                <environment></environment>
        <key id="12393838">HBASE-577</key>
            <summary>NPE getting scanner</summary>
                <type id="1" iconUrl="https://issues.apache.org/jira/images/icons/issuetypes/bug.png">Bug</type>
                                            <priority id="1" iconUrl="https://issues.apache.org/jira/images/icons/priorities/blocker.png">Blocker</priority>
                        <status id="6" iconUrl="https://issues.apache.org/jira/images/icons/statuses/closed.png" description="The issue is considered finished, the resolution is correct. Issues which are closed can be reopened.">Closed</status>
                    <statusCategory id="3" key="done" colorName="green"/>
                                    <resolution id="1">Fixed</resolution>
                                        <assignee username="jimk">Jim Kellerman</assignee>
                                    <reporter username="stack">stack</reporter>
                        <labels>
                    </labels>
                <created>Sun, 13 Apr 2008 17:55:07 +0000</created>
                <updated>Fri, 22 Aug 2008 21:13:13 +0000</updated>
                            <resolved>Mon, 14 Apr 2008 19:26:30 +0000</resolved>
                                    <version>0.1.2</version>
                                    <fixVersion>0.1.2</fixVersion>
                    <fixVersion>0.2.0</fixVersion>
                                        <due></due>
                            <votes>0</votes>
                                    <watches>0</watches>
                                                                <comments>
                            <comment id="12588664" author="stack" created="Mon, 14 Apr 2008 18:02:25 +0000"  >&lt;p&gt;Could have been stacktrace from patched 0.16.0. If so, here is the code that was running with line numbers:&lt;/p&gt;

&lt;div class=&quot;code panel&quot; style=&quot;border-width: 1px;&quot;&gt;&lt;div class=&quot;codeContent panelContent&quot;&gt;
&lt;pre class=&quot;code-java&quot;&gt;
   1186   &lt;span class=&quot;code-keyword&quot;&gt;public&lt;/span&gt; HScannerInterface getScanner(Text[] cols, Text firstRow,
   1187       &lt;span class=&quot;code-object&quot;&gt;long&lt;/span&gt; timestamp, RowFilterInterface filter) &lt;span class=&quot;code-keyword&quot;&gt;throws&lt;/span&gt; IOException {
   1188     lock.readLock().lock();
   1189     &lt;span class=&quot;code-keyword&quot;&gt;try&lt;/span&gt; {
   1190       &lt;span class=&quot;code-keyword&quot;&gt;if&lt;/span&gt; (&lt;span class=&quot;code-keyword&quot;&gt;this&lt;/span&gt;.closed.get()) {
   1191         &lt;span class=&quot;code-keyword&quot;&gt;throw&lt;/span&gt; &lt;span class=&quot;code-keyword&quot;&gt;new&lt;/span&gt; IOException(&lt;span class=&quot;code-quote&quot;&gt;&quot;Region &quot;&lt;/span&gt; + &lt;span class=&quot;code-keyword&quot;&gt;this&lt;/span&gt;.getRegionName().toString() +
   1192           &lt;span class=&quot;code-quote&quot;&gt;&quot; closed&quot;&lt;/span&gt;);
   1193       }
   1194       TreeSet&amp;lt;Text&amp;gt; families = &lt;span class=&quot;code-keyword&quot;&gt;new&lt;/span&gt; TreeSet&amp;lt;Text&amp;gt;();
   1195       &lt;span class=&quot;code-keyword&quot;&gt;for&lt;/span&gt;(&lt;span class=&quot;code-object&quot;&gt;int&lt;/span&gt; i = 0; i &amp;lt; cols.length; i++) {
   1196         families.add(HStoreKey.extractFamily(cols[i]));
   1197       }
   1198       List&amp;lt;HStore&amp;gt; storelist = &lt;span class=&quot;code-keyword&quot;&gt;new&lt;/span&gt; ArrayList&amp;lt;HStore&amp;gt;();
   1199       &lt;span class=&quot;code-keyword&quot;&gt;for&lt;/span&gt; (Text family: families) {
   1200         HStore s = stores.get(family);
   1201         &lt;span class=&quot;code-keyword&quot;&gt;if&lt;/span&gt; (s == &lt;span class=&quot;code-keyword&quot;&gt;null&lt;/span&gt;) {
   1202           &lt;span class=&quot;code-keyword&quot;&gt;continue&lt;/span&gt;;
   1203         }
   1204         storelist.add(stores.get(family));
   1205 
   1206       }
   1207       &lt;span class=&quot;code-keyword&quot;&gt;return&lt;/span&gt; &lt;span class=&quot;code-keyword&quot;&gt;new&lt;/span&gt; HScanner(cols, firstRow, timestamp,
   1208         storelist.toArray(&lt;span class=&quot;code-keyword&quot;&gt;new&lt;/span&gt; HStore [storelist.size()]), filter);
   1209     } &lt;span class=&quot;code-keyword&quot;&gt;finally&lt;/span&gt; {
   1210       lock.readLock().unlock();
   1211     }
   1212   }
&lt;/pre&gt;
&lt;/div&gt;&lt;/div&gt;</comment>
                            <comment id="12588714" author="jimk" created="Mon, 14 Apr 2008 18:58:56 +0000"  >&lt;p&gt;Checks arguments in HRegionServer.openScanner for null, if so throws IOException that wraps NPE.&lt;/p&gt;</comment>
                            <comment id="12588715" author="jimk" created="Mon, 14 Apr 2008 18:59:20 +0000"  >&lt;p&gt;Please review.&lt;/p&gt;</comment>
                            <comment id="12588721" author="stack" created="Mon, 14 Apr 2008 19:05:46 +0000"  >&lt;p&gt;+1&lt;/p&gt;</comment>
                            <comment id="12588733" author="jimk" created="Mon, 14 Apr 2008 19:26:30 +0000"  >&lt;p&gt;Committed to 0.1.2 and trunk.&lt;/p&gt;</comment>
                    </comments>
                    <attachments>
                            <attachment id="12380091" name="patch.txt" size="1008" author="jimk" created="Mon, 14 Apr 2008 18:58:56 +0000"/>
                    </attachments>
                <subtasks>
                    </subtasks>
                <customfields>
                                                <customfield id="customfield_12310310" key="com.atlassian.jira.toolkit:attachments">
                        <customfieldname>Attachment count</customfieldname>
                        <customfieldvalues>
                            <customfieldvalue>1.0</customfieldvalue>
                        </customfieldvalues>
                    </customfield>
                                                                                                                                                                                                                                                                                                                                                                                                                                                                                                                                <customfield id="customfield_12310220" key="com.atlassian.jira.ext.charting:firstresponsedate">
                        <customfieldname>Date of First Response</customfieldname>
                        <customfieldvalues>
                            <customfieldvalue>Mon, 14 Apr 2008 18:58:56 +0000</customfieldvalue>

                        </customfieldvalues>
                    </customfield>
                                                                                                                                                                                                                                                                                                                                                                                                                                            <customfield id="customfield_12310420" key="com.pyxis.greenhopper.jira:gh-global-rank">
                        <customfieldname>Global Rank</customfieldname>
                        <customfieldvalues>
                            <customfieldvalue>25274</customfieldvalue>
                        </customfieldvalues>
                    </customfield>
                                                                                                                                                    <customfield id="customfield_12312521" key="com.atlassian.jira.toolkit:LastCommentDate">
                        <customfieldname>Last public comment date</customfieldname>
                        <customfieldvalues>
                            8 years, 36 weeks, 3 days ago
                        </customfieldvalues>
                    </customfield>
                                                                                            <customfield id="customfield_12311820" key="com.pyxis.greenhopper.jira:gh-lexo-rank">
                        <customfieldname>Rank</customfieldname>
                        <customfieldvalues>
                            <customfieldvalue>0|i0h85r:</customfieldvalue>

                        </customfieldvalues>
                    </customfield>
                                                                <customfield id="customfield_12310920" key="com.pyxis.greenhopper.jira:gh-global-rank">
                        <customfieldname>Rank (Obsolete)</customfieldname>
                        <customfieldvalues>
                            <customfieldvalue>98584</customfieldvalue>
                        </customfieldvalues>
                    </customfield>
                                                                                                                                                                                                                                                                                                <customfield id="customfield_12310222" key="com.atlassian.jira.ext.charting:timeinstatus">
                        <customfieldname>Time in Status</customfieldname>
                        <customfieldvalues>
                            
                        </customfieldvalues>
                    </customfield>
                                                                                                                        </customfields>
    </item>
</channel>
</rss>