<!-- 
RSS generated by JIRA (6.3.4#6332-sha1:51bc225ef474afe3128b2f66878477f322397b16) at Fri Dec 16 18:43:07 UTC 2016

It is possible to restrict the fields that are returned in this document by specifying the 'field' parameter in your request.
For example, to request only the issue key and summary add field=key&field=summary to the URL of your request.
For example:
https://issues.apache.org/jira/si/jira.issueviews:issue-xml/HBASE-316/HBASE-316.xml?field=key&amp;field=summary
-->
<rss version="0.92" >
<channel>
    <title>ASF JIRA</title>
    <link>https://issues.apache.org/jira</link>
    <description>This file is an XML representation of an issue</description>
    <language>en-uk</language>    <build-info>
        <version>6.3.4</version>
        <build-number>6332</build-number>
        <build-date>15-08-2014</build-date>
    </build-info>

<item>
            <title>[HBASE-316] [hbase] Increase parallelism in region servers</title>
                <link>https://issues.apache.org/jira/browse/HBASE-316</link>
                <project id="12310753" key="HBASE">HBase</project>
                    <description>&lt;p&gt;There are a number of paths in the region server which block against one another including:&lt;/p&gt;
&lt;ul class=&quot;alternate&quot; type=&quot;square&quot;&gt;
	&lt;li&gt;log rolling&lt;/li&gt;
	&lt;li&gt;cache flushes&lt;/li&gt;
	&lt;li&gt;region splitting&lt;/li&gt;
	&lt;li&gt;updates&lt;/li&gt;
	&lt;li&gt;scanners&lt;/li&gt;
&lt;/ul&gt;


&lt;p&gt;Investigate which can proceed in parallel and mechanisms for making some operations that currently do not run in parallel.&lt;/p&gt;</description>
                <environment></environment>
        <key id="12381639">HBASE-316</key>
            <summary>[hbase] Increase parallelism in region servers</summary>
                <type id="1" iconUrl="https://issues.apache.org/jira/images/icons/issuetypes/bug.png">Bug</type>
                                            <priority id="3" iconUrl="https://issues.apache.org/jira/images/icons/priorities/major.png">Major</priority>
                        <status id="6" iconUrl="https://issues.apache.org/jira/images/icons/statuses/closed.png" description="The issue is considered finished, the resolution is correct. Issues which are closed can be reopened.">Closed</status>
                    <statusCategory id="3" key="done" colorName="green"/>
                                    <resolution id="1">Fixed</resolution>
                                        <assignee username="-1">Unassigned</assignee>
                                    <reporter username="jimk">Jim Kellerman</reporter>
                        <labels>
                    </labels>
                <created>Thu, 1 Nov 2007 17:46:09 +0000</created>
                <updated>Fri, 22 Aug 2008 21:34:59 +0000</updated>
                            <resolved>Sun, 25 Nov 2007 07:19:37 +0000</resolved>
                                                                        <due></due>
                            <votes>0</votes>
                                    <watches>0</watches>
                                                                <comments>
                            <comment id="12540613" author="jimk" created="Tue, 6 Nov 2007 22:46:22 +0000"  >&lt;p&gt;Currently.....&lt;/p&gt;

&lt;p&gt;Scans vs Updates:&lt;/p&gt;

&lt;p&gt;Currently, scans block updates for an entire region, even if the column(s) being scanned are completely unrelated to the one(s) being updated.&lt;/p&gt;

&lt;p&gt;Ideally, we should be able to continue to accept updates even for columns being scanned. In this case, the scanner would not see updates that happened after the scan started.&lt;/p&gt;

&lt;p&gt;Scans vs Cache Flush:&lt;/p&gt;

&lt;p&gt;An open scanner will block a cache flush for a region. The reverse is also true, but cache flushes are more likely to be faster. The contention is both on the memcache and the HStores. If, as in scans vs updates, a scanner is given a snapshot of the HStore that is immutable,  a cache flush could proceed independently of a scan if we snapshotted the memcache and the HStores for the scan. The scan would get what&apos;s current at the time the scanner started, cache flush could do its thing with out interfering.&lt;/p&gt;

&lt;p&gt;Compactions vs...&lt;/p&gt;

&lt;p&gt;Compactions contend with almost any other operation (except log rolling) at the HStore level, and that is when the compaction is complete. If we did compactions at the column level, uncontested columns could get compacted and when the other HStores became free, could do the compaction and get out as the interval of contention is so small.&lt;/p&gt;

&lt;p&gt;Splits vs...&lt;/p&gt;

&lt;p&gt;Unlike other operations, splits really do need to function at the region level.  (because that is the level of granularity in the META region).&lt;/p&gt;

&lt;p&gt;You can&apos;t split a region if it is being scanned, updated, is processing get or getFull, or if it is being compacted.  Interestingly, today a cache flush only contends with a split at the memcache or hstore level, although it probably should contend at the region level.&lt;/p&gt;

&lt;p&gt;Log Rolling vs update, cache flush:&lt;/p&gt;

&lt;p&gt;Log rolling blocks updates and vice versa. Similarly for log rolling and cache flushes.&lt;/p&gt;

&lt;p&gt;Updates vs cache flushes are mutually exclusive w.r.t. accessing HLog.&lt;/p&gt;
</comment>
                            <comment id="12540617" author="jimk" created="Tue, 6 Nov 2007 23:05:56 +0000"  >&lt;p&gt;Strategy:&lt;/p&gt;

&lt;p&gt;Associate memcache with HStore instead of HRegion - reduces contention between most other ops and scanners.&lt;/p&gt;

&lt;p&gt;If a scanner is open on a memcache, and an update arrives, push the memcache on a stack and create a new memcache for the update. This is unlikely to cause the generation of a lot of memcaches since scanners don&apos;t get created nearly as often.&lt;/p&gt;

&lt;p&gt;All operations other than Split lock the region for read. Locks for portions of a region will be contended at the column level.&lt;/p&gt;

&lt;p&gt;Splits need to lock the region for write since this is the only operation that cannot proceed in parallel with others.&lt;/p&gt;</comment>
                            <comment id="12540637" author="stack" created="Wed, 7 Nov 2007 00:42:40 +0000"  >&lt;p&gt;Looks good. &lt;/p&gt;

&lt;p&gt;On &apos;Scans vs Cache Flush&apos;, if a flush is allowed while an outstanding scanner is running against a &apos;snapshot&apos; of hstores and some subset of memcache, for periods won&apos;t we have two copies of data; the memory that is being flushed but which cannot be let go because it has an outstanding scanner running against it and then the new flushed hstore on disk.&lt;/p&gt;

&lt;p&gt;Accounting will be gnarly.  On scanner close, will have to check what of the memcache we can let go (because its been successfully flushed).&lt;/p&gt;</comment>
                            <comment id="12540639" author="jimk" created="Wed, 7 Nov 2007 00:50:27 +0000"  >&lt;p&gt;Yes, the accounting on a per column basis will get more complicated, but I think the improved parallelism will be worth it.&lt;/p&gt;</comment>
                            <comment id="12540640" author="jimk" created="Wed, 7 Nov 2007 00:53:36 +0000"  >&lt;p&gt;spreadsheet documenting locking dependencies&lt;/p&gt;</comment>
                            <comment id="12540842" author="jimk" created="Wed, 7 Nov 2007 19:00:18 +0000"  >&lt;p&gt;It should be noted that compactions and splits never contend with each other because they are done sequentially.&lt;/p&gt;</comment>
                            <comment id="12541667" author="jimk" created="Sun, 11 Nov 2007 23:04:02 +0000"  >&lt;p&gt;Matrix of operations and what it takes to make each compatible with the others&lt;/p&gt;</comment>
                            <comment id="12541857" author="jimk" created="Mon, 12 Nov 2007 17:49:33 +0000"  >&lt;p&gt;Revised.&lt;/p&gt;</comment>
                            <comment id="12541868" author="jimk" created="Mon, 12 Nov 2007 18:02:49 +0000"  >&lt;p&gt;2nd revision&lt;/p&gt;</comment>
                            <comment id="12541872" author="jimk" created="Mon, 12 Nov 2007 18:07:03 +0000"  >&lt;p&gt;3rd (and hopefully last) revision&lt;/p&gt;</comment>
                            <comment id="12542004" author="jimk" created="Tue, 13 Nov 2007 00:34:50 +0000"  >&lt;p&gt;everything except splits finalized (I hope),&lt;/p&gt;</comment>
                            <comment id="12543482" author="jimk" created="Mon, 19 Nov 2007 07:54:19 +0000"  >&lt;p&gt;There are a lot of changes in this patch. The memcache has been changed from a per/region object to a per/column object, and HLocking has been removed since we do not have to maintain any locks across RPC calls. &lt;/p&gt;

&lt;p&gt;This necessitated major changes to HRegion and HStore&lt;/p&gt;

&lt;p&gt;Additionally there were many changes required to the unit tests since they tend to exploit some private interfaces that weren&apos;t designed to be public. Some of those interfaces changed so the test cases did as well.&lt;/p&gt;

&lt;p&gt;This patch is the result of extensive analysis of the multiple threads in HBase that contend for shared resources: updates, reads, scanners, cache flushing, compaction and region splitting.&lt;/p&gt;

&lt;p&gt;Many of the tests are timing sensitive, and since we tend to make &quot;dormant&quot; intervals as short as possible to speed up the Hudson build, we may go through several iterations of getting them right before Hudson is happy. This is especially true since two test cases failed on my dual cpu windows machine while running the tests under Ant, but ran fine under Eclipse.&lt;/p&gt;

&lt;p&gt;However, now that the tests are passing locally, I believe the changes are doing the right thing, but may require some parameter tweaks.&lt;/p&gt;</comment>
                            <comment id="12543483" author="jimk" created="Mon, 19 Nov 2007 07:55:41 +0000"  >&lt;p&gt;Works locally. Hopefully Hudson agrees.&lt;/p&gt;</comment>
                            <comment id="12543621" author="jimk" created="Mon, 19 Nov 2007 17:32:51 +0000"  >&lt;p&gt;Once this patch passes muster,  there are more ways in which we could reduce wasted activity in the region server:&lt;/p&gt;

&lt;ul class=&quot;alternate&quot; type=&quot;square&quot;&gt;
	&lt;li&gt;each region knows when it needs flushing. If it had a mechanism to notify the region server, the flusher thread could wait for a &quot;flush me&quot; request to arrive, and could wake up periodically (like 1/10 of what it does now)  to flush regions that have not been flushed recently. Currently it has a counter, and if the counter exceeds that threshold, it flushes the region anyway (if it has any unflushed updates). Using this mechanism, the cache flusher thread would run far less frequently, but would run when required for regions receiving a lot of updates.&lt;/li&gt;
&lt;/ul&gt;


&lt;ul class=&quot;alternate&quot; type=&quot;square&quot;&gt;
	&lt;li&gt;there is no need to check to see if a region needs compacting unless it has been flushed. The flusher thread could notify the compact/split thread after it does a flush.&lt;/li&gt;
&lt;/ul&gt;


&lt;ul class=&quot;alternate&quot; type=&quot;square&quot;&gt;
	&lt;li&gt;we currently do not even try to do a region split unless it has been compacted. The region server could keep track of the amount of data that has been flushed to a region since the last split. when the split threshold is crossed, then it should do a split.&lt;/li&gt;
&lt;/ul&gt;


&lt;p&gt;These changes would eliminate a lot of  &quot;busy work&quot; done by the region server.&lt;/p&gt;</comment>
                            <comment id="12543685" author="jimk" created="Mon, 19 Nov 2007 20:56:45 +0000"  >&lt;p&gt;Add common code to shut down mini dfs.&lt;/p&gt;</comment>
                            <comment id="12543687" author="jimk" created="Mon, 19 Nov 2007 20:59:21 +0000"  >&lt;p&gt;Added common code to close and shutdown mini dfs.&lt;/p&gt;</comment>
                            <comment id="12543759" author="hadoopqa" created="Tue, 20 Nov 2007 02:46:46 +0000"  >&lt;p&gt;-1 overall.  Here are the results of testing the latest attachment &lt;br/&gt;
&lt;a href=&quot;http://issues.apache.org/jira/secure/attachment/12369817/patch.txt&quot; class=&quot;external-link&quot; rel=&quot;nofollow&quot;&gt;http://issues.apache.org/jira/secure/attachment/12369817/patch.txt&lt;/a&gt;&lt;br/&gt;
against trunk revision r596495.&lt;/p&gt;

&lt;p&gt;    @author +1.  The patch does not contain any @author tags.&lt;/p&gt;

&lt;p&gt;    javadoc +1.  The javadoc tool did not generate any warning messages.&lt;/p&gt;

&lt;p&gt;    javac +1.  The applied patch does not generate any new compiler warnings.&lt;/p&gt;

&lt;p&gt;    findbugs +1.  The patch does not introduce any new Findbugs warnings.&lt;/p&gt;

&lt;p&gt;    core tests +1.  The patch passed core unit tests.&lt;/p&gt;

&lt;p&gt;    contrib tests -1.  The patch failed contrib unit tests.&lt;/p&gt;

&lt;p&gt;Test results: &lt;a href=&quot;http://lucene.zones.apache.org:8080/hudson/job/Hadoop-Patch/1120/testReport/&quot; class=&quot;external-link&quot; rel=&quot;nofollow&quot;&gt;http://lucene.zones.apache.org:8080/hudson/job/Hadoop-Patch/1120/testReport/&lt;/a&gt;&lt;br/&gt;
Findbugs warnings: &lt;a href=&quot;http://lucene.zones.apache.org:8080/hudson/job/Hadoop-Patch/1120/artifact/trunk/build/test/findbugs/newPatchFindbugsWarnings.html&quot; class=&quot;external-link&quot; rel=&quot;nofollow&quot;&gt;http://lucene.zones.apache.org:8080/hudson/job/Hadoop-Patch/1120/artifact/trunk/build/test/findbugs/newPatchFindbugsWarnings.html&lt;/a&gt;&lt;br/&gt;
Checkstyle results: &lt;a href=&quot;http://lucene.zones.apache.org:8080/hudson/job/Hadoop-Patch/1120/artifact/trunk/build/test/checkstyle-errors.html&quot; class=&quot;external-link&quot; rel=&quot;nofollow&quot;&gt;http://lucene.zones.apache.org:8080/hudson/job/Hadoop-Patch/1120/artifact/trunk/build/test/checkstyle-errors.html&lt;/a&gt;&lt;br/&gt;
Console output: &lt;a href=&quot;http://lucene.zones.apache.org:8080/hudson/job/Hadoop-Patch/1120/console&quot; class=&quot;external-link&quot; rel=&quot;nofollow&quot;&gt;http://lucene.zones.apache.org:8080/hudson/job/Hadoop-Patch/1120/console&lt;/a&gt;&lt;/p&gt;

&lt;p&gt;This message is automatically generated.&lt;/p&gt;</comment>
                            <comment id="12543766" author="jimk" created="Tue, 20 Nov 2007 03:26:28 +0000"  >&lt;p&gt;Slow down thread wake frequency on TestMasterAdmin so that other threads can run.&lt;/p&gt;</comment>
                            <comment id="12543869" author="hadoopqa" created="Tue, 20 Nov 2007 11:26:16 +0000"  >&lt;p&gt;-1 overall.  Here are the results of testing the latest attachment &lt;br/&gt;
&lt;a href=&quot;http://issues.apache.org/jira/secure/attachment/12369843/patch.txt&quot; class=&quot;external-link&quot; rel=&quot;nofollow&quot;&gt;http://issues.apache.org/jira/secure/attachment/12369843/patch.txt&lt;/a&gt;&lt;br/&gt;
against trunk revision r596495.&lt;/p&gt;

&lt;p&gt;    @author +1.  The patch does not contain any @author tags.&lt;/p&gt;

&lt;p&gt;    javadoc +1.  The javadoc tool did not generate any warning messages.&lt;/p&gt;

&lt;p&gt;    javac +1.  The applied patch does not generate any new compiler warnings.&lt;/p&gt;

&lt;p&gt;    findbugs +1.  The patch does not introduce any new Findbugs warnings.&lt;/p&gt;

&lt;p&gt;    core tests -1.  The patch failed core unit tests.&lt;/p&gt;

&lt;p&gt;    contrib tests -1.  The patch failed contrib unit tests.&lt;/p&gt;

&lt;p&gt;Test results: &lt;a href=&quot;http://lucene.zones.apache.org:8080/hudson/job/Hadoop-Patch/1124/testReport/&quot; class=&quot;external-link&quot; rel=&quot;nofollow&quot;&gt;http://lucene.zones.apache.org:8080/hudson/job/Hadoop-Patch/1124/testReport/&lt;/a&gt;&lt;br/&gt;
Findbugs warnings: &lt;a href=&quot;http://lucene.zones.apache.org:8080/hudson/job/Hadoop-Patch/1124/artifact/trunk/build/test/findbugs/newPatchFindbugsWarnings.html&quot; class=&quot;external-link&quot; rel=&quot;nofollow&quot;&gt;http://lucene.zones.apache.org:8080/hudson/job/Hadoop-Patch/1124/artifact/trunk/build/test/findbugs/newPatchFindbugsWarnings.html&lt;/a&gt;&lt;br/&gt;
Checkstyle results: &lt;a href=&quot;http://lucene.zones.apache.org:8080/hudson/job/Hadoop-Patch/1124/artifact/trunk/build/test/checkstyle-errors.html&quot; class=&quot;external-link&quot; rel=&quot;nofollow&quot;&gt;http://lucene.zones.apache.org:8080/hudson/job/Hadoop-Patch/1124/artifact/trunk/build/test/checkstyle-errors.html&lt;/a&gt;&lt;br/&gt;
Console output: &lt;a href=&quot;http://lucene.zones.apache.org:8080/hudson/job/Hadoop-Patch/1124/console&quot; class=&quot;external-link&quot; rel=&quot;nofollow&quot;&gt;http://lucene.zones.apache.org:8080/hudson/job/Hadoop-Patch/1124/console&lt;/a&gt;&lt;/p&gt;

&lt;p&gt;This message is automatically generated.&lt;/p&gt;</comment>
                            <comment id="12543942" author="jimk" created="Tue, 20 Nov 2007 16:43:09 +0000"  >&lt;p&gt;MultiRegionTable was calling the optional flushcache method.&lt;br/&gt;
Added more exception handling in HBaseTestCase.addContent to give visibility into what is going wrong and when it happens.&lt;/p&gt;</comment>
                            <comment id="12543984" author="hadoopqa" created="Tue, 20 Nov 2007 18:19:15 +0000"  >&lt;p&gt;-1 overall.  Here are the results of testing the latest attachment &lt;br/&gt;
&lt;a href=&quot;http://issues.apache.org/jira/secure/attachment/12369889/patch.txt&quot; class=&quot;external-link&quot; rel=&quot;nofollow&quot;&gt;http://issues.apache.org/jira/secure/attachment/12369889/patch.txt&lt;/a&gt;&lt;br/&gt;
against trunk revision r596495.&lt;/p&gt;

&lt;p&gt;    @author +1.  The patch does not contain any @author tags.&lt;/p&gt;

&lt;p&gt;    javadoc +1.  The javadoc tool did not generate any warning messages.&lt;/p&gt;

&lt;p&gt;    javac +1.  The applied patch does not generate any new compiler warnings.&lt;/p&gt;

&lt;p&gt;    findbugs +1.  The patch does not introduce any new Findbugs warnings.&lt;/p&gt;

&lt;p&gt;    core tests +1.  The patch passed core unit tests.&lt;/p&gt;

&lt;p&gt;    contrib tests -1.  The patch failed contrib unit tests.&lt;/p&gt;

&lt;p&gt;Test results: &lt;a href=&quot;http://lucene.zones.apache.org:8080/hudson/job/Hadoop-Patch/1127/testReport/&quot; class=&quot;external-link&quot; rel=&quot;nofollow&quot;&gt;http://lucene.zones.apache.org:8080/hudson/job/Hadoop-Patch/1127/testReport/&lt;/a&gt;&lt;br/&gt;
Findbugs warnings: &lt;a href=&quot;http://lucene.zones.apache.org:8080/hudson/job/Hadoop-Patch/1127/artifact/trunk/build/test/findbugs/newPatchFindbugsWarnings.html&quot; class=&quot;external-link&quot; rel=&quot;nofollow&quot;&gt;http://lucene.zones.apache.org:8080/hudson/job/Hadoop-Patch/1127/artifact/trunk/build/test/findbugs/newPatchFindbugsWarnings.html&lt;/a&gt;&lt;br/&gt;
Checkstyle results: &lt;a href=&quot;http://lucene.zones.apache.org:8080/hudson/job/Hadoop-Patch/1127/artifact/trunk/build/test/checkstyle-errors.html&quot; class=&quot;external-link&quot; rel=&quot;nofollow&quot;&gt;http://lucene.zones.apache.org:8080/hudson/job/Hadoop-Patch/1127/artifact/trunk/build/test/checkstyle-errors.html&lt;/a&gt;&lt;br/&gt;
Console output: &lt;a href=&quot;http://lucene.zones.apache.org:8080/hudson/job/Hadoop-Patch/1127/console&quot; class=&quot;external-link&quot; rel=&quot;nofollow&quot;&gt;http://lucene.zones.apache.org:8080/hudson/job/Hadoop-Patch/1127/console&lt;/a&gt;&lt;/p&gt;

&lt;p&gt;This message is automatically generated.&lt;/p&gt;</comment>
                            <comment id="12543994" author="jimk" created="Tue, 20 Nov 2007 18:39:12 +0000"  >&lt;p&gt;Make MultiRegionTable wait longer for splits to show up.&lt;/p&gt;</comment>
                            <comment id="12543995" author="jimk" created="Tue, 20 Nov 2007 18:39:57 +0000"  >&lt;p&gt;Yet another tweak to make Hudson happy.&lt;/p&gt;</comment>
                            <comment id="12544082" author="hadoopqa" created="Tue, 20 Nov 2007 21:44:29 +0000"  >&lt;p&gt;+1 overall.  Here are the results of testing the latest attachment &lt;br/&gt;
&lt;a href=&quot;http://issues.apache.org/jira/secure/attachment/12369897/patch.txt&quot; class=&quot;external-link&quot; rel=&quot;nofollow&quot;&gt;http://issues.apache.org/jira/secure/attachment/12369897/patch.txt&lt;/a&gt;&lt;br/&gt;
against trunk revision r596495.&lt;/p&gt;

&lt;p&gt;    @author +1.  The patch does not contain any @author tags.&lt;/p&gt;

&lt;p&gt;    javadoc +1.  The javadoc tool did not generate any warning messages.&lt;/p&gt;

&lt;p&gt;    javac +1.  The applied patch does not generate any new compiler warnings.&lt;/p&gt;

&lt;p&gt;    findbugs +1.  The patch does not introduce any new Findbugs warnings.&lt;/p&gt;

&lt;p&gt;    core tests +1.  The patch passed core unit tests.&lt;/p&gt;

&lt;p&gt;    contrib tests +1.  The patch passed contrib unit tests.&lt;/p&gt;

&lt;p&gt;Test results: &lt;a href=&quot;http://lucene.zones.apache.org:8080/hudson/job/Hadoop-Patch/1129/testReport/&quot; class=&quot;external-link&quot; rel=&quot;nofollow&quot;&gt;http://lucene.zones.apache.org:8080/hudson/job/Hadoop-Patch/1129/testReport/&lt;/a&gt;&lt;br/&gt;
Findbugs warnings: &lt;a href=&quot;http://lucene.zones.apache.org:8080/hudson/job/Hadoop-Patch/1129/artifact/trunk/build/test/findbugs/newPatchFindbugsWarnings.html&quot; class=&quot;external-link&quot; rel=&quot;nofollow&quot;&gt;http://lucene.zones.apache.org:8080/hudson/job/Hadoop-Patch/1129/artifact/trunk/build/test/findbugs/newPatchFindbugsWarnings.html&lt;/a&gt;&lt;br/&gt;
Checkstyle results: &lt;a href=&quot;http://lucene.zones.apache.org:8080/hudson/job/Hadoop-Patch/1129/artifact/trunk/build/test/checkstyle-errors.html&quot; class=&quot;external-link&quot; rel=&quot;nofollow&quot;&gt;http://lucene.zones.apache.org:8080/hudson/job/Hadoop-Patch/1129/artifact/trunk/build/test/checkstyle-errors.html&lt;/a&gt;&lt;br/&gt;
Console output: &lt;a href=&quot;http://lucene.zones.apache.org:8080/hudson/job/Hadoop-Patch/1129/console&quot; class=&quot;external-link&quot; rel=&quot;nofollow&quot;&gt;http://lucene.zones.apache.org:8080/hudson/job/Hadoop-Patch/1129/console&lt;/a&gt;&lt;/p&gt;

&lt;p&gt;This message is automatically generated.&lt;/p&gt;</comment>
                            <comment id="12544440" author="hudson" created="Wed, 21 Nov 2007 12:38:23 +0000"  >&lt;p&gt;Integrated in Hadoop-Nightly #310 (See &lt;a href=&quot;http://lucene.zones.apache.org:8080/hudson/job/Hadoop-Nightly/310/&quot; class=&quot;external-link&quot; rel=&quot;nofollow&quot;&gt;http://lucene.zones.apache.org:8080/hudson/job/Hadoop-Nightly/310/&lt;/a&gt;)&lt;/p&gt;</comment>
                            <comment id="12544881" author="jimk" created="Thu, 22 Nov 2007 19:33:38 +0000"  >&lt;p&gt;Phase 2: Make region server more event driven instead of polling&lt;/p&gt;</comment>
                            <comment id="12544884" author="hadoopqa" created="Thu, 22 Nov 2007 20:52:29 +0000"  >&lt;p&gt;-1 overall.  Here are the results of testing the latest attachment &lt;br/&gt;
&lt;a href=&quot;http://issues.apache.org/jira/secure/attachment/12370090/patch.txt&quot; class=&quot;external-link&quot; rel=&quot;nofollow&quot;&gt;http://issues.apache.org/jira/secure/attachment/12370090/patch.txt&lt;/a&gt;&lt;br/&gt;
against trunk revision r597372.&lt;/p&gt;

&lt;p&gt;    @author +1.  The patch does not contain any @author tags.&lt;/p&gt;

&lt;p&gt;    javadoc +1.  The javadoc tool did not generate any warning messages.&lt;/p&gt;

&lt;p&gt;    javac +1.  The applied patch does not generate any new compiler warnings.&lt;/p&gt;

&lt;p&gt;    findbugs -1.  The patch appears to introduce  new Findbugs warnings.&lt;/p&gt;

&lt;p&gt;    core tests +1.  The patch passed core unit tests.&lt;/p&gt;

&lt;p&gt;    contrib tests -1.  The patch failed contrib unit tests.&lt;/p&gt;

&lt;p&gt;Test results: &lt;a href=&quot;http://lucene.zones.apache.org:8080/hudson/job/Hadoop-Patch/1141/testReport/&quot; class=&quot;external-link&quot; rel=&quot;nofollow&quot;&gt;http://lucene.zones.apache.org:8080/hudson/job/Hadoop-Patch/1141/testReport/&lt;/a&gt;&lt;br/&gt;
Findbugs warnings: &lt;a href=&quot;http://lucene.zones.apache.org:8080/hudson/job/Hadoop-Patch/1141/artifact/trunk/build/test/findbugs/newPatchFindbugsWarnings.html&quot; class=&quot;external-link&quot; rel=&quot;nofollow&quot;&gt;http://lucene.zones.apache.org:8080/hudson/job/Hadoop-Patch/1141/artifact/trunk/build/test/findbugs/newPatchFindbugsWarnings.html&lt;/a&gt;&lt;br/&gt;
Checkstyle results: &lt;a href=&quot;http://lucene.zones.apache.org:8080/hudson/job/Hadoop-Patch/1141/artifact/trunk/build/test/checkstyle-errors.html&quot; class=&quot;external-link&quot; rel=&quot;nofollow&quot;&gt;http://lucene.zones.apache.org:8080/hudson/job/Hadoop-Patch/1141/artifact/trunk/build/test/checkstyle-errors.html&lt;/a&gt;&lt;br/&gt;
Console output: &lt;a href=&quot;http://lucene.zones.apache.org:8080/hudson/job/Hadoop-Patch/1141/console&quot; class=&quot;external-link&quot; rel=&quot;nofollow&quot;&gt;http://lucene.zones.apache.org:8080/hudson/job/Hadoop-Patch/1141/console&lt;/a&gt;&lt;/p&gt;

&lt;p&gt;This message is automatically generated.&lt;/p&gt;</comment>
                            <comment id="12544892" author="jimk" created="Thu, 22 Nov 2007 21:42:43 +0000"  >&lt;p&gt;Reduce server thread wake frequency.&lt;/p&gt;</comment>
                            <comment id="12544898" author="hadoopqa" created="Thu, 22 Nov 2007 23:01:55 +0000"  >&lt;p&gt;-1 overall.  Here are the results of testing the latest attachment &lt;br/&gt;
&lt;a href=&quot;http://issues.apache.org/jira/secure/attachment/12370096/patch.txt&quot; class=&quot;external-link&quot; rel=&quot;nofollow&quot;&gt;http://issues.apache.org/jira/secure/attachment/12370096/patch.txt&lt;/a&gt;&lt;br/&gt;
against trunk revision r597372.&lt;/p&gt;

&lt;p&gt;    @author +1.  The patch does not contain any @author tags.&lt;/p&gt;

&lt;p&gt;    javadoc +1.  The javadoc tool did not generate any warning messages.&lt;/p&gt;

&lt;p&gt;    javac +1.  The applied patch does not generate any new compiler warnings.&lt;/p&gt;

&lt;p&gt;    findbugs -1.  The patch appears to introduce  new Findbugs warnings.&lt;/p&gt;

&lt;p&gt;    core tests +1.  The patch passed core unit tests.&lt;/p&gt;

&lt;p&gt;    contrib tests -1.  The patch failed contrib unit tests.&lt;/p&gt;

&lt;p&gt;Test results: &lt;a href=&quot;http://lucene.zones.apache.org:8080/hudson/job/Hadoop-Patch/1142/testReport/&quot; class=&quot;external-link&quot; rel=&quot;nofollow&quot;&gt;http://lucene.zones.apache.org:8080/hudson/job/Hadoop-Patch/1142/testReport/&lt;/a&gt;&lt;br/&gt;
Findbugs warnings: &lt;a href=&quot;http://lucene.zones.apache.org:8080/hudson/job/Hadoop-Patch/1142/artifact/trunk/build/test/findbugs/newPatchFindbugsWarnings.html&quot; class=&quot;external-link&quot; rel=&quot;nofollow&quot;&gt;http://lucene.zones.apache.org:8080/hudson/job/Hadoop-Patch/1142/artifact/trunk/build/test/findbugs/newPatchFindbugsWarnings.html&lt;/a&gt;&lt;br/&gt;
Checkstyle results: &lt;a href=&quot;http://lucene.zones.apache.org:8080/hudson/job/Hadoop-Patch/1142/artifact/trunk/build/test/checkstyle-errors.html&quot; class=&quot;external-link&quot; rel=&quot;nofollow&quot;&gt;http://lucene.zones.apache.org:8080/hudson/job/Hadoop-Patch/1142/artifact/trunk/build/test/checkstyle-errors.html&lt;/a&gt;&lt;br/&gt;
Console output: &lt;a href=&quot;http://lucene.zones.apache.org:8080/hudson/job/Hadoop-Patch/1142/console&quot; class=&quot;external-link&quot; rel=&quot;nofollow&quot;&gt;http://lucene.zones.apache.org:8080/hudson/job/Hadoop-Patch/1142/console&lt;/a&gt;&lt;/p&gt;

&lt;p&gt;This message is automatically generated.&lt;/p&gt;</comment>
                            <comment id="12544901" author="jimk" created="Fri, 23 Nov 2007 00:11:44 +0000"  >&lt;p&gt;Changed some timing settings for TestTableMapReduce. Changed verify.&lt;/p&gt;</comment>
                            <comment id="12544907" author="hadoopqa" created="Fri, 23 Nov 2007 02:02:52 +0000"  >&lt;p&gt;-1 overall.  Here are the results of testing the latest attachment &lt;br/&gt;
&lt;a href=&quot;http://issues.apache.org/jira/secure/attachment/12370099/patch.txt&quot; class=&quot;external-link&quot; rel=&quot;nofollow&quot;&gt;http://issues.apache.org/jira/secure/attachment/12370099/patch.txt&lt;/a&gt;&lt;br/&gt;
against trunk revision r597372.&lt;/p&gt;

&lt;p&gt;    @author +1.  The patch does not contain any @author tags.&lt;/p&gt;

&lt;p&gt;    javadoc +1.  The javadoc tool did not generate any warning messages.&lt;/p&gt;

&lt;p&gt;    javac +1.  The applied patch does not generate any new compiler warnings.&lt;/p&gt;

&lt;p&gt;    findbugs -1.  The patch appears to introduce  new Findbugs warnings.&lt;/p&gt;

&lt;p&gt;    core tests -1.  The patch failed core unit tests.&lt;/p&gt;

&lt;p&gt;    contrib tests -1.  The patch failed contrib unit tests.&lt;/p&gt;

&lt;p&gt;Test results: &lt;a href=&quot;http://lucene.zones.apache.org:8080/hudson/job/Hadoop-Patch/1143/testReport/&quot; class=&quot;external-link&quot; rel=&quot;nofollow&quot;&gt;http://lucene.zones.apache.org:8080/hudson/job/Hadoop-Patch/1143/testReport/&lt;/a&gt;&lt;br/&gt;
Findbugs warnings: &lt;a href=&quot;http://lucene.zones.apache.org:8080/hudson/job/Hadoop-Patch/1143/artifact/trunk/build/test/findbugs/newPatchFindbugsWarnings.html&quot; class=&quot;external-link&quot; rel=&quot;nofollow&quot;&gt;http://lucene.zones.apache.org:8080/hudson/job/Hadoop-Patch/1143/artifact/trunk/build/test/findbugs/newPatchFindbugsWarnings.html&lt;/a&gt;&lt;br/&gt;
Checkstyle results: &lt;a href=&quot;http://lucene.zones.apache.org:8080/hudson/job/Hadoop-Patch/1143/artifact/trunk/build/test/checkstyle-errors.html&quot; class=&quot;external-link&quot; rel=&quot;nofollow&quot;&gt;http://lucene.zones.apache.org:8080/hudson/job/Hadoop-Patch/1143/artifact/trunk/build/test/checkstyle-errors.html&lt;/a&gt;&lt;br/&gt;
Console output: &lt;a href=&quot;http://lucene.zones.apache.org:8080/hudson/job/Hadoop-Patch/1143/console&quot; class=&quot;external-link&quot; rel=&quot;nofollow&quot;&gt;http://lucene.zones.apache.org:8080/hudson/job/Hadoop-Patch/1143/console&lt;/a&gt;&lt;/p&gt;

&lt;p&gt;This message is automatically generated.&lt;/p&gt;</comment>
                            <comment id="12544919" author="jimk" created="Fri, 23 Nov 2007 03:24:17 +0000"  >&lt;p&gt;Build 1143 demonstrated both &lt;a href=&quot;https://issues.apache.org/jira/browse/HBASE-104&quot; title=&quot;[hbase] ConcurrentModificationException on regionserver startup&quot; class=&quot;issue-link&quot; data-issue-key=&quot;HBASE-104&quot;&gt;&lt;del&gt;HADOOP-2263&lt;/del&gt;&lt;/a&gt; and &lt;a href=&quot;https://issues.apache.org/jira/browse/HBASE-195&quot; title=&quot;[hbase] master won&amp;#39;t go down if root region was not found&quot; class=&quot;issue-link&quot; data-issue-key=&quot;HBASE-195&quot;&gt;&lt;del&gt;HADOOP-2251&lt;/del&gt;&lt;/a&gt;&lt;/p&gt;</comment>
                            <comment id="12545223" author="jimk" created="Sat, 24 Nov 2007 23:41:15 +0000"  >&lt;p&gt;Lots of changes to avoid ConcurrentModificationException, spinning when the root server goes down and that is the only region server, synchronization in general.&lt;/p&gt;</comment>
                            <comment id="12545238" author="hadoopqa" created="Sun, 25 Nov 2007 07:11:16 +0000"  >&lt;p&gt;-1 overall.  Here are the results of testing the latest attachment &lt;br/&gt;
&lt;a href=&quot;http://issues.apache.org/jira/secure/attachment/12370149/patch.txt&quot; class=&quot;external-link&quot; rel=&quot;nofollow&quot;&gt;http://issues.apache.org/jira/secure/attachment/12370149/patch.txt&lt;/a&gt;&lt;br/&gt;
against trunk revision r597725.&lt;/p&gt;

&lt;p&gt;    @author +1.  The patch does not contain any @author tags.&lt;/p&gt;

&lt;p&gt;    javadoc +1.  The javadoc tool did not generate any warning messages.&lt;/p&gt;

&lt;p&gt;    javac +1.  The applied patch does not generate any new compiler warnings.&lt;/p&gt;

&lt;p&gt;    findbugs -1.  The patch appears to introduce  new Findbugs warnings.&lt;/p&gt;

&lt;p&gt;    core tests +1.  The patch passed core unit tests.&lt;/p&gt;

&lt;p&gt;    contrib tests +1.  The patch passed contrib unit tests.&lt;/p&gt;

&lt;p&gt;Test results: &lt;a href=&quot;http://lucene.zones.apache.org:8080/hudson/job/Hadoop-Patch/1152/testReport/&quot; class=&quot;external-link&quot; rel=&quot;nofollow&quot;&gt;http://lucene.zones.apache.org:8080/hudson/job/Hadoop-Patch/1152/testReport/&lt;/a&gt;&lt;br/&gt;
Findbugs warnings: &lt;a href=&quot;http://lucene.zones.apache.org:8080/hudson/job/Hadoop-Patch/1152/artifact/trunk/build/test/findbugs/newPatchFindbugsWarnings.html&quot; class=&quot;external-link&quot; rel=&quot;nofollow&quot;&gt;http://lucene.zones.apache.org:8080/hudson/job/Hadoop-Patch/1152/artifact/trunk/build/test/findbugs/newPatchFindbugsWarnings.html&lt;/a&gt;&lt;br/&gt;
Checkstyle results: &lt;a href=&quot;http://lucene.zones.apache.org:8080/hudson/job/Hadoop-Patch/1152/artifact/trunk/build/test/checkstyle-errors.html&quot; class=&quot;external-link&quot; rel=&quot;nofollow&quot;&gt;http://lucene.zones.apache.org:8080/hudson/job/Hadoop-Patch/1152/artifact/trunk/build/test/checkstyle-errors.html&lt;/a&gt;&lt;br/&gt;
Console output: &lt;a href=&quot;http://lucene.zones.apache.org:8080/hudson/job/Hadoop-Patch/1152/console&quot; class=&quot;external-link&quot; rel=&quot;nofollow&quot;&gt;http://lucene.zones.apache.org:8080/hudson/job/Hadoop-Patch/1152/console&lt;/a&gt;&lt;/p&gt;

&lt;p&gt;This message is automatically generated.&lt;/p&gt;</comment>
                            <comment id="12545240" author="jimk" created="Sun, 25 Nov 2007 07:19:37 +0000"  >&lt;p&gt;Findbugs dissed me but it is currently broken and everything else works. Committed.&lt;/p&gt;</comment>
                            <comment id="12545253" author="hudson" created="Sun, 25 Nov 2007 11:04:13 +0000"  >&lt;p&gt;Integrated in Hadoop-Nightly #313 (See &lt;a href=&quot;http://lucene.zones.apache.org:8080/hudson/job/Hadoop-Nightly/313/&quot; class=&quot;external-link&quot; rel=&quot;nofollow&quot;&gt;http://lucene.zones.apache.org:8080/hudson/job/Hadoop-Nightly/313/&lt;/a&gt;)&lt;/p&gt;</comment>
                            <comment id="12545454" author="hudson" created="Mon, 26 Nov 2007 14:03:56 +0000"  >&lt;p&gt;Integrated in Hadoop-Nightly #314 (See &lt;a href=&quot;http://lucene.zones.apache.org:8080/hudson/job/Hadoop-Nightly/314/&quot; class=&quot;external-link&quot; rel=&quot;nofollow&quot;&gt;http://lucene.zones.apache.org:8080/hudson/job/Hadoop-Nightly/314/&lt;/a&gt;)&lt;/p&gt;</comment>
                    </comments>
                <issuelinks>
                            <issuelinktype id="10030">
                    <name>Reference</name>
                                            <outwardlinks description="relates to">
                                        <issuelink>
            <issuekey id="12383043">HBASE-104</issuekey>
        </issuelink>
            <issuelink>
            <issuekey id="12383018">HBASE-195</issuekey>
        </issuelink>
                            </outwardlinks>
                                                        </issuelinktype>
                    </issuelinks>
                <attachments>
                            <attachment id="12369068" name="locking.xls" size="75264" author="jimk" created="Wed, 7 Nov 2007 00:53:36 +0000"/>
                            <attachment id="12369458" name="operation-compatibility.jpg" size="161493" author="jimk" created="Tue, 13 Nov 2007 23:17:09 +0000"/>
                            <attachment id="12370149" name="patch.txt" size="129515" author="jimk" created="Sat, 24 Nov 2007 23:41:15 +0000"/>
                            <attachment id="12370099" name="patch.txt" size="75462" author="jimk" created="Fri, 23 Nov 2007 00:11:43 +0000"/>
                            <attachment id="12370096" name="patch.txt" size="74326" author="jimk" created="Thu, 22 Nov 2007 21:42:43 +0000"/>
                            <attachment id="12370090" name="patch.txt" size="73100" author="jimk" created="Thu, 22 Nov 2007 19:33:38 +0000"/>
                            <attachment id="12369897" name="patch.txt" size="240846" author="jimk" created="Tue, 20 Nov 2007 18:39:12 +0000"/>
                            <attachment id="12369889" name="patch.txt" size="240650" author="jimk" created="Tue, 20 Nov 2007 16:43:09 +0000"/>
                            <attachment id="12369843" name="patch.txt" size="239059" author="jimk" created="Tue, 20 Nov 2007 03:26:28 +0000"/>
                            <attachment id="12369817" name="patch.txt" size="238166" author="jimk" created="Mon, 19 Nov 2007 20:59:20 +0000"/>
                            <attachment id="12369768" name="patch.txt" size="228757" author="jimk" created="Mon, 19 Nov 2007 07:54:19 +0000"/>
                    </attachments>
                <subtasks>
                    </subtasks>
                <customfields>
                                                <customfield id="customfield_12310310" key="com.atlassian.jira.toolkit:attachments">
                        <customfieldname>Attachment count</customfieldname>
                        <customfieldvalues>
                            <customfieldvalue>11.0</customfieldvalue>
                        </customfieldvalues>
                    </customfield>
                                                                                                                                                                                                                                                                                                                                                                                                                                                                                                                                <customfield id="customfield_12310220" key="com.atlassian.jira.ext.charting:firstresponsedate">
                        <customfieldname>Date of First Response</customfieldname>
                        <customfieldvalues>
                            <customfieldvalue>Wed, 7 Nov 2007 00:42:40 +0000</customfieldvalue>

                        </customfieldvalues>
                    </customfield>
                                                                                                                                                                                                                                                                                                                                                                                                                                            <customfield id="customfield_12310420" key="com.pyxis.greenhopper.jira:gh-global-rank">
                        <customfieldname>Global Rank</customfieldname>
                        <customfieldvalues>
                            <customfieldvalue>25100</customfieldvalue>
                        </customfieldvalues>
                    </customfield>
                                                                                                                                                    <customfield id="customfield_12312521" key="com.atlassian.jira.toolkit:LastCommentDate">
                        <customfieldname>Last public comment date</customfieldname>
                        <customfieldvalues>
                            9 years, 4 weeks, 4 days ago
                        </customfieldvalues>
                    </customfield>
                                                                                            <customfield id="customfield_12311820" key="com.pyxis.greenhopper.jira:gh-lexo-rank">
                        <customfieldname>Rank</customfieldname>
                        <customfieldvalues>
                            <customfieldvalue>0|i0h6jj:</customfieldvalue>

                        </customfieldvalues>
                    </customfield>
                                                                <customfield id="customfield_12310920" key="com.pyxis.greenhopper.jira:gh-global-rank">
                        <customfieldname>Rank (Obsolete)</customfieldname>
                        <customfieldvalues>
                            <customfieldvalue>98322</customfieldvalue>
                        </customfieldvalues>
                    </customfield>
                                                                                                                                                                                                                                                                                                <customfield id="customfield_12310222" key="com.atlassian.jira.ext.charting:timeinstatus">
                        <customfieldname>Time in Status</customfieldname>
                        <customfieldvalues>
                            
                        </customfieldvalues>
                    </customfield>
                                                                                                                        </customfields>
    </item>
</channel>
</rss>