<!-- 
RSS generated by JIRA (6.3.4#6332-sha1:51bc225ef474afe3128b2f66878477f322397b16) at Fri Dec 16 18:42:36 UTC 2016

It is possible to restrict the fields that are returned in this document by specifying the 'field' parameter in your request.
For example, to request only the issue key and summary add field=key&field=summary to the URL of your request.
For example:
https://issues.apache.org/jira/si/jira.issueviews:issue-xml/HBASE-266/HBASE-266.xml?field=key&amp;field=summary
-->
<rss version="0.92" >
<channel>
    <title>ASF JIRA</title>
    <link>https://issues.apache.org/jira</link>
    <description>This file is an XML representation of an issue</description>
    <language>en-uk</language>    <build-info>
        <version>6.3.4</version>
        <build-number>6332</build-number>
        <build-date>15-08-2014</build-date>
    </build-info>

<item>
            <title>[HBASE-266] Fix License headers</title>
                <link>https://issues.apache.org/jira/browse/HBASE-266</link>
                <project id="12310753" key="HBASE">HBase</project>
                    <description>&lt;p&gt;The license headers should be completed, before 0.14 release. &lt;/p&gt;</description>
                <environment></environment>
        <key id="12373614">HBASE-266</key>
            <summary>Fix License headers</summary>
                <type id="1" iconUrl="https://issues.apache.org/jira/images/icons/issuetypes/bug.png">Bug</type>
                                            <priority id="1" iconUrl="https://issues.apache.org/jira/images/icons/priorities/blocker.png">Blocker</priority>
                        <status id="6" iconUrl="https://issues.apache.org/jira/images/icons/statuses/closed.png" description="The issue is considered finished, the resolution is correct. Issues which are closed can be reopened.">Closed</status>
                    <statusCategory id="3" key="done" colorName="green"/>
                                    <resolution id="1">Fixed</resolution>
                                        <assignee username="-1">Unassigned</assignee>
                                    <reporter username="enis">Enis Soztutar</reporter>
                        <labels>
                    </labels>
                <created>Thu, 12 Jul 2007 11:40:57 +0000</created>
                <updated>Mon, 4 Feb 2008 18:41:23 +0000</updated>
                            <resolved>Thu, 12 Jul 2007 20:20:58 +0000</resolved>
                                                                        <due></due>
                            <votes>0</votes>
                                    <watches>0</watches>
                                                                                                            <comments>
                            <comment id="12512067" author="enis" created="Thu, 12 Jul 2007 11:55:56 +0000"  >&lt;p&gt;The following files does not include license header : &lt;/p&gt;
&lt;div class=&quot;code panel&quot; style=&quot;border-width: 1px;&quot;&gt;&lt;div class=&quot;codeContent panelContent&quot;&gt;
&lt;pre class=&quot;code-java&quot;&gt;
./src/java/org/apache/hadoop/fs/s3/INode.java
./src/java/org/apache/hadoop/fs/s3/S3OutputStream.java
./src/java/org/apache/hadoop/fs/s3/Block.java
./src/java/org/apache/hadoop/fs/s3/S3FileSystem.java
./src/java/org/apache/hadoop/fs/s3/FileSystemStore.java
./src/java/org/apache/hadoop/fs/s3/Jets3tFileSystemStore.java
./src/java/org/apache/hadoop/fs/s3/S3InputStream.java
./src/java/org/apache/hadoop/fs/s3/S3Exception.java
./src/java/org/apache/hadoop/io/GenericWritable.java
./src/java/org/apache/hadoop/dfs/UnregisteredDatanodeException.java
./src/java/org/apache/hadoop/dfs/SafeModeException.java
./src/java/org/apache/hadoop/dfs/DisallowedDatanodeException.java
./src/java/org/apache/hadoop/dfs/AlreadyBeingCreatedException.java
./src/java/org/apache/hadoop/dfs/NotReplicatedYetException.java
./src/java/org/apache/hadoop/dfs/DataStorage.java
./src/java/org/apache/hadoop/dfs/DatanodeRegistration.java
./src/java/org/apache/hadoop/dfs/DatanodeID.java
./src/java/org/apache/hadoop/dfs/LeaseExpiredException.java
./src/java/org/apache/hadoop/net/DNS.java
./src/java/org/apache/hadoop/util/Progressable.java
./src/java/org/apache/hadoop/util/DiskChecker.java
./src/java/org/apache/hadoop/util/HostsFileReader.java
./src/java/org/apache/hadoop/mapred/lib/MultithreadedMapRunner.java
./src/java/org/apache/hadoop/mapred/JobEndNotifier.java
./src/java/org/apache/hadoop/mapred/JobHistory.java
./src/java/org/apache/hadoop/mapred/TaskLogAppender.java
./src/java/org/apache/hadoop/mapred/ClusterStatus.java
./src/java/org/apache/hadoop/mapred/LineRecordReader.java
./src/java/org/apache/hadoop/mapred/DisallowedTaskTrackerException.java
./src/java/org/apache/hadoop/mapred/DefaultJobHistoryParser.java
./src/java/org/apache/hadoop/mapred/PhasedFileSystem.java
./src/java/org/apache/hadoop/mapred/TaskCompletionEvent.java

./src/test/org/apache/hadoop/fs/s3/Jets3tS3FileSystemTest.java
./src/test/org/apache/hadoop/fs/s3/InMemoryFileSystemStore.java
./src/test/org/apache/hadoop/fs/s3/TestINode.java
./src/test/org/apache/hadoop/fs/s3/TestInMemoryS3FileSystem.java
./src/test/org/apache/hadoop/fs/s3/S3FileSystemBaseTest.java
./src/test/org/apache/hadoop/io/retry/UnreliableInterface.java
./src/test/org/apache/hadoop/io/retry/TestRetryProxy.java
./src/test/org/apache/hadoop/io/retry/UnreliableImplementation.java
./src/test/org/apache/hadoop/dfs/TestReplicationPolicy.java
./src/test/org/apache/hadoop/dfs/TestHost2NodesMap.java
./src/test/org/apache/hadoop/net/TestNetworkTopology.java
./src/test/org/apache/hadoop/util/TestReflectionUtils.java
./src/test/org/apache/hadoop/mapred/TestClusterMRNotification.java
./src/test/org/apache/hadoop/mapred/TestLocalMRNotification.java
./src/test/org/apache/hadoop/mapred/HadoopTestCase.java
./src/test/org/apache/hadoop/mapred/NotificationTestCase.java
./src/test/testjar/ExternalWritable.java
./src/test/testjar/ExternalMapperReducer.java

./src/contrib/hbase/src/test/org/apache/hadoop/hbase/TestTimestamp.java
./src/contrib/hbase/src/test/org/apache/hadoop/hbase/TestToString.java
./src/contrib/hbase/src/test/org/apache/hadoop/hbase/TestCompare.java

./src/ant/org/apache/hadoop/ant/condition/DfsExists.java
./src/ant/org/apache/hadoop/ant/condition/DfsBaseConditional.java
./src/ant/org/apache/hadoop/ant/condition/DfsZeroLen.java
./src/ant/org/apache/hadoop/ant/condition/DfsIsDir.java

&lt;/pre&gt;
&lt;/div&gt;&lt;/div&gt;
&lt;p&gt;for future reference the command to find these files was &lt;/p&gt;
&lt;div class=&quot;code panel&quot; style=&quot;border-width: 1px;&quot;&gt;&lt;div class=&quot;codeContent panelContent&quot;&gt;
&lt;pre class=&quot;code-java&quot;&gt;
&lt;span class=&quot;code-keyword&quot;&gt;for&lt;/span&gt; i in `find ./src -name &lt;span class=&quot;code-quote&quot;&gt;&quot;*.java&quot;&lt;/span&gt;` ; &lt;span class=&quot;code-keyword&quot;&gt;do&lt;/span&gt; &lt;span class=&quot;code-keyword&quot;&gt;if&lt;/span&gt; [ -z &lt;span class=&quot;code-quote&quot;&gt;&quot;`cat $i | grep &quot;&lt;/span&gt;http:&lt;span class=&quot;code-comment&quot;&gt;//www.apache.org/licenses/LICENSE-2.0&lt;span class=&quot;code-quote&quot;&gt;&quot;`&quot;&lt;/span&gt; ] ; then echo $i ; fi ; done&lt;/span&gt;
&lt;/pre&gt;
&lt;/div&gt;&lt;/div&gt;

&lt;p&gt;And finally these files seem to use the old version of the license (the list may contain some noise) : &lt;/p&gt;
&lt;div class=&quot;code panel&quot; style=&quot;border-width: 1px;&quot;&gt;&lt;div class=&quot;codeContent panelContent&quot;&gt;
&lt;pre class=&quot;code-java&quot;&gt;
./src/ant/org/apache/hadoop/ant/DfsTask.java
./src/java/org/apache/hadoop/filecache/DistributedCache.java
./src/java/org/apache/hadoop/record/compiler/ant/RccTask.java
./src/java/org/apache/hadoop/record/compiler/CodeGenerator.java
./src/java/org/apache/hadoop/record/compiler/CodeBuffer.java
./src/contrib/hbase/src/java/org/apache/hadoop/hbase/io/KeyedDataArrayWritable.java
./src/contrib/hbase/src/java/org/apache/hadoop/hbase/io/KeyedData.java
./src/contrib/hbase/src/java/org/apache/hadoop/hbase/InvalidColumnNameException.java
./src/contrib/hbase/src/java/org/apache/hadoop/hbase/HMaster.java
./src/contrib/hbase/src/java/org/apache/hadoop/hbase/HStore.java
./src/contrib/hbase/src/java/org/apache/hadoop/hbase/TableNotDisabledException.java
./src/contrib/hbase/src/java/org/apache/hadoop/hbase/HMemcache.java
./src/contrib/hbase/src/java/org/apache/hadoop/hbase/shell/HelpCommand.java
./src/contrib/hbase/src/java/org/apache/hadoop/hbase/shell/HelpContents.java
./src/contrib/hbase/src/java/org/apache/hadoop/hbase/shell/DropCommand.java
./src/contrib/hbase/src/java/org/apache/hadoop/hbase/shell/ShowCommand.java
./src/contrib/hbase/src/java/org/apache/hadoop/hbase/shell/ExitCommand.java
./src/contrib/hbase/src/java/org/apache/hadoop/hbase/shell/InsertCommand.java
./src/contrib/hbase/src/java/org/apache/hadoop/hbase/shell/CreateCommand.java
./src/contrib/hbase/src/java/org/apache/hadoop/hbase/shell/ConsoleTable.java
./src/contrib/hbase/src/java/org/apache/hadoop/hbase/shell/Command.java
./src/contrib/hbase/src/java/org/apache/hadoop/hbase/shell/ReturnMsg.java
./src/contrib/hbase/src/java/org/apache/hadoop/hbase/shell/BasicCommand.java
./src/contrib/hbase/src/java/org/apache/hadoop/hbase/shell/generated/Parser.java
./src/contrib/hbase/src/java/org/apache/hadoop/hbase/shell/generated/SimpleCharStream.java
./src/contrib/hbase/src/java/org/apache/hadoop/hbase/shell/generated/TokenMgrError.java
./src/contrib/hbase/src/java/org/apache/hadoop/hbase/shell/generated/ParserConstants.java
./src/contrib/hbase/src/java/org/apache/hadoop/hbase/shell/generated/Token.java
./src/contrib/hbase/src/java/org/apache/hadoop/hbase/shell/generated/ParseException.java
./src/contrib/hbase/src/java/org/apache/hadoop/hbase/shell/generated/ParserTokenManager.java
./src/contrib/hbase/src/java/org/apache/hadoop/hbase/shell/CommandFactory.java
./src/contrib/hbase/src/java/org/apache/hadoop/hbase/shell/SelectCommand.java
./src/contrib/hbase/src/java/org/apache/hadoop/hbase/shell/HelpManager.java
./src/contrib/hbase/src/java/org/apache/hadoop/hbase/shell/DeleteCommand.java
./src/contrib/hbase/src/java/org/apache/hadoop/hbase/shell/DescCommand.java
./src/contrib/hbase/src/java/org/apache/hadoop/hbase/HTableDescriptor.java
./src/contrib/hbase/src/java/org/apache/hadoop/hbase/HMerge.java
./src/contrib/hbase/src/java/org/apache/hadoop/hbase/HLocking.java
./src/contrib/hbase/src/java/org/apache/hadoop/hbase/HScannerInterface.java
./src/contrib/hbase/src/java/org/apache/hadoop/hbase/HLogKey.java
./src/contrib/hbase/src/java/org/apache/hadoop/hbase/HRegionInterface.java
./src/contrib/hbase/src/java/org/apache/hadoop/hbase/RegionServerRunningException.java
./src/contrib/hbase/src/java/org/apache/hadoop/hbase/HConstants.java
./src/contrib/hbase/src/java/org/apache/hadoop/hbase/HServerAddress.java
./src/contrib/hbase/src/java/org/apache/hadoop/hbase/UnknownScannerException.java
./src/contrib/hbase/src/java/org/apache/hadoop/hbase/HGlobals.java
./src/contrib/hbase/src/java/org/apache/hadoop/hbase/RegionUnavailableListener.java
./src/contrib/hbase/src/java/org/apache/hadoop/hbase/NotServingRegionException.java
./src/contrib/hbase/src/java/org/apache/hadoop/hbase/RemoteExceptionHandler.java
./src/contrib/hbase/src/java/org/apache/hadoop/hbase/HRegion.java
./src/contrib/hbase/src/java/org/apache/hadoop/hbase/HRegionInfo.java
./src/contrib/hbase/src/java/org/apache/hadoop/hbase/Leases.java
./src/contrib/hbase/src/java/org/apache/hadoop/hbase/RegionNotFoundException.java
./src/contrib/hbase/src/java/org/apache/hadoop/hbase/filter/RowFilterSet.java
./src/contrib/hbase/src/java/org/apache/hadoop/hbase/filter/RowFilterInterface.java
./src/contrib/hbase/src/java/org/apache/hadoop/hbase/filter/RegExpRowFilter.java
./src/contrib/hbase/src/java/org/apache/hadoop/hbase/filter/InvalidRowFilterException.java
./src/contrib/hbase/src/java/org/apache/hadoop/hbase/filter/PageRowFilter.java
./src/contrib/hbase/src/java/org/apache/hadoop/hbase/HInternalScannerInterface.java
./src/contrib/hbase/src/java/org/apache/hadoop/hbase/HStoreKey.java
./src/contrib/hbase/src/java/org/apache/hadoop/hbase/HColumnDescriptor.java
./src/contrib/hbase/src/java/org/apache/hadoop/hbase/mapred/TableOutputCollector.java
./src/contrib/hbase/src/java/org/apache/hadoop/hbase/mapred/TableReduce.java
./src/contrib/hbase/src/java/org/apache/hadoop/hbase/mapred/TableInputFormat.java
./src/contrib/hbase/src/java/org/apache/hadoop/hbase/mapred/IdentityTableMap.java
./src/contrib/hbase/src/java/org/apache/hadoop/hbase/mapred/TableSplit.java
./src/contrib/hbase/src/java/org/apache/hadoop/hbase/mapred/IdentityTableReduce.java
./src/contrib/hbase/src/java/org/apache/hadoop/hbase/mapred/TableMap.java
./src/contrib/hbase/src/java/org/apache/hadoop/hbase/mapred/GroupingTableMap.java
./src/contrib/hbase/src/java/org/apache/hadoop/hbase/mapred/TableOutputFormat.java
./src/contrib/hbase/src/java/org/apache/hadoop/hbase/HRegiondirReader.java
./src/contrib/hbase/src/java/org/apache/hadoop/hbase/MasterNotRunningException.java
./src/contrib/hbase/src/java/org/apache/hadoop/hbase/LeaseListener.java
./src/contrib/hbase/src/java/org/apache/hadoop/hbase/HLog.java
./src/contrib/hbase/src/java/org/apache/hadoop/hbase/LockException.java
./src/contrib/hbase/src/java/org/apache/hadoop/hbase/HMasterInterface.java
./src/contrib/hbase/src/java/org/apache/hadoop/hbase/NoServerForRegionException.java
./src/contrib/hbase/src/java/org/apache/hadoop/hbase/HStoreFile.java
./src/contrib/hbase/src/java/org/apache/hadoop/hbase/HRegionServer.java
./src/contrib/hbase/src/java/org/apache/hadoop/hbase/WrongRegionException.java
./src/contrib/hbase/src/java/org/apache/hadoop/hbase/HServerInfo.java
./src/contrib/hbase/src/java/org/apache/hadoop/hbase/HLogEdit.java
./src/contrib/hbase/src/java/org/apache/hadoop/hbase/Shell.java
./src/contrib/hbase/src/java/org/apache/hadoop/hbase/HMsg.java
./src/contrib/hbase/src/java/org/apache/hadoop/hbase/HAbstractScanner.java
./src/contrib/hbase/src/java/org/apache/hadoop/hbase/BloomFilterDescriptor.java
./src/contrib/hbase/src/java/org/apache/hadoop/hbase/HMasterRegionInterface.java
./src/contrib/hbase/src/java/org/apache/hadoop/hbase/HClient.java
./src/contrib/hbase/src/java/org/apache/hadoop/hbase/HBaseConfiguration.java
./src/contrib/hbase/src/java/org/onelab/filter/BloomFilter.java
./src/contrib/hbase/src/java/org/onelab/filter/HashFunction.java
./src/contrib/hbase/src/java/org/onelab/filter/RetouchedBloomFilter.java
./src/contrib/hbase/src/java/org/onelab/filter/CountingBloomFilter.java
./src/contrib/hbase/src/java/org/onelab/filter/Key.java
./src/contrib/hbase/src/java/org/onelab/filter/DynamicBloomFilter.java
./src/contrib/hbase/src/java/org/onelab/filter/Filter.java
./src/contrib/hbase/src/java/org/onelab/filter/RemoveScheme.java
./src/contrib/hbase/src/test/org/apache/hadoop/hbase/TestScanner.java
./src/contrib/hbase/src/test/org/apache/hadoop/hbase/PerformanceEvaluation.java
./src/contrib/hbase/src/test/org/apache/hadoop/hbase/StaticTestEnvironment.java
./src/contrib/hbase/src/test/org/apache/hadoop/hbase/TestHMemcache.java
./src/contrib/hbase/src/test/org/apache/hadoop/hbase/shell/TestHBaseShell.java
./src/contrib/hbase/src/test/org/apache/hadoop/hbase/MiniHBaseCluster.java
./src/contrib/hbase/src/test/org/apache/hadoop/hbase/TestGet.java
./src/contrib/hbase/src/test/org/apache/hadoop/hbase/HBaseTestCase.java
./src/contrib/hbase/src/test/org/apache/hadoop/hbase/TestMasterAdmin.java
./src/contrib/hbase/src/test/org/apache/hadoop/hbase/TestHRegion.java
./src/contrib/hbase/src/test/org/apache/hadoop/hbase/TestHBaseCluster.java
./src/contrib/hbase/src/test/org/apache/hadoop/hbase/TestHLog.java
./src/contrib/hbase/src/test/org/apache/hadoop/hbase/TestScanner2.java
./src/contrib/hbase/src/test/org/apache/hadoop/hbase/AbstractMergeTestBase.java
./src/contrib/hbase/src/test/org/apache/hadoop/hbase/TestCleanRegionServerExit.java
./src/contrib/hbase/src/test/org/apache/hadoop/hbase/filter/TestPageRowFilter.java
./src/contrib/hbase/src/test/org/apache/hadoop/hbase/filter/TestRegExpRowFilter.java
./src/contrib/hbase/src/test/org/apache/hadoop/hbase/TestTableMapReduce.java
./src/contrib/hbase/src/test/org/apache/hadoop/hbase/TestMergeTable.java
./src/contrib/hbase/src/test/org/apache/hadoop/hbase/TestBloomFilters.java
./src/contrib/hbase/src/test/org/apache/hadoop/hbase/TestTable.java
./src/contrib/hbase/src/test/org/apache/hadoop/hbase/TestMergeMeta.java
./src/contrib/hbase/src/test/org/apache/hadoop/hbase/HBaseClusterTestCase.java
./src/contrib/hbase/src/test/org/apache/hadoop/hbase/TestHClient.java
./src/contrib/hbase/src/test/org/onelab/test/StringKey.java
./src/contrib/hbase/src/test/org/onelab/test/TestFilter.java
./src/examples/org/apache/hadoop/examples/dancing/Pentomino.java
./src/examples/org/apache/hadoop/examples/dancing/OneSidedPentomino.java
./src/examples/org/apache/hadoop/examples/dancing/DancingLinks.java
./src/examples/org/apache/hadoop/examples/dancing/DistributedPentomino.java
./src/examples/org/apache/hadoop/examples/dancing/Sudoku.java

&lt;/pre&gt;
&lt;/div&gt;&lt;/div&gt;</comment>
                            <comment id="12512152" author="enis" created="Thu, 12 Jul 2007 15:58:12 +0000"  >&lt;p&gt;This patch adds the licenses to files with no license&lt;/p&gt;</comment>
                            <comment id="12512188" author="enis" created="Thu, 12 Jul 2007 17:41:13 +0000"  >&lt;p&gt;This patch adds missing licenses, and updates the old ones, for all java files except for contrib/hbase. &lt;/p&gt;</comment>
                            <comment id="12512244" author="cutting" created="Thu, 12 Jul 2007 20:20:58 +0000"  >&lt;p&gt;I just committed this.  Thanks, Enis!&lt;/p&gt;</comment>
                            <comment id="12512267" author="tomwhite" created="Thu, 12 Jul 2007 21:31:13 +0000"  >&lt;p&gt;We could get checkstyle to enforce this: &lt;a href=&quot;http://checkstyle.sourceforge.net/config_header.html&quot; class=&quot;external-link&quot; rel=&quot;nofollow&quot;&gt;http://checkstyle.sourceforge.net/config_header.html&lt;/a&gt;.&lt;/p&gt;</comment>
                            <comment id="12512385" author="enis" created="Fri, 13 Jul 2007 07:24:25 +0000"  >&lt;p&gt;&amp;gt; We could get checkstyle to enforce this&lt;br/&gt;
+1 &lt;/p&gt;</comment>
                            <comment id="12512448" author="hudson" created="Fri, 13 Jul 2007 11:43:34 +0000"  >&lt;p&gt;Integrated in Hadoop-Nightly #154 (See &lt;a href=&quot;http://lucene.zones.apache.org:8080/hudson/job/Hadoop-Nightly/154/&quot; class=&quot;external-link&quot; rel=&quot;nofollow&quot;&gt;http://lucene.zones.apache.org:8080/hudson/job/Hadoop-Nightly/154/&lt;/a&gt;)&lt;/p&gt;</comment>
                    </comments>
                    <attachments>
                            <attachment id="12361699" name="addLicense_v1.1.patch" size="82774" author="enis" created="Thu, 12 Jul 2007 17:42:18 +0000"/>
                            <attachment id="12361698" name="addLicense_v1.1.patch" size="82774" author="enis" created="Thu, 12 Jul 2007 17:41:13 +0000"/>
                            <attachment id="12361692" name="addlicence.patch" size="68141" author="enis" created="Thu, 12 Jul 2007 15:58:12 +0000"/>
                    </attachments>
                <subtasks>
                            <subtask id="12373655">HBASE-401</subtask>
                    </subtasks>
                <customfields>
                                                <customfield id="customfield_12310310" key="com.atlassian.jira.toolkit:attachments">
                        <customfieldname>Attachment count</customfieldname>
                        <customfieldvalues>
                            <customfieldvalue>3.0</customfieldvalue>
                        </customfieldvalues>
                    </customfield>
                                                                                                                                                                                                                                                                                                                                                                                                                                                                                                                                <customfield id="customfield_12310220" key="com.atlassian.jira.ext.charting:firstresponsedate">
                        <customfieldname>Date of First Response</customfieldname>
                        <customfieldvalues>
                            <customfieldvalue>Thu, 12 Jul 2007 20:20:58 +0000</customfieldvalue>

                        </customfieldvalues>
                    </customfield>
                                                                                                                                                                                                                                                                                                                                                                                                                                            <customfield id="customfield_12310420" key="com.pyxis.greenhopper.jira:gh-global-rank">
                        <customfieldname>Global Rank</customfieldname>
                        <customfieldvalues>
                            <customfieldvalue>25050</customfieldvalue>
                        </customfieldvalues>
                    </customfield>
                                                                                                                                                    <customfield id="customfield_12312521" key="com.atlassian.jira.toolkit:LastCommentDate">
                        <customfieldname>Last public comment date</customfieldname>
                        <customfieldvalues>
                            9 years, 24 weeks ago
                        </customfieldvalues>
                    </customfield>
                                                                                            <customfield id="customfield_12311820" key="com.pyxis.greenhopper.jira:gh-lexo-rank">
                        <customfieldname>Rank</customfieldname>
                        <customfieldvalues>
                            <customfieldvalue>0|i0h61z:</customfieldvalue>

                        </customfieldvalues>
                    </customfield>
                                                                <customfield id="customfield_12310920" key="com.pyxis.greenhopper.jira:gh-global-rank">
                        <customfieldname>Rank (Obsolete)</customfieldname>
                        <customfieldvalues>
                            <customfieldvalue>98243</customfieldvalue>
                        </customfieldvalues>
                    </customfield>
                                                                                                                                                                                                                                                                                                <customfield id="customfield_12310222" key="com.atlassian.jira.ext.charting:timeinstatus">
                        <customfieldname>Time in Status</customfieldname>
                        <customfieldvalues>
                            
                        </customfieldvalues>
                    </customfield>
                                                                                                                        </customfields>
    </item>
</channel>
</rss>