<!-- 
RSS generated by JIRA (6.3.4#6332-sha1:51bc225ef474afe3128b2f66878477f322397b16) at Fri Dec 16 18:44:29 UTC 2016

It is possible to restrict the fields that are returned in this document by specifying the 'field' parameter in your request.
For example, to request only the issue key and summary add field=key&field=summary to the URL of your request.
For example:
https://issues.apache.org/jira/si/jira.issueviews:issue-xml/HBASE-464/HBASE-464.xml?field=key&amp;field=summary
-->
<rss version="0.92" >
<channel>
    <title>ASF JIRA</title>
    <link>https://issues.apache.org/jira</link>
    <description>This file is an XML representation of an issue</description>
    <language>en-uk</language>    <build-info>
        <version>6.3.4</version>
        <build-number>6332</build-number>
        <build-date>15-08-2014</build-date>
    </build-info>

<item>
            <title>[HBASE-464] HBASE-419 introduced javadoc errors</title>
                <link>https://issues.apache.org/jira/browse/HBASE-464</link>
                <project id="12310753" key="HBASE">HBase</project>
                    <description>&lt;p&gt;Did noone run javadoc on this patch?&lt;/p&gt;

&lt;p&gt;  &lt;span class=&quot;error&quot;&gt;&amp;#91;javadoc&amp;#93;&lt;/span&gt; C:\workspace\HBase-test\src\java\org\apache\hadoop\hbase\mapred\GroupingTableMap.java:91: warning - Tag @see: can&apos;t find map(org.apache.hadoop.hbase.HStoreKey, org.apache.hadoop.io.MapWritable, org.apache.hadoop.mapred.OutputCollector, org.apache.hadoop.mapred.Reporter) in org.apache.hadoop.hbase.mapred.TableMap&lt;br/&gt;
  &lt;span class=&quot;error&quot;&gt;&amp;#91;javadoc&amp;#93;&lt;/span&gt; C:\workspace\HBase-test\src\java\org\apache\hadoop\hbase\mapred\IdentityTableMap.java:47: warning - Tag @see: can&apos;t find map(org.apache.hadoop.hbase.HStoreKey, org.apache.hadoop.io.MapWritable, org.apache.hadoop.mapred.OutputCollector, org.apache.hadoop.mapred.Reporter) in org.apache.hadoop.hbase.mapred.TableMap&lt;br/&gt;
  &lt;span class=&quot;error&quot;&gt;&amp;#91;javadoc&amp;#93;&lt;/span&gt; C:\workspace\HBase-test\src\java\org\apache\hadoop\hbase\mapred\TableInputFormat.java:58: warning - Tag @see: reference not found: org.apache.hadoop.hbase.HAbstractScanner for column name wildcards&lt;br/&gt;
  &lt;span class=&quot;error&quot;&gt;&amp;#91;javadoc&amp;#93;&lt;/span&gt; C:\workspace\HBase-test\src\java\org\apache\hadoop\hbase\regionserver\HAbstractScanner.java:205: warning - Tag @see: can&apos;t find next(org.apache.hadoop.hbase.HStoreKey, java.util.SortedMap) in org.apache.hadoop.hbase.HScannerInterface&lt;br/&gt;
  &lt;span class=&quot;error&quot;&gt;&amp;#91;javadoc&amp;#93;&lt;/span&gt; C:\workspace\HBase-test\src\java\org\apache\hadoop\hbase\regionserver\HRegion.java:713: warning - @return tag has no arguments.&lt;br/&gt;
  &lt;span class=&quot;error&quot;&gt;&amp;#91;javadoc&amp;#93;&lt;/span&gt; C:\workspace\HBase-test\src\java\org\apache\hadoop\hbase\regionserver\HRegionServer.java:993: warning - Tag @link: reference not found: Flusher&lt;/p&gt;</description>
                <environment></environment>
        <key id="12389397">HBASE-464</key>
            <summary>HBASE-419 introduced javadoc errors</summary>
                <type id="1" iconUrl="https://issues.apache.org/jira/images/icons/issuetypes/bug.png">Bug</type>
                                            <priority id="3" iconUrl="https://issues.apache.org/jira/images/icons/priorities/major.png">Major</priority>
                        <status id="6" iconUrl="https://issues.apache.org/jira/images/icons/statuses/closed.png" description="The issue is considered finished, the resolution is correct. Issues which are closed can be reopened.">Closed</status>
                    <statusCategory id="3" key="done" colorName="green"/>
                                    <resolution id="1">Fixed</resolution>
                                        <assignee username="bryanduxbury">Bryan Duxbury</assignee>
                                    <reporter username="jimk">Jim Kellerman</reporter>
                        <labels>
                    </labels>
                <created>Sun, 24 Feb 2008 00:00:27 +0000</created>
                <updated>Fri, 22 Aug 2008 21:13:09 +0000</updated>
                            <resolved>Sun, 24 Feb 2008 00:36:22 +0000</resolved>
                                    <version>0.2.0</version>
                                    <fixVersion>0.2.0</fixVersion>
                                    <component>documentation</component>
                        <due></due>
                            <votes>0</votes>
                                    <watches>0</watches>
                                                                <comments>
                            <comment id="12571808" author="jimk" created="Sun, 24 Feb 2008 00:13:23 +0000"  >&lt;p&gt;See comments in HBASE457.&lt;/p&gt;</comment>
                            <comment id="12571813" author="bryanduxbury" created="Sun, 24 Feb 2008 00:36:22 +0000"  >&lt;p&gt;I fixed the javadoc issues and committed.&lt;/p&gt;</comment>
                    </comments>
                    <attachments>
                    </attachments>
                <subtasks>
                    </subtasks>
                <customfields>
                                                <customfield id="customfield_12310310" key="com.atlassian.jira.toolkit:attachments">
                        <customfieldname>Attachment count</customfieldname>
                        <customfieldvalues>
                            <customfieldvalue>0.0</customfieldvalue>
                        </customfieldvalues>
                    </customfield>
                                                                                                                                                                                                                                                                                                                                                                                                                                                                                                                                <customfield id="customfield_12310220" key="com.atlassian.jira.ext.charting:firstresponsedate">
                        <customfieldname>Date of First Response</customfieldname>
                        <customfieldvalues>
                            <customfieldvalue>Sun, 24 Feb 2008 00:36:22 +0000</customfieldvalue>

                        </customfieldvalues>
                    </customfield>
                                                                                                                                                                                                                                                                                                                                                                                                                                            <customfield id="customfield_12310420" key="com.pyxis.greenhopper.jira:gh-global-rank">
                        <customfieldname>Global Rank</customfieldname>
                        <customfieldvalues>
                            <customfieldvalue>25215</customfieldvalue>
                        </customfieldvalues>
                    </customfield>
                                                                                                                                                    <customfield id="customfield_12312521" key="com.atlassian.jira.toolkit:LastCommentDate">
                        <customfieldname>Last public comment date</customfieldname>
                        <customfieldvalues>
                            8 years, 43 weeks, 5 days ago
                        </customfieldvalues>
                    </customfield>
                                                                                            <customfield id="customfield_12311820" key="com.pyxis.greenhopper.jira:gh-lexo-rank">
                        <customfieldname>Rank</customfieldname>
                        <customfieldvalues>
                            <customfieldvalue>0|i0h7gv:</customfieldvalue>

                        </customfieldvalues>
                    </customfield>
                                                                <customfield id="customfield_12310920" key="com.pyxis.greenhopper.jira:gh-global-rank">
                        <customfieldname>Rank (Obsolete)</customfieldname>
                        <customfieldvalues>
                            <customfieldvalue>98472</customfieldvalue>
                        </customfieldvalues>
                    </customfield>
                                                                                                                                                                                                                                                                                                <customfield id="customfield_12310222" key="com.atlassian.jira.ext.charting:timeinstatus">
                        <customfieldname>Time in Status</customfieldname>
                        <customfieldvalues>
                            
                        </customfieldvalues>
                    </customfield>
                                                                                                                        </customfields>
    </item>
</channel>
</rss>