<!-- 
RSS generated by JIRA (6.3.4#6332-sha1:51bc225ef474afe3128b2f66878477f322397b16) at Fri Dec 16 18:44:15 UTC 2016

It is possible to restrict the fields that are returned in this document by specifying the 'field' parameter in your request.
For example, to request only the issue key and summary add field=key&field=summary to the URL of your request.
For example:
https://issues.apache.org/jira/si/jira.issueviews:issue-xml/HBASE-439/HBASE-439.xml?field=key&amp;field=summary
-->
<rss version="0.92" >
<channel>
    <title>ASF JIRA</title>
    <link>https://issues.apache.org/jira</link>
    <description>This file is an XML representation of an issue</description>
    <language>en-uk</language>    <build-info>
        <version>6.3.4</version>
        <build-number>6332</build-number>
        <build-date>15-08-2014</build-date>
    </build-info>

<item>
            <title>[HBASE-439] Add hbase logs path to svn:ignore list </title>
                <link>https://issues.apache.org/jira/browse/HBASE-439</link>
                <project id="12310753" key="HBASE">HBase</project>
                    <description>&lt;p&gt;Please add hbase logs path to svn:ignore list.&lt;/p&gt;</description>
                <environment></environment>
        <key id="12388330">HBASE-439</key>
            <summary>Add hbase logs path to svn:ignore list </summary>
                <type id="5" iconUrl="https://issues.apache.org/jira/images/icons/issuetypes/improvement.png">Wish</type>
                                            <priority id="3" iconUrl="https://issues.apache.org/jira/images/icons/priorities/major.png">Major</priority>
                        <status id="6" iconUrl="https://issues.apache.org/jira/images/icons/statuses/closed.png" description="The issue is considered finished, the resolution is correct. Issues which are closed can be reopened.">Closed</status>
                    <statusCategory id="3" key="done" colorName="green"/>
                                    <resolution id="1">Fixed</resolution>
                                        <assignee username="-1">Unassigned</assignee>
                                    <reporter username="udanax">Edward J. Yoon</reporter>
                        <labels>
                    </labels>
                <created>Mon, 11 Feb 2008 08:22:54 +0000</created>
                <updated>Fri, 22 Aug 2008 21:13:08 +0000</updated>
                            <resolved>Tue, 12 Feb 2008 06:21:14 +0000</resolved>
                                                    <fixVersion>0.2.0</fixVersion>
                                        <due></due>
                            <votes>0</votes>
                                    <watches>0</watches>
                                                                <comments>
                            <comment id="12567966" author="jimk" created="Tue, 12 Feb 2008 05:40:19 +0000"  >&lt;p&gt;I have no hbase logs directory in my workspace. What is the path in your workspace where the logs directory appears?&lt;/p&gt;</comment>
                            <comment id="12567976" author="udanax" created="Tue, 12 Feb 2008 06:07:19 +0000"  >&lt;p&gt;I only removed the sign &apos;#&apos;.&lt;/p&gt;
&lt;ol&gt;
	&lt;li&gt;export HBASE_LOG_DIR=$
{HBASE_HOME}
&lt;p&gt;/logs - hbase-env.sh at 44 line.&lt;/p&gt;&lt;/li&gt;
&lt;/ol&gt;
</comment>
                            <comment id="12567979" author="stack" created="Tue, 12 Feb 2008 06:21:14 +0000"  >&lt;p&gt;I added this to $HBASE_HOME ($HBASE_HOME/logs is where hbase logs now go by default).  Thanks for noticing Edward.&lt;/p&gt;</comment>
                    </comments>
                    <attachments>
                    </attachments>
                <subtasks>
                    </subtasks>
                <customfields>
                                                <customfield id="customfield_12310310" key="com.atlassian.jira.toolkit:attachments">
                        <customfieldname>Attachment count</customfieldname>
                        <customfieldvalues>
                            <customfieldvalue>0.0</customfieldvalue>
                        </customfieldvalues>
                    </customfield>
                                                                                                                                                                                                                                                                                                                                                                                                                                                                                                                                <customfield id="customfield_12310220" key="com.atlassian.jira.ext.charting:firstresponsedate">
                        <customfieldname>Date of First Response</customfieldname>
                        <customfieldvalues>
                            <customfieldvalue>Tue, 12 Feb 2008 05:40:19 +0000</customfieldvalue>

                        </customfieldvalues>
                    </customfield>
                                                                                                                                                                                                                                                                                                                                                                                                                                            <customfield id="customfield_12310420" key="com.pyxis.greenhopper.jira:gh-global-rank">
                        <customfieldname>Global Rank</customfieldname>
                        <customfieldvalues>
                            <customfieldvalue>31701</customfieldvalue>
                        </customfieldvalues>
                    </customfield>
                                                                                                                                                    <customfield id="customfield_12312521" key="com.atlassian.jira.toolkit:LastCommentDate">
                        <customfieldname>Last public comment date</customfieldname>
                        <customfieldvalues>
                            8 years, 45 weeks, 3 days ago
                        </customfieldvalues>
                    </customfield>
                                                                                            <customfield id="customfield_12311820" key="com.pyxis.greenhopper.jira:gh-lexo-rank">
                        <customfieldname>Rank</customfieldname>
                        <customfieldvalues>
                            <customfieldvalue>0|i0h7bj:</customfieldvalue>

                        </customfieldvalues>
                    </customfield>
                                                                <customfield id="customfield_12310920" key="com.pyxis.greenhopper.jira:gh-global-rank">
                        <customfieldname>Rank (Obsolete)</customfieldname>
                        <customfieldvalues>
                            <customfieldvalue>98448</customfieldvalue>
                        </customfieldvalues>
                    </customfield>
                                                                                                                                                                                                                                                                                                <customfield id="customfield_12310222" key="com.atlassian.jira.ext.charting:timeinstatus">
                        <customfieldname>Time in Status</customfieldname>
                        <customfieldvalues>
                            
                        </customfieldvalues>
                    </customfield>
                                                                                                                        </customfields>
    </item>
</channel>
</rss>