<!-- 
RSS generated by JIRA (6.3.4#6332-sha1:51bc225ef474afe3128b2f66878477f322397b16) at Fri Dec 16 18:41:11 UTC 2016

It is possible to restrict the fields that are returned in this document by specifying the 'field' parameter in your request.
For example, to request only the issue key and summary add field=key&field=summary to the URL of your request.
For example:
https://issues.apache.org/jira/si/jira.issueviews:issue-xml/HBASE-117/HBASE-117.xml?field=key&amp;field=summary
-->
<rss version="0.92" >
<channel>
    <title>ASF JIRA</title>
    <link>https://issues.apache.org/jira</link>
    <description>This file is an XML representation of an issue</description>
    <language>en-uk</language>    <build-info>
        <version>6.3.4</version>
        <build-number>6332</build-number>
        <build-date>15-08-2014</build-date>
    </build-info>

<item>
            <title>[HBASE-117] NPE in MiniHBaseCluster on Windows</title>
                <link>https://issues.apache.org/jira/browse/HBASE-117</link>
                <project id="12310753" key="HBASE">HBase</project>
                    <description>&lt;p&gt;org.apache.hadoop.hbase.TestScanner2.testSplitDeleteOneAddTwoRegions&lt;/p&gt;

&lt;p&gt;java.lang.NullPointerException&lt;br/&gt;
	at org.apache.hadoop.hbase.MiniHBaseCluster.shutdown(MiniHBaseCluster.java:239)&lt;br/&gt;
	at org.apache.hadoop.hbase.HBaseClusterTestCase.tearDown(HBaseClusterTestCase.java:63)&lt;/p&gt;

&lt;p&gt;Standard Error&lt;/p&gt;

&lt;p&gt;07/07/02 20:55:30 ERROR hbase.MiniHBaseCluster: Failed setup of mini dfs cluster&lt;br/&gt;
java.io.IOException: Cannot remove data directory: C:\hudson\workspace\Hadoop-WindowsTest\trunk\build\contrib\hbase\test\data\dfs\data&lt;br/&gt;
	at org.apache.hadoop.dfs.MiniDFSCluster.&amp;lt;init&amp;gt;(MiniDFSCluster.java:123)&lt;br/&gt;
	at org.apache.hadoop.dfs.MiniDFSCluster.&amp;lt;init&amp;gt;(MiniDFSCluster.java:77)&lt;br/&gt;
	at org.apache.hadoop.hbase.MiniHBaseCluster.&amp;lt;init&amp;gt;(MiniHBaseCluster.java:108)&lt;br/&gt;
	at org.apache.hadoop.hbase.MiniHBaseCluster.&amp;lt;init&amp;gt;(MiniHBaseCluster.java:69)&lt;br/&gt;
	at org.apache.hadoop.hbase.HBaseClusterTestCase.setUp(HBaseClusterTestCase.java:55)&lt;br/&gt;
	at junit.framework.TestCase.runBare(TestCase.java:125)&lt;br/&gt;
	at junit.framework.TestResult$1.protect(TestResult.java:106)&lt;br/&gt;
	at junit.framework.TestResult.runProtected(TestResult.java:124)&lt;br/&gt;
	at junit.framework.TestResult.run(TestResult.java:109)&lt;br/&gt;
	at junit.framework.TestCase.run(TestCase.java:118)&lt;br/&gt;
	at junit.framework.TestSuite.runTest(TestSuite.java:208)&lt;br/&gt;
	at junit.framework.TestSuite.run(TestSuite.java:203)&lt;br/&gt;
	at org.apache.tools.ant.taskdefs.optional.junit.JUnitTestRunner.run(JUnitTestRunner.java:297)&lt;br/&gt;
	at org.apache.tools.ant.taskdefs.optional.junit.JUnitTestRunner.launch(JUnitTestRunner.java:672)&lt;br/&gt;
	at org.apache.tools.ant.taskdefs.optional.junit.JUnitTestRunner.main(JUnitTestRunner.java:567)&lt;br/&gt;
java.io.IOException: Cannot remove data directory: C:\hudson\workspace\Hadoop-WindowsTest\trunk\build\contrib\hbase\test\data\dfs\data&lt;br/&gt;
	at org.apache.hadoop.dfs.MiniDFSCluster.&amp;lt;init&amp;gt;(MiniDFSCluster.java:123)&lt;br/&gt;
	at org.apache.hadoop.dfs.MiniDFSCluster.&amp;lt;init&amp;gt;(MiniDFSCluster.java:77)&lt;br/&gt;
	at org.apache.hadoop.hbase.MiniHBaseCluster.&amp;lt;init&amp;gt;(MiniHBaseCluster.java:108)&lt;br/&gt;
	at org.apache.hadoop.hbase.MiniHBaseCluster.&amp;lt;init&amp;gt;(MiniHBaseCluster.java:69)&lt;br/&gt;
	at org.apache.hadoop.hbase.HBaseClusterTestCase.setUp(HBaseClusterTestCase.java:55)&lt;br/&gt;
	at junit.framework.TestCase.runBare(TestCase.java:125)&lt;br/&gt;
	at junit.framework.TestResult$1.protect(TestResult.java:106)&lt;br/&gt;
	at junit.framework.TestResult.runProtected(TestResult.java:124)&lt;br/&gt;
	at junit.framework.TestResult.run(TestResult.java:109)&lt;br/&gt;
	at junit.framework.TestCase.run(TestCase.java:118)&lt;br/&gt;
	at junit.framework.TestSuite.runTest(TestSuite.java:208)&lt;br/&gt;
	at junit.framework.TestSuite.run(TestSuite.java:203)&lt;br/&gt;
	at org.apache.tools.ant.taskdefs.optional.junit.JUnitTestRunner.run(JUnitTestRunner.java:297)&lt;br/&gt;
	at org.apache.tools.ant.taskdefs.optional.junit.JUnitTestRunner.launch(JUnitTestRunner.java:672)&lt;br/&gt;
	at org.apache.tools.ant.taskdefs.optional.junit.JUnitTestRunner.main(JUnitTestRunner.java:567)&lt;/p&gt;</description>
                <environment></environment>
        <key id="12372929">HBASE-117</key>
            <summary>NPE in MiniHBaseCluster on Windows</summary>
                <type id="1" iconUrl="https://issues.apache.org/jira/images/icons/issuetypes/bug.png">Bug</type>
                                            <priority id="3" iconUrl="https://issues.apache.org/jira/images/icons/priorities/major.png">Major</priority>
                        <status id="6" iconUrl="https://issues.apache.org/jira/images/icons/statuses/closed.png" description="The issue is considered finished, the resolution is correct. Issues which are closed can be reopened.">Closed</status>
                    <statusCategory id="3" key="done" colorName="green"/>
                                    <resolution id="1">Fixed</resolution>
                                        <assignee username="-1">Unassigned</assignee>
                                    <reporter username="nidaley">Nigel Daley</reporter>
                        <labels>
                    </labels>
                <created>Tue, 3 Jul 2007 17:54:10 +0000</created>
                <updated>Mon, 4 Feb 2008 18:40:43 +0000</updated>
                            <resolved>Fri, 6 Jul 2007 16:28:56 +0000</resolved>
                                                                        <due></due>
                            <votes>0</votes>
                                    <watches>0</watches>
                                                                <comments>
                            <comment id="12510025" author="jimk" created="Wed, 4 Jul 2007 00:12:04 +0000"  >&lt;p&gt;Some of the test cases did not clean up after themselves, possibly leaving MiniDFSClusters running.&lt;/p&gt;

&lt;p&gt;This in turn would cause subsequent test cases to possibly fail initialization, and try to deallocate resources that had not been allocated yet (and hence the NPEs).&lt;/p&gt;

&lt;p&gt;Fixes in this patch ensure that resources are freed and that references are initialized  enough so that when shutdown is called if construction fails, no NPEs should be generated.&lt;/p&gt;</comment>
                            <comment id="12510026" author="jimk" created="Wed, 4 Jul 2007 00:13:14 +0000"  >&lt;p&gt;Works in my windows environment. See if Hudson agrees.&lt;/p&gt;</comment>
                            <comment id="12510036" author="hadoopqa" created="Wed, 4 Jul 2007 00:55:45 +0000"  >&lt;p&gt;+1&lt;/p&gt;

&lt;p&gt;&lt;a href=&quot;http://issues.apache.org/jira/secure/attachment/12361087/patch.txt&quot; class=&quot;external-link&quot; rel=&quot;nofollow&quot;&gt;http://issues.apache.org/jira/secure/attachment/12361087/patch.txt&lt;/a&gt; applied and successfully tested against trunk revision r552947.&lt;/p&gt;

&lt;p&gt;Test results:   &lt;a href=&quot;http://lucene.zones.apache.org:8080/hudson/job/Hadoop-Patch/360/testReport/&quot; class=&quot;external-link&quot; rel=&quot;nofollow&quot;&gt;http://lucene.zones.apache.org:8080/hudson/job/Hadoop-Patch/360/testReport/&lt;/a&gt;&lt;br/&gt;
Console output: &lt;a href=&quot;http://lucene.zones.apache.org:8080/hudson/job/Hadoop-Patch/360/console&quot; class=&quot;external-link&quot; rel=&quot;nofollow&quot;&gt;http://lucene.zones.apache.org:8080/hudson/job/Hadoop-Patch/360/console&lt;/a&gt;&lt;/p&gt;</comment>
                            <comment id="12510060" author="jimk" created="Wed, 4 Jul 2007 04:49:59 +0000"  >&lt;p&gt;I just committed this patch.&lt;/p&gt;

&lt;p&gt;Nigel, please advise on the nightly Hudson build status. Thanks!&lt;/p&gt;</comment>
                            <comment id="12510153" author="hudson" created="Wed, 4 Jul 2007 11:51:02 +0000"  >&lt;p&gt;Integrated in Hadoop-Nightly #144 (See &lt;a href=&quot;http://lucene.zones.apache.org:8080/hudson/job/Hadoop-Nightly/144/&quot; class=&quot;external-link&quot; rel=&quot;nofollow&quot;&gt;http://lucene.zones.apache.org:8080/hudson/job/Hadoop-Nightly/144/&lt;/a&gt;)&lt;/p&gt;</comment>
                    </comments>
                    <attachments>
                            <attachment id="12361087" name="patch.txt" size="6948" author="jimk" created="Wed, 4 Jul 2007 00:12:03 +0000"/>
                    </attachments>
                <subtasks>
                    </subtasks>
                <customfields>
                                                <customfield id="customfield_12310310" key="com.atlassian.jira.toolkit:attachments">
                        <customfieldname>Attachment count</customfieldname>
                        <customfieldvalues>
                            <customfieldvalue>1.0</customfieldvalue>
                        </customfieldvalues>
                    </customfield>
                                                                                                                                                                                                                                                                                                                                                                                                                                                                                                                                <customfield id="customfield_12310220" key="com.atlassian.jira.ext.charting:firstresponsedate">
                        <customfieldname>Date of First Response</customfieldname>
                        <customfieldvalues>
                            <customfieldvalue>Wed, 4 Jul 2007 00:12:04 +0000</customfieldvalue>

                        </customfieldvalues>
                    </customfield>
                                                                                                                                                                                                                                                                                                                                                                                                                                            <customfield id="customfield_12310420" key="com.pyxis.greenhopper.jira:gh-global-rank">
                        <customfieldname>Global Rank</customfieldname>
                        <customfieldvalues>
                            <customfieldvalue>24901</customfieldvalue>
                        </customfieldvalues>
                    </customfield>
                                                                                                                                                    <customfield id="customfield_12312521" key="com.atlassian.jira.toolkit:LastCommentDate">
                        <customfieldname>Last public comment date</customfieldname>
                        <customfieldvalues>
                            9 years, 25 weeks, 2 days ago
                        </customfieldvalues>
                    </customfield>
                                                                                            <customfield id="customfield_12311820" key="com.pyxis.greenhopper.jira:gh-lexo-rank">
                        <customfieldname>Rank</customfieldname>
                        <customfieldvalues>
                            <customfieldvalue>0|i0h4if:</customfieldvalue>

                        </customfieldvalues>
                    </customfield>
                                                                <customfield id="customfield_12310920" key="com.pyxis.greenhopper.jira:gh-global-rank">
                        <customfieldname>Rank (Obsolete)</customfieldname>
                        <customfieldvalues>
                            <customfieldvalue>97993</customfieldvalue>
                        </customfieldvalues>
                    </customfield>
                                                                                                                                                                                                                                                                                                <customfield id="customfield_12310222" key="com.atlassian.jira.ext.charting:timeinstatus">
                        <customfieldname>Time in Status</customfieldname>
                        <customfieldvalues>
                            
                        </customfieldvalues>
                    </customfield>
                                                                                                                        </customfields>
    </item>
</channel>
</rss>