<!-- 
RSS generated by JIRA (6.3.4#6332-sha1:51bc225ef474afe3128b2f66878477f322397b16) at Fri Dec 16 18:47:54 UTC 2016

It is possible to restrict the fields that are returned in this document by specifying the 'field' parameter in your request.
For example, to request only the issue key and summary add field=key&field=summary to the URL of your request.
For example:
https://issues.apache.org/jira/si/jira.issueviews:issue-xml/HBASE-830/HBASE-830.xml?field=key&amp;field=summary
-->
<rss version="0.92" >
<channel>
    <title>ASF JIRA</title>
    <link>https://issues.apache.org/jira</link>
    <description>This file is an XML representation of an issue</description>
    <language>en-uk</language>    <build-info>
        <version>6.3.4</version>
        <build-number>6332</build-number>
        <build-date>15-08-2014</build-date>
    </build-info>

<item>
            <title>[HBASE-830] Debugging HCM.locateRegionInMeta is painful</title>
                <link>https://issues.apache.org/jira/browse/HBASE-830</link>
                <project id="12310753" key="HBASE">HBase</project>
                    <description>&lt;p&gt;I&apos;ve been debugging a case where a bunch of reduces were hanging for no apparent reason and then get killed because they did not do anything for 600 seconds. I figured that it&apos;s because we are stuck in a very long waiting time due to retry backoffs. &lt;/p&gt;
&lt;div class=&quot;code panel&quot; style=&quot;border-width: 1px;&quot;&gt;&lt;div class=&quot;codeContent panelContent&quot;&gt;
&lt;pre class=&quot;code-java&quot;&gt;&lt;span class=&quot;code-keyword&quot;&gt;public&lt;/span&gt; &lt;span class=&quot;code-keyword&quot;&gt;static&lt;/span&gt; &lt;span class=&quot;code-object&quot;&gt;int&lt;/span&gt; RETRY_BACKOFF[] = { 1, 1, 1, 1, 2, 4, 8, 16, 32, 64 };
&lt;/pre&gt;
&lt;/div&gt;&lt;/div&gt;

&lt;p&gt;That means we wait 10 sec, 10 sec, 10, 10, ... then 640 sec. That&apos;s a long time, do we really need that much time to finally be warned that there&apos;s a bug in HBase? &lt;/p&gt;

&lt;p&gt;Also, the places where we get this:&lt;/p&gt;
&lt;div class=&quot;code panel&quot; style=&quot;border-width: 1px;&quot;&gt;&lt;div class=&quot;codeContent panelContent&quot;&gt;
&lt;pre class=&quot;code-java&quot;&gt;LOG.debug(&lt;span class=&quot;code-quote&quot;&gt;&quot;reloading table servers because: &quot;&lt;/span&gt; + t.getMessage());
&lt;/pre&gt;
&lt;/div&gt;&lt;/div&gt;
&lt;p&gt;should be more verbose. I my logs these are caused by a table not found but the only thing I see is &quot;reloading table servers because: tableName&quot;.&lt;/p&gt;</description>
                <environment></environment>
        <key id="12402385">HBASE-830</key>
            <summary>Debugging HCM.locateRegionInMeta is painful</summary>
                <type id="1" iconUrl="https://issues.apache.org/jira/images/icons/issuetypes/bug.png">Bug</type>
                                            <priority id="4" iconUrl="https://issues.apache.org/jira/images/icons/priorities/minor.png">Minor</priority>
                        <status id="6" iconUrl="https://issues.apache.org/jira/images/icons/statuses/closed.png" description="The issue is considered finished, the resolution is correct. Issues which are closed can be reopened.">Closed</status>
                    <statusCategory id="3" key="done" colorName="green"/>
                                    <resolution id="1">Fixed</resolution>
                                        <assignee username="-1">Unassigned</assignee>
                                    <reporter username="jdcryans">Jean-Daniel Cryans</reporter>
                        <labels>
                    </labels>
                <created>Thu, 14 Aug 2008 15:28:47 +0000</created>
                <updated>Sat, 13 Sep 2008 23:22:45 +0000</updated>
                            <resolved>Fri, 15 Aug 2008 18:31:17 +0000</resolved>
                                    <version>0.2.0</version>
                                    <fixVersion>0.2.1</fixVersion>
                    <fixVersion>0.18.0</fixVersion>
                                    <component>Client</component>
                        <due></due>
                            <votes>0</votes>
                                    <watches>0</watches>
                                                                <comments>
                            <comment id="12622620" author="apurtell" created="Thu, 14 Aug 2008 17:40:09 +0000"  >&lt;p&gt;Regarding the backoff strategy, it assumes there is no bug in hbase of course only a temporary problem on the cluster and  gives a substantial grace period for recovery by default... as you have noticed. I think this is what the &quot;hbase.client.retries.number&quot; configuration option is for, if you are debugging. Also, setting the &quot;hbase.client.pause&quot; configuration option to something smaller than 10 seconds would have a related effect. &lt;/p&gt;</comment>
                            <comment id="12622643" author="jdcryans" created="Thu, 14 Aug 2008 18:56:29 +0000"  >&lt;blockquote&gt;
&lt;p&gt;I think this is what the &quot;hbase.client.retries.number&quot; configuration option is for, if you are debugging.&lt;/p&gt;&lt;/blockquote&gt;

&lt;p&gt;It is, but I meant this in a default way. Should it be this long for everyone? During that time, there is almost no debug information so the job really seems to be hanged on nothing. I suggest either putting client.pause to 5 or at least giving more information.&lt;/p&gt;</comment>
                            <comment id="12622646" author="apurtell" created="Thu, 14 Aug 2008 19:11:03 +0000"  >&lt;p&gt;client.retries.number = 8 sound good to me. &lt;/p&gt;

&lt;p&gt;client.pause = 10 is an old HBase default. Maybe someone just guessed that the typical enable/disable/create/alter table operation would fall within this timeframe, I don&apos;t know. At least its configurable for those that want to try shorter periods for maybe clusters with few regionservers and not too many regions. &lt;/p&gt;</comment>
                            <comment id="12622901" author="stack" created="Fri, 15 Aug 2008 15:53:04 +0000"  >&lt;p&gt;Make a patch lads and I&apos;ll apply it.  Yeah, 640 seconds is a long time.   In MR at least, let the task fail earlier and have it retried.&lt;/p&gt;</comment>
                            <comment id="12622912" author="jdcryans" created="Fri, 15 Aug 2008 16:30:42 +0000"  >&lt;p&gt;Patch puts client pause to 8 instead of 10 and adds more useful debug information.&lt;/p&gt;</comment>
                            <comment id="12622913" author="jdcryans" created="Fri, 15 Aug 2008 16:32:47 +0000"  >&lt;p&gt;Forgot to remove a tab.&lt;/p&gt;</comment>
                            <comment id="12622953" author="stack" created="Fri, 15 Aug 2008 18:09:44 +0000"  >&lt;p&gt;I think that the pause should be shorter still. Rather than 8 seconds, it should be 2 seconds. Attached file changes the pause to 2 seconds and removes the 64 off the end of RETRY_BACKOFF.&lt;/p&gt;

&lt;p&gt;At 2 seconds all is &apos;snappier&apos; - creating, disablng, etc. - and after ten retries we&apos;re at about 2 minutes which is long-enough in my opinion and is &amp;lt; TaskTracker timeout of ten minutes so we&apos;ll see error in MR logs rather than child killed messages.&lt;/p&gt;

&lt;p&gt;At 8 seconds, with RETRY_BACKOFF as it was, we&apos;re waiting &amp;gt; 17 minutes (if I did my math right).&lt;/p&gt;

&lt;p&gt;This patch passes all unit tests. Also tried it in a big MR job. More logging if client DEBUG is enabled but at least now you have a better clue whats going on.&lt;/p&gt;</comment>
                            <comment id="12622956" author="jdcryans" created="Fri, 15 Aug 2008 18:11:47 +0000"  >&lt;p&gt;+1 on this version of the patch&lt;/p&gt;</comment>
                            <comment id="12622960" author="apurtell" created="Fri, 15 Aug 2008 18:19:17 +0000"  >&lt;p&gt;+1 indeed&lt;/p&gt;</comment>
                            <comment id="12622961" author="stack" created="Fri, 15 Aug 2008 18:20:51 +0000"  >&lt;p&gt;Its not a patch (smile).  Just a suggested configuration change.  I&apos;ll change the suggested &apos;configuration&apos; since it got two +1s.&lt;/p&gt;</comment>
                            <comment id="12622965" author="stack" created="Fri, 15 Aug 2008 18:31:17 +0000"  >&lt;p&gt;Committed to branch and trunk.  Thanks Andrew and J-D.&lt;/p&gt;</comment>
                    </comments>
                    <attachments>
                            <attachment id="12388325" name="830-v2-shortertimeouts.patch" size="2296" author="stack" created="Fri, 15 Aug 2008 18:09:44 +0000"/>
                            <attachment id="12388318" name="hbase-826-v1.patch" size="1877" author="jdcryans" created="Fri, 15 Aug 2008 16:32:47 +0000"/>
                    </attachments>
                <subtasks>
                    </subtasks>
                <customfields>
                                                <customfield id="customfield_12310310" key="com.atlassian.jira.toolkit:attachments">
                        <customfieldname>Attachment count</customfieldname>
                        <customfieldvalues>
                            <customfieldvalue>2.0</customfieldvalue>
                        </customfieldvalues>
                    </customfield>
                                                                                                                                                                                                                                                                                                                                                                                                                                                                                                                                <customfield id="customfield_12310220" key="com.atlassian.jira.ext.charting:firstresponsedate">
                        <customfieldname>Date of First Response</customfieldname>
                        <customfieldvalues>
                            <customfieldvalue>Thu, 14 Aug 2008 17:40:09 +0000</customfieldvalue>

                        </customfieldvalues>
                    </customfield>
                                                                                                                                                                                                                                                                                                                                                                                                                                            <customfield id="customfield_12310420" key="com.pyxis.greenhopper.jira:gh-global-rank">
                        <customfieldname>Global Rank</customfieldname>
                        <customfieldvalues>
                            <customfieldvalue>25424</customfieldvalue>
                        </customfieldvalues>
                    </customfield>
                                                                                                                                                    <customfield id="customfield_12312521" key="com.atlassian.jira.toolkit:LastCommentDate">
                        <customfieldname>Last public comment date</customfieldname>
                        <customfieldvalues>
                            8 years, 19 weeks ago
                        </customfieldvalues>
                    </customfield>
                                                                                            <customfield id="customfield_12311820" key="com.pyxis.greenhopper.jira:gh-lexo-rank">
                        <customfieldname>Rank</customfieldname>
                        <customfieldvalues>
                            <customfieldvalue>0|i0h9pj:</customfieldvalue>

                        </customfieldvalues>
                    </customfield>
                                                                <customfield id="customfield_12310920" key="com.pyxis.greenhopper.jira:gh-global-rank">
                        <customfieldname>Rank (Obsolete)</customfieldname>
                        <customfieldvalues>
                            <customfieldvalue>98835</customfieldvalue>
                        </customfieldvalues>
                    </customfield>
                                                                                                                                                                                                                                                                                                <customfield id="customfield_12310222" key="com.atlassian.jira.ext.charting:timeinstatus">
                        <customfieldname>Time in Status</customfieldname>
                        <customfieldvalues>
                            
                        </customfieldvalues>
                    </customfield>
                                                                                                                        </customfields>
    </item>
</channel>
</rss>