<!-- 
RSS generated by JIRA (6.3.4#6332-sha1:51bc225ef474afe3128b2f66878477f322397b16) at Fri Dec 16 18:48:05 UTC 2016

It is possible to restrict the fields that are returned in this document by specifying the 'field' parameter in your request.
For example, to request only the issue key and summary add field=key&field=summary to the URL of your request.
For example:
https://issues.apache.org/jira/si/jira.issueviews:issue-xml/HBASE-851/HBASE-851.xml?field=key&amp;field=summary
-->
<rss version="0.92" >
<channel>
    <title>ASF JIRA</title>
    <link>https://issues.apache.org/jira</link>
    <description>This file is an XML representation of an issue</description>
    <language>en-uk</language>    <build-info>
        <version>6.3.4</version>
        <build-number>6332</build-number>
        <build-date>15-08-2014</build-date>
    </build-info>

<item>
            <title>[HBASE-851] Region is left unassigned after a split/rebalancing, throws NSRE</title>
                <link>https://issues.apache.org/jira/browse/HBASE-851</link>
                <project id="12310753" key="HBASE">HBase</project>
                    <description>&lt;p&gt;Master log:&lt;/p&gt;
&lt;div class=&quot;code panel&quot; style=&quot;border-width: 1px;&quot;&gt;&lt;div class=&quot;codeContent panelContent&quot;&gt;
&lt;pre class=&quot;code-java&quot;&gt;2008-08-28 12:12:27,174 INFO org.apache.hadoop.hbase.master.ServerManager: Received MSG_REPORT_PROCESS_OPEN: web_pages,http:&lt;span class=&quot;code-comment&quot;&gt;//www.senior-community.net/michigan/charlevoix.htm,1219939934794 from 192.168.1.95:60020
&lt;/span&gt;&amp;lt;jdcryans&amp;gt; 2008-08-28 12:12:27,174 INFO org.apache.hadoop.hbase.master.ServerManager: Received MSG_REPORT_OPEN: web_pages,http:&lt;span class=&quot;code-comment&quot;&gt;//www.salonskincare.co.uk/product_info.php/products_id/168,1219939934794 from 192.168.1.95:60020
&lt;/span&gt;&amp;lt;jdcryans&amp;gt; 2008-08-28 12:12:27,174 INFO org.apache.hadoop.hbase.master.ServerManager: Received MSG_REPORT_OPEN: web_pages,http:&lt;span class=&quot;code-comment&quot;&gt;//www.senior-community.net/michigan/charlevoix.htm,1219939934794 from 192.168.1.95:60020
&lt;/span&gt;&amp;lt;jdcryans&amp;gt; 2008-08-28 12:12:27,174 DEBUG org.apache.hadoop.hbase.master.RegionManager: Server 192.168.1.95:60020 is overloaded. Server load: 8 avg: 7.0
&amp;lt;jdcryans&amp;gt; 2008-08-28 12:12:27,174 DEBUG org.apache.hadoop.hbase.master.RegionManager: Choosing to reassign 1 regions. mostLoadedRegions has 8 regions in it.
&amp;lt;jdcryans&amp;gt; 2008-08-28 12:12:27,174 DEBUG org.apache.hadoop.hbase.master.RegionManager: Going to close region web_pages,http:&lt;span class=&quot;code-comment&quot;&gt;//www.senior-community.net/michigan/charlevoix.htm,1219939934794
&lt;/span&gt;&amp;lt;jdcryans&amp;gt; 2008-08-28 12:12:27,174 DEBUG org.apache.hadoop.hbase.master.HMaster: Main processing loop: PendingOpenOperation from 192.168.1.95:60020
&amp;lt;jdcryans&amp;gt; 2008-08-28 12:12:27,175 INFO org.apache.hadoop.hbase.master.ProcessRegionOpen$1: web_pages,http:&lt;span class=&quot;code-comment&quot;&gt;//www.salonskincare.co.uk/product_info.php/products_id/168,1219939934794 open on 192.168.1.95:60020
&lt;/span&gt;&amp;lt;jdcryans&amp;gt; 2008-08-28 12:12:27,175 DEBUG org.apache.hadoop.hbase.master.RegionServerOperation: numberOfMetaRegions: 1, onlineMetaRegions.size(): 1
&amp;lt;jdcryans&amp;gt; 2008-08-28 12:12:27,175 INFO org.apache.hadoop.hbase.master.ProcessRegionOpen$1: updating row web_pages,http:&lt;span class=&quot;code-comment&quot;&gt;//www.salonskincare.co.uk/product_info.php/products_id/168,1219939934794 in region .META.,,1 with startcode 1219931259154 and server 192.168.1.95:60020
&lt;/span&gt;&amp;lt;jdcryans&amp;gt; 2008-08-28 12:12:30,352 INFO org.apache.hadoop.hbase.master.ServerManager: Received MSG_REPORT_CLOSE: web_pages,http:&lt;span class=&quot;code-comment&quot;&gt;//www.senior-community.net/michigan/charlevoix.htm,1219939934794 from 192.168.1.95:60020
&lt;/span&gt;&amp;lt;jdcryans&amp;gt; 2008-08-28 12:1
&amp;lt;jdcryans&amp;gt; 2008-08-28 12:12:32,557 DEBUG org.apache.hadoop.hbase.master.ServerManager: Total Load: 103, Num Servers: 15, Avg Load: 7.0
&amp;lt;jdcryans&amp;gt; 2008-08-28 12:12:34,093 DEBUG org.apache.hadoop.hbase.master.HMaster: Main processing loop: PendingOpenOperation from 192.168.1.95:60020
&amp;lt;jdcryans&amp;gt; 2008-08-28 12:12:34,093 INFO org.apache.hadoop.hbase.master.ProcessRegionOpen$1: web_pages,http:&lt;span class=&quot;code-comment&quot;&gt;//www.senior-community.net/michigan/charlevoix.htm,1219939934794 open on 192.168.1.95:60020
&lt;/span&gt;&amp;lt;jdcryans&amp;gt; 2008-08-28 12:12:34,093 DEBUG org.apache.hadoop.hbase.master.RegionServerOperation: numberOfMetaRegions: 1, onlineMetaRegions.size(): 1
&amp;lt;jdcryans&amp;gt; 2008-08-28 12:12:34,093 INFO org.apache.hadoop.hbase.master.ProcessRegionOpen$1: updating row web_pages,http:&lt;span class=&quot;code-comment&quot;&gt;//www.senior-community.net/michigan/charlevoix.htm,1219939934794 in region .META.,,1 with startcode 1219931259154 and server 192.168.1.95:60020&lt;/span&gt;
&lt;/pre&gt;
&lt;/div&gt;&lt;/div&gt;

&lt;p&gt;HRS 192.168.1.95&lt;/p&gt;
&lt;div class=&quot;code panel&quot; style=&quot;border-width: 1px;&quot;&gt;&lt;div class=&quot;codeContent panelContent&quot;&gt;
&lt;pre class=&quot;code-java&quot;&gt;jdcryans&amp;gt; 2008-08-28 12:12:24,953 DEBUG org.apache.hadoop.hbase.regionserver.CompactSplitThread: Compaction requested &lt;span class=&quot;code-keyword&quot;&gt;for&lt;/span&gt; region: web_pages,http:&lt;span class=&quot;code-comment&quot;&gt;//www.senior-community.net/michigan/charlevoix.htm,1219939934794
&lt;/span&gt;&amp;lt;jdcryans&amp;gt; 2008-08-28 12:12:27,307 INFO org.apache.hadoop.hbase.regionserver.HRegionServer: MSG_REGION_CLOSE: web_pages,http:&lt;span class=&quot;code-comment&quot;&gt;//www.senior-community.net/michigan/charlevoix.htm,1219939934794: [B@f0a360
&lt;/span&gt;&amp;lt;jdcryans&amp;gt; 2008-08-28 12:12:27,307 INFO org.apache.hadoop.hbase.regionserver.HRegionServer: MSG_REGION_CLOSE: web_pages,http:&lt;span class=&quot;code-comment&quot;&gt;//www.senior-community.net/michigan/charlevoix.htm,1219939934794: [B@f0a360
&lt;/span&gt;&amp;lt;jdcryans&amp;gt; 2008-08-28 12:12:27,308 DEBUG org.apache.hadoop.hbase.regionserver.HRegion: Compactions and cache flushes disabled &lt;span class=&quot;code-keyword&quot;&gt;for&lt;/span&gt; region web_pages,http:&lt;span class=&quot;code-comment&quot;&gt;//www.senior-community.net/michigan/charlevoix.htm,1219939934794
&lt;/span&gt;&amp;lt;jdcryans&amp;gt; 2008-08-28 12:12:27,308 DEBUG org.apache.hadoop.hbase.regionserver.HRegion: Scanners disabled &lt;span class=&quot;code-keyword&quot;&gt;for&lt;/span&gt; region web_pages,http:&lt;span class=&quot;code-comment&quot;&gt;//www.senior-community.net/michigan/charlevoix.htm,1219939934794
&lt;/span&gt;&amp;lt;jdcryans&amp;gt; 2008-08-28 12:12:27,308 DEBUG org.apache.hadoop.hbase.regionserver.HRegion: No more active scanners &lt;span class=&quot;code-keyword&quot;&gt;for&lt;/span&gt; region web_pages,http:&lt;span class=&quot;code-comment&quot;&gt;//www.senior-community.net/michigan/charlevoix.htm,1219939934794
&lt;/span&gt;&amp;lt;jdcryans&amp;gt; 2008-08-28 12:12:27,308 DEBUG org.apache.hadoop.hbase.regionserver.HRegion: Updates disabled &lt;span class=&quot;code-keyword&quot;&gt;for&lt;/span&gt; region web_pages,http:&lt;span class=&quot;code-comment&quot;&gt;//www.senior-community.net/michigan/charlevoix.htm,1219939934794
&lt;/span&gt;&amp;lt;jdcryans&amp;gt; 2008-08-28 12:12:27,308 DEBUG org.apache.hadoop.hbase.regionserver.HRegion: No more row locks outstanding on region web_pages,http:&lt;span class=&quot;code-comment&quot;&gt;//www.senior-community.net/michigan/charlevoix.htm,1219939934794
&lt;/span&gt;&amp;lt;jdcryans&amp;gt; 2008-08-28 12:12:27,308 DEBUG org.apache.hadoop.hbase.regionserver.HStore: closed 1860667227/attribute
&amp;lt;jdcryans&amp;gt; 2008-08-28 12:12:27,308 INFO org.apache.hadoop.hbase.regionserver.HRegion: closed web_pages,http:&lt;span class=&quot;code-comment&quot;&gt;//www.senior-community.net/michigan/charlevoix.htm,1219939934794
&lt;/span&gt;&amp;lt;jdcryans&amp;gt; 2008-08-28 12:12:34,246 INFO org.apache.hadoop.ipc.Server: IPC Server handler 1 on 60020, call batchUpdate([B@552a4a, row =&amp;gt; http:&lt;span class=&quot;code-comment&quot;&gt;//www.simplewebengines.com/, {column =&amp;gt; attribute:traveliness, value =&amp;gt; &apos;...&apos;, column =&amp;gt; attribute:processed_at, value =&amp;gt; &apos;...&apos;, column =&amp;gt; attribute:content, value =&amp;gt; &apos;...&apos;, column =&amp;gt; attribute:refs, value =&amp;gt; &apos;...&apos;, column =&amp;gt; attribute:crawled_at, value =&amp;gt; &apos;...&apos;, column =&amp;gt; att
&lt;/span&gt;&amp;lt;jdcryans&amp;gt; ribute:html, value =&amp;gt; &apos;...&apos;, column =&amp;gt; attribute:crawled, value =&amp;gt; &apos;...&apos;}) from 192.168.1.96:50102: error: org.apache.hadoop.hbase.NotServingRegionException: web_pages,http:&lt;span class=&quot;code-comment&quot;&gt;//www.senior-community.net/michigan/charlevoix.htm,1219939934794
&lt;/span&gt;&amp;lt;jdcryans&amp;gt; org.apache.hadoop.hbase.NotServingRegionException: web_pages,http:&lt;span class=&quot;code-comment&quot;&gt;//www.senior-community.net/michigan/charlevoix.htm,1219939934794
&lt;/span&gt;
NSRE &lt;span class=&quot;code-keyword&quot;&gt;for&lt;/span&gt; a hundred times
&lt;/pre&gt;
&lt;/div&gt;&lt;/div&gt;

&lt;p&gt;Restarting the cluster cleared the issue but this is a nasty bug. Proposed bandaid would be that if we have a NSRE after the retries, asked the master to scan the HRS to see if it&apos;s located somewhere else. If not, assign it somewhere. Finally update META.&lt;/p&gt;</description>
                <environment></environment>
        <key id="12403270">HBASE-851</key>
            <summary>Region is left unassigned after a split/rebalancing, throws NSRE</summary>
                <type id="1" iconUrl="https://issues.apache.org/jira/images/icons/issuetypes/bug.png">Bug</type>
                                            <priority id="3" iconUrl="https://issues.apache.org/jira/images/icons/priorities/major.png">Major</priority>
                        <status id="5" iconUrl="https://issues.apache.org/jira/images/icons/statuses/resolved.png" description="A resolution has been taken, and it is awaiting verification by reporter. From here issues are either reopened, or are closed.">Resolved</status>
                    <statusCategory id="3" key="done" colorName="green"/>
                                    <resolution id="3">Duplicate</resolution>
                                        <assignee username="-1">Unassigned</assignee>
                                    <reporter username="jdcryans">Jean-Daniel Cryans</reporter>
                        <labels>
                    </labels>
                <created>Thu, 28 Aug 2008 18:21:27 +0000</created>
                <updated>Tue, 14 Oct 2008 00:37:39 +0000</updated>
                            <resolved>Tue, 14 Oct 2008 00:37:39 +0000</resolved>
                                    <version>0.2.0</version>
                    <version>0.2.1</version>
                                                        <due></due>
                            <votes>0</votes>
                                    <watches>0</watches>
                                                                <comments>
                            <comment id="12626770" author="irubin" created="Thu, 28 Aug 2008 22:01:20 +0000"  >&lt;p&gt;JD, could you post a bit more of the master log?  Does it keep showing INFO messages for ProcessRegionOpen?  Also, any tips on how to replicate this?&lt;/p&gt;</comment>
                            <comment id="12626772" author="jdcryans" created="Thu, 28 Aug 2008 22:09:57 +0000"  >&lt;div class=&quot;code panel&quot; style=&quot;border-width: 1px;&quot;&gt;&lt;div class=&quot;codeContent panelContent&quot;&gt;
&lt;pre class=&quot;code-java&quot;&gt;
2008-08-28 12:11:47,207 DEBUG org.apache.hadoop.hbase.master.BaseScanner: RegionManager.metaScanner REGION =&amp;gt; {NAME =&amp;gt; &apos;web_pages,http:&lt;span class=&quot;code-comment&quot;&gt;//www.xtremtours.com/,1219937877462&apos;, STARTKEY =&amp;gt; &apos;http://www.xtremtours.com/&apos;, ENDKEY =&amp;gt; &apos;&apos;, ENCODED =&amp;gt; 718025308, TABLE =&amp;gt; {{NAME =&amp;gt; &apos;web_pages&apos;, IS_ROOT =&amp;gt; &apos;&lt;span class=&quot;code-keyword&quot;&gt;false&lt;/span&gt;&apos;, IS_META =&amp;gt; &apos;&lt;span class=&quot;code-keyword&quot;&gt;false&lt;/span&gt;&apos;, FAMILIES =&amp;gt; [{NAME =&amp;gt; &apos;attribute&apos;, BLOOMFILTER =&amp;gt; &apos;&lt;span class=&quot;code-keyword&quot;&gt;false&lt;/span&gt;&apos;, COMPRESSION =&amp;gt; &apos;NONE&apos;, VERSIONS =&amp;gt; &apos;1000000&apos;, LENGTH =&amp;gt; &apos;2147483647&apos;, TTL =&amp;gt; &apos;-1&apos;, IN_MEMORY =&amp;gt; &apos;&lt;span class=&quot;code-keyword&quot;&gt;false&lt;/span&gt;&apos;, BLOCKCACHE =&amp;gt; &apos;&lt;span class=&quot;code-keyword&quot;&gt;false&lt;/span&gt;&apos;}]}}}, SERVER =&amp;gt; &apos;192.168.1.70:60020&apos;, STARTCODE =&amp;gt; 1219931259523
&lt;/span&gt;2008-08-28 12:11:47,212 INFO org.apache.hadoop.hbase.master.BaseScanner: RegionManager.metaScanner scan of meta region {regionname: .META.,,1, startKey: &amp;lt;&amp;gt;, server: 192.168.1.70:60020} complete
2008-08-28 12:11:47,212 INFO org.apache.hadoop.hbase.master.BaseScanner: all meta regions scanned
2008-08-28 12:11:47,283 DEBUG org.apache.hadoop.hbase.master.ServerManager: Total Load: 102, Num Servers: 15, Avg Load: 7.0
2008-08-28 12:12:00,950 INFO org.apache.hadoop.hbase.master.ServerManager: Received MSG_REPORT_SPLIT: web_pages,http:&lt;span class=&quot;code-comment&quot;&gt;//www.irvingoil.com/company/privacy.asp,1219938079718: [B@70eab4 from 192.168.1.90:60020
&lt;/span&gt;2008-08-28 12:12:00,950 INFO org.apache.hadoop.hbase.master.RegionManager: assigning region web_pages,http:&lt;span class=&quot;code-comment&quot;&gt;//www.jquebec.com/,1219939915297 to server 192.168.1.90:60020
&lt;/span&gt;2008-08-28 12:12:00,952 INFO org.apache.hadoop.hbase.master.RegionManager: assigning region web_pages,http:&lt;span class=&quot;code-comment&quot;&gt;//www.irvingoil.com/company/privacy.asp,1219939915297 to server 192.168.1.90:60020
&lt;/span&gt;2008-08-28 12:12:02,401 DEBUG org.apache.hadoop.hbase.master.ServerManager: Total Load: 101, Num Servers: 15, Avg Load: 7.0
2008-08-28 12:12:05,361 INFO org.apache.hadoop.hbase.master.ServerManager: Received MSG_REPORT_PROCESS_OPEN: web_pages,http:&lt;span class=&quot;code-comment&quot;&gt;//www.irvingoil.com/company/privacy.asp,1219939915297 from 192.168.1.90:60020
&lt;/span&gt;2008-08-28 12:12:05,361 INFO org.apache.hadoop.hbase.master.ServerManager: Received MSG_REPORT_OPEN: web_pages,http:&lt;span class=&quot;code-comment&quot;&gt;//www.jquebec.com/,1219939915297 from 192.168.1.90:60020
&lt;/span&gt;2008-08-28 12:12:05,362 INFO org.apache.hadoop.hbase.master.ServerManager: Received MSG_REPORT_OPEN: web_pages,http:&lt;span class=&quot;code-comment&quot;&gt;//www.irvingoil.com/company/privacy.asp,1219939915297 from 192.168.1.90:60020
&lt;/span&gt;2008-08-28 12:12:05,362 DEBUG org.apache.hadoop.hbase.master.RegionManager: Server 192.168.1.90:60020 is overloaded. Server load: 8 avg: 7.0
2008-08-28 12:12:05,362 DEBUG org.apache.hadoop.hbase.master.RegionManager: Choosing to reassign 1 regions. mostLoadedRegions has 8 regions in it.
2008-08-28 12:12:05,362 DEBUG org.apache.hadoop.hbase.master.RegionManager: Going to close region web_pages,http:&lt;span class=&quot;code-comment&quot;&gt;//www.fizber.com/sale-by-owner-home-services/Michigan-city-crystal-falls-profile.html,1219938031085
&lt;/span&gt;2008-08-28 12:12:05,362 DEBUG org.apache.hadoop.hbase.master.HMaster: Main processing loop: PendingOpenOperation from 192.168.1.90:60020
2008-08-28 12:12:05,362 INFO org.apache.hadoop.hbase.master.ProcessRegionOpen$1: web_pages,http:&lt;span class=&quot;code-comment&quot;&gt;//www.jquebec.com/,1219939915297 open on 192.168.1.90:60020
&lt;/span&gt;2008-08-28 12:12:05,362 DEBUG org.apache.hadoop.hbase.master.RegionServerOperation: numberOfMetaRegions: 1, onlineMetaRegions.size(): 1
2008-08-28 12:12:05,362 INFO org.apache.hadoop.hbase.master.ProcessRegionOpen$1: updating row web_pages,http:&lt;span class=&quot;code-comment&quot;&gt;//www.jquebec.com/,1219939915297 in region .META.,,1 with startcode 1219931259216 and server 192.168.1.90:60020
&lt;/span&gt;2008-08-28 12:12:05,513 DEBUG org.apache.hadoop.hbase.master.HMaster: Main processing loop: PendingOpenOperation from 192.168.1.90:60020
2008-08-28 12:12:05,513 INFO org.apache.hadoop.hbase.master.ProcessRegionOpen$1: web_pages,http:&lt;span class=&quot;code-comment&quot;&gt;//www.irvingoil.com/company/privacy.asp,1219939915297 open on 192.168.1.90:60020
&lt;/span&gt;2008-08-28 12:12:05,513 DEBUG org.apache.hadoop.hbase.master.RegionServerOperation: numberOfMetaRegions: 1, onlineMetaRegions.size(): 1
2008-08-28 12:12:05,513 INFO org.apache.hadoop.hbase.master.ProcessRegionOpen$1: updating row web_pages,http:&lt;span class=&quot;code-comment&quot;&gt;//www.irvingoil.com/company/privacy.asp,1219939915297 in region .META.,,1 with startcode 1219931259216 and server 192.168.1.90:60020
&lt;/span&gt;2008-08-28 12:12:17,524 DEBUG org.apache.hadoop.hbase.master.ServerManager: Total Load: 102, Num Servers: 15, Avg Load: 7.0
2008-08-28 12:12:18,406 INFO org.apache.hadoop.hbase.master.ServerManager: Received MSG_REPORT_CLOSE: web_pages,http:&lt;span class=&quot;code-comment&quot;&gt;//www.fizber.com/sale-by-owner-home-services/Michigan-city-crystal-falls-profile.html,1219938031085 from 192.168.1.90:60020
&lt;/span&gt;2008-08-28 12:12:18,578 INFO org.apache.hadoop.hbase.master.RegionManager: assigning region web_pages,http:&lt;span class=&quot;code-comment&quot;&gt;//www.fizber.com/sale-by-owner-home-services/Michigan-city-crystal-falls-profile.html,1219938031085 to server 192.168.1.96:60020
&lt;/span&gt;2008-08-28 12:12:21,585 INFO org.apache.hadoop.hbase.master.ServerManager: Received MSG_REPORT_PROCESS_OPEN: web_pages,http:&lt;span class=&quot;code-comment&quot;&gt;//www.fizber.com/sale-by-owner-home-services/Michigan-city-crystal-falls-profile.html,1219938031085 from 192.168.1.96:60020
&lt;/span&gt;2008-08-28 12:12:23,838 INFO org.apache.hadoop.hbase.master.ServerManager: Received MSG_REPORT_SPLIT: web_pages,http:&lt;span class=&quot;code-comment&quot;&gt;//www.salonskincare.co.uk/product_info.php/products_id/168,1219937970833: [B@30a4a7 from 192.168.1.95:60020
&lt;/span&gt;2008-08-28 12:12:23,838 INFO org.apache.hadoop.hbase.master.RegionManager: assigning region web_pages,http:&lt;span class=&quot;code-comment&quot;&gt;//www.salonskincare.co.uk/product_info.php/products_id/168,1219939934794 to server 192.168.1.95:60020
&lt;/span&gt;2008-08-28 12:12:23,840 INFO org.apache.hadoop.hbase.master.RegionManager: assigning region web_pages,http:&lt;span class=&quot;code-comment&quot;&gt;//www.senior-community.net/michigan/charlevoix.htm,1219939934794 to server 192.168.1.95:60020
&lt;/span&gt;2008-08-28 12:12:24,588 INFO org.apache.hadoop.hbase.master.ServerManager: Received MSG_REPORT_OPEN: web_pages,http:&lt;span class=&quot;code-comment&quot;&gt;//www.fizber.com/sale-by-owner-home-services/Michigan-city-crystal-falls-profile.html,1219938031085 from 192.168.1.96:60020
&lt;/span&gt;2008-08-28 12:12:24,588 DEBUG org.apache.hadoop.hbase.master.HMaster: Main processing loop: PendingOpenOperation from 192.168.1.96:60020
2008-08-28 12:12:24,589 INFO org.apache.hadoop.hbase.master.ProcessRegionOpen$1: web_pages,http:&lt;span class=&quot;code-comment&quot;&gt;//www.fizber.com/sale-by-owner-home-services/Michigan-city-crystal-falls-profile.html,1219938031085 open on 192.168.1.96:60020
&lt;/span&gt;2008-08-28 12:12:24,589 DEBUG org.apache.hadoop.hbase.master.RegionServerOperation: numberOfMetaRegions: 1, onlineMetaRegions.size(): 1
2008-08-28 12:12:24,589 INFO org.apache.hadoop.hbase.master.ProcessRegionOpen$1: updating row web_pages,http:&lt;span class=&quot;code-comment&quot;&gt;//www.fizber.com/sale-by-owner-home-services/Michigan-city-crystal-falls-profile.html,1219938031085 in region .META.,,1 with startcode 1219931259127 and server 192.168.1.96:60020
&lt;/span&gt;2008-08-28 12:12:27,174 INFO org.apache.hadoop.hbase.master.ServerManager: Received MSG_REPORT_PROCESS_OPEN: web_pages,http:&lt;span class=&quot;code-comment&quot;&gt;//www.senior-community.net/michigan/charlevoix.htm,1219939934794 from 192.168.1.95:60020
&lt;/span&gt;2008-08-28 12:12:27,174 INFO org.apache.hadoop.hbase.master.ServerManager: Received MSG_REPORT_OPEN: web_pages,http:&lt;span class=&quot;code-comment&quot;&gt;//www.salonskincare.co.uk/product_info.php/products_id/168,1219939934794 from 192.168.1.95:60020
&lt;/span&gt;2008-08-28 12:12:27,174 INFO org.apache.hadoop.hbase.master.ServerManager: Received MSG_REPORT_OPEN: web_pages,http:&lt;span class=&quot;code-comment&quot;&gt;//www.senior-community.net/michigan/charlevoix.htm,1219939934794 from 192.168.1.95:60020
&lt;/span&gt;2008-08-28 12:12:27,174 DEBUG org.apache.hadoop.hbase.master.RegionManager: Server 192.168.1.95:60020 is overloaded. Server load: 8 avg: 7.0
2008-08-28 12:12:27,174 DEBUG org.apache.hadoop.hbase.master.RegionManager: Choosing to reassign 1 regions. mostLoadedRegions has 8 regions in it.
2008-08-28 12:12:27,174 DEBUG org.apache.hadoop.hbase.master.RegionManager: Going to close region web_pages,http:&lt;span class=&quot;code-comment&quot;&gt;//www.senior-community.net/michigan/charlevoix.htm,1219939934794
&lt;/span&gt;2008-08-28 12:12:27,174 DEBUG org.apache.hadoop.hbase.master.HMaster: Main processing loop: PendingOpenOperation from 192.168.1.95:60020
2008-08-28 12:12:27,175 INFO org.apache.hadoop.hbase.master.ProcessRegionOpen$1: web_pages,http:&lt;span class=&quot;code-comment&quot;&gt;//www.salonskincare.co.uk/product_info.php/products_id/168,1219939934794 open on 192.168.1.95:60020
&lt;/span&gt;2008-08-28 12:12:27,175 DEBUG org.apache.hadoop.hbase.master.RegionServerOperation: numberOfMetaRegions: 1, onlineMetaRegions.size(): 1
2008-08-28 12:12:27,175 INFO org.apache.hadoop.hbase.master.ProcessRegionOpen$1: updating row web_pages,http:&lt;span class=&quot;code-comment&quot;&gt;//www.salonskincare.co.uk/product_info.php/products_id/168,1219939934794 in region .META.,,1 with startcode 1219931259154 and server 192.168.1.95:60020
&lt;/span&gt;2008-08-28 12:12:30,352 INFO org.apache.hadoop.hbase.master.ServerManager: Received MSG_REPORT_CLOSE: web_pages,http:&lt;span class=&quot;code-comment&quot;&gt;//www.senior-community.net/michigan/charlevoix.htm,1219939934794 from 192.168.1.95:60020
&lt;/span&gt;2008-08-28 12:12:32,557 DEBUG org.apache.hadoop.hbase.master.ServerManager: Total Load: 103, Num Servers: 15, Avg Load: 7.0
2008-08-28 12:12:34,093 DEBUG org.apache.hadoop.hbase.master.HMaster: Main processing loop: PendingOpenOperation from 192.168.1.95:60020
2008-08-28 12:12:34,093 INFO org.apache.hadoop.hbase.master.ProcessRegionOpen$1: web_pages,http:&lt;span class=&quot;code-comment&quot;&gt;//www.senior-community.net/michigan/charlevoix.htm,1219939934794 open on 192.168.1.95:60020
&lt;/span&gt;2008-08-28 12:12:34,093 DEBUG org.apache.hadoop.hbase.master.RegionServerOperation: numberOfMetaRegions: 1, onlineMetaRegions.size(): 1
2008-08-28 12:12:34,093 INFO org.apache.hadoop.hbase.master.ProcessRegionOpen$1: updating row web_pages,http:&lt;span class=&quot;code-comment&quot;&gt;//www.senior-community.net/michigan/charlevoix.htm,1219939934794 in region .META.,,1 with startcode 1219931259154 and server 192.168.1.95:60020
&lt;/span&gt;2008-08-28 12:12:43,828 INFO org.apache.hadoop.hbase.master.BaseScanner: RegionManager.rootScanner scanning meta region {regionname: -ROOT-,,0, startKey: &amp;lt;&amp;gt;, server: 192.168.1.95:60020}
2008-08-28 12:12:43,848 DEBUG org.apache.hadoop.hbase.master.BaseScanner: RegionManager.rootScanner REGION =&amp;gt; {NAME =&amp;gt; &apos;.META.,,1&apos;, STARTKEY =&amp;gt; &apos;&apos;, ENDKEY =&amp;gt; &apos;&apos;, ENCODED =&amp;gt; 1028785192, TABLE =&amp;gt; {{NAME =&amp;gt; &apos;.META.&apos;, IS_ROOT =&amp;gt; &apos;&lt;span class=&quot;code-keyword&quot;&gt;false&lt;/span&gt;&apos;, IS_META =&amp;gt; &apos;&lt;span class=&quot;code-keyword&quot;&gt;true&lt;/span&gt;&apos;, FAMILIES =&amp;gt; [{NAME =&amp;gt; &apos;info&apos;, BLOOMFILTER =&amp;gt; &apos;&lt;span class=&quot;code-keyword&quot;&gt;false&lt;/span&gt;&apos;, VERSIONS =&amp;gt; &apos;1&apos;, COMPRESSION =&amp;gt; &apos;NONE&apos;, LENGTH =&amp;gt; &apos;2147483647&apos;, TTL =&amp;gt; &apos;-1&apos;, IN_MEMORY =&amp;gt; &apos;&lt;span class=&quot;code-keyword&quot;&gt;false&lt;/span&gt;&apos;, BLOCKCACHE =&amp;gt; &apos;&lt;span class=&quot;code-keyword&quot;&gt;false&lt;/span&gt;&apos;}, {NAME =&amp;gt; &apos;historian&apos;, BLOOMFILTER =&amp;gt; &apos;&lt;span class=&quot;code-keyword&quot;&gt;false&lt;/span&gt;&apos;, VERSIONS =&amp;gt; &apos;2147483647&apos;, COMPRESSION =&amp;gt; &apos;NONE&apos;, LENGTH =&amp;gt; &apos;2147483647&apos;, TTL =&amp;gt; &apos;-1&apos;, IN_MEMORY =&amp;gt; &apos;&lt;span class=&quot;code-keyword&quot;&gt;false&lt;/span&gt;&apos;, BLOCKCACHE =&amp;gt; &apos;&lt;span class=&quot;code-keyword&quot;&gt;false&lt;/span&gt;&apos;}]}}}, SERVER =&amp;gt; &apos;192.168.1.70:60020&apos;, STARTCODE =&amp;gt; 1219931259523
2008-08-28 12:12:43,849 INFO org.apache.hadoop.hbase.master.BaseScanner: RegionManager.rootScanner scan of meta region {regionname: -ROOT-,,0, startKey: &amp;lt;&amp;gt;, server: 192.168.1.95:60020} complete
2008-08-28 12:12:46,977 INFO org.apache.hadoop.hbase.master.BaseScanner: RegionManager.metaScanner scanning meta region {regionname: .META.,,1, startKey: &amp;lt;&amp;gt;, server: 192.168.1.70:60020}
2008-08-28 12:12:47,171 DEBUG org.apache.hadoop.hbase.master.BaseScanner: RegionManager.metaScanner REGION =&amp;gt; {NAME =&amp;gt; &apos;entities,,1219165003546&apos;, STARTKEY =&amp;gt; &apos;&apos;, ENDKEY =&amp;gt; &apos;7f3f7c20-9234-4255-9c42-ce5814903412&apos;, ENCODED =&amp;gt; 1253295232, TABLE =&amp;gt; {{NAME =&amp;gt; &apos;entities&apos;, IS_ROOT =&amp;gt; &apos;&lt;span class=&quot;code-keyword&quot;&gt;false&lt;/span&gt;&apos;, IS_META =&amp;gt; &apos;&lt;span class=&quot;code-keyword&quot;&gt;false&lt;/span&gt;&apos;, FAMILIES =&amp;gt; [{NAME =&amp;gt; &apos;context&apos;, BLOOMFILTER =&amp;gt; &apos;&lt;span class=&quot;code-keyword&quot;&gt;false&lt;/span&gt;&apos;, VERSIONS =&amp;gt; &apos;3&apos;, COMPRESSION =&amp;gt; &apos;NONE&apos;, LENGTH =&amp;gt; &apos;2147483647&apos;, TTL =&amp;gt; &apos;-1&apos;, IN_MEMORY =&amp;gt; &apos;&lt;span class=&quot;code-keyword&quot;&gt;false&lt;/span&gt;&apos;, BLOCKCACHE =&amp;gt; &apos;&lt;span class=&quot;code-keyword&quot;&gt;false&lt;/span&gt;&apos;}, {NAME =&amp;gt; &apos;attribute&apos;, BLOOMFILTER =&amp;gt; &apos;&lt;span class=&quot;code-keyword&quot;&gt;false&lt;/span&gt;&apos;, VERSIONS =&amp;gt; &apos;1000000&apos;, COMPRESSION =&amp;gt; &apos;NONE&apos;, LENGTH =&amp;gt; &apos;2147483647&apos;, TTL =&amp;gt; &apos;-1&apos;, IN_MEMORY =&amp;gt; &apos;&lt;span class=&quot;code-keyword&quot;&gt;false&lt;/span&gt;&apos;, BLOCKCACHE =&amp;gt; &apos;&lt;span class=&quot;code-keyword&quot;&gt;false&lt;/span&gt;&apos;}]}}}, SERVER =&amp;gt; &apos;192.168.1.98:60020&apos;, STARTCODE =&amp;gt; 1219931259258
2008-08-28 12:12:47,199 DEBUG org.apache.hadoop.hbase.master.BaseScanner: RegionManager.metaScanner REGION =&amp;gt; {NAME =&amp;gt; &apos;entities,7f3f7c20-9234-4255-9c42-ce5814903412,1219165003546&apos;, STARTKEY =&amp;gt; &apos;7f3f7c20-9234-4255-9c42-ce5814903412&apos;, ENDKEY =&amp;gt; &apos;&apos;, ENCODED =&amp;gt; 146570614, TABLE =&amp;gt; {{NAME =&amp;gt; &apos;entities&apos;, IS_ROOT =&amp;gt; &apos;&lt;span class=&quot;code-keyword&quot;&gt;false&lt;/span&gt;&apos;, IS_META =&amp;gt; &apos;&lt;span class=&quot;code-keyword&quot;&gt;false&lt;/span&gt;&apos;, FAMILIES =&amp;gt; [{NAME =&amp;gt; &apos;context&apos;, BLOOMFILTER =&amp;gt; &apos;&lt;span class=&quot;code-keyword&quot;&gt;false&lt;/span&gt;&apos;, VERSIONS =&amp;gt; &apos;3&apos;, COMPRESSION =&amp;gt; &apos;NONE&apos;, LENGTH =&amp;gt; &apos;2147483647&apos;, TTL =&amp;gt; &apos;-1&apos;, IN_MEMORY =&amp;gt; &apos;&lt;span class=&quot;code-keyword&quot;&gt;false&lt;/span&gt;&apos;, BLOCKCACHE =&amp;gt; &apos;&lt;span class=&quot;code-keyword&quot;&gt;false&lt;/span&gt;&apos;}, {NAME =&amp;gt; &apos;attribute&apos;, BLOOMFILTER =&amp;gt; &apos;&lt;span class=&quot;code-keyword&quot;&gt;false&lt;/span&gt;&apos;, VERSIONS =&amp;gt; &apos;1000000&apos;, COMPRESSION =&amp;gt; &apos;NONE&apos;, LENGTH =&amp;gt; &apos;2147483647&apos;, TTL =&amp;gt; &apos;-1&apos;, IN_MEMORY =&amp;gt; &apos;&lt;span class=&quot;code-keyword&quot;&gt;false&lt;/span&gt;&apos;, BLOCKCACHE =&amp;gt; &apos;&lt;span class=&quot;code-keyword&quot;&gt;false&lt;/span&gt;&apos;}]}}}, SERVER =&amp;gt; &apos;192.168.1.87:60020&apos;, STARTCODE =&amp;gt; 1219931259249
2008-08-28 12:12:47,200 DEBUG org.apache.hadoop.hbase.master.BaseScanner: RegionManager.metaScanner REGION =&amp;gt; {NAME =&amp;gt; &apos;entity_candidates,,1219110570649&apos;, STARTKEY =&amp;gt; &apos;&apos;, ENDKEY =&amp;gt; &apos;&apos;, ENCODED =&amp;gt; 303566559, TABLE =&amp;gt; {{NAME =&amp;gt; &apos;entity_candidates&apos;, IS_ROOT =&amp;gt; &apos;&lt;span class=&quot;code-keyword&quot;&gt;false&lt;/span&gt;&apos;, IS_META =&amp;gt; &apos;&lt;span class=&quot;code-keyword&quot;&gt;false&lt;/span&gt;&apos;, FAMILIES =&amp;gt; [{NAME =&amp;gt; &apos;attribute&apos;, BLOOMFILTER =&amp;gt; &apos;&lt;span class=&quot;code-keyword&quot;&gt;false&lt;/span&gt;&apos;, COMPRESSION =&amp;gt; &apos;NONE&apos;, VERSIONS =&amp;gt; &apos;1000000&apos;, LENGTH =&amp;gt; &apos;2147483647&apos;, TTL =&amp;gt; &apos;-1&apos;, IN_MEMORY =&amp;gt; &apos;&lt;span class=&quot;code-keyword&quot;&gt;false&lt;/span&gt;&apos;, BLOCKCACHE =&amp;gt; &apos;&lt;span class=&quot;code-keyword&quot;&gt;false&lt;/span&gt;&apos;}]}}}, SERVER =&amp;gt; &apos;192.168.1.99:60020&apos;, STARTCODE =&amp;gt; 1219931259137
2008-08-28 12:12:47,200 DEBUG org.apache.hadoop.hbase.master.BaseScanner: RegionManager.metaScanner REGION =&amp;gt; {NAME =&amp;gt; &apos;guides,,1219110550196&apos;, STARTKEY =&amp;gt; &apos;&apos;, ENDKEY =&amp;gt; &apos;&apos;, ENCODED =&amp;gt; 34054954, TABLE =&amp;gt; {{NAME =&amp;gt; &apos;guides&apos;, IS_ROOT =&amp;gt; &apos;&lt;span class=&quot;code-keyword&quot;&gt;false&lt;/span&gt;&apos;, IS_META =&amp;gt; &apos;&lt;span class=&quot;code-keyword&quot;&gt;false&lt;/span&gt;&apos;, FAMILIES =&amp;gt; [{NAME =&amp;gt; &apos;attribute&apos;, BLOOMFILTER =&amp;gt; &apos;&lt;span class=&quot;code-keyword&quot;&gt;false&lt;/span&gt;&apos;, COMPRESSION =&amp;gt; &apos;NONE&apos;, VERSIONS =&amp;gt; &apos;1000000&apos;, LENGTH =&amp;gt; &apos;2147483647&apos;, TTL =&amp;gt; &apos;-1&apos;, IN_MEMORY =&amp;gt; &apos;&lt;span class=&quot;code-keyword&quot;&gt;false&lt;/span&gt;&apos;, BLOCKCACHE =&amp;gt; &apos;&lt;span class=&quot;code-keyword&quot;&gt;false&lt;/span&gt;&apos;}]}}}, SERVER =&amp;gt; &apos;192.168.1.90:60020&apos;, STARTCODE =&amp;gt; 1219931259216
2008-08-28 12:12:47,202 DEBUG org.apache.hadoop.hbase.master.BaseScanner: RegionManager.metaScanner REGION =&amp;gt; {NAME =&amp;gt; &apos;medias,,1219110580836&apos;, STARTKEY =&amp;gt; &apos;&apos;, ENDKEY =&amp;gt; &apos;&apos;, ENCODED =&amp;gt; 216609116, TABLE =&amp;gt; {{NAME =&amp;gt; &apos;medias&apos;, IS_ROOT =&amp;gt; &apos;&lt;span class=&quot;code-keyword&quot;&gt;false&lt;/span&gt;&apos;, IS_META =&amp;gt; &apos;&lt;span class=&quot;code-keyword&quot;&gt;false&lt;/span&gt;&apos;, FAMILIES =&amp;gt; [{NAME =&amp;gt; &apos;attribute&apos;, BLOOMFILTER =&amp;gt; &apos;&lt;span class=&quot;code-keyword&quot;&gt;false&lt;/span&gt;&apos;, COMPRESSION =&amp;gt; &apos;NONE&apos;, VERSIONS =&amp;gt; &apos;1000000&apos;, LENGTH =&amp;gt; &apos;2147483647&apos;, TTL =&amp;gt; &apos;-1&apos;, IN_MEMORY =&amp;gt; &apos;&lt;span class=&quot;code-keyword&quot;&gt;false&lt;/span&gt;&apos;, BLOCKCACHE =&amp;gt; &apos;&lt;span class=&quot;code-keyword&quot;&gt;false&lt;/span&gt;&apos;}]}}}, SERVER =&amp;gt; &apos;192.168.1.90:60020&apos;, STARTCODE =&amp;gt; 1219931259216
2008-08-28 12:12:47,203 DEBUG org.apache.hadoop.hbase.master.BaseScanner: RegionManager.metaScanner REGION =&amp;gt; {NAME =&amp;gt; &apos;web_pages,,1219939407687&apos;, STARTKEY =&amp;gt; &apos;&apos;, ENDKEY =&amp;gt; &apos;http:&lt;span class=&quot;code-comment&quot;&gt;//antrim-county-recycling.blogspot.com/2007/12/overview-of-pa-138-campaign-failed-part.html&apos;, ENCODED =&amp;gt; 751617614, TABLE =&amp;gt; {{NAME =&amp;gt; &apos;web_pages&apos;, IS_ROOT =&amp;gt; &apos;&lt;span class=&quot;code-keyword&quot;&gt;false&lt;/span&gt;&apos;, IS_META =&amp;gt; &apos;&lt;span class=&quot;code-keyword&quot;&gt;false&lt;/span&gt;&apos;, FAMILIES =&amp;gt; [{NAME =&amp;gt; &apos;attribute&apos;, BLOOMFILTER =&amp;gt; &apos;&lt;span class=&quot;code-keyword&quot;&gt;false&lt;/span&gt;&apos;, COMPRESSION =&amp;gt; &apos;NONE&apos;, VERSIONS =&amp;gt; &apos;1000000&apos;, LENGTH =&amp;gt; &apos;2147483647&apos;, TTL =&amp;gt; &apos;-1&apos;, IN_MEMORY =&amp;gt; &apos;&lt;span class=&quot;code-keyword&quot;&gt;false&lt;/span&gt;&apos;, BLOCKCACHE =&amp;gt; &apos;&lt;span class=&quot;code-keyword&quot;&gt;false&lt;/span&gt;&apos;}]}}}, SERVER =&amp;gt; &apos;192.168.1.97:60020&apos;, STARTCODE =&amp;gt; 1219931259191
&lt;/span&gt;2008-08-28 12:12:47,205 DEBUG org.apache.hadoop.hbase.master.BaseScanner: RegionManager.metaScanner REGION =&amp;gt; {NAME =&amp;gt; &apos;web_pages,http:&lt;span class=&quot;code-comment&quot;&gt;//antrim-county-recycling.blogspot.com/2007/12/overview-of-pa-138-campaign-failed-part.html,1219939407687&apos;, STARTKEY =&amp;gt; &apos;http://antrim-county-recycling.blogspot.com/2007/12/overview-of-pa-138-campaign-failed-part.html&apos;, ENDKEY =&amp;gt; &apos;http://automotive.autoaubaine.com/occasions-auto/Saguenay-Lac-St-Jean-listing.html&apos;, ENCODED =&amp;gt; 385826300, TABLE =&amp;gt; {{NAME =&amp;gt; &apos;web_pages&apos;, IS_ROOT =&amp;gt; &apos;&lt;span class=&quot;code-keyword&quot;&gt;false&lt;/span&gt;&apos;, IS_META =&amp;gt; &apos;&lt;span class=&quot;code-keyword&quot;&gt;false&lt;/span&gt;&apos;, FAMILIES =&amp;gt; [{NAME =&amp;gt; &apos;attribute&apos;, BLOOMFILTER =&amp;gt; &apos;&lt;span class=&quot;code-keyword&quot;&gt;false&lt;/span&gt;&apos;, COMPRESSION =&amp;gt; &apos;NONE&apos;, VERSIONS =&amp;gt; &apos;1000000&apos;, LENGTH =&amp;gt; &apos;2147483647&apos;, TTL =&amp;gt; &apos;-1&apos;, IN_MEMORY =&amp;gt; &apos;&lt;span class=&quot;code-keyword&quot;&gt;false&lt;/span&gt;&apos;, BLOCKCACHE =&amp;gt; &apos;&lt;span class=&quot;code-keyword&quot;&gt;false&lt;/span&gt;&apos;}]}}}, SERVER =&amp;gt; &apos;192.168.1.93:60020&apos;, STARTCODE =&amp;gt; 1219931259324
&lt;/span&gt;2008-08-28 12:12:47,209 DEBUG org.apache.hadoop.hbase.master.BaseScanner: RegionManager.metaScanner REGION =&amp;gt; {NAME =&amp;gt; &apos;web_pages,http:&lt;span class=&quot;code-comment&quot;&gt;//automotive.autoaubaine.com/occasions-auto/Saguenay-Lac-St-Jean-listing.html,1219939021978&apos;, STARTKEY =&amp;gt; &apos;http://automotive.autoaubaine.com/occasions-auto/Saguenay-Lac-St-Jean-listing.html&apos;, ENDKEY =&amp;gt; &apos;http://buildingpros.com/build/state/MI/Grosse+Ile.html&apos;, ENCODED =&amp;gt; 1156151379, TABLE =&amp;gt; {{NAME =&amp;gt; &apos;web_pages&apos;, IS_ROOT =&amp;gt; &apos;&lt;span class=&quot;code-keyword&quot;&gt;false&lt;/span&gt;&apos;, IS_META =&amp;gt; &apos;&lt;span class=&quot;code-keyword&quot;&gt;false&lt;/span&gt;&apos;, FAMILIES =&amp;gt; [{NAME =&amp;gt; &apos;attribute&apos;, BLOOMFILTER =&amp;gt; &apos;&lt;span class=&quot;code-keyword&quot;&gt;false&lt;/span&gt;&apos;, COMPRESSION =&amp;gt; &apos;NONE&apos;, VERSIONS =&amp;gt; &apos;1000000&apos;, LENGTH =&amp;gt; &apos;2147483647&apos;, TTL =&amp;gt; &apos;-1&apos;, IN_MEMORY =&amp;gt; &apos;&lt;span class=&quot;code-keyword&quot;&gt;false&lt;/span&gt;&apos;, BLOCKCACHE =&amp;gt; &apos;&lt;span class=&quot;code-keyword&quot;&gt;false&lt;/span&gt;&apos;}]}}}, SERVER =&amp;gt; &apos;192.168.1.87:60020&apos;, STARTCODE =&amp;gt; 1219931259249
&lt;/span&gt;2008-08-28 12:12:47,211 DEBUG org.apache.hadoop.hbase.master.BaseScanner: RegionManager.metaScanner REGION =&amp;gt; {NAME =&amp;gt; &apos;web_pages,http:&lt;span class=&quot;code-comment&quot;&gt;//buildingpros.com/build/state/MI/Grosse+Ile.html,1219939021978&apos;, STARTKEY =&amp;gt; &apos;http://buildingpros.com/build/state/MI/Grosse+Ile.html&apos;, ENDKEY =&amp;gt; &apos;http://cancun-hotels.tripadvisor.com/Hotel_Review-g150807-d154413-Reviews-Hyatt_Cancun_Caribe_Resort-Cancun_Yucatan_Peninsula.html&apos;, ENCODED =&amp;gt; 554004736, TABLE =&amp;gt; {{NAME =&amp;gt; &apos;web_pages&apos;, IS_ROOT =&amp;gt; &apos;&lt;span class=&quot;code-keyword&quot;&gt;false&lt;/span&gt;&apos;, IS_META =&amp;gt; &apos;&lt;span class=&quot;code-keyword&quot;&gt;false&lt;/span&gt;&apos;, FAMILIES =&amp;gt; [{NAME =&amp;gt; &apos;attribute&apos;, BLOOMFILTER =&amp;gt; &apos;&lt;span class=&quot;code-keyword&quot;&gt;false&lt;/span&gt;&apos;, COMPRESSION =&amp;gt; &apos;NONE&apos;, VERSIONS =&amp;gt; &apos;1000000&apos;, LENGTH =&amp;gt; &apos;2147483647&apos;, TTL =&amp;gt; &apos;-1&apos;, IN_MEMORY =&amp;gt; &apos;&lt;span class=&quot;code-keyword&quot;&gt;false&lt;/span&gt;&apos;, BLOCKCACHE =&amp;gt; &apos;&lt;span class=&quot;code-keyword&quot;&gt;false&lt;/span&gt;&apos;}]}}}, SERVER =&amp;gt; &apos;192.168.1.97:60020&apos;, STARTCODE =&amp;gt; 1219931259191&lt;/span&gt;
&lt;/pre&gt;
&lt;/div&gt;&lt;/div&gt;

&lt;p&gt;As you can see, the rest of the log is empty. In the web UI, I saw that the region server didn&apos;t have that region (web_pages,&lt;a href=&quot;http://www.senior-community.net/michigan/charlevoix.htm,1219939934794&quot; class=&quot;external-link&quot; rel=&quot;nofollow&quot;&gt;http://www.senior-community.net/michigan/charlevoix.htm,1219939934794&lt;/a&gt;)&lt;br/&gt;
But it was there in the table.jsp page.&lt;/p&gt;

&lt;p&gt;I can replicate it here after ~1 hour of MR jobs so... I think you should first do the bandaid stuff.&lt;/p&gt;</comment>
                            <comment id="12632733" author="jdcryans" created="Fri, 19 Sep 2008 16:13:50 +0000"  >&lt;p&gt;Seeing this issue again. Happened during a big MR job on a table with 300 regions, one of them was assigned in META but not open on the server. Restarting the cluster fixed the problem.&lt;/p&gt;</comment>
                            <comment id="12632734" author="jdcryans" created="Fri, 19 Sep 2008 16:14:15 +0000"  >&lt;p&gt;Was on a 0.2.1 cluster&lt;/p&gt;</comment>
                            <comment id="12637224" author="jimk" created="Mon, 6 Oct 2008 21:08:50 +0000"  >&lt;p&gt;It appears that the master got the REPORT_OPEN from the server but not&lt;br/&gt;
the REPORT_CLOSE.&lt;/p&gt;

&lt;p&gt;So when the NSRE happens, the master thinks the region is open, but&lt;br/&gt;
has told the region server to close it.&lt;/p&gt;

&lt;p&gt;The region server has not yet reported the region as closed, but it&lt;br/&gt;
may have removed the region from onlineRegions but just has not yet&lt;br/&gt;
gotten around to finish and report close or, due to a thread&lt;br/&gt;
scheduling problem, the heartbeat has either not been sent to the&lt;br/&gt;
master or the master has not polled the heartbeat message queue. Beyond&lt;br/&gt;
that, the logs do not show enough information&lt;/p&gt;

&lt;p&gt;What would be really useful next time, would be thread dumps of master&lt;br/&gt;
and region server.&lt;/p&gt;

&lt;p&gt;If that is really all that is in the logs except for the NSRE&apos;s,&lt;br/&gt;
something is wedged.&lt;/p&gt;

&lt;p&gt;If the master never receives MSG_REPORT_CLOSE, it is never going to&lt;br/&gt;
reassign the region.&lt;/p&gt;</comment>
                            <comment id="12637228" author="stack" created="Mon, 6 Oct 2008 21:12:59 +0000"  >&lt;blockquote&gt;&lt;p&gt;If the master never receives MSG_REPORT_CLOSE, it is never going to reassign the region.&lt;/p&gt;&lt;/blockquote&gt;

&lt;p&gt;We should fix this &apos;hole&apos; in our protocol?&lt;/p&gt;</comment>
                            <comment id="12637243" author="jimk" created="Mon, 6 Oct 2008 21:26:07 +0000"  >&lt;p&gt;@Stack&lt;/p&gt;

&lt;blockquote&gt;
&lt;p&gt;We should fix this &apos;hole&apos; in our protocol?&lt;/p&gt;&lt;/blockquote&gt;

&lt;p&gt;Yes, but the master should not reassign the region if it is still being closed, or&lt;br/&gt;
the new region server will corrupt it.&lt;/p&gt;

&lt;p&gt;Perhaps something like what we do with open: have a MSG_PROCESS_CLOSE tied&lt;br/&gt;
to a progressable so that the master knows that the region has not yet been closed,&lt;br/&gt;
and the region server is not dead.&lt;/p&gt;</comment>
                            <comment id="12639180" author="stack" created="Mon, 13 Oct 2008 19:43:07 +0000"  >&lt;p&gt;Reading the j-d snippets above, this looks like &lt;a href=&quot;https://issues.apache.org/jira/browse/HBASE-921&quot; title=&quot;region close and open processed out of order; makes for disagreement between master and regionserver on region state&quot; class=&quot;issue-link&quot; data-issue-key=&quot;HBASE-921&quot;&gt;&lt;del&gt;HBASE-921&lt;/del&gt;&lt;/a&gt;; i.e. the open of the region &apos;web_pages,&lt;a href=&quot;http://www.senior-community.net/michigan/charlevoix.htm,1219939934794&quot; class=&quot;external-link&quot; rel=&quot;nofollow&quot;&gt;http://www.senior-community.net/michigan/charlevoix.htm,1219939934794&lt;/a&gt;&apos; is being processed after a close.&lt;/p&gt;</comment>
                    </comments>
                <issuelinks>
                            <issuelinktype id="12310000">
                    <name>Duplicate</name>
                                            <outwardlinks description="duplicates">
                                        <issuelink>
            <issuekey id="12406231">HBASE-921</issuekey>
        </issuelink>
                            </outwardlinks>
                                                        </issuelinktype>
                    </issuelinks>
                <attachments>
                    </attachments>
                <subtasks>
                    </subtasks>
                <customfields>
                                                <customfield id="customfield_12310310" key="com.atlassian.jira.toolkit:attachments">
                        <customfieldname>Attachment count</customfieldname>
                        <customfieldvalues>
                            <customfieldvalue>0.0</customfieldvalue>
                        </customfieldvalues>
                    </customfield>
                                                                                                                                                                                                                                                                                                                                                                                                                                                                                                                                <customfield id="customfield_12310220" key="com.atlassian.jira.ext.charting:firstresponsedate">
                        <customfieldname>Date of First Response</customfieldname>
                        <customfieldvalues>
                            <customfieldvalue>Thu, 28 Aug 2008 22:01:20 +0000</customfieldvalue>

                        </customfieldvalues>
                    </customfield>
                                                                                                                                                                                                                                                                                                                                                                                                                                            <customfield id="customfield_12310420" key="com.pyxis.greenhopper.jira:gh-global-rank">
                        <customfieldname>Global Rank</customfieldname>
                        <customfieldvalues>
                            <customfieldvalue>25434</customfieldvalue>
                        </customfieldvalues>
                    </customfield>
                                                                                                                                                    <customfield id="customfield_12312521" key="com.atlassian.jira.toolkit:LastCommentDate">
                        <customfieldname>Last public comment date</customfieldname>
                        <customfieldvalues>
                            8 years, 10 weeks, 3 days ago
                        </customfieldvalues>
                    </customfield>
                                                                                            <customfield id="customfield_12311820" key="com.pyxis.greenhopper.jira:gh-lexo-rank">
                        <customfieldname>Rank</customfieldname>
                        <customfieldvalues>
                            <customfieldvalue>0|i0h9u7:</customfieldvalue>

                        </customfieldvalues>
                    </customfield>
                                                                <customfield id="customfield_12310920" key="com.pyxis.greenhopper.jira:gh-global-rank">
                        <customfieldname>Rank (Obsolete)</customfieldname>
                        <customfieldvalues>
                            <customfieldvalue>98856</customfieldvalue>
                        </customfieldvalues>
                    </customfield>
                                                                                                                                                                                                                                                                                                <customfield id="customfield_12310222" key="com.atlassian.jira.ext.charting:timeinstatus">
                        <customfieldname>Time in Status</customfieldname>
                        <customfieldvalues>
                            
                        </customfieldvalues>
                    </customfield>
                                                                                                                        </customfields>
    </item>
</channel>
</rss>