<!-- 
RSS generated by JIRA (6.3.4#6332-sha1:51bc225ef474afe3128b2f66878477f322397b16) at Fri Dec 16 18:44:50 UTC 2016

It is possible to restrict the fields that are returned in this document by specifying the 'field' parameter in your request.
For example, to request only the issue key and summary add field=key&field=summary to the URL of your request.
For example:
https://issues.apache.org/jira/si/jira.issueviews:issue-xml/HBASE-500/HBASE-500.xml?field=key&amp;field=summary
-->
<rss version="0.92" >
<channel>
    <title>ASF JIRA</title>
    <link>https://issues.apache.org/jira</link>
    <description>This file is an XML representation of an issue</description>
    <language>en-uk</language>    <build-info>
        <version>6.3.4</version>
        <build-number>6332</build-number>
        <build-date>15-08-2014</build-date>
    </build-info>

<item>
            <title>[HBASE-500] Regionserver stuck on exit</title>
                <link>https://issues.apache.org/jira/browse/HBASE-500</link>
                <project id="12310753" key="HBASE">HBase</project>
                    <description>&lt;p&gt;Found in 0.16.0 cluster.  We&apos;re rolling a log and trying to split it too.  Looks like hung up locks.&lt;/p&gt;</description>
                <environment></environment>
        <key id="12390515">HBASE-500</key>
            <summary>Regionserver stuck on exit</summary>
                <type id="1" iconUrl="https://issues.apache.org/jira/images/icons/issuetypes/bug.png">Bug</type>
                                            <priority id="3" iconUrl="https://issues.apache.org/jira/images/icons/priorities/major.png">Major</priority>
                        <status id="5" iconUrl="https://issues.apache.org/jira/images/icons/statuses/resolved.png" description="A resolution has been taken, and it is awaiting verification by reporter. From here issues are either reopened, or are closed.">Resolved</status>
                    <statusCategory id="3" key="done" colorName="green"/>
                                    <resolution id="1">Fixed</resolution>
                                        <assignee username="-1">Unassigned</assignee>
                                    <reporter username="stack">stack</reporter>
                        <labels>
                    </labels>
                <created>Sat, 8 Mar 2008 02:17:34 +0000</created>
                <updated>Wed, 29 Oct 2008 18:19:35 +0000</updated>
                            <resolved>Wed, 29 Oct 2008 18:19:35 +0000</resolved>
                                    <version>0.16.0</version>
                    <version>0.1.0</version>
                    <version>0.2.0</version>
                                                    <component>regionserver</component>
                        <due></due>
                            <votes>0</votes>
                                    <watches>0</watches>
                                                                <comments>
                            <comment id="12576472" author="stack" created="Sat, 8 Mar 2008 02:18:16 +0000"  >&lt;p&gt;Attached threaddump&lt;/p&gt;</comment>
                            <comment id="12589270" author="jimk" created="Tue, 15 Apr 2008 22:48:47 +0000"  >&lt;p&gt;In the thread dump, the cacheFlusher thread is not present, so&lt;br/&gt;
HRegionServer.run has interrupted it.&lt;/p&gt;

&lt;p&gt;HRegionServer.run is now waiting to enter the synchronized block&lt;br/&gt;
around logRollerLock which is held by the logRoller thread. This means&lt;br/&gt;
that HRegionServer.run has interrupted the compactSplit thread (which&lt;br/&gt;
does not protect itself using compactSplitLock as it should while it&lt;br/&gt;
is working.&lt;/p&gt;

&lt;p&gt;The logRoller, HRegionServer$Worker and compactSplit threads are&lt;br/&gt;
waiting to acquire HLog.cacheFlushLock It is not clear why one of the&lt;br/&gt;
threads cannot proceed as it appears that there is no thread that&lt;br/&gt;
could currently be holding that lock.&lt;/p&gt;

&lt;p&gt;Certainly, interrupting the compactSplit thread while it is working is&lt;br/&gt;
an error. Creating a patch that will fix this error and see if this&lt;br/&gt;
lock up occurs after it is committed.&lt;/p&gt;</comment>
                            <comment id="12589271" author="jimk" created="Tue, 15 Apr 2008 22:57:48 +0000"  >&lt;p&gt;Addresses problem with interrupting compactSplit thread. But do not know if this is root cause of problem.&lt;/p&gt;</comment>
                            <comment id="12589272" author="jimk" created="Tue, 15 Apr 2008 22:59:22 +0000"  >&lt;p&gt;Although this patch may not address the root cause of this issue, it does fix an obvious error. Please review.&lt;/p&gt;</comment>
                            <comment id="12589637" author="stack" created="Wed, 16 Apr 2008 16:39:02 +0000"  >&lt;p&gt;+1 on patch.&lt;/p&gt;

&lt;p&gt;This issue actually occurs pretty often.&lt;/p&gt;</comment>
                            <comment id="12589658" author="jimk" created="Wed, 16 Apr 2008 17:21:05 +0000"  >&lt;p&gt;Committed to 0.1 branch.&lt;/p&gt;</comment>
                            <comment id="12589661" author="jimk" created="Wed, 16 Apr 2008 17:23:12 +0000"  >&lt;p&gt;Marking as unassigned since there is no more work to do on this issue unless it re-occurs after the patch.&lt;/p&gt;</comment>
                            <comment id="12589670" author="jimk" created="Wed, 16 Apr 2008 17:43:33 +0000"  >&lt;p&gt;It should be noted that trunk does not have the error that was patched for 0.1&lt;/p&gt;</comment>
                            <comment id="12643575" author="stack" created="Wed, 29 Oct 2008 18:19:35 +0000"  >&lt;p&gt;We don&apos;t see this issue any more.   Resolvling.&lt;/p&gt;</comment>
                    </comments>
                <issuelinks>
                            <issuelinktype id="10030">
                    <name>Reference</name>
                                                                <inwardlinks description="is related to">
                                        <issuelink>
            <issuekey id="12395455">HBASE-617</issuekey>
        </issuelink>
            <issuelink>
            <issuekey id="12387515">HBASE-46</issuekey>
        </issuelink>
                            </inwardlinks>
                                    </issuelinktype>
                    </issuelinks>
                <attachments>
                            <attachment id="12380224" name="patch.txt" size="1365" author="jimk" created="Tue, 15 Apr 2008 22:57:48 +0000"/>
                            <attachment id="12377414" name="stacktrace.txt" size="8258" author="stack" created="Sat, 8 Mar 2008 02:17:55 +0000"/>
                    </attachments>
                <subtasks>
                    </subtasks>
                <customfields>
                                                <customfield id="customfield_12310310" key="com.atlassian.jira.toolkit:attachments">
                        <customfieldname>Attachment count</customfieldname>
                        <customfieldvalues>
                            <customfieldvalue>2.0</customfieldvalue>
                        </customfieldvalues>
                    </customfield>
                                                                                                                                                                                                                                                                                                                                                                                                                                                                                                                                <customfield id="customfield_12310220" key="com.atlassian.jira.ext.charting:firstresponsedate">
                        <customfieldname>Date of First Response</customfieldname>
                        <customfieldvalues>
                            <customfieldvalue>Tue, 15 Apr 2008 22:48:47 +0000</customfieldvalue>

                        </customfieldvalues>
                    </customfield>
                                                                                                                                                                                                                                                                                                                                                                                                                                            <customfield id="customfield_12310420" key="com.pyxis.greenhopper.jira:gh-global-rank">
                        <customfieldname>Global Rank</customfieldname>
                        <customfieldvalues>
                            <customfieldvalue>25232</customfieldvalue>
                        </customfieldvalues>
                    </customfield>
                                                                                                                                                    <customfield id="customfield_12312521" key="com.atlassian.jira.toolkit:LastCommentDate">
                        <customfieldname>Last public comment date</customfieldname>
                        <customfieldvalues>
                            8 years, 8 weeks, 2 days ago
                        </customfieldvalues>
                    </customfield>
                                                                                            <customfield id="customfield_12311820" key="com.pyxis.greenhopper.jira:gh-lexo-rank">
                        <customfieldname>Rank</customfieldname>
                        <customfieldvalues>
                            <customfieldvalue>0|i0h7of:</customfieldvalue>

                        </customfieldvalues>
                    </customfield>
                                                                <customfield id="customfield_12310920" key="com.pyxis.greenhopper.jira:gh-global-rank">
                        <customfieldname>Rank (Obsolete)</customfieldname>
                        <customfieldvalues>
                            <customfieldvalue>98506</customfieldvalue>
                        </customfieldvalues>
                    </customfield>
                                                                                                                                                                                                                                                                                                <customfield id="customfield_12310222" key="com.atlassian.jira.ext.charting:timeinstatus">
                        <customfieldname>Time in Status</customfieldname>
                        <customfieldvalues>
                            
                        </customfieldvalues>
                    </customfield>
                                                                                                                        </customfields>
    </item>
</channel>
</rss>