<!-- 
RSS generated by JIRA (6.3.4#6332-sha1:51bc225ef474afe3128b2f66878477f322397b16) at Fri Dec 16 18:48:29 UTC 2016

It is possible to restrict the fields that are returned in this document by specifying the 'field' parameter in your request.
For example, to request only the issue key and summary add field=key&field=summary to the URL of your request.
For example:
https://issues.apache.org/jira/si/jira.issueviews:issue-xml/HBASE-890/HBASE-890.xml?field=key&amp;field=summary
-->
<rss version="0.92" >
<channel>
    <title>ASF JIRA</title>
    <link>https://issues.apache.org/jira</link>
    <description>This file is an XML representation of an issue</description>
    <language>en-uk</language>    <build-info>
        <version>6.3.4</version>
        <build-number>6332</build-number>
        <build-date>15-08-2014</build-date>
    </build-info>

<item>
            <title>[HBASE-890] alter table operation and also related changes in REST interface</title>
                <link>https://issues.apache.org/jira/browse/HBASE-890</link>
                <project id="12310753" key="HBASE">HBase</project>
                    <description>&lt;p&gt;I have made some changes to the alter operation on the hbase shell.&lt;br/&gt;
Now we can add, update, delete the column families. Also, make the&lt;br/&gt;
changes to the TableHandler in REST interface.&lt;/p&gt;

&lt;p&gt;changes to the hbase shell:&lt;/p&gt;

&lt;p&gt;&amp;gt; alter &apos;table&apos;, &lt;/p&gt;
{NAME =&amp;gt; &apos;cf&apos;, VERSIONS =&amp;gt; 3}

&lt;p&gt;This command will try to find the column family named &apos;cf&apos; at first.&lt;br/&gt;
If has, it will modifyColumn, if not, add the column&lt;/p&gt;

&lt;p&gt;&amp;gt; alter &apos;table&apos;, &lt;/p&gt;
{NAME =&amp;gt; &apos;cf&apos;, &apos;method&apos; =&amp;gt; &apos;delete&apos;}

&lt;p&gt;This command will delete the column family named &apos;cf&apos;.&lt;/p&gt;

&lt;p&gt;To achieve this goal,  i also add a method to the HBaseAdmin.java&lt;/p&gt;

&lt;p&gt;public TableDescriptor getTableDescriptor(byte[] tableName);&lt;/p&gt;


&lt;p&gt;changes to the TableHandler in REST interface.&lt;/p&gt;

&lt;p&gt;&amp;gt; curl -X PUT -T - &lt;a href=&quot;http://localhost:60050/api/tablename&quot; class=&quot;external-link&quot; rel=&quot;nofollow&quot;&gt;http://localhost:60050/api/tablename&lt;/a&gt;&lt;/p&gt;

&lt;p&gt;&amp;lt;?xml version=&quot;1.0&quot; encoding=&quot;UTF-8&quot;?&amp;gt;&lt;br/&gt;
&amp;lt;table&amp;gt;&lt;br/&gt;
 &amp;lt;name&amp;gt;tables&amp;lt;/name&amp;gt;&lt;br/&gt;
 &amp;lt;columnfamilies&amp;gt;&lt;br/&gt;
   &amp;lt;columnfamily&amp;gt;&lt;br/&gt;
     &amp;lt;name&amp;gt;cf1&amp;lt;/name&amp;gt;&lt;br/&gt;
     &amp;lt;max-versions&amp;gt;2&amp;lt;/max-versions&amp;gt;&lt;br/&gt;
     &amp;lt;compression&amp;gt;NONE&amp;lt;/compression&amp;gt;&lt;br/&gt;
     &amp;lt;in-memory&amp;gt;false&amp;lt;/in-memory&amp;gt;&lt;br/&gt;
     &amp;lt;block-cache&amp;gt;true&amp;lt;/block-cache&amp;gt;&lt;br/&gt;
   &amp;lt;/columnfamily&amp;gt;&lt;br/&gt;
 &amp;lt;/columnfamilies&amp;gt;&lt;br/&gt;
&amp;lt;/table&amp;gt;&lt;/p&gt;

&lt;p&gt;It will check the column family &apos;cf1&apos;. If exists, modifyColumn, if&lt;br/&gt;
not,  addColumn&lt;/p&gt;

&lt;p&gt;&amp;gt; curl -X DELETE &lt;a href=&quot;http://localhost:60050/api/tablename?column=cf1&quot; class=&quot;external-link&quot; rel=&quot;nofollow&quot;&gt;http://localhost:60050/api/tablename?column=cf1&lt;/a&gt;&lt;/p&gt;

&lt;p&gt;It will deleteColumn &apos;cf1&apos;.&lt;/p&gt;</description>
                <environment></environment>
        <key id="12404726">HBASE-890</key>
            <summary>alter table operation and also related changes in REST interface</summary>
                <type id="4" iconUrl="https://issues.apache.org/jira/images/icons/issuetypes/improvement.png">Improvement</type>
                                            <priority id="3" iconUrl="https://issues.apache.org/jira/images/icons/priorities/major.png">Major</priority>
                        <status id="6" iconUrl="https://issues.apache.org/jira/images/icons/statuses/closed.png" description="The issue is considered finished, the resolution is correct. Issues which are closed can be reopened.">Closed</status>
                    <statusCategory id="3" key="done" colorName="green"/>
                                    <resolution id="1">Fixed</resolution>
                                        <assignee username="yedingding@gmail.com">sishen</assignee>
                                    <reporter username="yedingding@gmail.com">sishen</reporter>
                        <labels>
                    </labels>
                <created>Fri, 19 Sep 2008 11:27:54 +0000</created>
                <updated>Sun, 13 Sep 2009 22:26:26 +0000</updated>
                            <resolved>Mon, 22 Sep 2008 21:16:40 +0000</resolved>
                                    <version>0.19.0</version>
                                    <fixVersion>0.19.0</fixVersion>
                                    <component>REST</component>
                    <component>scripts</component>
                        <due></due>
                            <votes>0</votes>
                                    <watches>0</watches>
                                                                <comments>
                            <comment id="12632638" author="yedingding@gmail.com" created="Fri, 19 Sep 2008 11:31:15 +0000"  >&lt;p&gt;patch available.&lt;/p&gt;</comment>
                            <comment id="12632740" author="stack" created="Fri, 19 Sep 2008 16:55:11 +0000"  >&lt;p&gt;Patch looks great Sishen.&lt;/p&gt;

&lt;p&gt;Few things:&lt;/p&gt;

&lt;p&gt;+ Line lengths should &amp;lt; 80 characters if you can help it.&lt;/p&gt;

&lt;p&gt;+ Regards the following:&lt;/p&gt;
&lt;div class=&quot;code panel&quot; style=&quot;border-width: 1px;&quot;&gt;&lt;div class=&quot;codeContent panelContent&quot;&gt;
&lt;pre class=&quot;code-java&quot;&gt;
+      htd = @admin.getTableDescriptor(tableName.to_java_bytes)
+      method = args.delete(&lt;span class=&quot;code-quote&quot;&gt;&quot;method&quot;&lt;/span&gt;)
+      &lt;span class=&quot;code-keyword&quot;&gt;if&lt;/span&gt; method == &lt;span class=&quot;code-quote&quot;&gt;&quot;delete&quot;&lt;/span&gt;
&lt;/pre&gt;
&lt;/div&gt;&lt;/div&gt;
&lt;p&gt;... in the shell defines are by convention upper-cased so &apos;method&apos; should be METHOD.  Can you add it as a define to the top of the HBase.rb along with the others.&lt;/p&gt;

&lt;p&gt;+ Do you think we should make mention of this new addition to the alter command in the help?&lt;/p&gt;
</comment>
                            <comment id="12632783" author="yedingding@gmail.com" created="Fri, 19 Sep 2008 19:25:25 +0000"  >&lt;p&gt;What&apos;s the line length?  The command of operation in the shell?&lt;/p&gt;

&lt;p&gt;For others, yeah, I will add the Constant and also the api usage in HBase.rb.&lt;/p&gt;</comment>
                            <comment id="12632786" author="stack" created="Fri, 19 Sep 2008 19:32:28 +0000"  >&lt;p&gt;Source code in the hadoop projects usually wraps at 80 characters.  Your patch looked like it was adding lines whose length was &amp;gt; 80 characters.&lt;/p&gt;</comment>
                            <comment id="12632798" author="yedingding@gmail.com" created="Fri, 19 Sep 2008 20:11:09 +0000"  >&lt;p&gt;Improve the features based on what stack suggested.&lt;/p&gt;</comment>
                            <comment id="12633503" author="stack" created="Mon, 22 Sep 2008 21:16:40 +0000"  >&lt;p&gt;Applied to TRUNK.  Thanks for the patch Sishen.  Resolving.&lt;/p&gt;</comment>
                    </comments>
                <issuelinks>
                            <issuelinktype id="12310010">
                    <name>Incorporates</name>
                                            <outwardlinks description="incorporates">
                                        <issuelink>
            <issuekey id="12408187">HBASE-989</issuekey>
        </issuelink>
                            </outwardlinks>
                                                        </issuelinktype>
                    </issuelinks>
                <attachments>
                            <attachment id="12390495" name="890.trunk.alter_table.patch" size="4950" author="yedingding@gmail.com" created="Fri, 19 Sep 2008 11:28:54 +0000"/>
                            <attachment id="12390535" name="890.trunk.alter_table_v2.patch" size="7038" author="yedingding@gmail.com" created="Fri, 19 Sep 2008 20:11:09 +0000"/>
                    </attachments>
                <subtasks>
                    </subtasks>
                <customfields>
                                                <customfield id="customfield_12310310" key="com.atlassian.jira.toolkit:attachments">
                        <customfieldname>Attachment count</customfieldname>
                        <customfieldvalues>
                            <customfieldvalue>2.0</customfieldvalue>
                        </customfieldvalues>
                    </customfield>
                                                                                                                                                                                                                                                                                                                                                                                                                                                                                                                                <customfield id="customfield_12310220" key="com.atlassian.jira.ext.charting:firstresponsedate">
                        <customfieldname>Date of First Response</customfieldname>
                        <customfieldvalues>
                            <customfieldvalue>Fri, 19 Sep 2008 16:55:11 +0000</customfieldvalue>

                        </customfieldvalues>
                    </customfield>
                                                                                                                                                                                                                                                                                                                                                                                                                                            <customfield id="customfield_12310420" key="com.pyxis.greenhopper.jira:gh-global-rank">
                        <customfieldname>Global Rank</customfieldname>
                        <customfieldvalues>
                            <customfieldvalue>31891</customfieldvalue>
                        </customfieldvalues>
                    </customfield>
                                                                                                                                                    <customfield id="customfield_12312521" key="com.atlassian.jira.toolkit:LastCommentDate">
                        <customfieldname>Last public comment date</customfieldname>
                        <customfieldvalues>
                            8 years, 13 weeks, 3 days ago
                        </customfieldvalues>
                    </customfield>
                                                                                            <customfield id="customfield_12311820" key="com.pyxis.greenhopper.jira:gh-lexo-rank">
                        <customfieldname>Rank</customfieldname>
                        <customfieldvalues>
                            <customfieldvalue>0|i0ha2v:</customfieldvalue>

                        </customfieldvalues>
                    </customfield>
                                                                <customfield id="customfield_12310920" key="com.pyxis.greenhopper.jira:gh-global-rank">
                        <customfieldname>Rank (Obsolete)</customfieldname>
                        <customfieldvalues>
                            <customfieldvalue>98895</customfieldvalue>
                        </customfieldvalues>
                    </customfield>
                                                                                                                                                                                                                                                                                                <customfield id="customfield_12310222" key="com.atlassian.jira.ext.charting:timeinstatus">
                        <customfieldname>Time in Status</customfieldname>
                        <customfieldvalues>
                            
                        </customfieldvalues>
                    </customfield>
                                                                                                                        </customfields>
    </item>
</channel>
</rss>