<!-- 
RSS generated by JIRA (6.3.4#6332-sha1:51bc225ef474afe3128b2f66878477f322397b16) at Fri Dec 16 18:47:23 UTC 2016

It is possible to restrict the fields that are returned in this document by specifying the 'field' parameter in your request.
For example, to request only the issue key and summary add field=key&field=summary to the URL of your request.
For example:
https://issues.apache.org/jira/si/jira.issueviews:issue-xml/HBASE-773/HBASE-773.xml?field=key&amp;field=summary
-->
<rss version="0.92" >
<channel>
    <title>ASF JIRA</title>
    <link>https://issues.apache.org/jira</link>
    <description>This file is an XML representation of an issue</description>
    <language>en-uk</language>    <build-info>
        <version>6.3.4</version>
        <build-number>6332</build-number>
        <build-date>15-08-2014</build-date>
    </build-info>

<item>
            <title>[HBASE-773] Service Historian</title>
                <link>https://issues.apache.org/jira/browse/HBASE-773</link>
                <project id="12310753" key="HBASE">HBase</project>
                    <description>&lt;p&gt;The Region Historian (see &lt;a href=&quot;https://issues.apache.org/jira/browse/HBASE-533&quot; title=&quot;Region Historian&quot; class=&quot;issue-link&quot; data-issue-key=&quot;HBASE-533&quot;&gt;&lt;del&gt;HBASE-533&lt;/del&gt;&lt;/a&gt;) is very useful for debugging issues on the cluster involving region splitting, assignment, etc. It would be additionally useful if the master could keep a separate history of regionservers, when they:&lt;/p&gt;

&lt;ul&gt;
	&lt;li&gt;start up and report in&lt;/li&gt;
&lt;/ul&gt;


&lt;ul&gt;
	&lt;li&gt;quiesce/exit when the master tells them to&lt;/li&gt;
&lt;/ul&gt;


&lt;ul&gt;
	&lt;li&gt;fail (and report error?) and exit&lt;/li&gt;
&lt;/ul&gt;


&lt;ul&gt;
	&lt;li&gt;are declared dead after their lease expires&lt;/li&gt;
&lt;/ul&gt;


&lt;ul&gt;
	&lt;li&gt;are assigned a region (some overlap with Region Historian but is a different view)&lt;/li&gt;
&lt;/ul&gt;


&lt;ul&gt;
	&lt;li&gt;are asked to close a region  (some overlap with Region Historian but is a different view)&lt;/li&gt;
&lt;/ul&gt;


&lt;p&gt;Maybe call it a Service Historian?&lt;/p&gt;

&lt;p&gt;There should be event logs per regionserver identity, available even if a regionserver is offline. The logs can have a simple structure: Timestamp, Event, Description, like the Region Historian tables. &lt;/p&gt;

&lt;p&gt;Otherwise it is still necessary to comb through logs to determine if a regionserver was flaky during a period of time. &lt;/p&gt;

&lt;p&gt;Additionally, if regionservers can send an error string when they abort and restart, such that the errors can be viewed in a service history table, that would be really helpful.&lt;/p&gt;

&lt;p&gt;Hyperlinks in the service history table would make it easy to follow a table and its regions over the lifetime of the system, a reconstruction essentially of the client view of the cluster over time. &lt;/p&gt;</description>
                <environment></environment>
        <key id="12400952">HBASE-773</key>
            <summary>Service Historian</summary>
                <type id="2" iconUrl="https://issues.apache.org/jira/images/icons/issuetypes/newfeature.png">New Feature</type>
                                            <priority id="4" iconUrl="https://issues.apache.org/jira/images/icons/priorities/minor.png">Minor</priority>
                        <status id="5" iconUrl="https://issues.apache.org/jira/images/icons/statuses/resolved.png" description="A resolution has been taken, and it is awaiting verification by reporter. From here issues are either reopened, or are closed.">Resolved</status>
                    <statusCategory id="3" key="done" colorName="green"/>
                                    <resolution id="2">Won&apos;t Fix</resolution>
                                        <assignee username="-1">Unassigned</assignee>
                                    <reporter username="apurtell">Andrew Purtell</reporter>
                        <labels>
                    </labels>
                <created>Thu, 24 Jul 2008 21:25:33 +0000</created>
                <updated>Wed, 16 Dec 2009 00:22:19 +0000</updated>
                            <resolved>Wed, 16 Dec 2009 00:22:19 +0000</resolved>
                                    <version>0.18.0</version>
                                                    <component>master</component>
                        <due></due>
                            <votes>0</votes>
                                    <watches>1</watches>
                                                                <comments>
                            <comment id="12702587" author="stack" created="Fri, 24 Apr 2009 22:39:39 +0000"  >&lt;p&gt;Moving out of 0.20.0. Non-critical. If a patch shows up before release, we&apos;ll add it.&lt;/p&gt;</comment>
                            <comment id="12791081" author="apurtell" created="Wed, 16 Dec 2009 00:22:19 +0000"  >&lt;p&gt;Subsumed by audit subtask of &lt;a href=&quot;https://issues.apache.org/jira/browse/HBASE-1697&quot; title=&quot;Discretionary access control&quot; class=&quot;issue-link&quot; data-issue-key=&quot;HBASE-1697&quot;&gt;&lt;del&gt;HBASE-1697&lt;/del&gt;&lt;/a&gt; and historian pattern is considered harmful.&lt;/p&gt;</comment>
                    </comments>
                <issuelinks>
                            <issuelinktype id="10032">
                    <name>Blocker</name>
                                                                <inwardlinks description="is blocked by">
                                        <issuelink>
            <issuekey id="12392373">HBASE-546</issuekey>
        </issuelink>
                            </inwardlinks>
                                    </issuelinktype>
                    </issuelinks>
                <attachments>
                    </attachments>
                <subtasks>
                    </subtasks>
                <customfields>
                                                <customfield id="customfield_12310310" key="com.atlassian.jira.toolkit:attachments">
                        <customfieldname>Attachment count</customfieldname>
                        <customfieldvalues>
                            <customfieldvalue>0.0</customfieldvalue>
                        </customfieldvalues>
                    </customfield>
                                                                                                                                                                                                                                                                                                                                                                                                                                                                                                                                <customfield id="customfield_12310220" key="com.atlassian.jira.ext.charting:firstresponsedate">
                        <customfieldname>Date of First Response</customfieldname>
                        <customfieldvalues>
                            <customfieldvalue>Fri, 24 Apr 2009 22:39:39 +0000</customfieldvalue>

                        </customfieldvalues>
                    </customfield>
                                                                                                                                                                                                                                                                                                                                                                                                                                            <customfield id="customfield_12310420" key="com.pyxis.greenhopper.jira:gh-global-rank">
                        <customfieldname>Global Rank</customfieldname>
                        <customfieldvalues>
                            <customfieldvalue>31842</customfieldvalue>
                        </customfieldvalues>
                    </customfield>
                                                                                                                                                    <customfield id="customfield_12312521" key="com.atlassian.jira.toolkit:LastCommentDate">
                        <customfieldname>Last public comment date</customfieldname>
                        <customfieldvalues>
                            7 years, 1 week, 2 days ago
                        </customfieldvalues>
                    </customfield>
                                                                                            <customfield id="customfield_12311820" key="com.pyxis.greenhopper.jira:gh-lexo-rank">
                        <customfieldname>Rank</customfieldname>
                        <customfieldvalues>
                            <customfieldvalue>0|i0h9d3:</customfieldvalue>

                        </customfieldvalues>
                    </customfield>
                                                                <customfield id="customfield_12310920" key="com.pyxis.greenhopper.jira:gh-global-rank">
                        <customfieldname>Rank (Obsolete)</customfieldname>
                        <customfieldvalues>
                            <customfieldvalue>98779</customfieldvalue>
                        </customfieldvalues>
                    </customfield>
                                                                                                                                                                                                                                                                                                <customfield id="customfield_12310222" key="com.atlassian.jira.ext.charting:timeinstatus">
                        <customfieldname>Time in Status</customfieldname>
                        <customfieldvalues>
                            
                        </customfieldvalues>
                    </customfield>
                                                                                                                        </customfields>
    </item>
</channel>
</rss>