<!-- 
RSS generated by JIRA (6.3.4#6332-sha1:51bc225ef474afe3128b2f66878477f322397b16) at Fri Dec 16 18:41:00 UTC 2016

It is possible to restrict the fields that are returned in this document by specifying the 'field' parameter in your request.
For example, to request only the issue key and summary add field=key&field=summary to the URL of your request.
For example:
https://issues.apache.org/jira/si/jira.issueviews:issue-xml/HBASE-98/HBASE-98.xml?field=key&amp;field=summary
-->
<rss version="0.92" >
<channel>
    <title>ASF JIRA</title>
    <link>https://issues.apache.org/jira</link>
    <description>This file is an XML representation of an issue</description>
    <language>en-uk</language>    <build-info>
        <version>6.3.4</version>
        <build-number>6332</build-number>
        <build-date>15-08-2014</build-date>
    </build-info>

<item>
            <title>[HBASE-98] [hbase] Region split broken</title>
                <link>https://issues.apache.org/jira/browse/HBASE-98</link>
                <project id="12310753" key="HBASE">HBase</project>
                    <description>&lt;p&gt;testSplitRegionIsDeleted failed in Hadoop-Nightly #207. From the log for that test (attached), it appears that it tries to split the region 3 times instead of just once.&lt;/p&gt;

&lt;p&gt;I did see the error:&lt;/p&gt;

&lt;p&gt;    &lt;span class=&quot;error&quot;&gt;&amp;#91;junit&amp;#93;&lt;/span&gt; Exception in thread &quot;HMaster.metaScanner&quot; java.lang.IllegalArgumentException: Can&apos;t build a writable with empty bytes array&lt;br/&gt;
    &lt;span class=&quot;error&quot;&gt;&amp;#91;junit&amp;#93;&lt;/span&gt; 	at org.apache.hadoop.hbase.util.Writables.getWritable(Writables.java:77)&lt;br/&gt;
    &lt;span class=&quot;error&quot;&gt;&amp;#91;junit&amp;#93;&lt;/span&gt; 	at org.apache.hadoop.hbase.HMaster$BaseScanner.scanRegion(HMaster.java:272)&lt;br/&gt;
    &lt;span class=&quot;error&quot;&gt;&amp;#91;junit&amp;#93;&lt;/span&gt; 	at org.apache.hadoop.hbase.HMaster$MetaScanner.scanOneMetaRegion(HMaster.java:602)&lt;br/&gt;
    &lt;span class=&quot;error&quot;&gt;&amp;#91;junit&amp;#93;&lt;/span&gt; 	at org.apache.hadoop.hbase.HMaster$MetaScanner.maintenanceScan(HMaster.java:659)&lt;br/&gt;
    &lt;span class=&quot;error&quot;&gt;&amp;#91;junit&amp;#93;&lt;/span&gt; 	at org.apache.hadoop.hbase.HMaster$BaseScanner.run(HMaster.java:175)&lt;br/&gt;
    &lt;span class=&quot;error&quot;&gt;&amp;#91;junit&amp;#93;&lt;/span&gt; 	at java.lang.Thread.run(Thread.java:595)&lt;/p&gt;

&lt;p&gt;and afterwards there were no reports from the metaScanner so this may be related to &lt;a href=&quot;https://issues.apache.org/jira/browse/HBASE-254&quot; title=&quot;[hbase] unexpected null value causes META scanner to exit (silently)&quot; class=&quot;issue-link&quot; data-issue-key=&quot;HBASE-254&quot;&gt;&lt;del&gt;HADOOP-1730&lt;/del&gt;&lt;/a&gt;&lt;/p&gt;</description>
                <environment></environment>
        <key id="12376344">HBASE-98</key>
            <summary>[hbase] Region split broken</summary>
                <type id="1" iconUrl="https://issues.apache.org/jira/images/icons/issuetypes/bug.png">Bug</type>
                                            <priority id="3" iconUrl="https://issues.apache.org/jira/images/icons/priorities/major.png">Major</priority>
                        <status id="6" iconUrl="https://issues.apache.org/jira/images/icons/statuses/closed.png" description="The issue is considered finished, the resolution is correct. Issues which are closed can be reopened.">Closed</status>
                    <statusCategory id="3" key="done" colorName="green"/>
                                    <resolution id="1">Fixed</resolution>
                                        <assignee username="-1">Unassigned</assignee>
                                    <reporter username="jimk">Jim Kellerman</reporter>
                        <labels>
                    </labels>
                <created>Sat, 18 Aug 2007 16:03:38 +0000</created>
                <updated>Tue, 10 Jun 2014 22:29:18 +0000</updated>
                            <resolved>Sat, 18 Aug 2007 18:22:52 +0000</resolved>
                                                                        <due></due>
                            <votes>0</votes>
                                    <watches>1</watches>
                                                                <comments>
                            <comment id="12520858" author="jimk" created="Sat, 18 Aug 2007 16:04:30 +0000"  >&lt;p&gt;Log output from test.&lt;/p&gt;</comment>
                            <comment id="12520865" author="stack" created="Sat, 18 Aug 2007 16:22:14 +0000"  >&lt;p&gt;Looks like hadoop-1730 to me.  Waiting on tests before committing it.&lt;/p&gt;</comment>
                            <comment id="12520879" author="stack" created="Sat, 18 Aug 2007 18:22:52 +0000"  >&lt;p&gt;If one of the two daughter splits had been removed and then the META scanner ran, a get on the info on the removed region would come back empty generating the IllegalArgumentException causing the scanner to exit.  Because the meta scanner wasn&apos;t running, parents were not being cleaned up and so the test was failling.  Usually when tests ran, both daughters had been cleaned by the time the META scanner ran and all just worked.&lt;/p&gt;

&lt;p&gt;Closing because &lt;a href=&quot;https://issues.apache.org/jira/browse/HBASE-254&quot; title=&quot;[hbase] unexpected null value causes META scanner to exit (silently)&quot; class=&quot;issue-link&quot; data-issue-key=&quot;HBASE-254&quot;&gt;&lt;del&gt;HADOOP-1730&lt;/del&gt;&lt;/a&gt;, just committed, should fix this issue (Can reopen if happens again).&lt;/p&gt;</comment>
                            <comment id="14019078" author="hudson" created="Thu, 5 Jun 2014 18:39:56 +0000"  >&lt;p&gt;SUCCESS: Integrated in flume-trunk #637 (See &lt;a href=&quot;https://builds.apache.org/job/flume-trunk/637/&quot; class=&quot;external-link&quot; rel=&quot;nofollow&quot;&gt;https://builds.apache.org/job/flume-trunk/637/&lt;/a&gt;)&lt;br/&gt;
&lt;a href=&quot;https://issues.apache.org/jira/browse/FLUME-2397&quot; title=&quot;HBase-98 compatibility&quot; class=&quot;issue-link&quot; data-issue-key=&quot;FLUME-2397&quot;&gt;&lt;del&gt;FLUME-2397&lt;/del&gt;&lt;/a&gt;: HBase-98 compatibility (jarcec: &lt;a href=&quot;http://git-wip-us.apache.org/repos/asf/flume/repo?p=flume.git&amp;amp;a=commit&amp;amp;h=0cba73698dbba6b78d0a2cd7b469f4377723470a&quot; class=&quot;external-link&quot; rel=&quot;nofollow&quot;&gt;http://git-wip-us.apache.org/repos/asf/flume/repo?p=flume.git&amp;amp;a=commit&amp;amp;h=0cba73698dbba6b78d0a2cd7b469f4377723470a&lt;/a&gt;)&lt;/p&gt;
&lt;ul&gt;
	&lt;li&gt;flume-ng-sinks/flume-ng-hbase-sink/src/main/java/org/apache/flume/sink/hbase/AsyncHBaseSink.java&lt;/li&gt;
	&lt;li&gt;pom.xml&lt;/li&gt;
	&lt;li&gt;flume-ng-sinks/flume-hdfs-sink/pom.xml&lt;/li&gt;
	&lt;li&gt;flume-ng-sinks/flume-ng-hbase-sink/src/test/java/org/apache/flume/sink/hbase/TestAsyncHBaseSink.java&lt;/li&gt;
	&lt;li&gt;flume-ng-sinks/flume-ng-hbase-sink/pom.xml&lt;/li&gt;
&lt;/ul&gt;
</comment>
                            <comment id="14027144" author="hudson" created="Tue, 10 Jun 2014 22:29:18 +0000"  >&lt;p&gt;SUCCESS: Integrated in flume-trunk #639 (See &lt;a href=&quot;https://builds.apache.org/job/flume-trunk/639/&quot; class=&quot;external-link&quot; rel=&quot;nofollow&quot;&gt;https://builds.apache.org/job/flume-trunk/639/&lt;/a&gt;)&lt;br/&gt;
&lt;a href=&quot;https://issues.apache.org/jira/browse/FLUME-2400&quot; title=&quot;Dataset Sink is not built in hbase-98 profile&quot; class=&quot;issue-link&quot; data-issue-key=&quot;FLUME-2400&quot;&gt;&lt;del&gt;FLUME-2400&lt;/del&gt;&lt;/a&gt;. Dataset Sink is not built in hbase-98 profile (harishreedharan: &lt;a href=&quot;http://git-wip-us.apache.org/repos/asf/flume/repo?p=flume.git&amp;amp;a=commit&amp;amp;h=8bfc90c0e4042fd2273d0de23b377fdd69f4c049&quot; class=&quot;external-link&quot; rel=&quot;nofollow&quot;&gt;http://git-wip-us.apache.org/repos/asf/flume/repo?p=flume.git&amp;amp;a=commit&amp;amp;h=8bfc90c0e4042fd2273d0de23b377fdd69f4c049&lt;/a&gt;)&lt;/p&gt;
&lt;ul&gt;
	&lt;li&gt;flume-ng-sinks/pom.xml&lt;/li&gt;
	&lt;li&gt;flume-ng-dist/pom.xml&lt;/li&gt;
&lt;/ul&gt;
</comment>
                    </comments>
                    <attachments>
                            <attachment id="12364085" name="console.txt" size="90749" author="jimk" created="Sat, 18 Aug 2007 16:04:30 +0000"/>
                    </attachments>
                <subtasks>
                    </subtasks>
                <customfields>
                                                <customfield id="customfield_12310310" key="com.atlassian.jira.toolkit:attachments">
                        <customfieldname>Attachment count</customfieldname>
                        <customfieldvalues>
                            <customfieldvalue>1.0</customfieldvalue>
                        </customfieldvalues>
                    </customfield>
                                                                                                                                                                                                                                                                                                                                                                                                                                                                                                                                <customfield id="customfield_12310220" key="com.atlassian.jira.ext.charting:firstresponsedate">
                        <customfieldname>Date of First Response</customfieldname>
                        <customfieldvalues>
                            <customfieldvalue>Sat, 18 Aug 2007 16:22:14 +0000</customfieldvalue>

                        </customfieldvalues>
                    </customfield>
                                                                                                                                                                                                                                                                                                                                                                                                                                            <customfield id="customfield_12310420" key="com.pyxis.greenhopper.jira:gh-global-rank">
                        <customfieldname>Global Rank</customfieldname>
                        <customfieldvalues>
                            <customfieldvalue>24882</customfieldvalue>
                        </customfieldvalues>
                    </customfield>
                                                                                                                                                    <customfield id="customfield_12312521" key="com.atlassian.jira.toolkit:LastCommentDate">
                        <customfieldname>Last public comment date</customfieldname>
                        <customfieldvalues>
                            2 years, 27 weeks, 2 days ago
                        </customfieldvalues>
                    </customfield>
                                                                                            <customfield id="customfield_12311820" key="com.pyxis.greenhopper.jira:gh-lexo-rank">
                        <customfieldname>Rank</customfieldname>
                        <customfieldvalues>
                            <customfieldvalue>0|i0h49z:</customfieldvalue>

                        </customfieldvalues>
                    </customfield>
                                                                <customfield id="customfield_12310920" key="com.pyxis.greenhopper.jira:gh-global-rank">
                        <customfieldname>Rank (Obsolete)</customfieldname>
                        <customfieldvalues>
                            <customfieldvalue>97955</customfieldvalue>
                        </customfieldvalues>
                    </customfield>
                                                                                                                                                                                                                                                                                                <customfield id="customfield_12310222" key="com.atlassian.jira.ext.charting:timeinstatus">
                        <customfieldname>Time in Status</customfieldname>
                        <customfieldvalues>
                            
                        </customfieldvalues>
                    </customfield>
                                                                                                                        </customfields>
    </item>
</channel>
</rss>