<!-- 
RSS generated by JIRA (6.3.4#6332-sha1:51bc225ef474afe3128b2f66878477f322397b16) at Fri Dec 16 18:44:58 UTC 2016

It is possible to restrict the fields that are returned in this document by specifying the 'field' parameter in your request.
For example, to request only the issue key and summary add field=key&field=summary to the URL of your request.
For example:
https://issues.apache.org/jira/si/jira.issueviews:issue-xml/HBASE-515/HBASE-515.xml?field=key&amp;field=summary
-->
<rss version="0.92" >
<channel>
    <title>ASF JIRA</title>
    <link>https://issues.apache.org/jira</link>
    <description>This file is an XML representation of an issue</description>
    <language>en-uk</language>    <build-info>
        <version>6.3.4</version>
        <build-number>6332</build-number>
        <build-date>15-08-2014</build-date>
    </build-info>

<item>
            <title>[HBASE-515] At least double default timeouts between regionserver and master </title>
                <link>https://issues.apache.org/jira/browse/HBASE-515</link>
                <project id="12310753" key="HBASE">HBase</project>
                    <description>&lt;p&gt;501 added logging of how long we sleep at the end of the HRegionServer main run method before we send heartback back to the master.  Last night during upload I saw this:&lt;/p&gt;

&lt;div class=&quot;code panel&quot; style=&quot;border-width: 1px;&quot;&gt;&lt;div class=&quot;codeContent panelContent&quot;&gt;
&lt;pre class=&quot;code-java&quot;&gt;2008-03-13 00:03:50,884 WARN org.apache.hadoop.hbase.util.Sleeper: We slept ten times longer than scheduled: 3000
&lt;/pre&gt;
&lt;/div&gt;&lt;/div&gt;

&lt;p&gt;Above log has since been improved but its saying that we slept &amp;gt; 30 seconds, the default timeout on master/regionserver communications (When the lease expires, master starts giving regions to someone else and when this regionserver reports in, its told to close all its regions).&lt;/p&gt;

&lt;p&gt;Server was under load from other processes but still...upload rate was not that rabid.&lt;/p&gt;</description>
                <environment></environment>
        <key id="12391399">HBASE-515</key>
            <summary>At least double default timeouts between regionserver and master </summary>
                <type id="4" iconUrl="https://issues.apache.org/jira/images/icons/issuetypes/improvement.png">Improvement</type>
                                            <priority id="1" iconUrl="https://issues.apache.org/jira/images/icons/priorities/blocker.png">Blocker</priority>
                        <status id="6" iconUrl="https://issues.apache.org/jira/images/icons/statuses/closed.png" description="The issue is considered finished, the resolution is correct. Issues which are closed can be reopened.">Closed</status>
                    <statusCategory id="3" key="done" colorName="green"/>
                                    <resolution id="1">Fixed</resolution>
                                        <assignee username="-1">Unassigned</assignee>
                                    <reporter username="stack">stack</reporter>
                        <labels>
                    </labels>
                <created>Fri, 14 Mar 2008 03:04:46 +0000</created>
                <updated>Fri, 22 Aug 2008 21:13:11 +0000</updated>
                            <resolved>Fri, 14 Mar 2008 16:17:08 +0000</resolved>
                                    <version>0.1.0</version>
                    <version>0.2.0</version>
                                    <fixVersion>0.1.0</fixVersion>
                    <fixVersion>0.2.0</fixVersion>
                                        <due></due>
                            <votes>0</votes>
                                    <watches>0</watches>
                                                                <comments>
                            <comment id="12578585" author="stack" created="Fri, 14 Mar 2008 03:37:59 +0000"  >&lt;p&gt;M conf/hbase-default.xml&lt;br/&gt;
  hbase.master.lease.period make 60 instead of 30 seconds.&lt;/p&gt;</comment>
                            <comment id="12578588" author="stack" created="Fri, 14 Mar 2008 03:44:47 +0000"  >&lt;p&gt;Review please (its one line change)&lt;/p&gt;</comment>
                            <comment id="12578611" author="jimk" created="Fri, 14 Mar 2008 04:56:41 +0000"  >&lt;p&gt;For something this simple I don&apos;t think you need a review. However, I reviewed the patch. +1&lt;/p&gt;</comment>
                            <comment id="12578832" author="stack" created="Fri, 14 Mar 2008 16:17:08 +0000"  >&lt;p&gt;Agree simple stuff doesn&apos;t need review.  Thanks for review anyways. Committed.&lt;/p&gt;</comment>
                    </comments>
                    <attachments>
                            <attachment id="12377863" name="515.patch" size="547" author="stack" created="Fri, 14 Mar 2008 03:37:59 +0000"/>
                    </attachments>
                <subtasks>
                    </subtasks>
                <customfields>
                                                <customfield id="customfield_12310310" key="com.atlassian.jira.toolkit:attachments">
                        <customfieldname>Attachment count</customfieldname>
                        <customfieldvalues>
                            <customfieldvalue>1.0</customfieldvalue>
                        </customfieldvalues>
                    </customfield>
                                                                                                                                                                                                                                                                                                                                                                                                                                                                                                                                <customfield id="customfield_12310220" key="com.atlassian.jira.ext.charting:firstresponsedate">
                        <customfieldname>Date of First Response</customfieldname>
                        <customfieldvalues>
                            <customfieldvalue>Fri, 14 Mar 2008 04:56:41 +0000</customfieldvalue>

                        </customfieldvalues>
                    </customfield>
                                                                                                                                                                                                                                                                                                                                                                                                                                            <customfield id="customfield_12310420" key="com.pyxis.greenhopper.jira:gh-global-rank">
                        <customfieldname>Global Rank</customfieldname>
                        <customfieldvalues>
                            <customfieldvalue>31736</customfieldvalue>
                        </customfieldvalues>
                    </customfield>
                                                                                                                                                    <customfield id="customfield_12312521" key="com.atlassian.jira.toolkit:LastCommentDate">
                        <customfieldname>Last public comment date</customfieldname>
                        <customfieldvalues>
                            8 years, 41 weeks ago
                        </customfieldvalues>
                    </customfield>
                                                                                            <customfield id="customfield_12311820" key="com.pyxis.greenhopper.jira:gh-lexo-rank">
                        <customfieldname>Rank</customfieldname>
                        <customfieldvalues>
                            <customfieldvalue>0|i0h7rr:</customfieldvalue>

                        </customfieldvalues>
                    </customfield>
                                                                <customfield id="customfield_12310920" key="com.pyxis.greenhopper.jira:gh-global-rank">
                        <customfieldname>Rank (Obsolete)</customfieldname>
                        <customfieldvalues>
                            <customfieldvalue>98521</customfieldvalue>
                        </customfieldvalues>
                    </customfield>
                                                                                                                                                                                                                                                                                                <customfield id="customfield_12310222" key="com.atlassian.jira.ext.charting:timeinstatus">
                        <customfieldname>Time in Status</customfieldname>
                        <customfieldvalues>
                            
                        </customfieldvalues>
                    </customfield>
                                                                                                                        </customfields>
    </item>
</channel>
</rss>