<!-- 
RSS generated by JIRA (6.3.4#6332-sha1:51bc225ef474afe3128b2f66878477f322397b16) at Fri Dec 16 18:42:40 UTC 2016

It is possible to restrict the fields that are returned in this document by specifying the 'field' parameter in your request.
For example, to request only the issue key and summary add field=key&field=summary to the URL of your request.
For example:
https://issues.apache.org/jira/si/jira.issueviews:issue-xml/HBASE-270/HBASE-270.xml?field=key&amp;field=summary
-->
<rss version="0.92" >
<channel>
    <title>ASF JIRA</title>
    <link>https://issues.apache.org/jira</link>
    <description>This file is an XML representation of an issue</description>
    <language>en-uk</language>    <build-info>
        <version>6.3.4</version>
        <build-number>6332</build-number>
        <build-date>15-08-2014</build-date>
    </build-info>

<item>
            <title>[HBASE-270] [HBase] Build a Lucene index on an HBase table</title>
                <link>https://issues.apache.org/jira/browse/HBASE-270</link>
                <project id="12310753" key="HBASE">HBase</project>
                    <description>&lt;p&gt;This patch provides a Reducer class and other related classes which help to build a Lucene index on an HBase table. The index build part is similar to that of Nutch.&lt;/p&gt;

&lt;ul class=&quot;alternate&quot; type=&quot;square&quot;&gt;
	&lt;li&gt;Each row is modeled as a Lucene document: row key is indexed in its untokenized form, column name-value pairs are Lucene field name-value pairs.&lt;/li&gt;
&lt;/ul&gt;


&lt;ul class=&quot;alternate&quot; type=&quot;square&quot;&gt;
	&lt;li&gt;IndexConf is used to configure various Lucene parameters, specify whether to optimize an index and which columns to index and/or store, in tokenized or untokenized form, etc.&lt;/li&gt;
&lt;/ul&gt;


&lt;ul class=&quot;alternate&quot; type=&quot;square&quot;&gt;
	&lt;li&gt;The number of reduce tasks decides the number of indexes (partitions). The index(es) is stored in the output path of job configuration.&lt;/li&gt;
&lt;/ul&gt;


&lt;ul class=&quot;alternate&quot; type=&quot;square&quot;&gt;
	&lt;li&gt;The index build process is done in the reduce phase. Users can use the map phase to join rows from different tables or to pre-parse/analyze column content, etc.&lt;/li&gt;
&lt;/ul&gt;


&lt;ul class=&quot;alternate&quot; type=&quot;square&quot;&gt;
	&lt;li&gt;A junit test is added to test the build of an index on an HBase table with an identity mapper. It also serves as an example on how to use the new classes.&lt;/li&gt;
&lt;/ul&gt;


&lt;ul class=&quot;alternate&quot; type=&quot;square&quot;&gt;
	&lt;li&gt;BuildTableIndex is provided to help building an index on an HBase table. It should be moved to examples package if HBase decides to have one.&lt;/li&gt;
&lt;/ul&gt;


&lt;p&gt;This patch requires the inclusion of the Lucene library.&lt;/p&gt;</description>
                <environment></environment>
        <key id="12378496">HBASE-270</key>
            <summary>[HBase] Build a Lucene index on an HBase table</summary>
                <type id="1" iconUrl="https://issues.apache.org/jira/images/icons/issuetypes/bug.png">Bug</type>
                                            <priority id="4" iconUrl="https://issues.apache.org/jira/images/icons/priorities/minor.png">Minor</priority>
                        <status id="6" iconUrl="https://issues.apache.org/jira/images/icons/statuses/closed.png" description="The issue is considered finished, the resolution is correct. Issues which are closed can be reopened.">Closed</status>
                    <statusCategory id="3" key="done" colorName="green"/>
                                    <resolution id="1">Fixed</resolution>
                                        <assignee username="-1">Unassigned</assignee>
                                    <reporter username="ningli">Ning Li</reporter>
                        <labels>
                    </labels>
                <created>Mon, 17 Sep 2007 23:30:27 +0000</created>
                <updated>Mon, 4 Feb 2008 18:41:24 +0000</updated>
                            <resolved>Fri, 28 Sep 2007 16:32:36 +0000</resolved>
                                                                        <due></due>
                            <votes>0</votes>
                                    <watches>2</watches>
                                                                <comments>
                            <comment id="12528212" author="stack" created="Tue, 18 Sep 2007 01:24:43 +0000"  >&lt;p&gt;This is a nice looking addition Ning&lt;/p&gt;

&lt;p&gt;Here&apos;s a couple of comments:&lt;/p&gt;

&lt;p&gt;Shouldn&apos;t IndexConf extend HBaseConfiguration else you&apos;ll not have the hbase settings in the mix (Would IndexConfiguration be a better name than IndexConf).&lt;/p&gt;

&lt;p&gt;You made the patch inside $HBASE_HOME/src rather than at $HADOOP_HOME.  You should fix.  Otherwise it won&apos;t apply when hudson tries to apply it.&lt;/p&gt;

&lt;p&gt;You way you add the per-column config. into a hadoop configuration is very cute.  I&apos;m unclear how mulitple columns are done..... Should there be a columns element to hold multiple column elements?   I&apos;d suggest you add javadoc with example config. (&apos;cos trying to read conjure the xml produced by the code takes a little effort).&lt;/p&gt;

&lt;p&gt;Ning, have you tried your patch on a distributed cluster?  Does your column trick get properly distributed out and your LuceneDocumentWrapper work in the distributed context?&lt;/p&gt;

&lt;p&gt;Did you use lucene 2.2 or something else?&lt;/p&gt;

&lt;p&gt;I had a problem compiling:&lt;/p&gt;

&lt;div class=&quot;code panel&quot; style=&quot;border-width: 1px;&quot;&gt;&lt;div class=&quot;codeContent panelContent&quot;&gt;
&lt;pre class=&quot;code-java&quot;&gt;
    [javac] Compiling 14 source files to /Users/stack/Documents/checkouts/hadoop-trunk/build/contrib/hbase/test
    [javac] /Users/stack/Documents/checkouts/hadoop-trunk/src/contrib/hbase/src/test/org/apache/hadoop/hbase/TestTableIndex.java:255: cannot find symbol
    [javac] symbol  : variable DONE_NAME
    [javac] location: class org.apache.hadoop.hbase.mapred.IndexOutputFormat
    [javac]       &lt;span class=&quot;code-keyword&quot;&gt;if&lt;/span&gt; (IndexOutputFormat.DONE_NAME.equals(name)) {
&lt;/pre&gt;
&lt;/div&gt;&lt;/div&gt;</comment>
                            <comment id="12528227" author="ningli" created="Tue, 18 Sep 2007 02:31:32 +0000"  >&lt;p&gt;Thanks for the comments!&lt;/p&gt;

&lt;p&gt;&amp;gt; Shouldn&apos;t IndexConf extend HBaseConfiguration else you&apos;ll not have the hbase settings in the mix (Would IndexConfiguration be a better name than IndexConf).&lt;/p&gt;

&lt;p&gt;The content of an index configuration is actually a property value in an hbase configuration. You can see an example in BuildTableIndex.java&lt;/p&gt;

&lt;p&gt;&amp;gt; You made the patch inside $HBASE_HOME/src rather than at $HADOOP_HOME.  You should fix.  Otherwise it won&apos;t apply when hudson tries to apply it.&lt;/p&gt;

&lt;p&gt;Done in take2.&lt;/p&gt;

&lt;p&gt;&amp;gt; You way you add the per-column config. into a hadoop configuration is very cute.  I&apos;m unclear how mulitple columns are done..... Should there be a columns element to hold multiple column elements?   I&apos;d suggest you add javadoc with example config. (&apos;cos trying to read conjure the xml produced by the code takes a little effort).&lt;/p&gt;

&lt;p&gt;There is an example index configuration in BuildTableIndex.java. Configurations for a column are in a &quot;column&quot; element. I&apos;ll add the example to javadoc once we agree on the best way to do index configuration.&lt;/p&gt;

&lt;p&gt;&amp;gt; Ning, have you tried your patch on a distributed cluster?  Does your column trick get properly distributed out and your LuceneDocumentWrapper work in the distributed context?&lt;br/&gt;
&amp;gt; &lt;br/&gt;
&amp;gt; Did you use lucene 2.2 or something else?&lt;br/&gt;
&amp;gt; I had a problem compiling:&lt;/p&gt;

&lt;p&gt;Oops. The compiling problem was my mistake (forgot to remove some unused code). All fixed in take2. Yes, I included Lucene 2.2 in hbase/lib. And yes, I have tested on a distributed cluster. Since an index configuration content is a property in an hbase configuration, it does work properly in the distributed environment.&lt;/p&gt;</comment>
                            <comment id="12528235" author="stack" created="Tue, 18 Sep 2007 03:16:53 +0000"  >&lt;p&gt;.bq The content of an index configuration is actually a property value in an hbase configuration. You can see an example in BuildTableIndex.java&lt;/p&gt;

&lt;p&gt;Pardon me Ning for being a bit thick but I do not see an example of per column config. in BuildTableIndex.  I see parsing of command line and passing of a list of column names to IdentityTableMap but not an example of per-column config. as a property value of an hbase config.  Do you mean the XML in TestTableIndex?  If so, its not clear how you do config. for columns 2, 3, etc.  Perhaps you could provide an example here in the issue&lt;/p&gt;

&lt;p&gt;Take2 seems to be mangled:&lt;/p&gt;

&lt;div class=&quot;code panel&quot; style=&quot;border-width: 1px;&quot;&gt;&lt;div class=&quot;codeContent panelContent&quot;&gt;
&lt;pre class=&quot;code-java&quot;&gt;durruti:~/Documents/checkouts/hadoop-trunk stack$ patch -p0 &amp;lt; ~/Desktop/build_table_index.take2.patch 
(Stripping trailing CRs from patch.)
patching file src/contrib/hbase/src/test/org/apache/hadoop/hbase/TestTableIndex.java
patch: **** malformed patch at line 311: Index: src/contrib/hbase/src/java/org/apache/hadoop/hbase/mapred/BuildTableIndex.java
&lt;/pre&gt;
&lt;/div&gt;&lt;/div&gt;

&lt;p&gt;Good on you Ning&lt;/p&gt;</comment>
                            <comment id="12528390" author="ningli" created="Tue, 18 Sep 2007 14:19:35 +0000"  >&lt;p&gt;&amp;gt; Pardon me Ning for being a bit thick but I do not see an example of per column config. in BuildTableIndex.  I see parsing of command line and passing of a list of column names to IdentityTableMap but not an example of per-column config. as a property value of an hbase config.  Do you mean the XML in TestTableIndex?  If so, its not clear how you do config. for columns 2, 3, etc.  Perhaps you could provide an example here in the issue&lt;/p&gt;

&lt;p&gt;You are right. I meant the example in TestTableIndex. Here is an example with multiple columns:&lt;/p&gt;

&lt;p&gt;  &amp;lt;configuration&amp;gt;&lt;br/&gt;
    &amp;lt;column&amp;gt;&lt;br/&gt;
      &amp;lt;property&amp;gt;&amp;lt;name&amp;gt;hbase.column.name&amp;lt;/name&amp;gt;&amp;lt;value&amp;gt;column1&amp;lt;/value&amp;gt;&amp;lt;/property&amp;gt;&lt;br/&gt;
      &amp;lt;property&amp;gt;&amp;lt;name&amp;gt;hbase.column.store&amp;lt;/name&amp;gt;&amp;lt;value&amp;gt;true&amp;lt;/value&amp;gt;&amp;lt;/property&amp;gt;&lt;br/&gt;
      &amp;lt;property&amp;gt;&amp;lt;name&amp;gt;hbase.column.index&amp;lt;/name&amp;gt;&amp;lt;value&amp;gt;true&amp;lt;/value&amp;gt;&amp;lt;/property&amp;gt;&lt;br/&gt;
      &amp;lt;property&amp;gt;&amp;lt;name&amp;gt;hbase.column.tokenize&amp;lt;/name&amp;gt;&amp;lt;value&amp;gt;false&amp;lt;/value&amp;gt;&amp;lt;/property&amp;gt;&lt;br/&gt;
      &amp;lt;property&amp;gt;&amp;lt;name&amp;gt;hbase.column.boost&amp;lt;/name&amp;gt;&amp;lt;value&amp;gt;3&amp;lt;/value&amp;gt;&amp;lt;/property&amp;gt;&lt;br/&gt;
      &amp;lt;property&amp;gt;&amp;lt;name&amp;gt;hbase.column.omit.norms&amp;lt;/name&amp;gt;&amp;lt;value&amp;gt;false&amp;lt;/value&amp;gt;&amp;lt;/property&amp;gt;&lt;br/&gt;
    &amp;lt;/column&amp;gt;&lt;br/&gt;
    &amp;lt;column&amp;gt;&lt;br/&gt;
      &amp;lt;property&amp;gt;&amp;lt;name&amp;gt;hbase.column.name&amp;lt;/name&amp;gt;&amp;lt;value&amp;gt;column2&amp;lt;/value&amp;gt;&amp;lt;/property&amp;gt;&lt;br/&gt;
      &amp;lt;property&amp;gt;&amp;lt;name&amp;gt;hbase.column.store&amp;lt;/name&amp;gt;&amp;lt;value&amp;gt;false&amp;lt;/value&amp;gt;&amp;lt;/property&amp;gt;&lt;br/&gt;
      &amp;lt;property&amp;gt;&amp;lt;name&amp;gt;hbase.column.index&amp;lt;/name&amp;gt;&amp;lt;value&amp;gt;true&amp;lt;/value&amp;gt;&amp;lt;/property&amp;gt;&lt;br/&gt;
      &amp;lt;property&amp;gt;&amp;lt;name&amp;gt;hbase.column.tokenize&amp;lt;/name&amp;gt;&amp;lt;value&amp;gt;true&amp;lt;/value&amp;gt;&amp;lt;/property&amp;gt;&lt;br/&gt;
    &amp;lt;/column&amp;gt;&lt;br/&gt;
    &amp;lt;property&amp;gt;&amp;lt;name&amp;gt;hbase.index.rowkey.name&amp;lt;/name&amp;gt;&amp;lt;value&amp;gt;KEY&amp;lt;/value&amp;gt;&amp;lt;/property&amp;gt;&lt;br/&gt;
    &amp;lt;property&amp;gt;&amp;lt;name&amp;gt;hbase.index.max.buffered.docs&amp;lt;/name&amp;gt;&amp;lt;value&amp;gt;500&amp;lt;/value&amp;gt;&amp;lt;/property&amp;gt;&lt;br/&gt;
    &amp;lt;property&amp;gt;&amp;lt;name&amp;gt;hbase.index.max.field.length&amp;lt;/name&amp;gt;&amp;lt;value&amp;gt;10000&amp;lt;/value&amp;gt;&amp;lt;/property&amp;gt;&lt;br/&gt;
    &amp;lt;property&amp;gt;&amp;lt;name&amp;gt;hbase.index.merge.factor&amp;lt;/name&amp;gt;&amp;lt;value&amp;gt;10&amp;lt;/value&amp;gt;&amp;lt;/property&amp;gt;&lt;br/&gt;
    &amp;lt;property&amp;gt;&amp;lt;name&amp;gt;hbase.index.use.compound.file&amp;lt;/name&amp;gt;&amp;lt;value&amp;gt;true&amp;lt;/value&amp;gt;&amp;lt;/property&amp;gt;&lt;br/&gt;
    &amp;lt;property&amp;gt;&amp;lt;name&amp;gt;hbase.index.optimize&amp;lt;/name&amp;gt;&amp;lt;value&amp;gt;true&amp;lt;/value&amp;gt;&amp;lt;/property&amp;gt;&lt;br/&gt;
  &amp;lt;/configuration&amp;gt;&lt;/p&gt;

&lt;p&gt;&amp;gt; Take2 seems to be mangled:&lt;/p&gt;

&lt;p&gt;&lt;img class=&quot;emoticon&quot; src=&quot;https://issues.apache.org/jira/images/icons/emoticons/sad.gif&quot; height=&quot;16&quot; width=&quot;16&quot; align=&quot;absmiddle&quot; alt=&quot;&quot; border=&quot;0&quot;/&gt; I just tried and it works for me. I rerolled it anyway and here it is.&lt;/p&gt;</comment>
                            <comment id="12528526" author="stack" created="Tue, 18 Sep 2007 19:39:55 +0000"  >&lt;p&gt;Thanks for sample and this version of the patch applies.&lt;/p&gt;

&lt;p&gt;I tried putting the above xml into a hbase-site.xml property value and it looks like the general parse fails:&lt;/p&gt;

&lt;div class=&quot;code panel&quot; style=&quot;border-width: 1px;&quot;&gt;&lt;div class=&quot;codeContent panelContent&quot;&gt;
&lt;pre class=&quot;code-java&quot;&gt;
07/09/18 12:35:38 FATAL conf.Configuration: error parsing conf file: java.lang.ClassCastException: com.sun.org.apache.xerces.internal.dom.DeferredElementImpl
&lt;/pre&gt;
&lt;/div&gt;&lt;/div&gt;

&lt;p&gt;Is your thinking that folks will build up an XML string in their job config. code rather than edit an hbase-site.xml to add per-column configuration?&lt;/p&gt;</comment>
                            <comment id="12528576" author="ningli" created="Tue, 18 Sep 2007 21:38:11 +0000"  >&lt;p&gt;&amp;gt; Is your thinking that folks will build up an XML string in their job config. code rather than edit an hbase-site.xml to add per-column configuration?&lt;/p&gt;

&lt;p&gt;That&apos;s right. For example, &quot;conf.set(&quot;hbase.index.conf&quot;, createIndexConfContent())&quot; sets the index build configuration string in TestTableIndex.java.&lt;/p&gt;</comment>
                            <comment id="12528581" author="stack" created="Tue, 18 Sep 2007 21:55:55 +0000"  >&lt;p&gt;Does not conjuring a substantial amount of XML in a StringBuilder in java code become untenable soon after you have two or three columns Ning?  I think folks are going to want to do their XML up in a file that they can pass the MR job (and against which they can run xmllint, etc., to verify well-formedness).&lt;/p&gt;

&lt;p&gt;Why not have your IndexConf add a resource named &apos;hbase-index.xml&apos; as HBaseConfiguration adds hbase-site.xml and hbase-default.xml.  Your example pasted above would be the content of one such hbase-index.xml file.&lt;/p&gt;

&lt;p&gt;Otherwise, can we add the config. to hbase-site.xml?  One property would list columns and then per column, you&apos;d add indexing properties with column name as qualifier as in:&lt;/p&gt;

&lt;div class=&quot;code panel&quot; style=&quot;border-width: 1px;&quot;&gt;&lt;div class=&quot;codeContent panelContent&quot;&gt;
&lt;pre class=&quot;code-java&quot;&gt;
&amp;lt;configuration&amp;gt;
...
&amp;lt;property&amp;gt;&amp;lt;name&amp;gt;hbase.column.names&amp;lt;/name&amp;gt;&amp;lt;value&amp;gt;column1 column2 column3....&amp;lt;/value&amp;gt;&amp;lt;/property&amp;gt;
&amp;lt;property&amp;gt;&amp;lt;name&amp;gt;hbase.column.column1.store&amp;lt;/name&amp;gt;&amp;lt;value&amp;gt;&lt;span class=&quot;code-keyword&quot;&gt;true&lt;/span&gt;&amp;lt;/value&amp;gt;&amp;lt;/property&amp;gt;
&amp;lt;property&amp;gt;&amp;lt;name&amp;gt;hbase.column.column1.index&amp;lt;/name&amp;gt;&amp;lt;value&amp;gt;&lt;span class=&quot;code-keyword&quot;&gt;true&lt;/span&gt;&amp;lt;/value&amp;gt;&amp;lt;/property&amp;gt;
...
etc.
&lt;/pre&gt;
&lt;/div&gt;&lt;/div&gt;</comment>
                            <comment id="12528597" author="ningli" created="Tue, 18 Sep 2007 22:38:42 +0000"  >&lt;p&gt;&amp;gt; Does not conjuring a substantial amount of XML in a StringBuilder in java code become untenable soon after you have two or three columns Ning?  I think folks are going to want to do their XML up in a file that they can pass the MR job (and against which they can run xmllint, etc., to verify well-formedness).&lt;/p&gt;

&lt;p&gt;Yes, that&apos;ll be nice.&lt;/p&gt;

&lt;p&gt;&amp;gt; Why not have your IndexConf add a resource named &apos;hbase-index.xml&apos; as HBaseConfiguration adds hbase-site.xml and hbase-default.xml.  Your example pasted above would be the content of one such hbase-index.xml file.&lt;br/&gt;
&amp;gt; &lt;br/&gt;
&amp;gt; Otherwise, can we add the config. to hbase-site.xml?  One property would list columns and then per column, you&apos;d add indexing properties with column name as qualifier as in:&lt;/p&gt;

&lt;p&gt;I was thinking, the indexing configuration is specified per job, not per hbase. Applications would want to specify different indexing configurations for different tables, which may have same column names. Different applications may even want to index the same table differently.&lt;/p&gt;

&lt;p&gt;An alternative would be to include the configuration in application&apos;s jar file since that&apos;s what gets distributed out. But it&apos;s a bit awkward since a new jar file has to be generated for a new run. Yet another alternative is to store the configuration file in HDFS or HBase...&lt;/p&gt;</comment>
                            <comment id="12528602" author="stack" created="Tue, 18 Sep 2007 22:57:45 +0000"  >&lt;p&gt;That the configuration is per job rather than per instance is an important distinction.  Could an xml file be passed to jobs on the command line?&lt;/p&gt;
</comment>
                            <comment id="12528780" author="ningli" created="Wed, 19 Sep 2007 14:52:06 +0000"  >&lt;p&gt;Actually, with the current approach, BuildTableIndex can be modified to read an xml file, validate it, and call conf.set(&quot;hbase.index.conf&quot;, xml_file_content) to set the indexing configuration in a job.&lt;/p&gt;</comment>
                            <comment id="12528809" author="stack" created="Wed, 19 Sep 2007 16:26:28 +0000"  >&lt;p&gt;Yes. Sounds good.  Do you want to make a new patch Ning that refactors the BuildTableIndex &apos;example&apos; so rather than a list of column names it instead takes an index file full of configuration that it then parses and inserts into the job Configuration?&lt;/p&gt;</comment>
                            <comment id="12529300" author="ningli" created="Fri, 21 Sep 2007 01:31:15 +0000"  >&lt;p&gt;&amp;gt; Yes. Sounds good. Do you want to make a new patch Ning that refactors the BuildTableIndex &apos;example&apos; so rather than a list of column names it instead takes an index file full of configuration that it then parses and inserts into the job Configuration?&lt;/p&gt;

&lt;p&gt;Sure. A new patch with modified BuildTableIndex is attached.&lt;/p&gt;</comment>
                            <comment id="12529432" author="stack" created="Fri, 21 Sep 2007 14:11:01 +0000"  >&lt;p&gt;I added javadoc and some missing licenses.&lt;/p&gt;</comment>
                            <comment id="12529597" author="stack" created="Sat, 22 Sep 2007 01:25:19 +0000"  >&lt;p&gt;Fixes so all tests work.  Add to AbstractMergeTestBase and TestTableMapReduce tearDown method a try/catch around the final call to fs.close.  The filesystem may have been shutdown by the shutdown of dfsCluster &amp;#8211; if its non-null (Its now more likely non-null since this patch adds setting of the dfs &apos;cluster&apos; data member when its passed to one of the MiniHbaseCluster constructors where before it left it null.  The &apos;set&apos; is needed by the TestTableIndex test).&lt;/p&gt;

&lt;p&gt;Move mapreduce files into a new test mapred subpackage.&lt;/p&gt;</comment>
                            <comment id="12529598" author="stack" created="Sat, 22 Sep 2007 01:28:02 +0000"  >&lt;p&gt;Builds locally and passes all tests.  Try hudson (Just committed the lucene jar this patch depends on ahead of this submit).&lt;/p&gt;</comment>
                            <comment id="12529604" author="hadoopqa" created="Sat, 22 Sep 2007 04:05:41 +0000"  >&lt;p&gt;-1 overall.  Here are the results of testing the latest attachment &lt;br/&gt;
&lt;a href=&quot;http://issues.apache.org/jira/secure/attachment/12366396/build_table_index.take5.patch&quot; class=&quot;external-link&quot; rel=&quot;nofollow&quot;&gt;http://issues.apache.org/jira/secure/attachment/12366396/build_table_index.take5.patch&lt;/a&gt;&lt;br/&gt;
against trunk revision r578348.&lt;/p&gt;

&lt;p&gt;    @author +1.  The patch does not contain any @author tags.&lt;/p&gt;

&lt;p&gt;    javadoc +1.  The javadoc tool did not generate any warning messages.&lt;/p&gt;

&lt;p&gt;    javac +1.  The applied patch does not generate any new compiler warnings.&lt;/p&gt;

&lt;p&gt;    findbugs +1.  The patch does not introduce any new Findbugs warnings.&lt;/p&gt;

&lt;p&gt;    core tests +1.  The patch passed core unit tests.&lt;/p&gt;

&lt;p&gt;    contrib tests -1.  The patch failed contrib unit tests.&lt;/p&gt;

&lt;p&gt;Test results: &lt;a href=&quot;http://lucene.zones.apache.org:8080/hudson/job/Hadoop-Patch/807/testReport/&quot; class=&quot;external-link&quot; rel=&quot;nofollow&quot;&gt;http://lucene.zones.apache.org:8080/hudson/job/Hadoop-Patch/807/testReport/&lt;/a&gt;&lt;br/&gt;
Findbugs warnings: &lt;a href=&quot;http://lucene.zones.apache.org:8080/hudson/job/Hadoop-Patch/807/artifact/trunk/build/test/findbugs/newPatchFindbugsWarnings.html&quot; class=&quot;external-link&quot; rel=&quot;nofollow&quot;&gt;http://lucene.zones.apache.org:8080/hudson/job/Hadoop-Patch/807/artifact/trunk/build/test/findbugs/newPatchFindbugsWarnings.html&lt;/a&gt;&lt;br/&gt;
Checkstyle results: &lt;a href=&quot;http://lucene.zones.apache.org:8080/hudson/job/Hadoop-Patch/807/artifact/trunk/build/test/checkstyle-errors.html&quot; class=&quot;external-link&quot; rel=&quot;nofollow&quot;&gt;http://lucene.zones.apache.org:8080/hudson/job/Hadoop-Patch/807/artifact/trunk/build/test/checkstyle-errors.html&lt;/a&gt;&lt;br/&gt;
Console output: &lt;a href=&quot;http://lucene.zones.apache.org:8080/hudson/job/Hadoop-Patch/807/console&quot; class=&quot;external-link&quot; rel=&quot;nofollow&quot;&gt;http://lucene.zones.apache.org:8080/hudson/job/Hadoop-Patch/807/console&lt;/a&gt;&lt;/p&gt;

&lt;p&gt;This message is automatically generated.&lt;/p&gt;</comment>
                            <comment id="12529644" author="hudson" created="Sat, 22 Sep 2007 12:02:33 +0000"  >&lt;p&gt;Integrated in Hadoop-Nightly #247 (See &lt;a href=&quot;http://lucene.zones.apache.org:8080/hudson/job/Hadoop-Nightly/247/&quot; class=&quot;external-link&quot; rel=&quot;nofollow&quot;&gt;http://lucene.zones.apache.org:8080/hudson/job/Hadoop-Nightly/247/&lt;/a&gt;)&lt;/p&gt;</comment>
                            <comment id="12529650" author="stack" created="Sat, 22 Sep 2007 12:59:31 +0000"  >&lt;p&gt;Retry.  Failure was in org.apache.hadoop.hbase.TestRegionServerAbort.   It timed out.  The logging profile looks like what we were seeing over in &lt;a href=&quot;https://issues.apache.org/jira/browse/HBASE-103&quot; title=&quot;[hbase] TestDFSAbort failed in nightly #242&quot; class=&quot;issue-link&quot; data-issue-key=&quot;HBASE-103&quot;&gt;&lt;del&gt;HADOOP-1924&lt;/del&gt;&lt;/a&gt;.  Need to get some thread dumps to confirm.&lt;/p&gt;</comment>
                            <comment id="12529651" author="stack" created="Sat, 22 Sep 2007 13:00:29 +0000"  >&lt;p&gt;Retrying.  May be lucky or will learn more about possibly hanging.&lt;/p&gt;</comment>
                            <comment id="12529654" author="stack" created="Sat, 22 Sep 2007 13:34:28 +0000"  >&lt;p&gt;Looking more at the TestRegionServerAbort log, its not same as &lt;a href=&quot;https://issues.apache.org/jira/browse/HBASE-103&quot; title=&quot;[hbase] TestDFSAbort failed in nightly #242&quot; class=&quot;issue-link&quot; data-issue-key=&quot;HBASE-103&quot;&gt;&lt;del&gt;HADOOP-1924&lt;/del&gt;&lt;/a&gt;.  From logs, all seems healthy just that the scan that asserts region redeploys must not be happening.  Could add some logging in here.....(or thread dump if can catch it during build)&lt;/p&gt;</comment>
                            <comment id="12529666" author="hadoopqa" created="Sat, 22 Sep 2007 14:33:36 +0000"  >&lt;p&gt;-1 overall.  Here are the results of testing the latest attachment &lt;br/&gt;
&lt;a href=&quot;http://issues.apache.org/jira/secure/attachment/12366396/build_table_index.take5.patch&quot; class=&quot;external-link&quot; rel=&quot;nofollow&quot;&gt;http://issues.apache.org/jira/secure/attachment/12366396/build_table_index.take5.patch&lt;/a&gt;&lt;br/&gt;
against trunk revision r578348.&lt;/p&gt;

&lt;p&gt;    @author +1.  The patch does not contain any @author tags.&lt;/p&gt;

&lt;p&gt;    javadoc +1.  The javadoc tool did not generate any warning messages.&lt;/p&gt;

&lt;p&gt;    javac +1.  The applied patch does not generate any new compiler warnings.&lt;/p&gt;

&lt;p&gt;    findbugs +1.  The patch does not introduce any new Findbugs warnings.&lt;/p&gt;

&lt;p&gt;    core tests +1.  The patch passed core unit tests.&lt;/p&gt;

&lt;p&gt;    contrib tests -1.  The patch failed contrib unit tests.&lt;/p&gt;

&lt;p&gt;Test results: &lt;a href=&quot;http://lucene.zones.apache.org:8080/hudson/job/Hadoop-Patch/808/testReport/&quot; class=&quot;external-link&quot; rel=&quot;nofollow&quot;&gt;http://lucene.zones.apache.org:8080/hudson/job/Hadoop-Patch/808/testReport/&lt;/a&gt;&lt;br/&gt;
Findbugs warnings: &lt;a href=&quot;http://lucene.zones.apache.org:8080/hudson/job/Hadoop-Patch/808/artifact/trunk/build/test/findbugs/newPatchFindbugsWarnings.html&quot; class=&quot;external-link&quot; rel=&quot;nofollow&quot;&gt;http://lucene.zones.apache.org:8080/hudson/job/Hadoop-Patch/808/artifact/trunk/build/test/findbugs/newPatchFindbugsWarnings.html&lt;/a&gt;&lt;br/&gt;
Checkstyle results: &lt;a href=&quot;http://lucene.zones.apache.org:8080/hudson/job/Hadoop-Patch/808/artifact/trunk/build/test/checkstyle-errors.html&quot; class=&quot;external-link&quot; rel=&quot;nofollow&quot;&gt;http://lucene.zones.apache.org:8080/hudson/job/Hadoop-Patch/808/artifact/trunk/build/test/checkstyle-errors.html&lt;/a&gt;&lt;br/&gt;
Console output: &lt;a href=&quot;http://lucene.zones.apache.org:8080/hudson/job/Hadoop-Patch/808/console&quot; class=&quot;external-link&quot; rel=&quot;nofollow&quot;&gt;http://lucene.zones.apache.org:8080/hudson/job/Hadoop-Patch/808/console&lt;/a&gt;&lt;/p&gt;

&lt;p&gt;This message is automatically generated.&lt;/p&gt;</comment>
                            <comment id="12529949" author="stack" created="Mon, 24 Sep 2007 19:43:15 +0000"  >&lt;p&gt;Add logging around setup of assertion scanner in TestRegionServerAbort&lt;/p&gt;</comment>
                            <comment id="12529950" author="stack" created="Mon, 24 Sep 2007 19:43:57 +0000"  >&lt;p&gt;Failed in same place, in TestRegionServerAbort.&lt;/p&gt;</comment>
                            <comment id="12529951" author="stack" created="Mon, 24 Sep 2007 19:44:47 +0000"  >&lt;p&gt;Add debugging to try and help why failing in test that should have no relation to the code in this patch.&lt;/p&gt;</comment>
                            <comment id="12529990" author="hadoopqa" created="Mon, 24 Sep 2007 21:31:42 +0000"  >&lt;p&gt;+1 overall.  Here are the results of testing the latest attachment &lt;br/&gt;
&lt;a href=&quot;http://issues.apache.org/jira/secure/attachment/12366485/build_table_index.take6.patch&quot; class=&quot;external-link&quot; rel=&quot;nofollow&quot;&gt;http://issues.apache.org/jira/secure/attachment/12366485/build_table_index.take6.patch&lt;/a&gt;&lt;br/&gt;
against trunk revision r578879.&lt;/p&gt;

&lt;p&gt;    @author +1.  The patch does not contain any @author tags.&lt;/p&gt;

&lt;p&gt;    javadoc +1.  The javadoc tool did not generate any warning messages.&lt;/p&gt;

&lt;p&gt;    javac +1.  The applied patch does not generate any new compiler warnings.&lt;/p&gt;

&lt;p&gt;    findbugs +1.  The patch does not introduce any new Findbugs warnings.&lt;/p&gt;

&lt;p&gt;    core tests +1.  The patch passed core unit tests.&lt;/p&gt;

&lt;p&gt;    contrib tests +1.  The patch passed contrib unit tests.&lt;/p&gt;

&lt;p&gt;Test results: &lt;a href=&quot;http://lucene.zones.apache.org:8080/hudson/job/Hadoop-Patch/816/testReport/&quot; class=&quot;external-link&quot; rel=&quot;nofollow&quot;&gt;http://lucene.zones.apache.org:8080/hudson/job/Hadoop-Patch/816/testReport/&lt;/a&gt;&lt;br/&gt;
Findbugs warnings: &lt;a href=&quot;http://lucene.zones.apache.org:8080/hudson/job/Hadoop-Patch/816/artifact/trunk/build/test/findbugs/newPatchFindbugsWarnings.html&quot; class=&quot;external-link&quot; rel=&quot;nofollow&quot;&gt;http://lucene.zones.apache.org:8080/hudson/job/Hadoop-Patch/816/artifact/trunk/build/test/findbugs/newPatchFindbugsWarnings.html&lt;/a&gt;&lt;br/&gt;
Checkstyle results: &lt;a href=&quot;http://lucene.zones.apache.org:8080/hudson/job/Hadoop-Patch/816/artifact/trunk/build/test/checkstyle-errors.html&quot; class=&quot;external-link&quot; rel=&quot;nofollow&quot;&gt;http://lucene.zones.apache.org:8080/hudson/job/Hadoop-Patch/816/artifact/trunk/build/test/checkstyle-errors.html&lt;/a&gt;&lt;br/&gt;
Console output: &lt;a href=&quot;http://lucene.zones.apache.org:8080/hudson/job/Hadoop-Patch/816/console&quot; class=&quot;external-link&quot; rel=&quot;nofollow&quot;&gt;http://lucene.zones.apache.org:8080/hudson/job/Hadoop-Patch/816/console&lt;/a&gt;&lt;/p&gt;

&lt;p&gt;This message is automatically generated.&lt;/p&gt;</comment>
                            <comment id="12529992" author="stack" created="Mon, 24 Sep 2007 21:38:37 +0000"  >&lt;p&gt;Committed. Resolving.  Thanks for the patch Ning!&lt;/p&gt;</comment>
                            <comment id="12530244" author="hudson" created="Tue, 25 Sep 2007 19:36:06 +0000"  >&lt;p&gt;Integrated in Hadoop-Nightly #250 (See &lt;a href=&quot;http://lucene.zones.apache.org:8080/hudson/job/Hadoop-Nightly/250/&quot; class=&quot;external-link&quot; rel=&quot;nofollow&quot;&gt;http://lucene.zones.apache.org:8080/hudson/job/Hadoop-Nightly/250/&lt;/a&gt;)&lt;/p&gt;</comment>
                            <comment id="12530843" author="stack" created="Thu, 27 Sep 2007 21:10:00 +0000"  >&lt;p&gt;I bungled application of this patch.  I didn&apos;t add the new classes.&lt;/p&gt;</comment>
                            <comment id="12530850" author="stack" created="Thu, 27 Sep 2007 21:31:09 +0000"  >&lt;p&gt;Patch that has the files not added.&lt;/p&gt;</comment>
                            <comment id="12530914" author="stack" created="Fri, 28 Sep 2007 05:52:40 +0000"  >&lt;p&gt;This passes all tests locally.&lt;/p&gt;</comment>
                            <comment id="12530915" author="stack" created="Fri, 28 Sep 2007 05:53:30 +0000"  >&lt;p&gt;Trying the missing files against hudson.&lt;/p&gt;</comment>
                            <comment id="12530931" author="hadoopqa" created="Fri, 28 Sep 2007 07:40:13 +0000"  >&lt;p&gt;+1 overall.  Here are the results of testing the latest attachment &lt;br/&gt;
&lt;a href=&quot;http://issues.apache.org/jira/secure/attachment/12366722/build_table_index.take8.patch&quot; class=&quot;external-link&quot; rel=&quot;nofollow&quot;&gt;http://issues.apache.org/jira/secure/attachment/12366722/build_table_index.take8.patch&lt;/a&gt;&lt;br/&gt;
against trunk revision r580166.&lt;/p&gt;

&lt;p&gt;    @author +1.  The patch does not contain any @author tags.&lt;/p&gt;

&lt;p&gt;    javadoc +1.  The javadoc tool did not generate any warning messages.&lt;/p&gt;

&lt;p&gt;    javac +1.  The applied patch does not generate any new compiler warnings.&lt;/p&gt;

&lt;p&gt;    findbugs +1.  The patch does not introduce any new Findbugs warnings.&lt;/p&gt;

&lt;p&gt;    core tests +1.  The patch passed core unit tests.&lt;/p&gt;

&lt;p&gt;    contrib tests +1.  The patch passed contrib unit tests.&lt;/p&gt;

&lt;p&gt;Test results: &lt;a href=&quot;http://lucene.zones.apache.org:8080/hudson/job/Hadoop-Patch/840/testReport/&quot; class=&quot;external-link&quot; rel=&quot;nofollow&quot;&gt;http://lucene.zones.apache.org:8080/hudson/job/Hadoop-Patch/840/testReport/&lt;/a&gt;&lt;br/&gt;
Findbugs warnings: &lt;a href=&quot;http://lucene.zones.apache.org:8080/hudson/job/Hadoop-Patch/840/artifact/trunk/build/test/findbugs/newPatchFindbugsWarnings.html&quot; class=&quot;external-link&quot; rel=&quot;nofollow&quot;&gt;http://lucene.zones.apache.org:8080/hudson/job/Hadoop-Patch/840/artifact/trunk/build/test/findbugs/newPatchFindbugsWarnings.html&lt;/a&gt;&lt;br/&gt;
Checkstyle results: &lt;a href=&quot;http://lucene.zones.apache.org:8080/hudson/job/Hadoop-Patch/840/artifact/trunk/build/test/checkstyle-errors.html&quot; class=&quot;external-link&quot; rel=&quot;nofollow&quot;&gt;http://lucene.zones.apache.org:8080/hudson/job/Hadoop-Patch/840/artifact/trunk/build/test/checkstyle-errors.html&lt;/a&gt;&lt;br/&gt;
Console output: &lt;a href=&quot;http://lucene.zones.apache.org:8080/hudson/job/Hadoop-Patch/840/console&quot; class=&quot;external-link&quot; rel=&quot;nofollow&quot;&gt;http://lucene.zones.apache.org:8080/hudson/job/Hadoop-Patch/840/console&lt;/a&gt;&lt;/p&gt;

&lt;p&gt;This message is automatically generated.&lt;/p&gt;</comment>
                            <comment id="12531081" author="stack" created="Fri, 28 Sep 2007 16:32:36 +0000"  >&lt;p&gt;Committed missing files.  Resolving for second time.&lt;/p&gt;</comment>
                    </comments>
                    <attachments>
                            <attachment id="12366052" name="build_table_index.patch" size="38495" author="ningli" created="Mon, 17 Sep 2007 23:31:59 +0000"/>
                            <attachment id="12366089" name="build_table_index.take2.again.patch" size="37591" author="ningli" created="Tue, 18 Sep 2007 14:19:35 +0000"/>
                            <attachment id="12366062" name="build_table_index.take2.patch" size="37591" author="ningli" created="Tue, 18 Sep 2007 02:31:32 +0000"/>
                            <attachment id="12366324" name="build_table_index.take3.patch" size="39990" author="ningli" created="Fri, 21 Sep 2007 01:31:14 +0000"/>
                            <attachment id="12366364" name="build_table_index.take4.patch" size="45040" author="stack" created="Fri, 21 Sep 2007 14:11:01 +0000"/>
                            <attachment id="12366396" name="build_table_index.take5.patch" size="36340" author="stack" created="Sat, 22 Sep 2007 01:25:19 +0000"/>
                            <attachment id="12366485" name="build_table_index.take6.patch" size="39975" author="stack" created="Mon, 24 Sep 2007 19:43:15 +0000"/>
                            <attachment id="12366698" name="build_table_index.take7.patch" size="70459" author="stack" created="Thu, 27 Sep 2007 21:31:08 +0000"/>
                            <attachment id="12366722" name="build_table_index.take8.patch" size="70193" author="stack" created="Fri, 28 Sep 2007 05:52:40 +0000"/>
                    </attachments>
                <subtasks>
                    </subtasks>
                <customfields>
                                                <customfield id="customfield_12310310" key="com.atlassian.jira.toolkit:attachments">
                        <customfieldname>Attachment count</customfieldname>
                        <customfieldvalues>
                            <customfieldvalue>9.0</customfieldvalue>
                        </customfieldvalues>
                    </customfield>
                                                                                                                                                                                                                                                                                                                                                                                                                                                                                                                                <customfield id="customfield_12310220" key="com.atlassian.jira.ext.charting:firstresponsedate">
                        <customfieldname>Date of First Response</customfieldname>
                        <customfieldvalues>
                            <customfieldvalue>Tue, 18 Sep 2007 01:24:43 +0000</customfieldvalue>

                        </customfieldvalues>
                    </customfield>
                                                                                                                                                                                                                                                                                                                                                                                                                                            <customfield id="customfield_12310420" key="com.pyxis.greenhopper.jira:gh-global-rank">
                        <customfieldname>Global Rank</customfieldname>
                        <customfieldvalues>
                            <customfieldvalue>25054</customfieldvalue>
                        </customfieldvalues>
                    </customfield>
                                                                                                                                                    <customfield id="customfield_12312521" key="com.atlassian.jira.toolkit:LastCommentDate">
                        <customfieldname>Last public comment date</customfieldname>
                        <customfieldvalues>
                            9 years, 13 weeks ago
                        </customfieldvalues>
                    </customfield>
                                                                                            <customfield id="customfield_12311820" key="com.pyxis.greenhopper.jira:gh-lexo-rank">
                        <customfieldname>Rank</customfieldname>
                        <customfieldvalues>
                            <customfieldvalue>0|i0h63j:</customfieldvalue>

                        </customfieldvalues>
                    </customfield>
                                                                <customfield id="customfield_12310920" key="com.pyxis.greenhopper.jira:gh-global-rank">
                        <customfieldname>Rank (Obsolete)</customfieldname>
                        <customfieldvalues>
                            <customfieldvalue>98250</customfieldvalue>
                        </customfieldvalues>
                    </customfield>
                                                                                                                                                                                                                                                                                                <customfield id="customfield_12310222" key="com.atlassian.jira.ext.charting:timeinstatus">
                        <customfieldname>Time in Status</customfieldname>
                        <customfieldvalues>
                            
                        </customfieldvalues>
                    </customfield>
                                                                                                                        </customfields>
    </item>
</channel>
</rss>