<!-- 
RSS generated by JIRA (6.3.4#6332-sha1:51bc225ef474afe3128b2f66878477f322397b16) at Fri Dec 16 18:46:03 UTC 2016

It is possible to restrict the fields that are returned in this document by specifying the 'field' parameter in your request.
For example, to request only the issue key and summary add field=key&field=summary to the URL of your request.
For example:
https://issues.apache.org/jira/si/jira.issueviews:issue-xml/HBASE-629/HBASE-629.xml?field=key&amp;field=summary
-->
<rss version="0.92" >
<channel>
    <title>ASF JIRA</title>
    <link>https://issues.apache.org/jira</link>
    <description>This file is an XML representation of an issue</description>
    <language>en-uk</language>    <build-info>
        <version>6.3.4</version>
        <build-number>6332</build-number>
        <build-date>15-08-2014</build-date>
    </build-info>

<item>
            <title>[HBASE-629] Split reports incorrect elapsed time</title>
                <link>https://issues.apache.org/jira/browse/HBASE-629</link>
                <project id="12310753" key="HBASE">HBase</project>
                    <description>&lt;p&gt;Split reports incorrect elapsed time. That is because the start time for the split is never set. (It used to be set in closing()).&lt;/p&gt;

&lt;p&gt;Additionally, since CompactSplitThread doesn&apos;t do anything in closing or closed anymore, why keep them around?&lt;/p&gt;

&lt;p&gt;We can just pass null for the RegionUnavailableListener and can then remove closing and closed from CompactSplitThread.&lt;/p&gt;

&lt;p&gt;In fact, it turns out that RegionUnavailableListener is not used anywhere anymore so it should just be removed altogether.&lt;/p&gt;</description>
                <environment></environment>
        <key id="12396208">HBASE-629</key>
            <summary>Split reports incorrect elapsed time</summary>
                <type id="1" iconUrl="https://issues.apache.org/jira/images/icons/issuetypes/bug.png">Bug</type>
                                            <priority id="3" iconUrl="https://issues.apache.org/jira/images/icons/priorities/major.png">Major</priority>
                        <status id="6" iconUrl="https://issues.apache.org/jira/images/icons/statuses/closed.png" description="The issue is considered finished, the resolution is correct. Issues which are closed can be reopened.">Closed</status>
                    <statusCategory id="3" key="done" colorName="green"/>
                                    <resolution id="1">Fixed</resolution>
                                        <assignee username="jimk">Jim Kellerman</assignee>
                                    <reporter username="jimk">Jim Kellerman</reporter>
                        <labels>
                    </labels>
                <created>Fri, 16 May 2008 17:27:32 +0000</created>
                <updated>Fri, 22 Aug 2008 21:13:15 +0000</updated>
                            <resolved>Fri, 16 May 2008 21:46:05 +0000</resolved>
                                    <version>0.2.0</version>
                                    <fixVersion>0.2.0</fixVersion>
                                    <component>regionserver</component>
                        <due></due>
                            <votes>0</votes>
                                    <watches>0</watches>
                                                                <comments>
                            <comment id="12597563" author="stack" created="Fri, 16 May 2008 18:17:13 +0000"  >&lt;p&gt;+1 on removing unused methods and exceptions.&lt;/p&gt;</comment>
                            <comment id="12597614" author="stack" created="Fri, 16 May 2008 21:10:46 +0000"  >&lt;p&gt;+1 if commented out code is removed&lt;/p&gt;</comment>
                            <comment id="12597629" author="jimk" created="Fri, 16 May 2008 21:46:05 +0000"  >&lt;p&gt;I just committed this&lt;/p&gt;</comment>
                    </comments>
                    <attachments>
                            <attachment id="12382215" name="629.patch" size="18201" author="jimk" created="Fri, 16 May 2008 20:56:01 +0000"/>
                    </attachments>
                <subtasks>
                    </subtasks>
                <customfields>
                                                <customfield id="customfield_12310310" key="com.atlassian.jira.toolkit:attachments">
                        <customfieldname>Attachment count</customfieldname>
                        <customfieldvalues>
                            <customfieldvalue>1.0</customfieldvalue>
                        </customfieldvalues>
                    </customfield>
                                                                                                                                                                                                                                                                                                                                                                                                                                                                                                                                <customfield id="customfield_12310220" key="com.atlassian.jira.ext.charting:firstresponsedate">
                        <customfieldname>Date of First Response</customfieldname>
                        <customfieldvalues>
                            <customfieldvalue>Fri, 16 May 2008 18:17:13 +0000</customfieldvalue>

                        </customfieldvalues>
                    </customfield>
                                                                                                                                                                                                                                                                                                                                                                                                                                            <customfield id="customfield_12310420" key="com.pyxis.greenhopper.jira:gh-global-rank">
                        <customfieldname>Global Rank</customfieldname>
                        <customfieldvalues>
                            <customfieldvalue>25303</customfieldvalue>
                        </customfieldvalues>
                    </customfield>
                                                                                                                                                    <customfield id="customfield_12312521" key="com.atlassian.jira.toolkit:LastCommentDate">
                        <customfieldname>Last public comment date</customfieldname>
                        <customfieldvalues>
                            8 years, 31 weeks, 6 days ago
                        </customfieldvalues>
                    </customfield>
                                                                                            <customfield id="customfield_12311820" key="com.pyxis.greenhopper.jira:gh-lexo-rank">
                        <customfieldname>Rank</customfieldname>
                        <customfieldvalues>
                            <customfieldvalue>0|i0h8hb:</customfieldvalue>

                        </customfieldvalues>
                    </customfield>
                                                                <customfield id="customfield_12310920" key="com.pyxis.greenhopper.jira:gh-global-rank">
                        <customfieldname>Rank (Obsolete)</customfieldname>
                        <customfieldvalues>
                            <customfieldvalue>98636</customfieldvalue>
                        </customfieldvalues>
                    </customfield>
                                                                                                                                                                                                                                                                                                <customfield id="customfield_12310222" key="com.atlassian.jira.ext.charting:timeinstatus">
                        <customfieldname>Time in Status</customfieldname>
                        <customfieldvalues>
                            
                        </customfieldvalues>
                    </customfield>
                                                                                                                        </customfields>
    </item>
</channel>
</rss>