<!-- 
RSS generated by JIRA (6.3.4#6332-sha1:51bc225ef474afe3128b2f66878477f322397b16) at Fri Dec 16 18:40:45 UTC 2016

It is possible to restrict the fields that are returned in this document by specifying the 'field' parameter in your request.
For example, to request only the issue key and summary add field=key&field=summary to the URL of your request.
For example:
https://issues.apache.org/jira/si/jira.issueviews:issue-xml/HBASE-73/HBASE-73.xml?field=key&amp;field=summary
-->
<rss version="0.92" >
<channel>
    <title>ASF JIRA</title>
    <link>https://issues.apache.org/jira</link>
    <description>This file is an XML representation of an issue</description>
    <language>en-uk</language>    <build-info>
        <version>6.3.4</version>
        <build-number>6332</build-number>
        <build-date>15-08-2014</build-date>
    </build-info>

<item>
            <title>[HBASE-73] [hbase] Cleanup: All generated code should go into the o.a.h.h.generated package</title>
                <link>https://issues.apache.org/jira/browse/HBASE-73</link>
                <project id="12310753" key="HBASE">HBase</project>
                    <description>&lt;p&gt;As is, generated code goes into o.a.h.h.thrift.generated, o.a.h.h.hql.generated, etc.  Rather, have it all go into the one package, o.a.h.h.generated.&lt;/p&gt;</description>
                <environment></environment>
        <key id="12386699">HBASE-73</key>
            <summary>[hbase] Cleanup: All generated code should go into the o.a.h.h.generated package</summary>
                <type id="4" iconUrl="https://issues.apache.org/jira/images/icons/issuetypes/improvement.png">Improvement</type>
                                            <priority id="5" iconUrl="https://issues.apache.org/jira/images/icons/priorities/trivial.png">Trivial</priority>
                        <status id="6" iconUrl="https://issues.apache.org/jira/images/icons/statuses/closed.png" description="The issue is considered finished, the resolution is correct. Issues which are closed can be reopened.">Closed</status>
                    <statusCategory id="3" key="done" colorName="green"/>
                                    <resolution id="2">Won&apos;t Fix</resolution>
                                        <assignee username="-1">Unassigned</assignee>
                                    <reporter username="stack">stack</reporter>
                        <labels>
                    </labels>
                <created>Sat, 19 Jan 2008 17:22:00 +0000</created>
                <updated>Fri, 22 Aug 2008 21:34:48 +0000</updated>
                            <resolved>Tue, 12 Aug 2008 23:44:14 +0000</resolved>
                                                                        <due></due>
                            <votes>0</votes>
                                    <watches>0</watches>
                                                                <comments>
                            <comment id="12560733" author="bryanduxbury" created="Sat, 19 Jan 2008 21:39:48 +0000"  >&lt;p&gt;-1 on this one. It seems like it would be a little confusing. If there&apos;s a thrift package, then the generated code for thrift should probably be under it. &lt;/p&gt;</comment>
                            <comment id="12560737" author="stack" created="Sat, 19 Jan 2008 22:06:31 +0000"  >&lt;p&gt;I should have been more explicit.  Thrift generated code would go into o.a.h.h.generated.thrift and so on.  Within the generated package there would be subpackages.  You still -1?&lt;/p&gt;</comment>
                            <comment id="12565523" author="bryanduxbury" created="Mon, 4 Feb 2008 20:57:52 +0000"  >&lt;p&gt;I was thinking that o.a.h.h.thrift.generated makes more sense. It&apos;s code that was generated for thrift. It&apos;s cosmetic in any case but it keeps all the code for a package in the same tree.&lt;/p&gt;</comment>
                            <comment id="12622032" author="stack" created="Tue, 12 Aug 2008 23:44:14 +0000"  >&lt;p&gt;Lets go w/ Bryans opinion on this one.&lt;/p&gt;</comment>
                    </comments>
                    <attachments>
                    </attachments>
                <subtasks>
                    </subtasks>
                <customfields>
                                                <customfield id="customfield_12310310" key="com.atlassian.jira.toolkit:attachments">
                        <customfieldname>Attachment count</customfieldname>
                        <customfieldvalues>
                            <customfieldvalue>0.0</customfieldvalue>
                        </customfieldvalues>
                    </customfield>
                                                                                                                                                                                                                                                                                                                                                                                                                                                                                                                                <customfield id="customfield_12310220" key="com.atlassian.jira.ext.charting:firstresponsedate">
                        <customfieldname>Date of First Response</customfieldname>
                        <customfieldvalues>
                            <customfieldvalue>Sat, 19 Jan 2008 21:39:48 +0000</customfieldvalue>

                        </customfieldvalues>
                    </customfield>
                                                                                                                                                                                                                                                                                                                                                                                                                                            <customfield id="customfield_12310420" key="com.pyxis.greenhopper.jira:gh-global-rank">
                        <customfieldname>Global Rank</customfieldname>
                        <customfieldvalues>
                            <customfieldvalue>31669</customfieldvalue>
                        </customfieldvalues>
                    </customfield>
                                                                                                                                                    <customfield id="customfield_12312521" key="com.atlassian.jira.toolkit:LastCommentDate">
                        <customfieldname>Last public comment date</customfieldname>
                        <customfieldvalues>
                            8 years, 19 weeks, 2 days ago
                        </customfieldvalues>
                    </customfield>
                                                                                            <customfield id="customfield_12311820" key="com.pyxis.greenhopper.jira:gh-lexo-rank">
                        <customfieldname>Rank</customfieldname>
                        <customfieldvalues>
                            <customfieldvalue>0|i0h42n:</customfieldvalue>

                        </customfieldvalues>
                    </customfield>
                                                                <customfield id="customfield_12310920" key="com.pyxis.greenhopper.jira:gh-global-rank">
                        <customfieldname>Rank (Obsolete)</customfieldname>
                        <customfieldvalues>
                            <customfieldvalue>97922</customfieldvalue>
                        </customfieldvalues>
                    </customfield>
                                                                                                                                                                                                                                                                                                <customfield id="customfield_12310222" key="com.atlassian.jira.ext.charting:timeinstatus">
                        <customfieldname>Time in Status</customfieldname>
                        <customfieldvalues>
                            
                        </customfieldvalues>
                    </customfield>
                                                                                                                        </customfields>
    </item>
</channel>
</rss>