<!-- 
RSS generated by JIRA (6.3.4#6332-sha1:51bc225ef474afe3128b2f66878477f322397b16) at Fri Dec 16 18:47:16 UTC 2016

It is possible to restrict the fields that are returned in this document by specifying the 'field' parameter in your request.
For example, to request only the issue key and summary add field=key&field=summary to the URL of your request.
For example:
https://issues.apache.org/jira/si/jira.issueviews:issue-xml/HBASE-761/HBASE-761.xml?field=key&amp;field=summary
-->
<rss version="0.92" >
<channel>
    <title>ASF JIRA</title>
    <link>https://issues.apache.org/jira</link>
    <description>This file is an XML representation of an issue</description>
    <language>en-uk</language>    <build-info>
        <version>6.3.4</version>
        <build-number>6332</build-number>
        <build-date>15-08-2014</build-date>
    </build-info>

<item>
            <title>[HBASE-761] IOE: Stream closed exception all over logs</title>
                <link>https://issues.apache.org/jira/browse/HBASE-761</link>
                <project id="12310753" key="HBASE">HBase</project>
                    <description>&lt;p&gt;From the list:&lt;/p&gt;
&lt;div class=&quot;code panel&quot; style=&quot;border-width: 1px;&quot;&gt;&lt;div class=&quot;codeContent panelContent&quot;&gt;
&lt;pre class=&quot;code-java&quot;&gt;2008-07-22 12:29:52,759 WARN org.apache.hadoop.hbase.regionserver.HStore: Exception closing reader &lt;span class=&quot;code-keyword&quot;&gt;for&lt;/span&gt; 242866774/&lt;span class=&quot;code-keyword&quot;&gt;new&lt;/span&gt;
java.io.IOException: Stream closed
   at org.apache.hadoop.dfs.DFSClient$DFSInputStream.close(DFSClient.java:1319)
   at java.io.FilterInputStream.close(FilterInputStream.java:155)
   at org.apache.hadoop.io.SequenceFile$Reader.close(SequenceFile.java:1581)
   at org.apache.hadoop.io.MapFile$Reader.close(MapFile.java:577)
   at org.apache.hadoop.hbase.regionserver.HStore.closeCompactionReaders(HStore.java:917)
   at org.apache.hadoop.hbase.regionserver.HStore.compactHStoreFiles(HStore.java:910)
   at org.apache.hadoop.hbase.regionserver.HStore.compact(HStore.java:787)
   at org.apache.hadoop.hbase.regionserver.HRegion.compactStores(HRegion.java:887)
   at org.apache.hadoop.hbase.regionserver.HRegion.compactStores(HRegion.java:847)
   at org.apache.hadoop.hbase.regionserver.CompactSplitThread.run(CompactSplitThread.java:84) 
&lt;/pre&gt;
&lt;/div&gt;&lt;/div&gt;</description>
                <environment></environment>
        <key id="12400773">HBASE-761</key>
            <summary>IOE: Stream closed exception all over logs</summary>
                <type id="1" iconUrl="https://issues.apache.org/jira/images/icons/issuetypes/bug.png">Bug</type>
                                            <priority id="3" iconUrl="https://issues.apache.org/jira/images/icons/priorities/major.png">Major</priority>
                        <status id="6" iconUrl="https://issues.apache.org/jira/images/icons/statuses/closed.png" description="The issue is considered finished, the resolution is correct. Issues which are closed can be reopened.">Closed</status>
                    <statusCategory id="3" key="done" colorName="green"/>
                                    <resolution id="1">Fixed</resolution>
                                        <assignee username="stack">stack</assignee>
                                    <reporter username="stack">stack</reporter>
                        <labels>
                    </labels>
                <created>Tue, 22 Jul 2008 20:39:42 +0000</created>
                <updated>Fri, 22 Aug 2008 21:13:20 +0000</updated>
                            <resolved>Tue, 22 Jul 2008 21:50:20 +0000</resolved>
                                                    <fixVersion>0.2.0</fixVersion>
                                        <due></due>
                            <votes>0</votes>
                                    <watches>0</watches>
                                                                <comments>
                            <comment id="12615806" author="stack" created="Tue, 22 Jul 2008 21:50:20 +0000"  >&lt;p&gt;Izaak and I tested on cluster.  Exception no longer shows.  Resolving.&lt;/p&gt;</comment>
                    </comments>
                    <attachments>
                            <attachment id="12386662" name="761.patch" size="1452" author="stack" created="Tue, 22 Jul 2008 20:40:39 +0000"/>
                    </attachments>
                <subtasks>
                    </subtasks>
                <customfields>
                                                <customfield id="customfield_12310310" key="com.atlassian.jira.toolkit:attachments">
                        <customfieldname>Attachment count</customfieldname>
                        <customfieldvalues>
                            <customfieldvalue>1.0</customfieldvalue>
                        </customfieldvalues>
                    </customfield>
                                                                                                                                                                                                                                                                                                                                                                                                                                                                                                                                                                                                                                                                                                                                                                                                                                                                                                                                        <customfield id="customfield_12310420" key="com.pyxis.greenhopper.jira:gh-global-rank">
                        <customfieldname>Global Rank</customfieldname>
                        <customfieldvalues>
                            <customfieldvalue>25383</customfieldvalue>
                        </customfieldvalues>
                    </customfield>
                                                                                                                                                    <customfield id="customfield_12312521" key="com.atlassian.jira.toolkit:LastCommentDate">
                        <customfieldname>Last public comment date</customfieldname>
                        <customfieldvalues>
                            8 years, 22 weeks, 2 days ago
                        </customfieldvalues>
                    </customfield>
                                                                                            <customfield id="customfield_12311820" key="com.pyxis.greenhopper.jira:gh-lexo-rank">
                        <customfieldname>Rank</customfieldname>
                        <customfieldvalues>
                            <customfieldvalue>0|i0h9af:</customfieldvalue>

                        </customfieldvalues>
                    </customfield>
                                                                <customfield id="customfield_12310920" key="com.pyxis.greenhopper.jira:gh-global-rank">
                        <customfieldname>Rank (Obsolete)</customfieldname>
                        <customfieldvalues>
                            <customfieldvalue>98767</customfieldvalue>
                        </customfieldvalues>
                    </customfield>
                                                                                                                                                                                                                                                                                                <customfield id="customfield_12310222" key="com.atlassian.jira.ext.charting:timeinstatus">
                        <customfieldname>Time in Status</customfieldname>
                        <customfieldvalues>
                            
                        </customfieldvalues>
                    </customfield>
                                                                                                                        </customfields>
    </item>
</channel>
</rss>