<!-- 
RSS generated by JIRA (6.3.4#6332-sha1:51bc225ef474afe3128b2f66878477f322397b16) at Fri Dec 16 18:49:46 UTC 2016

It is possible to restrict the fields that are returned in this document by specifying the 'field' parameter in your request.
For example, to request only the issue key and summary add field=key&field=summary to the URL of your request.
For example:
https://issues.apache.org/jira/si/jira.issueviews:issue-xml/HBASE-997/HBASE-997.xml?field=key&amp;field=summary
-->
<rss version="0.92" >
<channel>
    <title>ASF JIRA</title>
    <link>https://issues.apache.org/jira</link>
    <description>This file is an XML representation of an issue</description>
    <language>en-uk</language>    <build-info>
        <version>6.3.4</version>
        <build-number>6332</build-number>
        <build-date>15-08-2014</build-date>
    </build-info>

<item>
            <title>[HBASE-997] Count versions with same r/c/ts as one instance with most recent addition the winner</title>
                <link>https://issues.apache.org/jira/browse/HBASE-997</link>
                <project id="12310753" key="HBASE">HBase</project>
                    <description>&lt;p&gt;A few of us were chatting yesterday.  If two edits go into hbase with same r/c/ts and they both go into the same memcache instance &amp;#8211; i.e. there has not been a flush between additions &amp;#8211; then the last insert will overwrite any added earlier (edits go into a Map).  That seems fine to me (what others think?).  But if a flush happens in between edits, hbase gives back different answers.  Here&apos;s how.&lt;/p&gt;

&lt;p&gt;Each instance of a cell is treated as a &apos;version&apos;, even if same r/c/ts.  If you ask for N &amp;gt; 1 versions, and if two cells of same r/c/ts, only there has been a flush between their additions, you&apos;ll get back two versions with same r/c/ts.  If no flush between their upload, you&apos;ll get back one version only because the later overrode the former.&lt;/p&gt;

&lt;p&gt;This issue is about closing this hole.  Suppress same r/c/ts when returning &apos;versions&apos;.&lt;/p&gt;</description>
                <environment></environment>
        <key id="12408440">HBASE-997</key>
            <summary>Count versions with same r/c/ts as one instance with most recent addition the winner</summary>
                <type id="4" iconUrl="https://issues.apache.org/jira/images/icons/issuetypes/improvement.png">Improvement</type>
                                            <priority id="3" iconUrl="https://issues.apache.org/jira/images/icons/priorities/major.png">Major</priority>
                        <status id="6" iconUrl="https://issues.apache.org/jira/images/icons/statuses/closed.png" description="The issue is considered finished, the resolution is correct. Issues which are closed can be reopened.">Closed</status>
                    <statusCategory id="3" key="done" colorName="green"/>
                                    <resolution id="1">Fixed</resolution>
                                        <assignee username="pranavkhaitan">Pranav Khaitan</assignee>
                                    <reporter username="stack">stack</reporter>
                        <labels>
                    </labels>
                <created>Thu, 13 Nov 2008 17:35:43 +0000</created>
                <updated>Fri, 20 Nov 2015 13:01:27 +0000</updated>
                            <resolved>Wed, 8 Sep 2010 17:24:06 +0000</resolved>
                                                    <fixVersion>0.90.0</fixVersion>
                                        <due></due>
                            <votes>0</votes>
                                    <watches>2</watches>
                                                                <comments>
                            <comment id="12907326" author="streamy" created="Wed, 8 Sep 2010 17:24:06 +0000"  >&lt;p&gt;Fixed with commit of &lt;a href=&quot;https://issues.apache.org/jira/browse/HBASE-1485&quot; title=&quot;Wrong or indeterminate behavior when there are duplicate versions of a column&quot; class=&quot;issue-link&quot; data-issue-key=&quot;HBASE-1485&quot;&gt;&lt;del&gt;HBASE-1485&lt;/del&gt;&lt;/a&gt;.&lt;/p&gt;</comment>
                            <comment id="15017803" author="lars_francke" created="Fri, 20 Nov 2015 13:01:27 +0000"  >&lt;p&gt;This issue was closed as part of a bulk closing operation on 2015-11-20. All issues that have been resolved and where all fixVersions have been released have been closed (following discussions on the mailing list).&lt;/p&gt;</comment>
                    </comments>
                <issuelinks>
                            <issuelinktype id="10030">
                    <name>Reference</name>
                                                                <inwardlinks description="is related to">
                                        <issuelink>
            <issuekey id="12427237">HBASE-1485</issuekey>
        </issuelink>
                            </inwardlinks>
                                    </issuelinktype>
                    </issuelinks>
                <attachments>
                    </attachments>
                <subtasks>
                    </subtasks>
                <customfields>
                                                <customfield id="customfield_12310310" key="com.atlassian.jira.toolkit:attachments">
                        <customfieldname>Attachment count</customfieldname>
                        <customfieldvalues>
                            <customfieldvalue>0.0</customfieldvalue>
                        </customfieldvalues>
                    </customfield>
                                                                                                                                                                                                                                                                                                                                                                                                                                                                                                                                <customfield id="customfield_12310220" key="com.atlassian.jira.ext.charting:firstresponsedate">
                        <customfieldname>Date of First Response</customfieldname>
                        <customfieldvalues>
                            <customfieldvalue>Wed, 8 Sep 2010 17:24:06 +0000</customfieldvalue>

                        </customfieldvalues>
                    </customfield>
                                                                                                                                                                                                                                                                                                                                                                                                                                            <customfield id="customfield_12310420" key="com.pyxis.greenhopper.jira:gh-global-rank">
                        <customfieldname>Global Rank</customfieldname>
                        <customfieldvalues>
                            <customfieldvalue>31939</customfieldvalue>
                        </customfieldvalues>
                    </customfield>
                                                                <customfield id="customfield_12310191" key="com.atlassian.jira.plugin.system.customfieldtypes:multicheckboxes">
                        <customfieldname>Hadoop Flags</customfieldname>
                        <customfieldvalues>
                                <customfieldvalue key="10342"><![CDATA[Incompatible change]]></customfieldvalue>
    <customfieldvalue key="10343"><![CDATA[Reviewed]]></customfieldvalue>
    
                        </customfieldvalues>
                    </customfield>
                                                                                                                        <customfield id="customfield_12312521" key="com.atlassian.jira.toolkit:LastCommentDate">
                        <customfieldname>Last public comment date</customfieldname>
                        <customfieldvalues>
                            1 year, 4 weeks ago
                        </customfieldvalues>
                    </customfield>
                                                                                            <customfield id="customfield_12311820" key="com.pyxis.greenhopper.jira:gh-lexo-rank">
                        <customfieldname>Rank</customfieldname>
                        <customfieldvalues>
                            <customfieldvalue>0|i0hapz:</customfieldvalue>

                        </customfieldvalues>
                    </customfield>
                                                                <customfield id="customfield_12310920" key="com.pyxis.greenhopper.jira:gh-global-rank">
                        <customfieldname>Rank (Obsolete)</customfieldname>
                        <customfieldvalues>
                            <customfieldvalue>98999</customfieldvalue>
                        </customfieldvalues>
                    </customfield>
                                                                                                                                                                                                                                                                                                <customfield id="customfield_12310222" key="com.atlassian.jira.ext.charting:timeinstatus">
                        <customfieldname>Time in Status</customfieldname>
                        <customfieldvalues>
                            
                        </customfieldvalues>
                    </customfield>
                                                                                                                        </customfields>
    </item>
</channel>
</rss>