<!-- 
RSS generated by JIRA (6.3.4#6332-sha1:51bc225ef474afe3128b2f66878477f322397b16) at Fri Dec 16 18:47:16 UTC 2016

It is possible to restrict the fields that are returned in this document by specifying the 'field' parameter in your request.
For example, to request only the issue key and summary add field=key&field=summary to the URL of your request.
For example:
https://issues.apache.org/jira/si/jira.issueviews:issue-xml/HBASE-760/HBASE-760.xml?field=key&amp;field=summary
-->
<rss version="0.92" >
<channel>
    <title>ASF JIRA</title>
    <link>https://issues.apache.org/jira</link>
    <description>This file is an XML representation of an issue</description>
    <language>en-uk</language>    <build-info>
        <version>6.3.4</version>
        <build-number>6332</build-number>
        <build-date>15-08-2014</build-date>
    </build-info>

<item>
            <title>[HBASE-760] brittle/broken HCD create handling in HBase.rb</title>
                <link>https://issues.apache.org/jira/browse/HBASE-760</link>
                <project id="12310753" key="HBASE">HBase</project>
                    <description>&lt;p&gt;HCD creation in HBase.rb was brittle and nonfunctional. &lt;/p&gt;

&lt;p&gt;&lt;span class=&quot;error&quot;&gt;&amp;#91;hadoop@sjdc-atr-dns tmp&amp;#93;&lt;/span&gt;$ hbase shell --master=10.30.94.1:60000&lt;br/&gt;
(eval):1 warning: already initialized constant MEMCACHE_FLUSHSIZE&lt;br/&gt;
(eval):1 warning: already initialized constant IN_MEMORY&lt;br/&gt;
(eval):1 warning: already initialized constant VERSIONS&lt;br/&gt;
HBase Shell; enter &apos;help&amp;lt;RETURN&amp;gt;&apos; for list of supported commands.&lt;br/&gt;
Version: 0.2.0-dev, r678650, Tue Jul 22 06:15:47 UTC 2008&lt;br/&gt;
hbase(main):001:0&amp;gt; create &apos;content&apos;, &lt;/p&gt;
{NAME =&amp;gt; &apos;url&apos;, VERSIONS =&amp;gt; 1, TTL =&amp;gt; 2592000}
&lt;p&gt;, &lt;/p&gt;
{NAME =&amp;gt; &apos;info&apos;, VERSIONS =&amp;gt; 1, TTL =&amp;gt; 2592000, BLOCKCACHE =&amp;gt; &apos;true&apos;}
&lt;p&gt;, &lt;/p&gt;
{NAME =&amp;gt; &apos;content&apos;, VERSIONS =&amp;gt; 1, COMPRESSION =&amp;gt; &apos;RECORD&apos;, TTL =&amp;gt; 2592000,BLOCKCACHE =&amp;gt; &apos;true&apos; }
&lt;p&gt;NameError: no constructor with arguments matching [class [B, class java.lang.Long, class org.apache.hadoop.hbase.HColumnDescriptor$CompressionType, class java.l&lt;br/&gt;
ang.Boolean, class java.lang.String, class java.lang.Long, class java.lang.Long,&lt;br/&gt;
 class java.lang.Boolean] on object JavaUtilities&lt;br/&gt;
        from &lt;a href=&quot;file:/opt/hadoop-0.17.1/contrib/hbase/lib/jruby-complete-1.1.2.jar&quot; class=&quot;external-link&quot; rel=&quot;nofollow&quot;&gt;file:/opt/hadoop-0.17.1/contrib/hbase/lib/jruby-complete-1.1.2.jar&lt;/a&gt;!&lt;br/&gt;
/builtin/javasupport/proxy/concrete.rb:23:in `__jcreate!&apos;&lt;br/&gt;
        from &lt;a href=&quot;file:/opt/hadoop-0.17.1/contrib/hbase/lib/jruby-complete-1.1.2.jar&quot; class=&quot;external-link&quot; rel=&quot;nofollow&quot;&gt;file:/opt/hadoop-0.17.1/contrib/hbase/lib/jruby-complete-1.1.2.jar&lt;/a&gt;!&lt;br/&gt;
/builtin/javasupport/proxy/concrete.rb:23:in `initialize&apos;&lt;br/&gt;
        from &lt;a href=&quot;file:/opt/hadoop-0.17.1/contrib/hbase/lib/jruby-complete-1.1.2.jar&quot; class=&quot;external-link&quot; rel=&quot;nofollow&quot;&gt;file:/opt/hadoop-0.17.1/contrib/hbase/lib/jruby-complete-1.1.2.jar&lt;/a&gt;!&lt;br/&gt;
/builtin/javasupport/proxy/concrete.rb:6:in `new&apos;&lt;br/&gt;
        from &lt;a href=&quot;file:/opt/hadoop-0.17.1/contrib/hbase/lib/jruby-complete-1.1.2.jar&quot; class=&quot;external-link&quot; rel=&quot;nofollow&quot;&gt;file:/opt/hadoop-0.17.1/contrib/hbase/lib/jruby-complete-1.1.2.jar&lt;/a&gt;!&lt;br/&gt;
/builtin/javasupport/proxy/concrete.rb:6:in `new&apos;&lt;br/&gt;
        from /opt/hadoop/contrib/hbase/bin/../bin/HBase.rb:156:in `hcd&apos;&lt;br/&gt;
        from /opt/hadoop/contrib/hbase/bin/../bin/HBase.rb:112:in `create&apos;&lt;br/&gt;
        from /opt/hadoop/contrib/hbase/bin/../bin/HBase.rb:106:in `each&apos;&lt;br/&gt;
        from /opt/hadoop/contrib/hbase/bin/../bin/HBase.rb:106:in `create&apos;&lt;br/&gt;
        from /opt/hadoop/contrib/hbase/bin/../bin/hirb.rb:223:in `create&apos;&lt;br/&gt;
        from wtp.create.rb:3:in `binding&apos;&lt;/p&gt;</description>
                <environment></environment>
        <key id="12400764">HBASE-760</key>
            <summary>brittle/broken HCD create handling in HBase.rb</summary>
                <type id="1" iconUrl="https://issues.apache.org/jira/images/icons/issuetypes/bug.png">Bug</type>
                                            <priority id="4" iconUrl="https://issues.apache.org/jira/images/icons/priorities/minor.png">Minor</priority>
                        <status id="6" iconUrl="https://issues.apache.org/jira/images/icons/statuses/closed.png" description="The issue is considered finished, the resolution is correct. Issues which are closed can be reopened.">Closed</status>
                    <statusCategory id="3" key="done" colorName="green"/>
                                    <resolution id="6">Invalid</resolution>
                                        <assignee username="apurtell">Andrew Purtell</assignee>
                                    <reporter username="apurtell">Andrew Purtell</reporter>
                        <labels>
                    </labels>
                <created>Tue, 22 Jul 2008 18:43:21 +0000</created>
                <updated>Fri, 22 Aug 2008 21:35:05 +0000</updated>
                            <resolved>Tue, 22 Jul 2008 19:23:16 +0000</resolved>
                                    <version>0.2.0</version>
                                                    <component>Client</component>
                        <due></due>
                            <votes>0</votes>
                                    <watches>0</watches>
                                                                <comments>
                            <comment id="12615726" author="apurtell" created="Tue, 22 Jul 2008 18:44:00 +0000"  >&lt;p&gt;Fix attached.  All values in the dictionary are expected to be strings. E.g.&lt;/p&gt;

&lt;p&gt;create &apos;content&apos;, &lt;/p&gt;
{NAME =&amp;gt; &apos;url&apos;, VERSIONS =&amp;gt; &apos;1&apos;, TTL =&amp;gt; &apos;2592000&apos;}
&lt;p&gt;, &lt;/p&gt;
{NAME =&amp;gt; &apos;info&apos;, VERSIONS =&amp;gt; &apos;1&apos;, TTL =&amp;gt; &apos;2592000&apos;, BLOCKCACHE =&amp;gt; &apos;true&apos;}
&lt;p&gt;, &lt;/p&gt;
{NAME =&amp;gt; &apos;content&apos;, VERSIONS =&amp;gt; &apos;1&apos;, COMPRESSION =&amp;gt; &apos;RECORD&apos;, TTL =&amp;gt; &apos;2592000&apos;, BLOCKCACHE =&amp;gt; &apos;true&apos; }</comment>
                            <comment id="12615735" author="apurtell" created="Tue, 22 Jul 2008 18:57:32 +0000"  >&lt;p&gt;Someone who knows Ruby better than I could just iterate over the values in the dictionary and call hcd.setValue(String,String). No need to duplicate knowledge about what are valid HCD attributes in HBase.rb. Creates unnecessary work later. &lt;/p&gt;</comment>
                            <comment id="12615747" author="stack" created="Tue, 22 Jul 2008 19:23:16 +0000"  >&lt;p&gt;Problem was that BLOCKCACHE value of &apos;true&apos; was quoted.  Should have been true/false. Removing them, I get:&lt;/p&gt;

&lt;div class=&quot;code panel&quot; style=&quot;border-width: 1px;&quot;&gt;&lt;div class=&quot;codeContent panelContent&quot;&gt;
&lt;pre class=&quot;code-java&quot;&gt;
hbase(main):003:0&amp;gt; create &apos;contentxx&apos;, {NAME =&amp;gt; &apos;url&apos;, VERSIONS =&amp;gt; 1, TTL =&amp;gt; 2592000}, {NAME =&amp;gt; &apos;info&apos;, VERSIONS =&amp;gt; 1, TTL =&amp;gt; 2592000, BLOCKCACHE =&amp;gt; &lt;span class=&quot;code-keyword&quot;&gt;true&lt;/span&gt;}, {NAME =&amp;gt; &apos;content&apos;, VERSIONS =&amp;gt; 1, COMPRESSION =&amp;gt; &apos;RECORD&apos;, TTL =&amp;gt; 2592000,BLOCKCACHE =&amp;gt; &lt;span class=&quot;code-keyword&quot;&gt;true&lt;/span&gt; }
0 row(s) in 10.0470 seconds
&lt;/pre&gt;
&lt;/div&gt;&lt;/div&gt;

&lt;p&gt;The jruby exception is of little help.&lt;/p&gt;

&lt;p&gt;I added more examples to the help around create of table.&lt;/p&gt;

&lt;p&gt;Also got rid of the warnings starting up shell.&lt;/p&gt;

&lt;p&gt;Resolving as won&apos;t fix.  Open new issue if want to complain about doing something about the &apos;difficult&apos; jruby exceptions.&lt;/p&gt;</comment>
                            <comment id="12615755" author="apurtell" created="Tue, 22 Jul 2008 19:37:38 +0000"  >&lt;p&gt;No problem. Thanks. &lt;/p&gt;</comment>
                    </comments>
                    <attachments>
                            <attachment id="12386645" name="HBase.rb.patch" size="2800" author="apurtell" created="Tue, 22 Jul 2008 18:44:00 +0000"/>
                    </attachments>
                <subtasks>
                    </subtasks>
                <customfields>
                                                <customfield id="customfield_12310310" key="com.atlassian.jira.toolkit:attachments">
                        <customfieldname>Attachment count</customfieldname>
                        <customfieldvalues>
                            <customfieldvalue>1.0</customfieldvalue>
                        </customfieldvalues>
                    </customfield>
                                                                                                                                                                                                                                                                                                                                                                                                                                                                                                                                <customfield id="customfield_12310220" key="com.atlassian.jira.ext.charting:firstresponsedate">
                        <customfieldname>Date of First Response</customfieldname>
                        <customfieldvalues>
                            <customfieldvalue>Tue, 22 Jul 2008 19:23:16 +0000</customfieldvalue>

                        </customfieldvalues>
                    </customfield>
                                                                                                                                                                                                                                                                                                                                                                                                                                            <customfield id="customfield_12310420" key="com.pyxis.greenhopper.jira:gh-global-rank">
                        <customfieldname>Global Rank</customfieldname>
                        <customfieldvalues>
                            <customfieldvalue>25382</customfieldvalue>
                        </customfieldvalues>
                    </customfield>
                                                                                                                                                    <customfield id="customfield_12312521" key="com.atlassian.jira.toolkit:LastCommentDate">
                        <customfieldname>Last public comment date</customfieldname>
                        <customfieldvalues>
                            8 years, 22 weeks, 2 days ago
                        </customfieldvalues>
                    </customfield>
                                                                                            <customfield id="customfield_12311820" key="com.pyxis.greenhopper.jira:gh-lexo-rank">
                        <customfieldname>Rank</customfieldname>
                        <customfieldvalues>
                            <customfieldvalue>0|i0h9a7:</customfieldvalue>

                        </customfieldvalues>
                    </customfield>
                                                                <customfield id="customfield_12310920" key="com.pyxis.greenhopper.jira:gh-global-rank">
                        <customfieldname>Rank (Obsolete)</customfieldname>
                        <customfieldvalues>
                            <customfieldvalue>98766</customfieldvalue>
                        </customfieldvalues>
                    </customfield>
                                                                                                                                                                                                                                                                                                <customfield id="customfield_12310222" key="com.atlassian.jira.ext.charting:timeinstatus">
                        <customfieldname>Time in Status</customfieldname>
                        <customfieldvalues>
                            
                        </customfieldvalues>
                    </customfield>
                                                                                                                        </customfields>
    </item>
</channel>
</rss>