<!-- 
RSS generated by JIRA (6.3.4#6332-sha1:51bc225ef474afe3128b2f66878477f322397b16) at Fri Dec 16 18:41:10 UTC 2016

It is possible to restrict the fields that are returned in this document by specifying the 'field' parameter in your request.
For example, to request only the issue key and summary add field=key&field=summary to the URL of your request.
For example:
https://issues.apache.org/jira/si/jira.issueviews:issue-xml/HBASE-114/HBASE-114.xml?field=key&amp;field=summary
-->
<rss version="0.92" >
<channel>
    <title>ASF JIRA</title>
    <link>https://issues.apache.org/jira</link>
    <description>This file is an XML representation of an issue</description>
    <language>en-uk</language>    <build-info>
        <version>6.3.4</version>
        <build-number>6332</build-number>
        <build-date>15-08-2014</build-date>
    </build-info>

<item>
            <title>[HBASE-114] [hbase] In tests, exceptions in min dfs shutdown should not fail test (e.g. nightly #272)</title>
                <link>https://issues.apache.org/jira/browse/HBASE-114</link>
                <project id="12310753" key="HBASE">HBase</project>
                    <description></description>
                <environment></environment>
        <key id="12380470">HBASE-114</key>
            <summary>[hbase] In tests, exceptions in min dfs shutdown should not fail test (e.g. nightly #272)</summary>
                <type id="1" iconUrl="https://issues.apache.org/jira/images/icons/issuetypes/bug.png">Bug</type>
                                            <priority id="4" iconUrl="https://issues.apache.org/jira/images/icons/priorities/minor.png">Minor</priority>
                        <status id="6" iconUrl="https://issues.apache.org/jira/images/icons/statuses/closed.png" description="The issue is considered finished, the resolution is correct. Issues which are closed can be reopened.">Closed</status>
                    <statusCategory id="3" key="done" colorName="green"/>
                                    <resolution id="1">Fixed</resolution>
                                        <assignee username="-1">Unassigned</assignee>
                                    <reporter username="stack">stack</reporter>
                        <labels>
                    </labels>
                <created>Mon, 15 Oct 2007 18:15:07 +0000</created>
                <updated>Fri, 22 Aug 2008 21:34:49 +0000</updated>
                            <resolved>Mon, 15 Oct 2007 21:08:34 +0000</resolved>
                                                                        <due></due>
                            <votes>0</votes>
                                    <watches>0</watches>
                                                                <comments>
                            <comment id="12534927" author="stack" created="Mon, 15 Oct 2007 18:19:17 +0000"  >&lt;p&gt;Wrap dfs shutdown in junit tearDown in try/catch (Exceptions in tearDown will have test reported as failed).  Log any exceptions rather than let them out.&lt;/p&gt;</comment>
                            <comment id="12534929" author="stack" created="Mon, 15 Oct 2007 18:21:45 +0000"  >&lt;p&gt;Trying against hudsonw&lt;/p&gt;</comment>
                            <comment id="12534946" author="hadoopqa" created="Mon, 15 Oct 2007 19:36:58 +0000"  >&lt;p&gt;+1 overall.  Here are the results of testing the latest attachment &lt;br/&gt;
&lt;a href=&quot;http://issues.apache.org/jira/secure/attachment/12367770/dfsexitnofail.patch&quot; class=&quot;external-link&quot; rel=&quot;nofollow&quot;&gt;http://issues.apache.org/jira/secure/attachment/12367770/dfsexitnofail.patch&lt;/a&gt;&lt;br/&gt;
against trunk revision r584830.&lt;/p&gt;

&lt;p&gt;    @author +1.  The patch does not contain any @author tags.&lt;/p&gt;

&lt;p&gt;    javadoc +1.  The javadoc tool did not generate any warning messages.&lt;/p&gt;

&lt;p&gt;    javac +1.  The applied patch does not generate any new compiler warnings.&lt;/p&gt;

&lt;p&gt;    findbugs +1.  The patch does not introduce any new Findbugs warnings.&lt;/p&gt;

&lt;p&gt;    core tests +1.  The patch passed core unit tests.&lt;/p&gt;

&lt;p&gt;    contrib tests +1.  The patch passed contrib unit tests.&lt;/p&gt;

&lt;p&gt;Test results: &lt;a href=&quot;http://lucene.zones.apache.org:8080/hudson/job/Hadoop-Patch/946/testReport/&quot; class=&quot;external-link&quot; rel=&quot;nofollow&quot;&gt;http://lucene.zones.apache.org:8080/hudson/job/Hadoop-Patch/946/testReport/&lt;/a&gt;&lt;br/&gt;
Findbugs warnings: &lt;a href=&quot;http://lucene.zones.apache.org:8080/hudson/job/Hadoop-Patch/946/artifact/trunk/build/test/findbugs/newPatchFindbugsWarnings.html&quot; class=&quot;external-link&quot; rel=&quot;nofollow&quot;&gt;http://lucene.zones.apache.org:8080/hudson/job/Hadoop-Patch/946/artifact/trunk/build/test/findbugs/newPatchFindbugsWarnings.html&lt;/a&gt;&lt;br/&gt;
Checkstyle results: &lt;a href=&quot;http://lucene.zones.apache.org:8080/hudson/job/Hadoop-Patch/946/artifact/trunk/build/test/checkstyle-errors.html&quot; class=&quot;external-link&quot; rel=&quot;nofollow&quot;&gt;http://lucene.zones.apache.org:8080/hudson/job/Hadoop-Patch/946/artifact/trunk/build/test/checkstyle-errors.html&lt;/a&gt;&lt;br/&gt;
Console output: &lt;a href=&quot;http://lucene.zones.apache.org:8080/hudson/job/Hadoop-Patch/946/console&quot; class=&quot;external-link&quot; rel=&quot;nofollow&quot;&gt;http://lucene.zones.apache.org:8080/hudson/job/Hadoop-Patch/946/console&lt;/a&gt;&lt;/p&gt;

&lt;p&gt;This message is automatically generated.&lt;/p&gt;</comment>
                            <comment id="12534977" author="stack" created="Mon, 15 Oct 2007 21:08:34 +0000"  >&lt;p&gt;Committed.  Resolving.&lt;/p&gt;</comment>
                    </comments>
                    <attachments>
                            <attachment id="12367770" name="dfsexitnofail.patch" size="3588" author="stack" created="Mon, 15 Oct 2007 18:19:17 +0000"/>
                    </attachments>
                <subtasks>
                    </subtasks>
                <customfields>
                                                <customfield id="customfield_12310310" key="com.atlassian.jira.toolkit:attachments">
                        <customfieldname>Attachment count</customfieldname>
                        <customfieldvalues>
                            <customfieldvalue>1.0</customfieldvalue>
                        </customfieldvalues>
                    </customfield>
                                                                                                                                                                                                                                                                                                                                                                                                                                                                                                                                <customfield id="customfield_12310220" key="com.atlassian.jira.ext.charting:firstresponsedate">
                        <customfieldname>Date of First Response</customfieldname>
                        <customfieldvalues>
                            <customfieldvalue>Mon, 15 Oct 2007 19:36:58 +0000</customfieldvalue>

                        </customfieldvalues>
                    </customfield>
                                                                                                                                                                                                                                                                                                                                                                                                                                            <customfield id="customfield_12310420" key="com.pyxis.greenhopper.jira:gh-global-rank">
                        <customfieldname>Global Rank</customfieldname>
                        <customfieldvalues>
                            <customfieldvalue>24898</customfieldvalue>
                        </customfieldvalues>
                    </customfield>
                                                                                                                                                    <customfield id="customfield_12312521" key="com.atlassian.jira.toolkit:LastCommentDate">
                        <customfieldname>Last public comment date</customfieldname>
                        <customfieldvalues>
                            9 years, 10 weeks, 3 days ago
                        </customfieldvalues>
                    </customfield>
                                                                                            <customfield id="customfield_12311820" key="com.pyxis.greenhopper.jira:gh-lexo-rank">
                        <customfieldname>Rank</customfieldname>
                        <customfieldvalues>
                            <customfieldvalue>0|i0h4h3:</customfieldvalue>

                        </customfieldvalues>
                    </customfield>
                                                                <customfield id="customfield_12310920" key="com.pyxis.greenhopper.jira:gh-global-rank">
                        <customfieldname>Rank (Obsolete)</customfieldname>
                        <customfieldvalues>
                            <customfieldvalue>97987</customfieldvalue>
                        </customfieldvalues>
                    </customfield>
                                                                                                                                                                                                                                                                                                <customfield id="customfield_12310222" key="com.atlassian.jira.ext.charting:timeinstatus">
                        <customfieldname>Time in Status</customfieldname>
                        <customfieldvalues>
                            
                        </customfieldvalues>
                    </customfield>
                                                                                                                        </customfields>
    </item>
</channel>
</rss>