<!-- 
RSS generated by JIRA (6.3.4#6332-sha1:51bc225ef474afe3128b2f66878477f322397b16) at Fri Dec 16 18:49:02 UTC 2016

It is possible to restrict the fields that are returned in this document by specifying the 'field' parameter in your request.
For example, to request only the issue key and summary add field=key&field=summary to the URL of your request.
For example:
https://issues.apache.org/jira/si/jira.issueviews:issue-xml/HBASE-944/HBASE-944.xml?field=key&amp;field=summary
-->
<rss version="0.92" >
<channel>
    <title>ASF JIRA</title>
    <link>https://issues.apache.org/jira</link>
    <description>This file is an XML representation of an issue</description>
    <language>en-uk</language>    <build-info>
        <version>6.3.4</version>
        <build-number>6332</build-number>
        <build-date>15-08-2014</build-date>
    </build-info>

<item>
            <title>[HBASE-944] Getting all the columnFamily:columns for a scanner.</title>
                <link>https://issues.apache.org/jira/browse/HBASE-944</link>
                <project id="12310753" key="HBASE">HBase</project>
                    <description>&lt;p&gt;Would be nice to have a feature that creates a scanner over all ColumnFamilies for a table, so you don&apos;t &lt;br/&gt;
have to specify them explicitly.&lt;/p&gt;</description>
                <environment></environment>
        <key id="12406868">HBASE-944</key>
            <summary>Getting all the columnFamily:columns for a scanner.</summary>
                <type id="5" iconUrl="https://issues.apache.org/jira/images/icons/issuetypes/improvement.png">Wish</type>
                                            <priority id="4" iconUrl="https://issues.apache.org/jira/images/icons/priorities/minor.png">Minor</priority>
                        <status id="5" iconUrl="https://issues.apache.org/jira/images/icons/statuses/resolved.png" description="A resolution has been taken, and it is awaiting verification by reporter. From here issues are either reopened, or are closed.">Resolved</status>
                    <statusCategory id="3" key="done" colorName="green"/>
                                    <resolution id="1">Fixed</resolution>
                                        <assignee username="-1">Unassigned</assignee>
                                    <reporter username="erikholstad@gmail.com">Erik Holstad</reporter>
                        <labels>
                    </labels>
                <created>Mon, 20 Oct 2008 20:49:09 +0000</created>
                <updated>Fri, 21 Aug 2009 23:01:21 +0000</updated>
                            <resolved>Fri, 21 Aug 2009 23:01:21 +0000</resolved>
                                                                    <component>Client</component>
                        <due></due>
                            <votes>0</votes>
                                    <watches>0</watches>
                                                                <comments>
                            <comment id="12746328" author="stack" created="Fri, 21 Aug 2009 22:55:09 +0000"  >&lt;p&gt;We have this now don&apos;t we Erik?  You just make a Scan object without specifying families and it will scan all families?&lt;/p&gt;</comment>
                            <comment id="12746337" author="streamy" created="Fri, 21 Aug 2009 23:01:21 +0000"  >&lt;p&gt;Fixed as part of &lt;a href=&quot;https://issues.apache.org/jira/browse/HBASE-880&quot; title=&quot;Improve the current client API by creating new container classes&quot; class=&quot;issue-link&quot; data-issue-key=&quot;HBASE-880&quot;&gt;&lt;del&gt;HBASE-880&lt;/del&gt;&lt;/a&gt;, and other 0.20 mega patches, works as u say stack.&lt;/p&gt;</comment>
                    </comments>
                    <attachments>
                    </attachments>
                <subtasks>
                    </subtasks>
                <customfields>
                                                <customfield id="customfield_12310310" key="com.atlassian.jira.toolkit:attachments">
                        <customfieldname>Attachment count</customfieldname>
                        <customfieldvalues>
                            <customfieldvalue>0.0</customfieldvalue>
                        </customfieldvalues>
                    </customfield>
                                                                                                                                                                                                                                                                                                                                                                                                                                                                                                                                <customfield id="customfield_12310220" key="com.atlassian.jira.ext.charting:firstresponsedate">
                        <customfieldname>Date of First Response</customfieldname>
                        <customfieldvalues>
                            <customfieldvalue>Fri, 21 Aug 2009 22:55:09 +0000</customfieldvalue>

                        </customfieldvalues>
                    </customfield>
                                                                                                                                                                                                                                                                                                                                                                                                                                            <customfield id="customfield_12310420" key="com.pyxis.greenhopper.jira:gh-global-rank">
                        <customfieldname>Global Rank</customfieldname>
                        <customfieldvalues>
                            <customfieldvalue>31916</customfieldvalue>
                        </customfieldvalues>
                    </customfield>
                                                                                                                                                    <customfield id="customfield_12312521" key="com.atlassian.jira.toolkit:LastCommentDate">
                        <customfieldname>Last public comment date</customfieldname>
                        <customfieldvalues>
                            7 years, 17 weeks, 6 days ago
                        </customfieldvalues>
                    </customfield>
                                                                                            <customfield id="customfield_12311820" key="com.pyxis.greenhopper.jira:gh-lexo-rank">
                        <customfieldname>Rank</customfieldname>
                        <customfieldvalues>
                            <customfieldvalue>0|i0haen:</customfieldvalue>

                        </customfieldvalues>
                    </customfield>
                                                                <customfield id="customfield_12310920" key="com.pyxis.greenhopper.jira:gh-global-rank">
                        <customfieldname>Rank (Obsolete)</customfieldname>
                        <customfieldvalues>
                            <customfieldvalue>98948</customfieldvalue>
                        </customfieldvalues>
                    </customfield>
                                                                                                                                                                                                                                                                                                <customfield id="customfield_12310222" key="com.atlassian.jira.ext.charting:timeinstatus">
                        <customfieldname>Time in Status</customfieldname>
                        <customfieldvalues>
                            
                        </customfieldvalues>
                    </customfield>
                                                                                                                        </customfields>
    </item>
</channel>
</rss>