<!-- 
RSS generated by JIRA (6.3.4#6332-sha1:51bc225ef474afe3128b2f66878477f322397b16) at Fri Dec 16 18:46:26 UTC 2016

It is possible to restrict the fields that are returned in this document by specifying the 'field' parameter in your request.
For example, to request only the issue key and summary add field=key&field=summary to the URL of your request.
For example:
https://issues.apache.org/jira/si/jira.issueviews:issue-xml/HBASE-671/HBASE-671.xml?field=key&amp;field=summary
-->
<rss version="0.92" >
<channel>
    <title>ASF JIRA</title>
    <link>https://issues.apache.org/jira</link>
    <description>This file is an XML representation of an issue</description>
    <language>en-uk</language>    <build-info>
        <version>6.3.4</version>
        <build-number>6332</build-number>
        <build-date>15-08-2014</build-date>
    </build-info>

<item>
            <title>[HBASE-671] New UI page displaying all regions in a table should be sorted</title>
                <link>https://issues.apache.org/jira/browse/HBASE-671</link>
                <project id="12310753" key="HBASE">HBase</project>
                    <description>&lt;p&gt;Sort the regions displayed in the new regions-in-a-table page&lt;/p&gt;</description>
                <environment></environment>
        <key id="12397726">HBASE-671</key>
            <summary>New UI page displaying all regions in a table should be sorted</summary>
                <type id="4" iconUrl="https://issues.apache.org/jira/images/icons/issuetypes/improvement.png">Improvement</type>
                                            <priority id="4" iconUrl="https://issues.apache.org/jira/images/icons/priorities/minor.png">Minor</priority>
                        <status id="6" iconUrl="https://issues.apache.org/jira/images/icons/statuses/closed.png" description="The issue is considered finished, the resolution is correct. Issues which are closed can be reopened.">Closed</status>
                    <statusCategory id="3" key="done" colorName="green"/>
                                    <resolution id="1">Fixed</resolution>
                                        <assignee username="stack">stack</assignee>
                                    <reporter username="stack">stack</reporter>
                        <labels>
                    </labels>
                <created>Fri, 6 Jun 2008 22:50:35 +0000</created>
                <updated>Fri, 22 Aug 2008 21:13:17 +0000</updated>
                            <resolved>Fri, 6 Jun 2008 22:56:49 +0000</resolved>
                                                    <fixVersion>0.2.0</fixVersion>
                                    <component>build</component>
                        <due></due>
                            <votes>0</votes>
                                    <watches>0</watches>
                                                                <comments>
                            <comment id="12603213" author="stack" created="Fri, 6 Jun 2008 22:56:49 +0000"  >&lt;p&gt;Committed below:&lt;/p&gt;

&lt;div class=&quot;code panel&quot; style=&quot;border-width: 1px;&quot;&gt;&lt;div class=&quot;codeContent panelContent&quot;&gt;
&lt;pre class=&quot;code-java&quot;&gt;
Index: src/java/org/apache/hadoop/hbase/client/HTable.java
===================================================================
--- src/java/org/apache/hadoop/hbase/client/HTable.java (revision 664083)
+++ src/java/org/apache/hadoop/hbase/client/HTable.java (working copy)
@@ -21,10 +21,12 @@
 
 &lt;span class=&quot;code-keyword&quot;&gt;import&lt;/span&gt; java.io.IOException;
 &lt;span class=&quot;code-keyword&quot;&gt;import&lt;/span&gt; java.util.ArrayList;
+&lt;span class=&quot;code-keyword&quot;&gt;import&lt;/span&gt; java.util.Comparator;
 &lt;span class=&quot;code-keyword&quot;&gt;import&lt;/span&gt; java.util.HashMap;
 &lt;span class=&quot;code-keyword&quot;&gt;import&lt;/span&gt; java.util.Iterator;
 &lt;span class=&quot;code-keyword&quot;&gt;import&lt;/span&gt; java.util.List;
 &lt;span class=&quot;code-keyword&quot;&gt;import&lt;/span&gt; java.util.Map;
+&lt;span class=&quot;code-keyword&quot;&gt;import&lt;/span&gt; java.util.TreeMap;
 
 &lt;span class=&quot;code-keyword&quot;&gt;import&lt;/span&gt; org.apache.commons.logging.Log;
 &lt;span class=&quot;code-keyword&quot;&gt;import&lt;/span&gt; org.apache.commons.logging.LogFactory;
@@ -383,8 +385,8 @@
    * @&lt;span class=&quot;code-keyword&quot;&gt;throws&lt;/span&gt; IOException
    */
   &lt;span class=&quot;code-keyword&quot;&gt;public&lt;/span&gt; Map&amp;lt;HRegionInfo, HServerAddress&amp;gt; getRegionsInfo() &lt;span class=&quot;code-keyword&quot;&gt;throws&lt;/span&gt; IOException {
-    &lt;span class=&quot;code-keyword&quot;&gt;final&lt;/span&gt; HashMap&amp;lt;HRegionInfo, HServerAddress&amp;gt; regionMap =
-      &lt;span class=&quot;code-keyword&quot;&gt;new&lt;/span&gt; HashMap&amp;lt;HRegionInfo, HServerAddress&amp;gt;();
+    &lt;span class=&quot;code-keyword&quot;&gt;final&lt;/span&gt; Map&amp;lt;HRegionInfo, HServerAddress&amp;gt; regionMap =
+      &lt;span class=&quot;code-keyword&quot;&gt;new&lt;/span&gt; TreeMap&amp;lt;HRegionInfo, HServerAddress&amp;gt;();
 
     MetaScannerVisitor visitor = &lt;span class=&quot;code-keyword&quot;&gt;new&lt;/span&gt; MetaScannerVisitor() {
       &lt;span class=&quot;code-keyword&quot;&gt;public&lt;/span&gt; &lt;span class=&quot;code-object&quot;&gt;boolean&lt;/span&gt; processRow(@SuppressWarnings(&lt;span class=&quot;code-quote&quot;&gt;&quot;unused&quot;&lt;/span&gt;) RowResult rowResult,
&lt;/pre&gt;
&lt;/div&gt;&lt;/div&gt;</comment>
                    </comments>
                    <attachments>
                    </attachments>
                <subtasks>
                    </subtasks>
                <customfields>
                                                <customfield id="customfield_12310310" key="com.atlassian.jira.toolkit:attachments">
                        <customfieldname>Attachment count</customfieldname>
                        <customfieldvalues>
                            <customfieldvalue>0.0</customfieldvalue>
                        </customfieldvalues>
                    </customfield>
                                                                                                                                                                                                                                                                                                                                                                                                                                                                                                                                                                                                                                                                                                                                                                                                                                                                                                                                        <customfield id="customfield_12310420" key="com.pyxis.greenhopper.jira:gh-global-rank">
                        <customfieldname>Global Rank</customfieldname>
                        <customfieldvalues>
                            <customfieldvalue>31807</customfieldvalue>
                        </customfieldvalues>
                    </customfield>
                                                                                                                                                    <customfield id="customfield_12312521" key="com.atlassian.jira.toolkit:LastCommentDate">
                        <customfieldname>Last public comment date</customfieldname>
                        <customfieldvalues>
                            8 years, 28 weeks, 6 days ago
                        </customfieldvalues>
                    </customfield>
                                                                                            <customfield id="customfield_12311820" key="com.pyxis.greenhopper.jira:gh-lexo-rank">
                        <customfieldname>Rank</customfieldname>
                        <customfieldvalues>
                            <customfieldvalue>0|i0h8qf:</customfieldvalue>

                        </customfieldvalues>
                    </customfield>
                                                                <customfield id="customfield_12310920" key="com.pyxis.greenhopper.jira:gh-global-rank">
                        <customfieldname>Rank (Obsolete)</customfieldname>
                        <customfieldvalues>
                            <customfieldvalue>98677</customfieldvalue>
                        </customfieldvalues>
                    </customfield>
                                                                                                                                                                                                                                                                                                <customfield id="customfield_12310222" key="com.atlassian.jira.ext.charting:timeinstatus">
                        <customfieldname>Time in Status</customfieldname>
                        <customfieldvalues>
                            
                        </customfieldvalues>
                    </customfield>
                                                                                                                        </customfields>
    </item>
</channel>
</rss>