<!-- 
RSS generated by JIRA (6.3.4#6332-sha1:51bc225ef474afe3128b2f66878477f322397b16) at Fri Dec 16 18:47:19 UTC 2016

It is possible to restrict the fields that are returned in this document by specifying the 'field' parameter in your request.
For example, to request only the issue key and summary add field=key&field=summary to the URL of your request.
For example:
https://issues.apache.org/jira/si/jira.issueviews:issue-xml/HBASE-766/HBASE-766.xml?field=key&amp;field=summary
-->
<rss version="0.92" >
<channel>
    <title>ASF JIRA</title>
    <link>https://issues.apache.org/jira</link>
    <description>This file is an XML representation of an issue</description>
    <language>en-uk</language>    <build-info>
        <version>6.3.4</version>
        <build-number>6332</build-number>
        <build-date>15-08-2014</build-date>
    </build-info>

<item>
            <title>[HBASE-766] FileNotFoundException trying to load HStoreFile &apos;data&apos;</title>
                <link>https://issues.apache.org/jira/browse/HBASE-766</link>
                <project id="12310753" key="HBASE">HBase</project>
                    <description>&lt;p&gt;From Renaud Delbru up on the list:&lt;/p&gt;
&lt;div class=&quot;code panel&quot; style=&quot;border-width: 1px;&quot;&gt;&lt;div class=&quot;codeContent panelContent&quot;&gt;
&lt;pre class=&quot;code-java&quot;&gt;Hi,

after our issues (&lt;span class=&quot;code-quote&quot;&gt;&quot;Replay of HLog required&quot;&lt;/span&gt;, in a precious thread) with HBase, it seems that HBase has corrupted regions.
We have, on the three region servers, errors stating that HBase cannot open certain regions because some map files on hdfs are missing (see the log attached).

Do you have any ideas how to fix &lt;span class=&quot;code-keyword&quot;&gt;this&lt;/span&gt; ?

Thanks.

java.io.FileNotFoundException: File does not exist: hdfs:&lt;span class=&quot;code-comment&quot;&gt;//hadoop1.sindice.net:54310/hbase/page-repository/1105668475/field/mapfiles/5122893264992435570/data
&lt;/span&gt;  at org.apache.hadoop.dfs.DistributedFileSystem.getFileStatus(DistributedFileSystem.java:369)
  at org.apache.hadoop.hbase.regionserver.HStoreFile.length(HStoreFile.java:464)
  at org.apache.hadoop.hbase.regionserver.HStore.loadHStoreFiles(HStore.java:409)
  at org.apache.hadoop.hbase.regionserver.HStore.&amp;lt;init&amp;gt;(HStore.java:236)
  at org.apache.hadoop.hbase.regionserver.HRegion.instantiateHStore(HRegion.java:1575)
  at org.apache.hadoop.hbase.regionserver.HRegion.&amp;lt;init&amp;gt;(HRegion.java:451)
  at org.apache.hadoop.hbase.regionserver.HRegionServer.instantiateRegion(HRegionServer.java:901)
  at org.apache.hadoop.hbase.regionserver.HRegionServer.openRegion(HRegionServer.java:876)
  at org.apache.hadoop.hbase.regionserver.HRegionServer$Worker.run(HRegionServer.java:816)
  at java.lang.&lt;span class=&quot;code-object&quot;&gt;Thread&lt;/span&gt;.run(&lt;span class=&quot;code-object&quot;&gt;Thread&lt;/span&gt;.java:619)

&lt;/pre&gt;
&lt;/div&gt;&lt;/div&gt;

&lt;p&gt;I&apos;d thought we&apos;d added handling of this kind of event post HDFS crashings but looking in code, it seems that TRUNK may not have been fixed up properly.&lt;/p&gt;</description>
                <environment></environment>
        <key id="12400852">HBASE-766</key>
            <summary>FileNotFoundException trying to load HStoreFile &apos;data&apos;</summary>
                <type id="1" iconUrl="https://issues.apache.org/jira/images/icons/issuetypes/bug.png">Bug</type>
                                            <priority id="2" iconUrl="https://issues.apache.org/jira/images/icons/priorities/critical.png">Critical</priority>
                        <status id="6" iconUrl="https://issues.apache.org/jira/images/icons/statuses/closed.png" description="The issue is considered finished, the resolution is correct. Issues which are closed can be reopened.">Closed</status>
                    <statusCategory id="3" key="done" colorName="green"/>
                                    <resolution id="1">Fixed</resolution>
                                        <assignee username="stack">stack</assignee>
                                    <reporter username="stack">stack</reporter>
                        <labels>
                    </labels>
                <created>Wed, 23 Jul 2008 18:01:57 +0000</created>
                <updated>Fri, 22 Aug 2008 21:13:20 +0000</updated>
                            <resolved>Thu, 31 Jul 2008 23:01:57 +0000</resolved>
                                                    <fixVersion>0.2.0</fixVersion>
                                        <due></due>
                            <votes>1</votes>
                                    <watches>0</watches>
                                                                <comments>
                            <comment id="12616191" author="stack" created="Wed, 23 Jul 2008 18:03:51 +0000"  >&lt;p&gt;Move the getting of file length to AFTER test of file existance.&lt;/p&gt;</comment>
                            <comment id="12616280" author="stack" created="Wed, 23 Jul 2008 22:10:48 +0000"  >&lt;p&gt;I committed this after running tests up on cluster to confirm doesn&apos;t break anything.&lt;/p&gt;</comment>
                            <comment id="12617732" author="stack" created="Tue, 29 Jul 2008 07:59:22 +0000"  >&lt;p&gt;Jon Gray can reliably reproduce.  Looks like we are trying to split regions that still hold references.&lt;/p&gt;</comment>
                            <comment id="12617878" author="stack" created="Tue, 29 Jul 2008 17:54:16 +0000"  >&lt;p&gt;We dropped check for references; we need to always compact if references.&lt;/p&gt;</comment>
                            <comment id="12617989" author="streamy" created="Tue, 29 Jul 2008 22:17:27 +0000"  >&lt;p&gt;stack, please confirm if i need to apply both patches or just hs.patch.&lt;/p&gt;

&lt;p&gt;Have actually tested with both patches, neither seems to change behavior at all.&lt;/p&gt;

&lt;p&gt;Again, happens during the second split of the problem table:&lt;/p&gt;


&lt;p&gt;2008-07-29 15:11:51,677 DEBUG org.apache.hadoop.hbase.regionserver.HStore: Completed compaction of 426199566/content store size is 378.0m&lt;br/&gt;
2008-07-29 15:11:51,684 INFO org.apache.hadoop.hbase.regionserver.HRegion: compaction completed on region items,0050dab2-a057-43d9-8e99-0a41a3e6bdbb,1217369332384 in 7sec&lt;br/&gt;
2008-07-29 15:11:51,686 INFO org.apache.hadoop.hbase.regionserver.HRegion: Starting split of region items,0050dab2-a057-43d9-8e99-0a41a3e6bdbb,1217369332384&lt;br/&gt;
2008-07-29 15:11:51,689 DEBUG org.apache.hadoop.hbase.regionserver.HRegion: Compactions and cache flushes disabled for region items,0050dab2-a057-43d9-8e99-0a41a3e6bdbb,1217369332384&lt;br/&gt;
2008-07-29 15:11:51,689 DEBUG org.apache.hadoop.hbase.regionserver.HRegion: Updates and scanners disabled for region items,0050dab2-a057-43d9-8e99-0a41a3e6bdbb,1217369332384&lt;br/&gt;
2008-07-29 15:11:51,689 DEBUG org.apache.hadoop.hbase.regionserver.HRegion: No more active scanners for region items,0050dab2-a057-43d9-8e99-0a41a3e6bdbb,1217369332384&lt;br/&gt;
2008-07-29 15:11:51,689 DEBUG org.apache.hadoop.hbase.regionserver.HRegion: No more row locks outstanding on region items,0050dab2-a057-43d9-8e99-0a41a3e6bdbb,1217369332384&lt;br/&gt;
2008-07-29 15:11:51,689 DEBUG org.apache.hadoop.hbase.regionserver.HRegion: Started memcache flush for region items,0050dab2-a057-43d9-8e99-0a41a3e6bdbb,1217369332384. Current region memcache size 1.9m&lt;br/&gt;
2008-07-29 15:11:51,781 DEBUG org.apache.hadoop.hbase.regionserver.HStore: Added /hbase/items/426199566/content/mapfiles/7100309375208596278 with 10296 entries, sequence id 2537536, data size 1.9m, file size 2.1m&lt;br/&gt;
2008-07-29 15:11:51,781 DEBUG org.apache.hadoop.hbase.regionserver.HRegion: Finished memcache flush for region items,0050dab2-a057-43d9-8e99-0a41a3e6bdbb,1217369332384 in 92ms, sequence id=2537536, compaction requested=true&lt;br/&gt;
2008-07-29 15:11:51,781 DEBUG org.apache.hadoop.hbase.regionserver.HStore: closed 426199566/uclusters&lt;br/&gt;
2008-07-29 15:11:51,781 DEBUG org.apache.hadoop.hbase.regionserver.HStore: closed 426199566/covisit&lt;br/&gt;
2008-07-29 15:11:51,781 DEBUG org.apache.hadoop.hbase.regionserver.HStore: closed 426199566/content&lt;br/&gt;
2008-07-29 15:11:51,781 DEBUG org.apache.hadoop.hbase.regionserver.HStore: closed 426199566/clusters&lt;br/&gt;
2008-07-29 15:11:51,781 DEBUG org.apache.hadoop.hbase.regionserver.HStore: closed 426199566/readby&lt;br/&gt;
2008-07-29 15:11:51,781 DEBUG org.apache.hadoop.hbase.regionserver.HStore: closed 426199566/cfrecs&lt;br/&gt;
2008-07-29 15:11:51,781 DEBUG org.apache.hadoop.hbase.regionserver.HStore: closed 426199566/blooms&lt;br/&gt;
2008-07-29 15:11:51,781 DEBUG org.apache.hadoop.hbase.regionserver.HStore: closed 426199566/ranked&lt;br/&gt;
2008-07-29 15:11:51,782 DEBUG org.apache.hadoop.hbase.regionserver.HStore: closed 426199566/savedby&lt;br/&gt;
2008-07-29 15:11:51,782 DEBUG org.apache.hadoop.hbase.regionserver.HStore: closed 426199566/sentby&lt;br/&gt;
2008-07-29 15:11:51,782 DEBUG org.apache.hadoop.hbase.regionserver.HStore: closed 426199566/receivedby&lt;br/&gt;
2008-07-29 15:11:51,782 INFO org.apache.hadoop.hbase.regionserver.HRegion: closed items,0050dab2-a057-43d9-8e99-0a41a3e6bdbb,1217369332384&lt;br/&gt;
2008-07-29 15:11:52,033 DEBUG org.apache.hadoop.hbase.regionserver.HRegion: Opening region items,0050dab2-a057-43d9-8e99-0a41a3e6bdbb,1217369511688/509041795&lt;br/&gt;
2008-07-29 15:11:52,049 INFO org.apache.hadoop.hbase.regionserver.HStore: HSTORE_LOGINFOFILE 509041795/savedby/4080673342751735986-426199566/8532274243649733439/bottom does not contain a sequence number - ignoring&lt;br/&gt;
2008-07-29 15:11:52,052 ERROR org.apache.hadoop.hbase.regionserver.CompactSplitThread: Compaction failed for region items,0050dab2-a057-43d9-8e99-0a41a3e6bdbb,1217369332384&lt;br/&gt;
java.io.FileNotFoundException: File does not exist: hdfs://mb0:9000/hbase/items/426199566/savedby/mapfiles/8532274243649733439/data&lt;br/&gt;
        at org.apache.hadoop.dfs.DistributedFileSystem.getFileStatus(DistributedFileSystem.java:369)&lt;br/&gt;
        at org.apache.hadoop.hbase.regionserver.HStoreFile.length(HStoreFile.java:444)&lt;br/&gt;
        at org.apache.hadoop.hbase.regionserver.HStore.loadHStoreFiles(HStore.java:437)&lt;br/&gt;
        at org.apache.hadoop.hbase.regionserver.HStore.&amp;lt;init&amp;gt;(HStore.java:219)&lt;br/&gt;
        at org.apache.hadoop.hbase.regionserver.HRegion.instantiateHStore(HRegion.java:1618)&lt;br/&gt;
        at org.apache.hadoop.hbase.regionserver.HRegion.&amp;lt;init&amp;gt;(HRegion.java:466)&lt;br/&gt;
        at org.apache.hadoop.hbase.regionserver.HRegion.&amp;lt;init&amp;gt;(HRegion.java:405)&lt;br/&gt;
        at org.apache.hadoop.hbase.regionserver.HRegion.splitRegion(HRegion.java:800)&lt;br/&gt;
        at org.apache.hadoop.hbase.regionserver.CompactSplitThread.split(CompactSplitThread.java:133)&lt;br/&gt;
        at org.apache.hadoop.hbase.regionserver.CompactSplitThread.run(CompactSplitThread.java:86)&lt;/p&gt;</comment>
                            <comment id="12618054" author="stack" created="Wed, 30 Jul 2008 04:01:34 +0000"  >&lt;p&gt;Patch 766.patch has already been committed.  See comment above at &apos;stack - 23/Jul/08 03:10 PM&apos;.  That patch was about something else.  hs.patch is latest (JIRA has date if you hover over it). &lt;/p&gt;

&lt;p&gt;I took a look up on your cluster.  Looking at hb0 or in mb0, src doesn&apos;t show my patch in place.  Where&apos;d you build the jar?&lt;/p&gt;</comment>
                            <comment id="12618569" author="streamy" created="Thu, 31 Jul 2008 00:44:45 +0000"  >&lt;p&gt;Stack,&lt;/p&gt;

&lt;p&gt;I used the jar you built, confirmed across the cluster it was the one being used, and ran the test... I don&apos;t see any additional logging.  Check out the region logs on hb5 (where items table was located).&lt;/p&gt;

&lt;p&gt;Here is the error again:&lt;/p&gt;

&lt;p&gt;2008-07-30 17:41:58,970 DEBUG org.apache.hadoop.hbase.regionserver.HRegion: Started memcache flush for region items,0050a173-36b8-45a4-a991-2bab7f5c3cd6,1217464581950. Current region memcache size 64.0m&lt;br/&gt;
2008-07-30 17:42:00,424 DEBUG org.apache.hadoop.hbase.regionserver.HStore: Added /hbase/items/1211238171/content/mapfiles/793072914512989834 with 323136 entries, sequence id 2527714, data size 64.0m, file size 68.8m&lt;br/&gt;
2008-07-30 17:42:00,424 DEBUG org.apache.hadoop.hbase.regionserver.HRegion: Finished memcache flush for region items,0050a173-36b8-45a4-a991-2bab7f5c3cd6,1217464581950 in 1454ms, sequence id=2527714, compaction requested=true&lt;br/&gt;
2008-07-30 17:42:00,424 DEBUG org.apache.hadoop.hbase.regionserver.CompactSplitThread: Compaction requested for region: items,0050a173-36b8-45a4-a991-2bab7f5c3cd6,1217464581950&lt;br/&gt;
2008-07-30 17:42:00,424 INFO org.apache.hadoop.hbase.regionserver.HRegion: starting compaction on region items,0050a173-36b8-45a4-a991-2bab7f5c3cd6,1217464581950&lt;br/&gt;
2008-07-30 17:42:00,428 DEBUG org.apache.hadoop.hbase.regionserver.HStore: Compaction size 396611811, skipped 1, 252131417&lt;br/&gt;
2008-07-30 17:42:00,454 DEBUG org.apache.hadoop.hbase.regionserver.HStore: started compaction of 2 files into /hbase/items/compaction.dir/1211238171/content/mapfiles/4240641699209031496&lt;br/&gt;
2008-07-30 17:42:08,256 DEBUG org.apache.hadoop.hbase.regionserver.HStore: moving /hbase/items/compaction.dir/1211238171/content/mapfiles/4240641699209031496 to /hbase/items/1211238171/content/mapfiles/8894612533024691980&lt;br/&gt;
2008-07-30 17:42:08,293 DEBUG org.apache.hadoop.hbase.regionserver.HStore: Completed compaction of 1211238171/content store size is 377.8m&lt;br/&gt;
2008-07-30 17:42:08,299 INFO org.apache.hadoop.hbase.regionserver.HRegion: compaction completed on region items,0050a173-36b8-45a4-a991-2bab7f5c3cd6,1217464581950 in 7sec&lt;br/&gt;
2008-07-30 17:42:08,301 INFO org.apache.hadoop.hbase.regionserver.HRegion: Starting split of region items,0050a173-36b8-45a4-a991-2bab7f5c3cd6,1217464581950&lt;br/&gt;
2008-07-30 17:42:08,304 DEBUG org.apache.hadoop.hbase.regionserver.HRegion: Compactions and cache flushes disabled for region items,0050a173-36b8-45a4-a991-2bab7f5c3cd6,1217464581950&lt;br/&gt;
2008-07-30 17:42:08,304 DEBUG org.apache.hadoop.hbase.regionserver.HRegion: Updates and scanners disabled for region items,0050a173-36b8-45a4-a991-2bab7f5c3cd6,1217464581950&lt;br/&gt;
2008-07-30 17:42:08,304 DEBUG org.apache.hadoop.hbase.regionserver.HRegion: No more active scanners for region items,0050a173-36b8-45a4-a991-2bab7f5c3cd6,1217464581950&lt;br/&gt;
2008-07-30 17:42:08,305 DEBUG org.apache.hadoop.hbase.regionserver.HRegion: No more row locks outstanding on region items,0050a173-36b8-45a4-a991-2bab7f5c3cd6,1217464581950&lt;br/&gt;
2008-07-30 17:42:08,305 DEBUG org.apache.hadoop.hbase.regionserver.HRegion: Started memcache flush for region items,0050a173-36b8-45a4-a991-2bab7f5c3cd6,1217464581950. Current region memcache size 1.9m&lt;br/&gt;
2008-07-30 17:42:08,406 DEBUG org.apache.hadoop.hbase.regionserver.HStore: Added /hbase/items/1211238171/content/mapfiles/2539623802632323222 with 10032 entries, sequence id 2537747, data size 1.9m, file size 2.0m&lt;br/&gt;
2008-07-30 17:42:08,406 DEBUG org.apache.hadoop.hbase.regionserver.HRegion: Finished memcache flush for region items,0050a173-36b8-45a4-a991-2bab7f5c3cd6,1217464581950 in 101ms, sequence id=2537747, compaction requested=true&lt;br/&gt;
2008-07-30 17:42:08,406 DEBUG org.apache.hadoop.hbase.regionserver.HStore: closed 1211238171/uclusters&lt;br/&gt;
2008-07-30 17:42:08,407 DEBUG org.apache.hadoop.hbase.regionserver.HStore: closed 1211238171/covisit&lt;br/&gt;
2008-07-30 17:42:08,407 DEBUG org.apache.hadoop.hbase.regionserver.HStore: closed 1211238171/content&lt;br/&gt;
2008-07-30 17:42:08,407 DEBUG org.apache.hadoop.hbase.regionserver.HStore: closed 1211238171/clusters&lt;br/&gt;
2008-07-30 17:42:08,407 DEBUG org.apache.hadoop.hbase.regionserver.HStore: closed 1211238171/readby&lt;br/&gt;
2008-07-30 17:42:08,407 DEBUG org.apache.hadoop.hbase.regionserver.HStore: closed 1211238171/cfrecs&lt;br/&gt;
2008-07-30 17:42:08,407 DEBUG org.apache.hadoop.hbase.regionserver.HStore: closed 1211238171/blooms&lt;br/&gt;
2008-07-30 17:42:08,407 DEBUG org.apache.hadoop.hbase.regionserver.HStore: closed 1211238171/ranked&lt;br/&gt;
2008-07-30 17:42:08,407 DEBUG org.apache.hadoop.hbase.regionserver.HStore: closed 1211238171/savedby&lt;br/&gt;
2008-07-30 17:42:08,407 DEBUG org.apache.hadoop.hbase.regionserver.HStore: closed 1211238171/sentby&lt;br/&gt;
2008-07-30 17:42:08,408 DEBUG org.apache.hadoop.hbase.regionserver.HStore: closed 1211238171/receivedby&lt;br/&gt;
2008-07-30 17:42:08,408 INFO org.apache.hadoop.hbase.regionserver.HRegion: closed items,0050a173-36b8-45a4-a991-2bab7f5c3cd6,1217464581950&lt;br/&gt;
2008-07-30 17:42:08,638 DEBUG org.apache.hadoop.hbase.regionserver.HRegion: Opening region items,0050a173-36b8-45a4-a991-2bab7f5c3cd6,1217464928303/2132462761&lt;br/&gt;
2008-07-30 17:42:08,650 INFO org.apache.hadoop.hbase.regionserver.HStore: HSTORE_LOGINFOFILE 2132462761/readby/8482419619225016670-1211238171/6573863319629365608/bottom does not contain a sequence number - ignoring&lt;br/&gt;
2008-07-30 17:42:08,653 ERROR org.apache.hadoop.hbase.regionserver.CompactSplitThread: Compaction failed for region items,0050a173-36b8-45a4-a991-2bab7f5c3cd6,1217464581950&lt;br/&gt;
java.io.FileNotFoundException: File does not exist: hdfs://mb0:9000/hbase/items/1211238171/readby/mapfiles/6573863319629365608/data&lt;br/&gt;
        at org.apache.hadoop.dfs.DistributedFileSystem.getFileStatus(DistributedFileSystem.java:369)&lt;br/&gt;
        at org.apache.hadoop.hbase.regionserver.HStoreFile.length(HStoreFile.java:444)&lt;br/&gt;
        at org.apache.hadoop.hbase.regionserver.HStore.loadHStoreFiles(HStore.java:437)&lt;br/&gt;
        at org.apache.hadoop.hbase.regionserver.HStore.&amp;lt;init&amp;gt;(HStore.java:219)&lt;br/&gt;
        at org.apache.hadoop.hbase.regionserver.HRegion.instantiateHStore(HRegion.java:1618)&lt;br/&gt;
        at org.apache.hadoop.hbase.regionserver.HRegion.&amp;lt;init&amp;gt;(HRegion.java:466)&lt;br/&gt;
        at org.apache.hadoop.hbase.regionserver.HRegion.&amp;lt;init&amp;gt;(HRegion.java:405)&lt;br/&gt;
        at org.apache.hadoop.hbase.regionserver.HRegion.splitRegion(HRegion.java:800)&lt;br/&gt;
        at org.apache.hadoop.hbase.regionserver.CompactSplitThread.split(CompactSplitThread.java:133)&lt;br/&gt;
        at org.apache.hadoop.hbase.regionserver.CompactSplitThread.run(CompactSplitThread.java:86)&lt;/p&gt;</comment>
                            <comment id="12618883" author="stack" created="Thu, 31 Jul 2008 22:25:20 +0000"  >&lt;p&gt;Reopening.  FNFE out on jgray&apos;s cluser. &lt;/p&gt;</comment>
                            <comment id="12618895" author="streamy" created="Thu, 31 Jul 2008 22:56:09 +0000"  >&lt;p&gt;+1, exact same import that recreated the error every time now succeeds&lt;/p&gt;</comment>
                            <comment id="12618898" author="stack" created="Thu, 31 Jul 2008 23:01:57 +0000"  >&lt;p&gt;Resolving. JGray says it works.&lt;/p&gt;

&lt;p&gt;Looks like I committed this fix already as part of another patch:&lt;/p&gt;

&lt;p&gt;------------------------------------------------------------------------&lt;br/&gt;
r680910 | stack | 2008-07-29 21:37:06 -0700 (Tue, 29 Jul 2008) | 1 line&lt;/p&gt;

&lt;p&gt;&lt;a href=&quot;https://issues.apache.org/jira/browse/HBASE-783&quot; title=&quot;For single row, single family retrieval, getRow() works half as fast as getScanner().next()&quot; class=&quot;issue-link&quot; data-issue-key=&quot;HBASE-783&quot;&gt;&lt;del&gt;HBASE-783&lt;/del&gt;&lt;/a&gt; For single row, single family retrieval, getRow() works half as fast as getScanner().next()&lt;/p&gt;
</comment>
                            <comment id="12618915" author="streamy" created="Fri, 1 Aug 2008 01:30:12 +0000"  >&lt;p&gt;Re-confirmed that this is fixed on trunk&lt;/p&gt;</comment>
                    </comments>
                    <attachments>
                            <attachment id="12386741" name="766.patch" size="717" author="stack" created="Wed, 23 Jul 2008 18:03:51 +0000"/>
                            <attachment id="12387117" name="hs.patch" size="700" author="stack" created="Tue, 29 Jul 2008 17:54:16 +0000"/>
                    </attachments>
                <subtasks>
                    </subtasks>
                <customfields>
                                                <customfield id="customfield_12310310" key="com.atlassian.jira.toolkit:attachments">
                        <customfieldname>Attachment count</customfieldname>
                        <customfieldvalues>
                            <customfieldvalue>2.0</customfieldvalue>
                        </customfieldvalues>
                    </customfield>
                                                                                                                                                                                                                                                                                                                                                                                                                                                                                                                                <customfield id="customfield_12310220" key="com.atlassian.jira.ext.charting:firstresponsedate">
                        <customfieldname>Date of First Response</customfieldname>
                        <customfieldvalues>
                            <customfieldvalue>Tue, 29 Jul 2008 22:17:27 +0000</customfieldvalue>

                        </customfieldvalues>
                    </customfield>
                                                                                                                                                                                                                                                                                                                                                                                                                                            <customfield id="customfield_12310420" key="com.pyxis.greenhopper.jira:gh-global-rank">
                        <customfieldname>Global Rank</customfieldname>
                        <customfieldvalues>
                            <customfieldvalue>25387</customfieldvalue>
                        </customfieldvalues>
                    </customfield>
                                                                                                                                                    <customfield id="customfield_12312521" key="com.atlassian.jira.toolkit:LastCommentDate">
                        <customfieldname>Last public comment date</customfieldname>
                        <customfieldvalues>
                            8 years, 21 weeks ago
                        </customfieldvalues>
                    </customfield>
                                                                                            <customfield id="customfield_12311820" key="com.pyxis.greenhopper.jira:gh-lexo-rank">
                        <customfieldname>Rank</customfieldname>
                        <customfieldvalues>
                            <customfieldvalue>0|i0h9bj:</customfieldvalue>

                        </customfieldvalues>
                    </customfield>
                                                                <customfield id="customfield_12310920" key="com.pyxis.greenhopper.jira:gh-global-rank">
                        <customfieldname>Rank (Obsolete)</customfieldname>
                        <customfieldvalues>
                            <customfieldvalue>98772</customfieldvalue>
                        </customfieldvalues>
                    </customfield>
                                                                                                                                                                                                                                                                                                <customfield id="customfield_12310222" key="com.atlassian.jira.ext.charting:timeinstatus">
                        <customfieldname>Time in Status</customfieldname>
                        <customfieldvalues>
                            
                        </customfieldvalues>
                    </customfield>
                                                                                                                        </customfields>
    </item>
</channel>
</rss>