<!-- 
RSS generated by JIRA (6.3.4#6332-sha1:51bc225ef474afe3128b2f66878477f322397b16) at Fri Dec 16 18:49:36 UTC 2016

It is possible to restrict the fields that are returned in this document by specifying the 'field' parameter in your request.
For example, to request only the issue key and summary add field=key&field=summary to the URL of your request.
For example:
https://issues.apache.org/jira/si/jira.issueviews:issue-xml/HBASE-995/HBASE-995.xml?field=key&amp;field=summary
-->
<rss version="0.92" >
<channel>
    <title>ASF JIRA</title>
    <link>https://issues.apache.org/jira</link>
    <description>This file is an XML representation of an issue</description>
    <language>en-uk</language>    <build-info>
        <version>6.3.4</version>
        <build-number>6332</build-number>
        <build-date>15-08-2014</build-date>
    </build-info>

<item>
            <title>[HBASE-995] Allow alter of catalog tables; currently fails because columnfamily is &apos;illegal&apos;</title>
                <link>https://issues.apache.org/jira/browse/HBASE-995</link>
                <project id="12310753" key="HBASE">HBase</project>
                    <description>&lt;p&gt;Turns out this ain&apos;t easy.  The .META. schema is hard-coded.  Moving it out of 0.19.0.&lt;/p&gt;</description>
                <environment></environment>
        <key id="12408293">HBASE-995</key>
            <summary>Allow alter of catalog tables; currently fails because columnfamily is &apos;illegal&apos;</summary>
                <type id="1" iconUrl="https://issues.apache.org/jira/images/icons/issuetypes/bug.png">Bug</type>
                                            <priority id="3" iconUrl="https://issues.apache.org/jira/images/icons/priorities/major.png">Major</priority>
                        <status id="5" iconUrl="https://issues.apache.org/jira/images/icons/statuses/resolved.png" description="A resolution has been taken, and it is awaiting verification by reporter. From here issues are either reopened, or are closed.">Resolved</status>
                    <statusCategory id="3" key="done" colorName="green"/>
                                    <resolution id="4">Incomplete</resolution>
                                        <assignee username="-1">Unassigned</assignee>
                                    <reporter username="stack">stack</reporter>
                        <labels>
                            <label>delete</label>
                    </labels>
                <created>Tue, 11 Nov 2008 22:01:01 +0000</created>
                <updated>Tue, 6 Jan 2015 16:49:35 +0000</updated>
                            <resolved>Tue, 6 Jan 2015 16:49:35 +0000</resolved>
                                                                        <due></due>
                            <votes>0</votes>
                                    <watches>3</watches>
                                                                <comments>
                            <comment id="13178232" author="qwertymaniac" created="Sun, 1 Jan 2012 20:52:32 +0000"  >&lt;p&gt;Stack, do you also recall what was the drive behind having such a functionality, given that we usually do not mess with the catalog tables?&lt;/p&gt;</comment>
                            <comment id="14266320" author="clehene" created="Tue, 6 Jan 2015 16:10:58 +0000"  >&lt;p&gt;&lt;a href=&quot;https://issues.apache.org/jira/secure/ViewProfile.jspa?name=saint.ack%40gmail.com&quot; class=&quot;user-hover&quot; rel=&quot;saint.ack@gmail.com&quot;&gt;Stack&lt;/a&gt;, &lt;a href=&quot;https://issues.apache.org/jira/secure/ViewProfile.jspa?name=apurtell&quot; class=&quot;user-hover&quot; rel=&quot;apurtell&quot;&gt;Andrew Purtell&lt;/a&gt; still valid?&lt;/p&gt;</comment>
                            <comment id="14266379" author="apurtell" created="Tue, 6 Jan 2015 16:49:35 +0000"  >&lt;p&gt;Going to call this oldie incomplete. &lt;/p&gt;

&lt;p&gt;Thanks for the nudge &lt;a href=&quot;https://issues.apache.org/jira/secure/ViewProfile.jspa?name=clehene&quot; class=&quot;user-hover&quot; rel=&quot;clehene&quot;&gt;Cosmin Lehene&lt;/a&gt;&lt;/p&gt;</comment>
                    </comments>
                    <attachments>
                    </attachments>
                <subtasks>
                    </subtasks>
                <customfields>
                                                <customfield id="customfield_12310310" key="com.atlassian.jira.toolkit:attachments">
                        <customfieldname>Attachment count</customfieldname>
                        <customfieldvalues>
                            <customfieldvalue>0.0</customfieldvalue>
                        </customfieldvalues>
                    </customfield>
                                                                                                                                                                                                                                                                                                                                                                                                                                                                                                                                <customfield id="customfield_12310220" key="com.atlassian.jira.ext.charting:firstresponsedate">
                        <customfieldname>Date of First Response</customfieldname>
                        <customfieldvalues>
                            <customfieldvalue>Sun, 1 Jan 2012 20:52:32 +0000</customfieldvalue>

                        </customfieldvalues>
                    </customfield>
                                                                                                                                                                                                                                                                                                                                                                                                                                            <customfield id="customfield_12310420" key="com.pyxis.greenhopper.jira:gh-global-rank">
                        <customfieldname>Global Rank</customfieldname>
                        <customfieldvalues>
                            <customfieldvalue>25517</customfieldvalue>
                        </customfieldvalues>
                    </customfield>
                                                                                                                                                    <customfield id="customfield_12312521" key="com.atlassian.jira.toolkit:LastCommentDate">
                        <customfieldname>Last public comment date</customfieldname>
                        <customfieldvalues>
                            1 year, 49 weeks, 3 days ago
                        </customfieldvalues>
                    </customfield>
                                                                                            <customfield id="customfield_12311820" key="com.pyxis.greenhopper.jira:gh-lexo-rank">
                        <customfieldname>Rank</customfieldname>
                        <customfieldvalues>
                            <customfieldvalue>0|i02d87:</customfieldvalue>

                        </customfieldvalues>
                    </customfield>
                                                                <customfield id="customfield_12310920" key="com.pyxis.greenhopper.jira:gh-global-rank">
                        <customfieldname>Rank (Obsolete)</customfieldname>
                        <customfieldvalues>
                            <customfieldvalue>11744</customfieldvalue>
                        </customfieldvalues>
                    </customfield>
                                                                                                                                                                                                                                                                                                <customfield id="customfield_12310222" key="com.atlassian.jira.ext.charting:timeinstatus">
                        <customfieldname>Time in Status</customfieldname>
                        <customfieldvalues>
                            
                        </customfieldvalues>
                    </customfield>
                                                                                                                        </customfields>
    </item>
</channel>
</rss>