<!-- 
RSS generated by JIRA (6.3.4#6332-sha1:51bc225ef474afe3128b2f66878477f322397b16) at Fri Dec 16 18:44:02 UTC 2016

It is possible to restrict the fields that are returned in this document by specifying the 'field' parameter in your request.
For example, to request only the issue key and summary add field=key&field=summary to the URL of your request.
For example:
https://issues.apache.org/jira/si/jira.issueviews:issue-xml/HBASE-414/HBASE-414.xml?field=key&amp;field=summary
-->
<rss version="0.92" >
<channel>
    <title>ASF JIRA</title>
    <link>https://issues.apache.org/jira</link>
    <description>This file is an XML representation of an issue</description>
    <language>en-uk</language>    <build-info>
        <version>6.3.4</version>
        <build-number>6332</build-number>
        <build-date>15-08-2014</build-date>
    </build-info>

<item>
            <title>[HBASE-414] Move client classes into client package</title>
                <link>https://issues.apache.org/jira/browse/HBASE-414</link>
                <project id="12310753" key="HBASE">HBase</project>
                    <description>&lt;p&gt;Let&apos;s move all the client classes into the o.a.h.h.client package.&lt;/p&gt;

&lt;p&gt;Files to move:&lt;/p&gt;

&lt;ul&gt;
	&lt;li&gt;HTable&lt;/li&gt;
	&lt;li&gt;HBaseAdmin&lt;/li&gt;
	&lt;li&gt;HConnection&lt;/li&gt;
	&lt;li&gt;HConnectionManager&lt;/li&gt;
&lt;/ul&gt;


&lt;p&gt;Is there anything else I am missing? Obviously a lot of the tests will get moved too.&lt;/p&gt;</description>
                <environment></environment>
        <key id="12387936">HBASE-414</key>
            <summary>Move client classes into client package</summary>
                <type id="7" iconUrl="https://issues.apache.org/jira/images/icons/issuetypes/subtask_alternate.png">Sub-task</type>
                            <parent id="12386905">HBASE-75</parent>
                                    <priority id="4" iconUrl="https://issues.apache.org/jira/images/icons/priorities/minor.png">Minor</priority>
                        <status id="6" iconUrl="https://issues.apache.org/jira/images/icons/statuses/closed.png" description="The issue is considered finished, the resolution is correct. Issues which are closed can be reopened.">Closed</status>
                    <statusCategory id="3" key="done" colorName="green"/>
                                    <resolution id="1">Fixed</resolution>
                                        <assignee username="bryanduxbury">Bryan Duxbury</assignee>
                                    <reporter username="bryanduxbury">Bryan Duxbury</reporter>
                        <labels>
                    </labels>
                <created>Wed, 6 Feb 2008 06:50:37 +0000</created>
                <updated>Fri, 22 Aug 2008 21:13:07 +0000</updated>
                            <resolved>Fri, 15 Feb 2008 00:29:31 +0000</resolved>
                                                    <fixVersion>0.2.0</fixVersion>
                                    <component>Client</component>
                        <due></due>
                            <votes>0</votes>
                                    <watches>0</watches>
                                                                <comments>
                            <comment id="12568761" author="bryanduxbury" created="Thu, 14 Feb 2008 00:22:02 +0000"  >&lt;p&gt;Here&apos;s a patch that moves everything around. To apply, delete: &lt;/p&gt;

&lt;ul&gt;
	&lt;li&gt;src/test/org/apache/hadoop/hbase/TestBatchUpdate.java&lt;/li&gt;
	&lt;li&gt;src/test/org/apache/hadoop/hbase/TestHTable.java&lt;/li&gt;
	&lt;li&gt;src/test/org/apache/hadoop/hbase/TestListTables.java&lt;/li&gt;
	&lt;li&gt;src/test/org/apache/hadoop/hbase/TestMultipleUpdates.java&lt;/li&gt;
	&lt;li&gt;src/java/org/apache/hadoop/hbase/HConnectionManager.java&lt;/li&gt;
	&lt;li&gt;src/java/org/apache/hadoop/hbase/HConnection.java&lt;/li&gt;
	&lt;li&gt;src/java/org/apache/hadoop/hbase/HBaseAdmin.java&lt;/li&gt;
	&lt;li&gt;src/java/org/apache/hadoop/hbase/HTable.java&lt;/li&gt;
&lt;/ul&gt;


&lt;p&gt;then apply the patch, which will create new (moved) versions of the deleted files, which contain edits, so it&apos;s not just a simple move.&lt;/p&gt;

&lt;p&gt;Tests pass locally.&lt;/p&gt;</comment>
                            <comment id="12568762" author="bryanduxbury" created="Thu, 14 Feb 2008 00:22:17 +0000"  >&lt;p&gt;Please review.&lt;/p&gt;</comment>
                            <comment id="12568767" author="jimk" created="Thu, 14 Feb 2008 00:28:04 +0000"  >&lt;p&gt;So why doesn&apos;t the patch have the deletes in it?&lt;/p&gt;</comment>
                            <comment id="12568769" author="bryanduxbury" created="Thu, 14 Feb 2008 00:31:59 +0000"  >&lt;p&gt;Do you know a way to have svn diff include deletes and adds?&lt;/p&gt;</comment>
                            <comment id="12568772" author="jimk" created="Thu, 14 Feb 2008 00:39:35 +0000"  >&lt;p&gt;To get adds, you need to do svn add filename before svn diff.&lt;br/&gt;
To get deletes, you need to do svn &lt;/p&gt;
{delete|del|remove|rm}
&lt;p&gt; before doing svn diff&lt;/p&gt;</comment>
                            <comment id="12568775" author="bryanduxbury" created="Thu, 14 Feb 2008 01:05:38 +0000"  >&lt;p&gt;I&apos;ve already done that. The .patch file does not contain whatever information is necessary to tell svn to delete the deleted files. You have to do that manually.&lt;/p&gt;</comment>
                            <comment id="12568778" author="bryanduxbury" created="Thu, 14 Feb 2008 01:14:29 +0000"  >&lt;p&gt;... or you learn about the -E switch on patch. That&apos;s cool too.&lt;/p&gt;</comment>
                            <comment id="12569143" author="jimk" created="Fri, 15 Feb 2008 00:16:43 +0000"  >&lt;p&gt;Applied patch and ran tests which passed. +1&lt;/p&gt;</comment>
                            <comment id="12569147" author="bryanduxbury" created="Fri, 15 Feb 2008 00:29:31 +0000"  >&lt;p&gt;I just committed this.&lt;/p&gt;</comment>
                    </comments>
                    <attachments>
                            <attachment id="12375541" name="414.patch" size="245284" author="bryanduxbury" created="Thu, 14 Feb 2008 00:22:02 +0000"/>
                    </attachments>
                <subtasks>
                    </subtasks>
                <customfields>
                                                <customfield id="customfield_12310310" key="com.atlassian.jira.toolkit:attachments">
                        <customfieldname>Attachment count</customfieldname>
                        <customfieldvalues>
                            <customfieldvalue>1.0</customfieldvalue>
                        </customfieldvalues>
                    </customfield>
                                                                                                                                                                                                                                                                                                                                                                                                                                                                                                                                <customfield id="customfield_12310220" key="com.atlassian.jira.ext.charting:firstresponsedate">
                        <customfieldname>Date of First Response</customfieldname>
                        <customfieldvalues>
                            <customfieldvalue>Thu, 14 Feb 2008 00:28:04 +0000</customfieldvalue>

                        </customfieldvalues>
                    </customfield>
                                                                                                                                                                                                                                                                                                                                                                                                                                            <customfield id="customfield_12310420" key="com.pyxis.greenhopper.jira:gh-global-rank">
                        <customfieldname>Global Rank</customfieldname>
                        <customfieldvalues>
                            <customfieldvalue>31689</customfieldvalue>
                        </customfieldvalues>
                    </customfield>
                                                                                                                                                    <customfield id="customfield_12312521" key="com.atlassian.jira.toolkit:LastCommentDate">
                        <customfieldname>Last public comment date</customfieldname>
                        <customfieldvalues>
                            8 years, 45 weeks ago
                        </customfieldvalues>
                    </customfield>
                                                                                            <customfield id="customfield_12311820" key="com.pyxis.greenhopper.jira:gh-lexo-rank">
                        <customfieldname>Rank</customfieldname>
                        <customfieldvalues>
                            <customfieldvalue>0|i0h767:</customfieldvalue>

                        </customfieldvalues>
                    </customfield>
                                                                <customfield id="customfield_12310920" key="com.pyxis.greenhopper.jira:gh-global-rank">
                        <customfieldname>Rank (Obsolete)</customfieldname>
                        <customfieldvalues>
                            <customfieldvalue>98424</customfieldvalue>
                        </customfieldvalues>
                    </customfield>
                                                                                                                                                                                                                                                                                                <customfield id="customfield_12310222" key="com.atlassian.jira.ext.charting:timeinstatus">
                        <customfieldname>Time in Status</customfieldname>
                        <customfieldvalues>
                            
                        </customfieldvalues>
                    </customfield>
                                                                                                                        </customfields>
    </item>
</channel>
</rss>