<!-- 
RSS generated by JIRA (6.3.4#6332-sha1:51bc225ef474afe3128b2f66878477f322397b16) at Fri Dec 16 18:43:57 UTC 2016

It is possible to restrict the fields that are returned in this document by specifying the 'field' parameter in your request.
For example, to request only the issue key and summary add field=key&field=summary to the URL of your request.
For example:
https://issues.apache.org/jira/si/jira.issueviews:issue-xml/HBASE-404/HBASE-404.xml?field=key&amp;field=summary
-->
<rss version="0.92" >
<channel>
    <title>ASF JIRA</title>
    <link>https://issues.apache.org/jira</link>
    <description>This file is an XML representation of an issue</description>
    <language>en-uk</language>    <build-info>
        <version>6.3.4</version>
        <build-number>6332</build-number>
        <build-date>15-08-2014</build-date>
    </build-info>

<item>
            <title>[HBASE-404] TextSequence does not obey ISA Text semantics</title>
                <link>https://issues.apache.org/jira/browse/HBASE-404</link>
                <project id="12310753" key="HBASE">HBase</project>
                    <description>&lt;p&gt;Before &lt;a href=&quot;https://issues.apache.org/jira/browse/HADOOP-2738&quot; title=&quot;Text is not subclassable because set(Text) and compareTo(Object) access the other instance&amp;#39;s private members directly&quot; class=&quot;issue-link&quot; data-issue-key=&quot;HADOOP-2738&quot;&gt;&lt;del&gt;HADOOP-2738&lt;/del&gt;&lt;/a&gt;, it was impossible to subclass Text and have it obey the ISA semantics because Text instances would directly access other instances private members. Now that this has been fixed, fix TextSequence so it really can be used wherever a Text can be used.&lt;/p&gt;</description>
                <environment></environment>
        <key id="12387816">HBASE-404</key>
            <summary>TextSequence does not obey ISA Text semantics</summary>
                <type id="1" iconUrl="https://issues.apache.org/jira/images/icons/issuetypes/bug.png">Bug</type>
                                            <priority id="5" iconUrl="https://issues.apache.org/jira/images/icons/priorities/trivial.png">Trivial</priority>
                        <status id="6" iconUrl="https://issues.apache.org/jira/images/icons/statuses/closed.png" description="The issue is considered finished, the resolution is correct. Issues which are closed can be reopened.">Closed</status>
                    <statusCategory id="3" key="done" colorName="green"/>
                                    <resolution id="2">Won&apos;t Fix</resolution>
                                        <assignee username="-1">Unassigned</assignee>
                                    <reporter username="jimk">Jim Kellerman</reporter>
                        <labels>
                    </labels>
                <created>Mon, 4 Feb 2008 20:22:49 +0000</created>
                <updated>Fri, 22 Aug 2008 21:35:04 +0000</updated>
                            <resolved>Thu, 15 May 2008 22:03:36 +0000</resolved>
                                    <version>0.1.0</version>
                                                    <component>io</component>
                        <due></due>
                            <votes>0</votes>
                                    <watches>0</watches>
                                                                <comments>
                            <comment id="12586445" author="jimk" created="Mon, 7 Apr 2008 16:03:00 +0000"  >&lt;p&gt;Downgrading to trivial because this issue does not seem that important. It would be nice to resolve TextSequence vs Text, but it just isn&apos;t that important right now.&lt;/p&gt;</comment>
                            <comment id="12597292" author="stack" created="Thu, 15 May 2008 22:03:36 +0000"  >&lt;p&gt;&lt;a href=&quot;https://issues.apache.org/jira/browse/HBASE-82&quot; title=&quot;row keys should be array of bytes&quot; class=&quot;issue-link&quot; data-issue-key=&quot;HBASE-82&quot;&gt;&lt;del&gt;HBASE-82&lt;/del&gt;&lt;/a&gt; removed TextSequence; this issue no longer relevant.&lt;/p&gt;</comment>
                    </comments>
                <issuelinks>
                            <issuelinktype id="12310010">
                    <name>Incorporates</name>
                                                                <inwardlinks description="is part of">
                                        <issuelink>
            <issuekey id="12383774">HBASE-82</issuekey>
        </issuelink>
                            </inwardlinks>
                                    </issuelinktype>
                    </issuelinks>
                <attachments>
                    </attachments>
                <subtasks>
                    </subtasks>
                <customfields>
                                                <customfield id="customfield_12310310" key="com.atlassian.jira.toolkit:attachments">
                        <customfieldname>Attachment count</customfieldname>
                        <customfieldvalues>
                            <customfieldvalue>0.0</customfieldvalue>
                        </customfieldvalues>
                    </customfield>
                                                                                                                                                                                                                                                                                                                                                                                                                                                                                                                                <customfield id="customfield_12310220" key="com.atlassian.jira.ext.charting:firstresponsedate">
                        <customfieldname>Date of First Response</customfieldname>
                        <customfieldvalues>
                            <customfieldvalue>Thu, 15 May 2008 22:03:36 +0000</customfieldvalue>

                        </customfieldvalues>
                    </customfield>
                                                                                                                                                                                                                                                                                                                                                                                                                                            <customfield id="customfield_12310420" key="com.pyxis.greenhopper.jira:gh-global-rank">
                        <customfieldname>Global Rank</customfieldname>
                        <customfieldvalues>
                            <customfieldvalue>25185</customfieldvalue>
                        </customfieldvalues>
                    </customfield>
                                                                                                                                                    <customfield id="customfield_12312521" key="com.atlassian.jira.toolkit:LastCommentDate">
                        <customfieldname>Last public comment date</customfieldname>
                        <customfieldvalues>
                            8 years, 32 weeks ago
                        </customfieldvalues>
                    </customfield>
                                                                                            <customfield id="customfield_12311820" key="com.pyxis.greenhopper.jira:gh-lexo-rank">
                        <customfieldname>Rank</customfieldname>
                        <customfieldvalues>
                            <customfieldvalue>0|i0h73z:</customfieldvalue>

                        </customfieldvalues>
                    </customfield>
                                                                <customfield id="customfield_12310920" key="com.pyxis.greenhopper.jira:gh-global-rank">
                        <customfieldname>Rank (Obsolete)</customfieldname>
                        <customfieldvalues>
                            <customfieldvalue>98414</customfieldvalue>
                        </customfieldvalues>
                    </customfield>
                                                                                                                                                                                                                                                                                                <customfield id="customfield_12310222" key="com.atlassian.jira.ext.charting:timeinstatus">
                        <customfieldname>Time in Status</customfieldname>
                        <customfieldvalues>
                            
                        </customfieldvalues>
                    </customfield>
                                                                                                                        </customfields>
    </item>
</channel>
</rss>