<!-- 
RSS generated by JIRA (6.3.4#6332-sha1:51bc225ef474afe3128b2f66878477f322397b16) at Fri Dec 16 18:45:20 UTC 2016

It is possible to restrict the fields that are returned in this document by specifying the 'field' parameter in your request.
For example, to request only the issue key and summary add field=key&field=summary to the URL of your request.
For example:
https://issues.apache.org/jira/si/jira.issueviews:issue-xml/HBASE-548/HBASE-548.xml?field=key&amp;field=summary
-->
<rss version="0.92" >
<channel>
    <title>ASF JIRA</title>
    <link>https://issues.apache.org/jira</link>
    <description>This file is an XML representation of an issue</description>
    <language>en-uk</language>    <build-info>
        <version>6.3.4</version>
        <build-number>6332</build-number>
        <build-date>15-08-2014</build-date>
    </build-info>

<item>
            <title>[HBASE-548] Tool to online single region</title>
                <link>https://issues.apache.org/jira/browse/HBASE-548</link>
                <project id="12310753" key="HBASE">HBase</project>
                    <description>&lt;p&gt;A sequence of events put a region offline in the middle of an online table.  I was unable to get the region backon by running &apos;enable table&apos;.  Here is a little bit of code that I ran to bring the region back online and get the table running again.  This issue is about adding it to hbase tools (A new package named &apos;tools&apos;?).&lt;/p&gt;

&lt;div class=&quot;code panel&quot; style=&quot;border-width: 1px;&quot;&gt;&lt;div class=&quot;codeContent panelContent&quot;&gt;
&lt;pre class=&quot;code-java&quot;&gt;  &lt;span class=&quot;code-keyword&quot;&gt;public&lt;/span&gt; &lt;span class=&quot;code-keyword&quot;&gt;static&lt;/span&gt; void main(&lt;span class=&quot;code-object&quot;&gt;String&lt;/span&gt;[] args) &lt;span class=&quot;code-keyword&quot;&gt;throws&lt;/span&gt; IOException {
    HBaseConfiguration c = &lt;span class=&quot;code-keyword&quot;&gt;new&lt;/span&gt; HBaseConfiguration();
    c.set(&lt;span class=&quot;code-quote&quot;&gt;&quot;hbase.master&quot;&lt;/span&gt;, args[0]);
    HTable t = &lt;span class=&quot;code-keyword&quot;&gt;new&lt;/span&gt; HTable(c, &lt;span class=&quot;code-keyword&quot;&gt;new&lt;/span&gt; Text(&lt;span class=&quot;code-quote&quot;&gt;&quot;.META.&quot;&lt;/span&gt;));
    Text row = &lt;span class=&quot;code-keyword&quot;&gt;new&lt;/span&gt; Text(args[1]);
    &lt;span class=&quot;code-object&quot;&gt;byte&lt;/span&gt; [] cell = t.get(row, &lt;span class=&quot;code-keyword&quot;&gt;new&lt;/span&gt; Text(&lt;span class=&quot;code-quote&quot;&gt;&quot;info:regioninfo&quot;&lt;/span&gt;));
    HRegionInfo info = Writables.getHRegionInfo(cell);
    LOG.info(info);
    &lt;span class=&quot;code-object&quot;&gt;long&lt;/span&gt; id = t.startUpdate(row);
    info.setOffline(&lt;span class=&quot;code-keyword&quot;&gt;false&lt;/span&gt;);
    t.put(id, COL_REGIONINFO, Writables.getBytes(info));
    t.delete(id, COL_SERVER);
    t.delete(id, COL_STARTCODE);
    t.commit(id);
  }
&lt;/pre&gt;
&lt;/div&gt;&lt;/div&gt;</description>
                <environment></environment>
        <key id="12392405">HBASE-548</key>
            <summary>Tool to online single region</summary>
                <type id="2" iconUrl="https://issues.apache.org/jira/images/icons/issuetypes/newfeature.png">New Feature</type>
                                            <priority id="4" iconUrl="https://issues.apache.org/jira/images/icons/priorities/minor.png">Minor</priority>
                        <status id="6" iconUrl="https://issues.apache.org/jira/images/icons/statuses/closed.png" description="The issue is considered finished, the resolution is correct. Issues which are closed can be reopened.">Closed</status>
                    <statusCategory id="3" key="done" colorName="green"/>
                                    <resolution id="1">Fixed</resolution>
                                        <assignee username="-1">Unassigned</assignee>
                                    <reporter username="stack">stack</reporter>
                        <labels>
                    </labels>
                <created>Thu, 27 Mar 2008 05:47:02 +0000</created>
                <updated>Sat, 12 Apr 2008 16:12:05 +0000</updated>
                            <resolved>Tue, 1 Apr 2008 17:50:49 +0000</resolved>
                                    <version>0.1.0</version>
                    <version>0.1.1</version>
                    <version>0.2.0</version>
                                    <fixVersion>0.1.1</fixVersion>
                    <fixVersion>0.2.0</fixVersion>
                                        <due></due>
                            <votes>0</votes>
                                    <watches>0</watches>
                                                                <comments>
                            <comment id="12582712" author="jimk" created="Thu, 27 Mar 2008 16:14:05 +0000"  >&lt;p&gt;Since this is accessing meta regions, wouldn&apos;t it more appropriately live in MetaUtils ?&lt;/p&gt;</comment>
                            <comment id="12582723" author="stack" created="Thu, 27 Mar 2008 16:33:59 +0000"  >&lt;p&gt;Yeah... I should put it there.  That&apos;d be best place for it.  A method named onlineRegion (We have a static offlineRegion in HRegion currently.  Should put the two methods together - they share code).&lt;/p&gt;

&lt;p&gt;Another thought I&apos;ve had is that when we move to jirb or jython or whatever, that we&apos;d be able to import a repair package/module.   Admins would import the repair package when they need to go hacking.  The repair package would export functions such as the above.  The functions would fall through to methods in MetaUtils or we&apos;d just hack up fixes like the above in script.&lt;/p&gt;</comment>
                            <comment id="12583892" author="stack" created="Mon, 31 Mar 2008 21:45:34 +0000"  >&lt;p&gt;Patch to add &apos;tool&apos; method.&lt;/p&gt;

&lt;p&gt;M  src/java/org/apache/hadoop/hbase/util/MetaUtils.java&lt;br/&gt;
    (changeOnlineStatus): Added.&lt;/p&gt;</comment>
                            <comment id="12584204" author="stack" created="Tue, 1 Apr 2008 16:27:52 +0000"  >&lt;p&gt;Marking as patch available so gets reviewed&lt;/p&gt;</comment>
                            <comment id="12584215" author="jimk" created="Tue, 1 Apr 2008 17:07:36 +0000"  >&lt;p&gt;Reviewed patch. +1&lt;/p&gt;</comment>
                            <comment id="12584227" author="stack" created="Tue, 1 Apr 2008 17:50:49 +0000"  >&lt;p&gt;Committed to branch and trunk.&lt;/p&gt;</comment>
                    </comments>
                    <attachments>
                            <attachment id="12378981" name="548-0.1.patch" size="1916" author="stack" created="Mon, 31 Mar 2008 21:45:34 +0000"/>
                    </attachments>
                <subtasks>
                    </subtasks>
                <customfields>
                                                <customfield id="customfield_12310310" key="com.atlassian.jira.toolkit:attachments">
                        <customfieldname>Attachment count</customfieldname>
                        <customfieldvalues>
                            <customfieldvalue>1.0</customfieldvalue>
                        </customfieldvalues>
                    </customfield>
                                                                                                                                                                                                                                                                                                                                                                                                                                                                                                                                <customfield id="customfield_12310220" key="com.atlassian.jira.ext.charting:firstresponsedate">
                        <customfieldname>Date of First Response</customfieldname>
                        <customfieldvalues>
                            <customfieldvalue>Thu, 27 Mar 2008 16:14:05 +0000</customfieldvalue>

                        </customfieldvalues>
                    </customfield>
                                                                                                                                                                                                                                                                                                                                                                                                                                            <customfield id="customfield_12310420" key="com.pyxis.greenhopper.jira:gh-global-rank">
                        <customfieldname>Global Rank</customfieldname>
                        <customfieldvalues>
                            <customfieldvalue>31753</customfieldvalue>
                        </customfieldvalues>
                    </customfield>
                                                                                                                                                    <customfield id="customfield_12312521" key="com.atlassian.jira.toolkit:LastCommentDate">
                        <customfieldname>Last public comment date</customfieldname>
                        <customfieldvalues>
                            8 years, 38 weeks, 3 days ago
                        </customfieldvalues>
                    </customfield>
                                                                                            <customfield id="customfield_12311820" key="com.pyxis.greenhopper.jira:gh-lexo-rank">
                        <customfieldname>Rank</customfieldname>
                        <customfieldvalues>
                            <customfieldvalue>0|i0h7z3:</customfieldvalue>

                        </customfieldvalues>
                    </customfield>
                                                                <customfield id="customfield_12310920" key="com.pyxis.greenhopper.jira:gh-global-rank">
                        <customfieldname>Rank (Obsolete)</customfieldname>
                        <customfieldvalues>
                            <customfieldvalue>98554</customfieldvalue>
                        </customfieldvalues>
                    </customfield>
                                                                                                                                                                                                                                                                                                <customfield id="customfield_12310222" key="com.atlassian.jira.ext.charting:timeinstatus">
                        <customfieldname>Time in Status</customfieldname>
                        <customfieldvalues>
                            
                        </customfieldvalues>
                    </customfield>
                                                                                                                        </customfields>
    </item>
</channel>
</rss>