<!-- 
RSS generated by JIRA (6.3.4#6332-sha1:51bc225ef474afe3128b2f66878477f322397b16) at Fri Dec 16 18:43:42 UTC 2016

It is possible to restrict the fields that are returned in this document by specifying the 'field' parameter in your request.
For example, to request only the issue key and summary add field=key&field=summary to the URL of your request.
For example:
https://issues.apache.org/jira/si/jira.issueviews:issue-xml/HBASE-375/HBASE-375.xml?field=key&amp;field=summary
-->
<rss version="0.92" >
<channel>
    <title>ASF JIRA</title>
    <link>https://issues.apache.org/jira</link>
    <description>This file is an XML representation of an issue</description>
    <language>en-uk</language>    <build-info>
        <version>6.3.4</version>
        <build-number>6332</build-number>
        <build-date>15-08-2014</build-date>
    </build-info>

<item>
            <title>[HBASE-375] [hbase] Implement &quot;ALTER TABLE ... CHANGE column&quot; operation</title>
                <link>https://issues.apache.org/jira/browse/HBASE-375</link>
                <project id="12310753" key="HBASE">HBase</project>
                    <description>&lt;p&gt;Right now, you can add or delete column families, but not change them once they are created. This is really inconvenient for things like adding compression or bloom filters to a column family once you get going. As new people come to HBase, they&apos;re going to make schema decisions that are incorrect and will need a way to modify their tables, so this is an important new feature.&lt;/p&gt;</description>
                <environment></environment>
        <key id="12384341">HBASE-375</key>
            <summary>[hbase] Implement &quot;ALTER TABLE ... CHANGE column&quot; operation</summary>
                <type id="1" iconUrl="https://issues.apache.org/jira/images/icons/issuetypes/bug.png">Bug</type>
                                            <priority id="3" iconUrl="https://issues.apache.org/jira/images/icons/priorities/major.png">Major</priority>
                        <status id="6" iconUrl="https://issues.apache.org/jira/images/icons/statuses/closed.png" description="The issue is considered finished, the resolution is correct. Issues which are closed can be reopened.">Closed</status>
                    <statusCategory id="3" key="done" colorName="green"/>
                                    <resolution id="1">Fixed</resolution>
                                        <assignee username="-1">Unassigned</assignee>
                                    <reporter username="bryanduxbury">Bryan Duxbury</reporter>
                        <labels>
                    </labels>
                <created>Mon, 10 Dec 2007 19:00:56 +0000</created>
                <updated>Fri, 22 Aug 2008 21:35:03 +0000</updated>
                            <resolved>Tue, 11 Dec 2007 17:07:46 +0000</resolved>
                                                                        <due></due>
                            <votes>0</votes>
                                    <watches>0</watches>
                                                                <comments>
                            <comment id="12550247" author="bryanduxbury" created="Tue, 11 Dec 2007 00:30:33 +0000"  >&lt;p&gt;Here&apos;s a patch. It adds the needed shell command implementation and modifies HBaseAdmin, HMaster, HMasterInterface to add the needed modifyColumn method.&lt;/p&gt;</comment>
                            <comment id="12550253" author="bryanduxbury" created="Tue, 11 Dec 2007 00:51:25 +0000"  >&lt;p&gt;Tests all pass locally, except for TestTableMapReduce, which seems unrelated.&lt;/p&gt;</comment>
                            <comment id="12550284" author="hadoopqa" created="Tue, 11 Dec 2007 03:03:19 +0000"  >&lt;p&gt;+1 overall.  Here are the results of testing the latest attachment &lt;br/&gt;
&lt;a href=&quot;http://issues.apache.org/jira/secure/attachment/12371395/2395.patch&quot; class=&quot;external-link&quot; rel=&quot;nofollow&quot;&gt;http://issues.apache.org/jira/secure/attachment/12371395/2395.patch&lt;/a&gt;&lt;br/&gt;
against trunk revision r603084.&lt;/p&gt;

&lt;p&gt;    @author +1.  The patch does not contain any @author tags.&lt;/p&gt;

&lt;p&gt;    javadoc +1.  The javadoc tool did not generate any warning messages.&lt;/p&gt;

&lt;p&gt;    javac +1.  The applied patch does not generate any new compiler warnings.&lt;/p&gt;

&lt;p&gt;    findbugs +1.  The patch does not introduce any new Findbugs warnings.&lt;/p&gt;

&lt;p&gt;    core tests +1.  The patch passed core unit tests.&lt;/p&gt;

&lt;p&gt;    contrib tests +1.  The patch passed contrib unit tests.&lt;/p&gt;

&lt;p&gt;Test results: &lt;a href=&quot;http://lucene.zones.apache.org:8080/hudson/job/Hadoop-Patch/1312/testReport/&quot; class=&quot;external-link&quot; rel=&quot;nofollow&quot;&gt;http://lucene.zones.apache.org:8080/hudson/job/Hadoop-Patch/1312/testReport/&lt;/a&gt;&lt;br/&gt;
Findbugs warnings: &lt;a href=&quot;http://lucene.zones.apache.org:8080/hudson/job/Hadoop-Patch/1312/artifact/trunk/build/test/findbugs/newPatchFindbugsWarnings.html&quot; class=&quot;external-link&quot; rel=&quot;nofollow&quot;&gt;http://lucene.zones.apache.org:8080/hudson/job/Hadoop-Patch/1312/artifact/trunk/build/test/findbugs/newPatchFindbugsWarnings.html&lt;/a&gt;&lt;br/&gt;
Checkstyle results: &lt;a href=&quot;http://lucene.zones.apache.org:8080/hudson/job/Hadoop-Patch/1312/artifact/trunk/build/test/checkstyle-errors.html&quot; class=&quot;external-link&quot; rel=&quot;nofollow&quot;&gt;http://lucene.zones.apache.org:8080/hudson/job/Hadoop-Patch/1312/artifact/trunk/build/test/checkstyle-errors.html&lt;/a&gt;&lt;br/&gt;
Console output: &lt;a href=&quot;http://lucene.zones.apache.org:8080/hudson/job/Hadoop-Patch/1312/console&quot; class=&quot;external-link&quot; rel=&quot;nofollow&quot;&gt;http://lucene.zones.apache.org:8080/hudson/job/Hadoop-Patch/1312/console&lt;/a&gt;&lt;/p&gt;

&lt;p&gt;This message is automatically generated.&lt;/p&gt;</comment>
                            <comment id="12550294" author="udanax" created="Tue, 11 Dec 2007 03:42:40 +0000"  >&lt;p&gt;thanks, brayn. &lt;img class=&quot;emoticon&quot; src=&quot;https://issues.apache.org/jira/images/icons/emoticons/smile.gif&quot; height=&quot;16&quot; width=&quot;16&quot; align=&quot;absmiddle&quot; alt=&quot;&quot; border=&quot;0&quot;/&gt;&lt;/p&gt;</comment>
                            <comment id="12550301" author="stack" created="Tue, 11 Dec 2007 04:45:42 +0000"  >&lt;p&gt;This issue does some of the remaining items of &lt;a href=&quot;https://issues.apache.org/jira/browse/HBASE-323&quot; title=&quot;[hbase] Add enableTable, disableTable, addColumn, etc, to shell&quot; class=&quot;issue-link&quot; data-issue-key=&quot;HBASE-323&quot;&gt;&lt;del&gt;HADOOP-1611&lt;/del&gt;&lt;/a&gt;&lt;/p&gt;</comment>
                            <comment id="12550303" author="stack" created="Tue, 11 Dec 2007 04:46:19 +0000"  >&lt;p&gt;This looks great Bryan.&lt;/p&gt;

&lt;p&gt;Minor comment would be that things Strings such as &quot;IN_MEMORY&quot; should be made into defines since it seems to be used in a few places.&lt;/p&gt;

&lt;p&gt;I tried it and got this exception (Its hard to figure what the format for the CHANGE column_spec should be &amp;#8211; maybe update the help string for ALTER in HelpCommand?):&lt;/p&gt;

&lt;div class=&quot;code panel&quot; style=&quot;border-width: 1px;&quot;&gt;&lt;div class=&quot;codeContent panelContent&quot;&gt;
&lt;pre class=&quot;code-java&quot;&gt;
hql &amp;gt; alter table &apos;x&apos; CHANGE x: MAX_VERSIONS=4;                                                                                                                                                                                                                                                                             Disabling x... Please wait.07/12/10 20:32:23 DEBUG hbase.HBaseAdmin: Sleep. Waiting &lt;span class=&quot;code-keyword&quot;&gt;for&lt;/span&gt; first region to be disabled from x
07/12/10 20:32:33 DEBUG hbase.HBaseAdmin: Wake. Waiting &lt;span class=&quot;code-keyword&quot;&gt;for&lt;/span&gt; first region to be disabled from x
07/12/10 20:32:33 INFO hbase.HBaseAdmin: Disabled table x
Exception in thread &lt;span class=&quot;code-quote&quot;&gt;&quot;main&quot;&lt;/span&gt; java.lang.StringIndexOutOfBoundsException: &lt;span class=&quot;code-object&quot;&gt;String&lt;/span&gt; index out of range: -24
        at java.lang.&lt;span class=&quot;code-object&quot;&gt;String&lt;/span&gt;.substring(&lt;span class=&quot;code-object&quot;&gt;String&lt;/span&gt;.java:1768)
        at org.apache.hadoop.hbase.shell.BasicCommand.extractErrMsg(BasicCommand.java:64)
        at org.apache.hadoop.hbase.shell.BasicCommand.extractErrMsg(BasicCommand.java:68)
        at org.apache.hadoop.hbase.shell.AlterCommand.execute(AlterCommand.java:113)
        at org.apache.hadoop.hbase.Shell.main(Shell.java:94)
durruti:~/Documents/checkouts/hadoop-trunk/src/contrib/hbase stack$ ./bin/hbase shell
07/12/10 20:33:46 DEBUG shell.TableFormatterFactory: Table formatter class: org.apache.hadoop.hbase.shell.formatter.AsciiTableFormatter
Hbase Shell, 0.0.2 version.
Copyright (c) 2007 by udanax, licensed to Apache Software Foundation.
Type &apos;help;&apos; &lt;span class=&quot;code-keyword&quot;&gt;for&lt;/span&gt; usage.

hql &amp;gt; alter table &apos;x&apos; CHANGE x: COMPRESSION=RECORD;
07/12/10 20:34:20 DEBUG hbase.HConnectionManager$TableServers: No servers &lt;span class=&quot;code-keyword&quot;&gt;for&lt;/span&gt; .META.. Doing a find...
07/12/10 20:34:20 DEBUG hbase.HConnectionManager$TableServers: Found 1 region(s) &lt;span class=&quot;code-keyword&quot;&gt;for&lt;/span&gt; .META. at address: 192.168.1.135:53538, regioninfo: regionname: -ROOT-,,0, startKey: &amp;lt;&amp;gt;, tableDesc: {name: -ROOT-, families: {info:={name: info, max versions: 1, compression: NONE, in memory: &lt;span class=&quot;code-keyword&quot;&gt;false&lt;/span&gt;, max length: 2147483647, bloom filter: none}}}
Disabling x... Please wait.
07/12/10 20:34:20 INFO hbase.HBaseAdmin: Disabled table x
Exception in thread &lt;span class=&quot;code-quote&quot;&gt;&quot;main&quot;&lt;/span&gt; java.lang.StringIndexOutOfBoundsException: &lt;span class=&quot;code-object&quot;&gt;String&lt;/span&gt; index out of range: -24
        at java.lang.&lt;span class=&quot;code-object&quot;&gt;String&lt;/span&gt;.substring(&lt;span class=&quot;code-object&quot;&gt;String&lt;/span&gt;.java:1768)
        at org.apache.hadoop.hbase.shell.BasicCommand.extractErrMsg(BasicCommand.java:64)
        at org.apache.hadoop.hbase.shell.BasicCommand.extractErrMsg(BasicCommand.java:68)
        at org.apache.hadoop.hbase.shell.AlterCommand.execute(AlterCommand.java:113)
        at org.apache.hadoop.hbase.Shell.main(Shell.java:94)
~                                                              
&lt;/pre&gt;
&lt;/div&gt;&lt;/div&gt;</comment>
                            <comment id="12550311" author="bryanduxbury" created="Tue, 11 Dec 2007 05:18:38 +0000"  >&lt;p&gt;Added some help text, fixed the bug Stack was seeing (adding a : unconditionally).&lt;/p&gt;</comment>
                            <comment id="12550465" author="stack" created="Tue, 11 Dec 2007 14:52:27 +0000"  >&lt;p&gt;New patch works nicely.&lt;/p&gt;</comment>
                            <comment id="12550468" author="stack" created="Tue, 11 Dec 2007 15:01:54 +0000"  >&lt;p&gt;Passes tests locally.  Forwarding to hudson.&lt;/p&gt;</comment>
                            <comment id="12550548" author="hadoopqa" created="Tue, 11 Dec 2007 16:07:59 +0000"  >&lt;p&gt;+1 overall.  Here are the results of testing the latest attachment &lt;br/&gt;
&lt;a href=&quot;http://issues.apache.org/jira/secure/attachment/12371407/2395-v2.patch&quot; class=&quot;external-link&quot; rel=&quot;nofollow&quot;&gt;http://issues.apache.org/jira/secure/attachment/12371407/2395-v2.patch&lt;/a&gt;&lt;br/&gt;
against trunk revision r603084.&lt;/p&gt;

&lt;p&gt;    @author +1.  The patch does not contain any @author tags.&lt;/p&gt;

&lt;p&gt;    javadoc +1.  The javadoc tool did not generate any warning messages.&lt;/p&gt;

&lt;p&gt;    javac +1.  The applied patch does not generate any new compiler warnings.&lt;/p&gt;

&lt;p&gt;    findbugs +1.  The patch does not introduce any new Findbugs warnings.&lt;/p&gt;

&lt;p&gt;    core tests +1.  The patch passed core unit tests.&lt;/p&gt;

&lt;p&gt;    contrib tests +1.  The patch passed contrib unit tests.&lt;/p&gt;

&lt;p&gt;Test results: &lt;a href=&quot;http://lucene.zones.apache.org:8080/hudson/job/Hadoop-Patch/1318/testReport/&quot; class=&quot;external-link&quot; rel=&quot;nofollow&quot;&gt;http://lucene.zones.apache.org:8080/hudson/job/Hadoop-Patch/1318/testReport/&lt;/a&gt;&lt;br/&gt;
Findbugs warnings: &lt;a href=&quot;http://lucene.zones.apache.org:8080/hudson/job/Hadoop-Patch/1318/artifact/trunk/build/test/findbugs/newPatchFindbugsWarnings.html&quot; class=&quot;external-link&quot; rel=&quot;nofollow&quot;&gt;http://lucene.zones.apache.org:8080/hudson/job/Hadoop-Patch/1318/artifact/trunk/build/test/findbugs/newPatchFindbugsWarnings.html&lt;/a&gt;&lt;br/&gt;
Checkstyle results: &lt;a href=&quot;http://lucene.zones.apache.org:8080/hudson/job/Hadoop-Patch/1318/artifact/trunk/build/test/checkstyle-errors.html&quot; class=&quot;external-link&quot; rel=&quot;nofollow&quot;&gt;http://lucene.zones.apache.org:8080/hudson/job/Hadoop-Patch/1318/artifact/trunk/build/test/checkstyle-errors.html&lt;/a&gt;&lt;br/&gt;
Console output: &lt;a href=&quot;http://lucene.zones.apache.org:8080/hudson/job/Hadoop-Patch/1318/console&quot; class=&quot;external-link&quot; rel=&quot;nofollow&quot;&gt;http://lucene.zones.apache.org:8080/hudson/job/Hadoop-Patch/1318/console&lt;/a&gt;&lt;/p&gt;

&lt;p&gt;This message is automatically generated.&lt;/p&gt;</comment>
                            <comment id="12550639" author="stack" created="Tue, 11 Dec 2007 17:07:46 +0000"  >&lt;p&gt;Committed.  Resolving.  Thanks for the patch Bryan.&lt;/p&gt;</comment>
                            <comment id="12550947" author="hudson" created="Wed, 12 Dec 2007 12:22:06 +0000"  >&lt;p&gt;Integrated in Hadoop-Nightly #330 (See &lt;a href=&quot;http://lucene.zones.apache.org:8080/hudson/job/Hadoop-Nightly/330/&quot; class=&quot;external-link&quot; rel=&quot;nofollow&quot;&gt;http://lucene.zones.apache.org:8080/hudson/job/Hadoop-Nightly/330/&lt;/a&gt;)&lt;/p&gt;</comment>
                    </comments>
                <issuelinks>
                            <issuelinktype id="12310010">
                    <name>Incorporates</name>
                                                                <inwardlinks description="is part of">
                                        <issuelink>
            <issuekey id="12373777">HBASE-323</issuekey>
        </issuelink>
                            </inwardlinks>
                                    </issuelinktype>
                    </issuelinks>
                <attachments>
                            <attachment id="12371407" name="2395-v2.patch" size="11555" author="bryanduxbury" created="Tue, 11 Dec 2007 05:18:38 +0000"/>
                            <attachment id="12371395" name="2395.patch" size="10788" author="bryanduxbury" created="Tue, 11 Dec 2007 00:30:32 +0000"/>
                    </attachments>
                <subtasks>
                    </subtasks>
                <customfields>
                                                <customfield id="customfield_12310310" key="com.atlassian.jira.toolkit:attachments">
                        <customfieldname>Attachment count</customfieldname>
                        <customfieldvalues>
                            <customfieldvalue>2.0</customfieldvalue>
                        </customfieldvalues>
                    </customfield>
                                                                                                                                                                                                                                                                                                                                                                                                                                                                                                                                <customfield id="customfield_12310220" key="com.atlassian.jira.ext.charting:firstresponsedate">
                        <customfieldname>Date of First Response</customfieldname>
                        <customfieldvalues>
                            <customfieldvalue>Tue, 11 Dec 2007 03:03:19 +0000</customfieldvalue>

                        </customfieldvalues>
                    </customfield>
                                                                                                                                                                                                                                                                                                                                                                                                                                            <customfield id="customfield_12310420" key="com.pyxis.greenhopper.jira:gh-global-rank">
                        <customfieldname>Global Rank</customfieldname>
                        <customfieldvalues>
                            <customfieldvalue>25159</customfieldvalue>
                        </customfieldvalues>
                    </customfield>
                                                                                                                                                    <customfield id="customfield_12312521" key="com.atlassian.jira.toolkit:LastCommentDate">
                        <customfieldname>Last public comment date</customfieldname>
                        <customfieldvalues>
                            9 years, 2 weeks, 2 days ago
                        </customfieldvalues>
                    </customfield>
                                                                                            <customfield id="customfield_12311820" key="com.pyxis.greenhopper.jira:gh-lexo-rank">
                        <customfieldname>Rank</customfieldname>
                        <customfieldvalues>
                            <customfieldvalue>0|i0h6xj:</customfieldvalue>

                        </customfieldvalues>
                    </customfield>
                                                                <customfield id="customfield_12310920" key="com.pyxis.greenhopper.jira:gh-global-rank">
                        <customfieldname>Rank (Obsolete)</customfieldname>
                        <customfieldvalues>
                            <customfieldvalue>98385</customfieldvalue>
                        </customfieldvalues>
                    </customfield>
                                                                                                                                                                                                                                                                                                <customfield id="customfield_12310222" key="com.atlassian.jira.ext.charting:timeinstatus">
                        <customfieldname>Time in Status</customfieldname>
                        <customfieldvalues>
                            
                        </customfieldvalues>
                    </customfield>
                                                                                                                        </customfields>
    </item>
</channel>
</rss>