<!-- 
RSS generated by JIRA (6.3.4#6332-sha1:51bc225ef474afe3128b2f66878477f322397b16) at Fri Dec 16 18:40:54 UTC 2016

It is possible to restrict the fields that are returned in this document by specifying the 'field' parameter in your request.
For example, to request only the issue key and summary add field=key&field=summary to the URL of your request.
For example:
https://issues.apache.org/jira/si/jira.issueviews:issue-xml/HBASE-88/HBASE-88.xml?field=key&amp;field=summary
-->
<rss version="0.92" >
<channel>
    <title>ASF JIRA</title>
    <link>https://issues.apache.org/jira</link>
    <description>This file is an XML representation of an issue</description>
    <language>en-uk</language>    <build-info>
        <version>6.3.4</version>
        <build-number>6332</build-number>
        <build-date>15-08-2014</build-date>
    </build-info>

<item>
            <title>[HBASE-88] hbase command-line shutdown failing (must waits for timeout)</title>
                <link>https://issues.apache.org/jira/browse/HBASE-88</link>
                <project id="12310753" key="HBASE">HBase</project>
                    <description>&lt;p&gt;Calling stop on hbase master throws following:&lt;/p&gt;

&lt;p&gt;$ ./src/contrib/hbase/bin/hbase master --bind=localhost:58774 stop&lt;br/&gt;
07/05/21 12:59:47 ERROR hbase.HMaster: Can not stop master because java.net.SocketTimeoutException: timed out waiting for rpc response&lt;br/&gt;
        at org.apache.hadoop.ipc.Client.call(Client.java:473)&lt;br/&gt;
        at org.apache.hadoop.ipc.RPC$Invoker.invoke(RPC.java:165)&lt;br/&gt;
        at $Proxy0.shutdown(Unknown Source)&lt;br/&gt;
        at org.apache.hadoop.hbase.HClient.shutdown(HClient.java:165)&lt;br/&gt;
        at org.apache.hadoop.hbase.HMaster.main(HMaster.java:1684)&lt;/p&gt;</description>
                <environment></environment>
        <key id="12369882">HBASE-88</key>
            <summary>hbase command-line shutdown failing (must waits for timeout)</summary>
                <type id="1" iconUrl="https://issues.apache.org/jira/images/icons/issuetypes/bug.png">Bug</type>
                                            <priority id="3" iconUrl="https://issues.apache.org/jira/images/icons/priorities/major.png">Major</priority>
                        <status id="6" iconUrl="https://issues.apache.org/jira/images/icons/statuses/closed.png" description="The issue is considered finished, the resolution is correct. Issues which are closed can be reopened.">Closed</status>
                    <statusCategory id="3" key="done" colorName="green"/>
                                    <resolution id="1">Fixed</resolution>
                                        <assignee username="-1">Unassigned</assignee>
                                    <reporter username="stack">stack</reporter>
                        <labels>
                    </labels>
                <created>Mon, 21 May 2007 20:10:46 +0000</created>
                <updated>Mon, 4 Feb 2008 18:40:36 +0000</updated>
                            <resolved>Tue, 22 May 2007 04:58:14 +0000</resolved>
                                                                        <due></due>
                            <votes>0</votes>
                                    <watches>0</watches>
                                                                <comments>
                            <comment id="12497561" author="stack" created="Mon, 21 May 2007 20:12:26 +0000"  >&lt;p&gt;Added patch that starts up a shutdown thread allowing RPC to return to the calling client.&lt;/p&gt;</comment>
                            <comment id="12497563" author="stack" created="Mon, 21 May 2007 20:12:54 +0000"  >&lt;p&gt;Trigger a build with this patch&lt;/p&gt;</comment>
                            <comment id="12497574" author="hadoopqa" created="Mon, 21 May 2007 20:42:20 +0000"  >&lt;p&gt;+1&lt;/p&gt;

&lt;p&gt;&lt;a href=&quot;http://issues.apache.org/jira/secure/attachment/12357799/master_shutdown.patch&quot; class=&quot;external-link&quot; rel=&quot;nofollow&quot;&gt;http://issues.apache.org/jira/secure/attachment/12357799/master_shutdown.patch&lt;/a&gt; applied and successfully tested against trunk revision r539623.&lt;/p&gt;

&lt;p&gt;Test results:   &lt;a href=&quot;http://lucene.zones.apache.org:8080/hudson/job/Hadoop-Patch/169/testReport/&quot; class=&quot;external-link&quot; rel=&quot;nofollow&quot;&gt;http://lucene.zones.apache.org:8080/hudson/job/Hadoop-Patch/169/testReport/&lt;/a&gt;&lt;br/&gt;
Console output: &lt;a href=&quot;http://lucene.zones.apache.org:8080/hudson/job/Hadoop-Patch/169/console&quot; class=&quot;external-link&quot; rel=&quot;nofollow&quot;&gt;http://lucene.zones.apache.org:8080/hudson/job/Hadoop-Patch/169/console&lt;/a&gt;&lt;/p&gt;</comment>
                            <comment id="12497694" author="jimk" created="Tue, 22 May 2007 04:58:14 +0000"  >&lt;p&gt;I&apos;ve committed this. Thanks Michael!&lt;/p&gt;</comment>
                            <comment id="12497829" author="hadoopqa" created="Tue, 22 May 2007 11:26:23 +0000"  >&lt;p&gt;Integrated in Hadoop-Nightly #97 (See &lt;a href=&quot;http://lucene.zones.apache.org:8080/hudson/job/Hadoop-Nightly/97/&quot; class=&quot;external-link&quot; rel=&quot;nofollow&quot;&gt;http://lucene.zones.apache.org:8080/hudson/job/Hadoop-Nightly/97/&lt;/a&gt;)&lt;/p&gt;</comment>
                    </comments>
                    <attachments>
                            <attachment id="12357799" name="master_shutdown.patch" size="1082" author="stack" created="Mon, 21 May 2007 20:12:26 +0000"/>
                    </attachments>
                <subtasks>
                    </subtasks>
                <customfields>
                                                <customfield id="customfield_12310310" key="com.atlassian.jira.toolkit:attachments">
                        <customfieldname>Attachment count</customfieldname>
                        <customfieldvalues>
                            <customfieldvalue>1.0</customfieldvalue>
                        </customfieldvalues>
                    </customfield>
                                                                                                                                                                                                                                                                                                                                                                                                                                                                                                                                <customfield id="customfield_12310220" key="com.atlassian.jira.ext.charting:firstresponsedate">
                        <customfieldname>Date of First Response</customfieldname>
                        <customfieldvalues>
                            <customfieldvalue>Mon, 21 May 2007 20:42:20 +0000</customfieldvalue>

                        </customfieldvalues>
                    </customfield>
                                                                                                                                                                                                                                                                                                                                                                                                                                            <customfield id="customfield_12310420" key="com.pyxis.greenhopper.jira:gh-global-rank">
                        <customfieldname>Global Rank</customfieldname>
                        <customfieldvalues>
                            <customfieldvalue>24872</customfieldvalue>
                        </customfieldvalues>
                    </customfield>
                                                                                                                                                    <customfield id="customfield_12312521" key="com.atlassian.jira.toolkit:LastCommentDate">
                        <customfieldname>Last public comment date</customfieldname>
                        <customfieldvalues>
                            9 years, 31 weeks, 3 days ago
                        </customfieldvalues>
                    </customfield>
                                                                                            <customfield id="customfield_12311820" key="com.pyxis.greenhopper.jira:gh-lexo-rank">
                        <customfieldname>Rank</customfieldname>
                        <customfieldvalues>
                            <customfieldvalue>0|i0h46f:</customfieldvalue>

                        </customfieldvalues>
                    </customfield>
                                                                <customfield id="customfield_12310920" key="com.pyxis.greenhopper.jira:gh-global-rank">
                        <customfieldname>Rank (Obsolete)</customfieldname>
                        <customfieldvalues>
                            <customfieldvalue>97939</customfieldvalue>
                        </customfieldvalues>
                    </customfield>
                                                                                                                                                                                                                                                                                                <customfield id="customfield_12310222" key="com.atlassian.jira.ext.charting:timeinstatus">
                        <customfieldname>Time in Status</customfieldname>
                        <customfieldvalues>
                            
                        </customfieldvalues>
                    </customfield>
                                                                                                                        </customfields>
    </item>
</channel>
</rss>