<!-- 
RSS generated by JIRA (6.3.4#6332-sha1:51bc225ef474afe3128b2f66878477f322397b16) at Fri Dec 16 18:49:48 UTC 2016

It is possible to restrict the fields that are returned in this document by specifying the 'field' parameter in your request.
For example, to request only the issue key and summary add field=key&field=summary to the URL of your request.
For example:
https://issues.apache.org/jira/si/jira.issueviews:issue-xml/HBASE-1000/HBASE-1000.xml?field=key&amp;field=summary
-->
<rss version="0.92" >
<channel>
    <title>ASF JIRA</title>
    <link>https://issues.apache.org/jira</link>
    <description>This file is an XML representation of an issue</description>
    <language>en-uk</language>    <build-info>
        <version>6.3.4</version>
        <build-number>6332</build-number>
        <build-date>15-08-2014</build-date>
    </build-info>

<item>
            <title>[HBASE-1000] Sleeper.sleep does not go back to sleep when interrupted and no stop flag given.</title>
                <link>https://issues.apache.org/jira/browse/HBASE-1000</link>
                <project id="12310753" key="HBASE">HBase</project>
                    <description>&lt;p&gt;When interrupted, the Sleeper.sleep method should exit if the stop flag was given, otherwise it should continue sleeping. Currently it seems to exits regardless, which means the stop flag is meaningless.&lt;/p&gt;

&lt;p&gt;Here is the relevant code, from src/java/org/apache/hadoop/hbase/util/Sleeper.java:&lt;/p&gt;
&lt;div class=&quot;code panel&quot; style=&quot;border-width: 1px;&quot;&gt;&lt;div class=&quot;codeContent panelContent&quot;&gt;
&lt;pre class=&quot;code-java&quot;&gt;  &lt;span class=&quot;code-keyword&quot;&gt;public&lt;/span&gt; void sleep(&lt;span class=&quot;code-keyword&quot;&gt;final&lt;/span&gt; &lt;span class=&quot;code-object&quot;&gt;long&lt;/span&gt; startTime) {
    &lt;span class=&quot;code-keyword&quot;&gt;if&lt;/span&gt; (&lt;span class=&quot;code-keyword&quot;&gt;this&lt;/span&gt;.stop.get()) {
      &lt;span class=&quot;code-keyword&quot;&gt;return&lt;/span&gt;;
    }
    &lt;span class=&quot;code-object&quot;&gt;long&lt;/span&gt; now = &lt;span class=&quot;code-object&quot;&gt;System&lt;/span&gt;.currentTimeMillis();
    &lt;span class=&quot;code-object&quot;&gt;long&lt;/span&gt; waitTime = &lt;span class=&quot;code-keyword&quot;&gt;this&lt;/span&gt;.period - (now - startTime);
    &lt;span class=&quot;code-keyword&quot;&gt;if&lt;/span&gt; (waitTime &amp;gt; &lt;span class=&quot;code-keyword&quot;&gt;this&lt;/span&gt;.period) {
      LOG.warn(&lt;span class=&quot;code-quote&quot;&gt;&quot;Calculated wait time &amp;gt; &quot;&lt;/span&gt; + &lt;span class=&quot;code-keyword&quot;&gt;this&lt;/span&gt;.period +
        &lt;span class=&quot;code-quote&quot;&gt;&quot;; setting to &lt;span class=&quot;code-keyword&quot;&gt;this&lt;/span&gt;.period: &quot;&lt;/span&gt; + &lt;span class=&quot;code-object&quot;&gt;System&lt;/span&gt;.currentTimeMillis() + &lt;span class=&quot;code-quote&quot;&gt;&quot;, &quot;&lt;/span&gt; +
        startTime);
    }
    &lt;span class=&quot;code-keyword&quot;&gt;if&lt;/span&gt; (waitTime &amp;gt; 0) {
      &lt;span class=&quot;code-keyword&quot;&gt;try&lt;/span&gt; {
        &lt;span class=&quot;code-object&quot;&gt;Thread&lt;/span&gt;.sleep(waitTime);
        &lt;span class=&quot;code-object&quot;&gt;long&lt;/span&gt; slept = &lt;span class=&quot;code-object&quot;&gt;System&lt;/span&gt;.currentTimeMillis() - now;
        &lt;span class=&quot;code-keyword&quot;&gt;if&lt;/span&gt; (slept &amp;gt; (10 * &lt;span class=&quot;code-keyword&quot;&gt;this&lt;/span&gt;.period)) {
          LOG.warn(&lt;span class=&quot;code-quote&quot;&gt;&quot;We slept &quot;&lt;/span&gt; + slept + &lt;span class=&quot;code-quote&quot;&gt;&quot;ms, ten times longer than scheduled: &quot;&lt;/span&gt; +
            &lt;span class=&quot;code-keyword&quot;&gt;this&lt;/span&gt;.period);
        }
      } &lt;span class=&quot;code-keyword&quot;&gt;catch&lt;/span&gt;(InterruptedException iex) {
        &lt;span class=&quot;code-comment&quot;&gt;// We we interrupted because we&apos;re meant to stop?  If not, just
&lt;/span&gt;        &lt;span class=&quot;code-comment&quot;&gt;// &lt;span class=&quot;code-keyword&quot;&gt;continue&lt;/span&gt; ignoring the interruption
&lt;/span&gt;        &lt;span class=&quot;code-keyword&quot;&gt;if&lt;/span&gt; (&lt;span class=&quot;code-keyword&quot;&gt;this&lt;/span&gt;.stop.get()) {
          &lt;span class=&quot;code-keyword&quot;&gt;return&lt;/span&gt;;
        }
      }
    }
  }
&lt;/pre&gt;
&lt;/div&gt;&lt;/div&gt;
&lt;p&gt;Essentially, the &apos;if (waitTime &amp;gt; 0)&apos; portion needs to change to a while loop so that the sleeping will continue after an interruption occurs. I&apos;ll attach a patch when I get around to fixing it.&lt;/p&gt;</description>
                <environment></environment>
        <key id="12408447">HBASE-1000</key>
            <summary>Sleeper.sleep does not go back to sleep when interrupted and no stop flag given.</summary>
                <type id="1" iconUrl="https://issues.apache.org/jira/images/icons/issuetypes/bug.png">Bug</type>
                                            <priority id="5" iconUrl="https://issues.apache.org/jira/images/icons/priorities/trivial.png">Trivial</priority>
                        <status id="6" iconUrl="https://issues.apache.org/jira/images/icons/statuses/closed.png" description="The issue is considered finished, the resolution is correct. Issues which are closed can be reopened.">Closed</status>
                    <statusCategory id="3" key="done" colorName="green"/>
                                    <resolution id="1">Fixed</resolution>
                                        <assignee username="stack">stack</assignee>
                                    <reporter username="nitay">Nitay Joffe</reporter>
                        <labels>
                    </labels>
                <created>Thu, 13 Nov 2008 19:20:01 +0000</created>
                <updated>Sun, 13 Sep 2009 22:26:32 +0000</updated>
                            <resolved>Fri, 5 Dec 2008 05:27:03 +0000</resolved>
                                                    <fixVersion>0.19.0</fixVersion>
                                    <component>util</component>
                        <due></due>
                            <votes>0</votes>
                                    <watches>0</watches>
                                                                <comments>
                            <comment id="12653036" author="stack" created="Wed, 3 Dec 2008 23:08:47 +0000"  >&lt;p&gt;Tripped over related issue in Chore.  Fixing this and Chore issue together.  Any chance of a review Nitay?&lt;/p&gt;</comment>
                            <comment id="12653037" author="stack" created="Wed, 3 Dec 2008 23:10:34 +0000"  >&lt;p&gt;Adding to 0.19.0.  What I saw was as follows:&lt;/p&gt;

&lt;div class=&quot;code panel&quot; style=&quot;border-width: 1px;&quot;&gt;&lt;div class=&quot;codeContent panelContent&quot;&gt;
&lt;pre class=&quot;code-java&quot;&gt;
2008-12-03 22:54:53,507 [regionserver/0:0:0:0:0:0:0:0:60020.majorCompactionChecker] ERROR org.apache.hadoop.hbase.regionserver.HRegionServer$MajorCompactionChecker: Caught exception
java.nio.channels.ClosedSelectorException
        at sun.nio.ch.SelectorImpl.lockAndDoSelect(Unknown Source)
        at sun.nio.ch.SelectorImpl.selectNow(Unknown Source)
        at sun.nio.ch.Util.releaseTemporarySelector(Unknown Source)
        at sun.nio.ch.SocketAdaptor.connect(Unknown Source)
        at org.apache.hadoop.ipc.Client$Connection.setupIOstreams(Client.java:299)
        at org.apache.hadoop.ipc.Client$Connection.access$1700(Client.java:176)
        at org.apache.hadoop.ipc.Client.getConnection(Client.java:772)
        at org.apache.hadoop.ipc.Client.call(Client.java:685)
        at org.apache.hadoop.ipc.RPC$Invoker.invoke(RPC.java:216)
        at $Proxy1.getListing(Unknown Source)
        at sun.reflect.GeneratedMethodAccessor3.invoke(Unknown Source)
        at sun.reflect.DelegatingMethodAccessorImpl.invoke(Unknown Source)
        at java.lang.reflect.Method.invoke(Unknown Source)
        at org.apache.hadoop.io.retry.RetryInvocationHandler.invokeMethod(RetryInvocationHandler.java:82)
        at org.apache.hadoop.io.retry.RetryInvocationHandler.invoke(RetryInvocationHandler.java:59)
        at $Proxy1.getListing(Unknown Source)
        at org.apache.hadoop.hdfs.DFSClient.listPaths(DFSClient.java:569)
        at org.apache.hadoop.hdfs.DistributedFileSystem.listStatus(DistributedFileSystem.java:226)
        at org.apache.hadoop.hbase.regionserver.HStore.getLowestTimestamp(HStore.java:783)
        at org.apache.hadoop.hbase.regionserver.HStore.isMajorCompaction(HStore.java:975)
        at org.apache.hadoop.hbase.regionserver.HStore.isMajorCompaction(HStore.java:963)
        at org.apache.hadoop.hbase.regionserver.HRegion.isMajorCompaction(HRegion.java:2424)
        at org.apache.hadoop.hbase.regionserver.HRegionServer$MajorCompactionChecker.chore(HRegionServer.java:735)
        at org.apache.hadoop.hbase.Chore.run(Chore.java:65)
2008-12-03 22:54:53,509 [regionserver/0:0:0:0:0:0:0:0:60020.majorCompactionChecker] ERROR org.apache.hadoop.hbase.regionserver.HRegionServer$MajorCompactionChecker: Caught exception
java.lang.NullPointerException
        at org.apache.hadoop.ipc.Client$Connection.sendParam(Client.java:459)
        at org.apache.hadoop.ipc.Client.call(Client.java:686)
        at org.apache.hadoop.ipc.RPC$Invoker.invoke(RPC.java:216)
        at $Proxy1.getListing(Unknown Source)
        at sun.reflect.GeneratedMethodAccessor3.invoke(Unknown Source)
        at sun.reflect.DelegatingMethodAccessorImpl.invoke(Unknown Source)
        at java.lang.reflect.Method.invoke(Unknown Source)
        at org.apache.hadoop.io.retry.RetryInvocationHandler.invokeMethod(RetryInvocationHandler.java:82)
        at org.apache.hadoop.io.retry.RetryInvocationHandler.invoke(RetryInvocationHandler.java:59)
        at $Proxy1.getListing(Unknown Source)
        at org.apache.hadoop.hdfs.DFSClient.listPaths(DFSClient.java:569)
        at org.apache.hadoop.hdfs.DistributedFileSystem.listStatus(DistributedFileSystem.java:226)
        at org.apache.hadoop.hbase.regionserver.HStore.getLowestTimestamp(HStore.java:783)
        at org.apache.hadoop.hbase.regionserver.HStore.isMajorCompaction(HStore.java:975)
        at org.apache.hadoop.hbase.regionserver.HStore.isMajorCompaction(HStore.java:963)
        at org.apache.hadoop.hbase.regionserver.HRegion.isMajorCompaction(HRegion.java:2424)
        at org.apache.hadoop.hbase.regionserver.HRegionServer$MajorCompactionChecker.chore(HRegionServer.java:735)
        at org.apache.hadoop.hbase.Chore.run(Chore.java:65)
...
&lt;/pre&gt;
&lt;/div&gt;&lt;/div&gt;

&lt;p&gt;Kept doing above exception without a pause between.&lt;/p&gt;

&lt;p&gt;Root issue was an OOME but nonetheless, should pause between.&lt;/p&gt;</comment>
                            <comment id="12653062" author="stack" created="Wed, 3 Dec 2008 23:49:46 +0000"  >&lt;p&gt;Previous patch went into infinite loop; duh.  Try this one.&lt;/p&gt;</comment>
                            <comment id="12653135" author="stack" created="Thu, 4 Dec 2008 02:20:16 +0000"  >&lt;p&gt;Save on System.currentTimeMillis calls.&lt;/p&gt;</comment>
                            <comment id="12653631" author="nitay" created="Fri, 5 Dec 2008 05:06:57 +0000"  >&lt;p&gt;Duplicate local variable &quot;woke&quot; on line 74. Get rid of the long keyword and use the variable previously defined.&lt;/p&gt;

&lt;p&gt;Also, the if on line 65 for the weird case where startTime is greater than now and causes a positive offset says that we&apos;re setting the waitTime to this.period,&lt;br/&gt;
but we don&apos;t actually do it.&lt;/p&gt;</comment>
                            <comment id="12653633" author="stack" created="Fri, 5 Dec 2008 05:27:03 +0000"  >&lt;p&gt;Committed.  Thanks for the review Nitay.  Made your suggested fixes.&lt;/p&gt;</comment>
                    </comments>
                    <attachments>
                            <attachment id="12395249" name="1000-v3.patch" size="2124" author="stack" created="Thu, 4 Dec 2008 02:20:16 +0000"/>
                            <attachment id="12395232" name="hbase-1000-v2.patch" size="2324" author="stack" created="Wed, 3 Dec 2008 23:49:45 +0000"/>
                            <attachment id="12395227" name="hbase-1000.patch" size="1678" author="stack" created="Wed, 3 Dec 2008 23:08:47 +0000"/>
                    </attachments>
                <subtasks>
                    </subtasks>
                <customfields>
                                                <customfield id="customfield_12310310" key="com.atlassian.jira.toolkit:attachments">
                        <customfieldname>Attachment count</customfieldname>
                        <customfieldvalues>
                            <customfieldvalue>3.0</customfieldvalue>
                        </customfieldvalues>
                    </customfield>
                                                                                                                                                                                                                                                                                                                                                                                                                                                                                                                                <customfield id="customfield_12310220" key="com.atlassian.jira.ext.charting:firstresponsedate">
                        <customfieldname>Date of First Response</customfieldname>
                        <customfieldvalues>
                            <customfieldvalue>Wed, 3 Dec 2008 23:08:47 +0000</customfieldvalue>

                        </customfieldvalues>
                    </customfield>
                                                                                                                                                                                                                                                                                                                                                                                                                                            <customfield id="customfield_12310420" key="com.pyxis.greenhopper.jira:gh-global-rank">
                        <customfieldname>Global Rank</customfieldname>
                        <customfieldvalues>
                            <customfieldvalue>25519</customfieldvalue>
                        </customfieldvalues>
                    </customfield>
                                                                <customfield id="customfield_12310191" key="com.atlassian.jira.plugin.system.customfieldtypes:multicheckboxes">
                        <customfieldname>Hadoop Flags</customfieldname>
                        <customfieldvalues>
                                <customfieldvalue key="10343"><![CDATA[Reviewed]]></customfieldvalue>
    
                        </customfieldvalues>
                    </customfield>
                                                                                                                        <customfield id="customfield_12312521" key="com.atlassian.jira.toolkit:LastCommentDate">
                        <customfieldname>Last public comment date</customfieldname>
                        <customfieldvalues>
                            8 years, 3 weeks ago
                        </customfieldvalues>
                    </customfield>
                                                                                            <customfield id="customfield_12311820" key="com.pyxis.greenhopper.jira:gh-lexo-rank">
                        <customfieldname>Rank</customfieldname>
                        <customfieldvalues>
                            <customfieldvalue>0|i0haqn:</customfieldvalue>

                        </customfieldvalues>
                    </customfield>
                                                                <customfield id="customfield_12310920" key="com.pyxis.greenhopper.jira:gh-global-rank">
                        <customfieldname>Rank (Obsolete)</customfieldname>
                        <customfieldvalues>
                            <customfieldvalue>99002</customfieldvalue>
                        </customfieldvalues>
                    </customfield>
                                                                                                                                                                                                                                                                                                <customfield id="customfield_12310222" key="com.atlassian.jira.ext.charting:timeinstatus">
                        <customfieldname>Time in Status</customfieldname>
                        <customfieldvalues>
                            
                        </customfieldvalues>
                    </customfield>
                                                                                                                        </customfields>
    </item>
</channel>
</rss>