<!-- 
RSS generated by JIRA (6.3.4#6332-sha1:51bc225ef474afe3128b2f66878477f322397b16) at Fri Dec 16 18:45:02 UTC 2016

It is possible to restrict the fields that are returned in this document by specifying the 'field' parameter in your request.
For example, to request only the issue key and summary add field=key&field=summary to the URL of your request.
For example:
https://issues.apache.org/jira/si/jira.issueviews:issue-xml/HBASE-523/HBASE-523.xml?field=key&amp;field=summary
-->
<rss version="0.92" >
<channel>
    <title>ASF JIRA</title>
    <link>https://issues.apache.org/jira</link>
    <description>This file is an XML representation of an issue</description>
    <language>en-uk</language>    <build-info>
        <version>6.3.4</version>
        <build-number>6332</build-number>
        <build-date>15-08-2014</build-date>
    </build-info>

<item>
            <title>[HBASE-523] package-level javadoc should have example client</title>
                <link>https://issues.apache.org/jira/browse/HBASE-523</link>
                <project id="12310753" key="HBASE">HBase</project>
                    <description>&lt;p&gt;Package-level javadoc should have example client or at least point at the FAQ that ties to package release.&lt;br/&gt;
For example, the BatchUpdate example code appears in the FAQ sample code, but it is missing in the javadoc.&lt;br/&gt;
It will be better to tie the example code snippet with the new methods that replaces the deprecated methods which &lt;br/&gt;
will also be tied to release in the javadoc.&lt;/p&gt;
</description>
                <environment>&lt;p&gt;Applies to all platform&lt;/p&gt;</environment>
        <key id="12391672">HBASE-523</key>
            <summary>package-level javadoc should have example client</summary>
                <type id="5" iconUrl="https://issues.apache.org/jira/images/icons/issuetypes/improvement.png">Wish</type>
                                            <priority id="1" iconUrl="https://issues.apache.org/jira/images/icons/priorities/blocker.png">Blocker</priority>
                        <status id="6" iconUrl="https://issues.apache.org/jira/images/icons/statuses/closed.png" description="The issue is considered finished, the resolution is correct. Issues which are closed can be reopened.">Closed</status>
                    <statusCategory id="3" key="done" colorName="green"/>
                                    <resolution id="1">Fixed</resolution>
                                        <assignee username="bryanduxbury">Bryan Duxbury</assignee>
                                    <reporter username="bryanduxbury">Bryan Duxbury</reporter>
                        <labels>
                    </labels>
                <created>Mon, 17 Mar 2008 19:16:19 +0000</created>
                <updated>Fri, 22 Aug 2008 21:13:11 +0000</updated>
                            <resolved>Tue, 8 Apr 2008 22:22:00 +0000</resolved>
                                    <version>0.2.0</version>
                                    <fixVersion>0.2.0</fixVersion>
                                    <component>documentation</component>
                        <due></due>
                            <votes>0</votes>
                                    <watches>0</watches>
                                    <timeoriginalestimate seconds="7200">2h</timeoriginalestimate>
                            <timeestimate seconds="7200">2h</timeestimate>
                                        <comments>
                            <comment id="12581317" author="bryanduxbury" created="Sun, 23 Mar 2008 02:23:02 +0000"  >&lt;p&gt;This patch adds sample API usage to the javadoc overview that is in sync with the changes to BatchUpdate and also contains the sample usage that we would need for &lt;a href=&quot;https://issues.apache.org/jira/browse/HBASE-521&quot; title=&quot;Improve client scanner interface&quot; class=&quot;issue-link&quot; data-issue-key=&quot;HBASE-521&quot;&gt;&lt;del&gt;HBASE-521&lt;/del&gt;&lt;/a&gt;, when it gets applied.&lt;/p&gt;</comment>
                            <comment id="12581318" author="bryanduxbury" created="Sun, 23 Mar 2008 02:23:54 +0000"  >&lt;p&gt;The version of the patch I&apos;ve posted is reliant on 521 being applied to make any sense.&lt;/p&gt;</comment>
                            <comment id="12581582" author="stack" created="Mon, 24 Mar 2008 16:05:28 +0000"  >&lt;p&gt;Patch looks fine.  Go ahead and apply (Check for javadoc warnings first).&lt;/p&gt;</comment>
                            <comment id="12586990" author="bryanduxbury" created="Tue, 8 Apr 2008 22:22:00 +0000"  >&lt;p&gt;Committed to trunk.&lt;/p&gt;</comment>
                    </comments>
                <issuelinks>
                            <issuelinktype id="10032">
                    <name>Blocker</name>
                                                                <inwardlinks description="is blocked by">
                                        <issuelink>
            <issuekey id="12391664">HBASE-521</issuekey>
        </issuelink>
                            </inwardlinks>
                                    </issuelinktype>
                            <issuelinktype id="10020">
                    <name>Cloners</name>
                                            <outwardlinks description="is a clone of">
                                        <issuelink>
            <issuekey id="12389942">HBASE-482</issuekey>
        </issuelink>
                            </outwardlinks>
                                                        </issuelinktype>
                    </issuelinks>
                <attachments>
                            <attachment id="12378446" name="523.patch" size="5761" author="bryanduxbury" created="Sun, 23 Mar 2008 02:23:02 +0000"/>
                    </attachments>
                <subtasks>
                    </subtasks>
                <customfields>
                                                <customfield id="customfield_12310310" key="com.atlassian.jira.toolkit:attachments">
                        <customfieldname>Attachment count</customfieldname>
                        <customfieldvalues>
                            <customfieldvalue>1.0</customfieldvalue>
                        </customfieldvalues>
                    </customfield>
                                                                                                                                                                                                                                                                                                                                                                                                                                                                                                                                <customfield id="customfield_12310220" key="com.atlassian.jira.ext.charting:firstresponsedate">
                        <customfieldname>Date of First Response</customfieldname>
                        <customfieldvalues>
                            <customfieldvalue>Mon, 24 Mar 2008 16:05:28 +0000</customfieldvalue>

                        </customfieldvalues>
                    </customfield>
                                                                                                                                                                                                                                                                                                                                                                                                                                            <customfield id="customfield_12310420" key="com.pyxis.greenhopper.jira:gh-global-rank">
                        <customfieldname>Global Rank</customfieldname>
                        <customfieldvalues>
                            <customfieldvalue>31742</customfieldvalue>
                        </customfieldvalues>
                    </customfield>
                                                                                                                                                    <customfield id="customfield_12312521" key="com.atlassian.jira.toolkit:LastCommentDate">
                        <customfieldname>Last public comment date</customfieldname>
                        <customfieldvalues>
                            8 years, 37 weeks, 2 days ago
                        </customfieldvalues>
                    </customfield>
                                                                                            <customfield id="customfield_12311820" key="com.pyxis.greenhopper.jira:gh-lexo-rank">
                        <customfieldname>Rank</customfieldname>
                        <customfieldvalues>
                            <customfieldvalue>0|i0h7tj:</customfieldvalue>

                        </customfieldvalues>
                    </customfield>
                                                                <customfield id="customfield_12310920" key="com.pyxis.greenhopper.jira:gh-global-rank">
                        <customfieldname>Rank (Obsolete)</customfieldname>
                        <customfieldvalues>
                            <customfieldvalue>98529</customfieldvalue>
                        </customfieldvalues>
                    </customfield>
                                                                                                                                                                                                                                                                                                <customfield id="customfield_12310222" key="com.atlassian.jira.ext.charting:timeinstatus">
                        <customfieldname>Time in Status</customfieldname>
                        <customfieldvalues>
                            
                        </customfieldvalues>
                    </customfield>
                                                                                                                        </customfields>
    </item>
</channel>
</rss>