<!-- 
RSS generated by JIRA (6.3.4#6332-sha1:51bc225ef474afe3128b2f66878477f322397b16) at Fri Dec 16 18:42:01 UTC 2016

It is possible to restrict the fields that are returned in this document by specifying the 'field' parameter in your request.
For example, to request only the issue key and summary add field=key&field=summary to the URL of your request.
For example:
https://issues.apache.org/jira/si/jira.issueviews:issue-xml/HBASE-203/HBASE-203.xml?field=key&amp;field=summary
-->
<rss version="0.92" >
<channel>
    <title>ASF JIRA</title>
    <link>https://issues.apache.org/jira</link>
    <description>This file is an XML representation of an issue</description>
    <language>en-uk</language>    <build-info>
        <version>6.3.4</version>
        <build-number>6332</build-number>
        <build-date>15-08-2014</build-date>
    </build-info>

<item>
            <title>[HBASE-203] hbase not spliting when the total size of region reaches max region size * 1.5</title>
                <link>https://issues.apache.org/jira/browse/HBASE-203</link>
                <project id="12310753" key="HBASE">HBase</project>
                    <description>&lt;p&gt;right now a region may get larger then the max size set in the conf &lt;/p&gt;

&lt;p&gt;HRegion.needsSplit&lt;/p&gt;

&lt;p&gt;Checks the largest column to see if its larger then max region size * 1.5 and then desides to split or not &lt;/p&gt;

&lt;p&gt;But  if we have more then one column the region could be vary large&lt;br/&gt;
example&lt;/p&gt;

&lt;p&gt;Say we have 10 columns all about the same size lets say 40MB and the max file size is 64MB we would not split even thought the region size is 400MB well over the 96MB needed to trip a split to happen.&lt;/p&gt;</description>
                <environment></environment>
        <key id="12386317">HBASE-203</key>
            <summary>hbase not spliting when the total size of region reaches max region size * 1.5</summary>
                <type id="1" iconUrl="https://issues.apache.org/jira/images/icons/issuetypes/bug.png">Bug</type>
                                            <priority id="4" iconUrl="https://issues.apache.org/jira/images/icons/priorities/minor.png">Minor</priority>
                        <status id="6" iconUrl="https://issues.apache.org/jira/images/icons/statuses/closed.png" description="The issue is considered finished, the resolution is correct. Issues which are closed can be reopened.">Closed</status>
                    <statusCategory id="3" key="done" colorName="green"/>
                                    <resolution id="1">Fixed</resolution>
                                        <assignee username="-1">Unassigned</assignee>
                                    <reporter username="viper799">Billy Pearson</reporter>
                        <labels>
                    </labels>
                <created>Tue, 15 Jan 2008 22:45:20 +0000</created>
                <updated>Fri, 22 Aug 2008 21:34:55 +0000</updated>
                            <resolved>Fri, 18 Jan 2008 19:28:04 +0000</resolved>
                                                                        <due></due>
                            <votes>0</votes>
                                    <watches>0</watches>
                                                                <comments>
                            <comment id="12560047" author="stack" created="Thu, 17 Jan 2008 19:26:10 +0000"  >&lt;p&gt;Jim makes the point that the config. is actually the size of any one HStore HStoreFile.  Reading the description, I can see that it could be interpreted as region size.  Lets fix that at least as part of this issue.&lt;/p&gt;</comment>
                            <comment id="12560513" author="jimk" created="Fri, 18 Jan 2008 19:28:04 +0000"  >&lt;p&gt;Clarified documentation. Committed with changes for &lt;a href=&quot;https://issues.apache.org/jira/browse/HBASE-95&quot; title=&quot;Same 2 lines repeated 11 million times in HMaster log upon HMaster shutdown&quot; class=&quot;issue-link&quot; data-issue-key=&quot;HBASE-95&quot;&gt;&lt;del&gt;HADOOP-2525&lt;/del&gt;&lt;/a&gt;&lt;/p&gt;</comment>
                    </comments>
                    <attachments>
                    </attachments>
                <subtasks>
                    </subtasks>
                <customfields>
                                                <customfield id="customfield_12310310" key="com.atlassian.jira.toolkit:attachments">
                        <customfieldname>Attachment count</customfieldname>
                        <customfieldvalues>
                            <customfieldvalue>0.0</customfieldvalue>
                        </customfieldvalues>
                    </customfield>
                                                                                                                                                                                                                                                                                                                                                                                                                                                                                                                                <customfield id="customfield_12310220" key="com.atlassian.jira.ext.charting:firstresponsedate">
                        <customfieldname>Date of First Response</customfieldname>
                        <customfieldvalues>
                            <customfieldvalue>Thu, 17 Jan 2008 19:26:10 +0000</customfieldvalue>

                        </customfieldvalues>
                    </customfield>
                                                                                                                                                                                                                                                                                                                                                                                                                                            <customfield id="customfield_12310420" key="com.pyxis.greenhopper.jira:gh-global-rank">
                        <customfieldname>Global Rank</customfieldname>
                        <customfieldvalues>
                            <customfieldvalue>24987</customfieldvalue>
                        </customfieldvalues>
                    </customfield>
                                                                                                                                                    <customfield id="customfield_12312521" key="com.atlassian.jira.toolkit:LastCommentDate">
                        <customfieldname>Last public comment date</customfieldname>
                        <customfieldvalues>
                            8 years, 48 weeks, 6 days ago
                        </customfieldvalues>
                    </customfield>
                                                                                            <customfield id="customfield_12311820" key="com.pyxis.greenhopper.jira:gh-lexo-rank">
                        <customfieldname>Rank</customfieldname>
                        <customfieldvalues>
                            <customfieldvalue>0|i0h5en:</customfieldvalue>

                        </customfieldvalues>
                    </customfield>
                                                                <customfield id="customfield_12310920" key="com.pyxis.greenhopper.jira:gh-global-rank">
                        <customfieldname>Rank (Obsolete)</customfieldname>
                        <customfieldvalues>
                            <customfieldvalue>98138</customfieldvalue>
                        </customfieldvalues>
                    </customfield>
                                                                                                                                                                                                                                                                                                <customfield id="customfield_12310222" key="com.atlassian.jira.ext.charting:timeinstatus">
                        <customfieldname>Time in Status</customfieldname>
                        <customfieldvalues>
                            
                        </customfieldvalues>
                    </customfield>
                                                                                                                        </customfields>
    </item>
</channel>
</rss>