<!-- 
RSS generated by JIRA (6.3.4#6332-sha1:51bc225ef474afe3128b2f66878477f322397b16) at Fri Dec 16 18:41:37 UTC 2016

It is possible to restrict the fields that are returned in this document by specifying the 'field' parameter in your request.
For example, to request only the issue key and summary add field=key&field=summary to the URL of your request.
For example:
https://issues.apache.org/jira/si/jira.issueviews:issue-xml/HBASE-162/HBASE-162.xml?field=key&amp;field=summary
-->
<rss version="0.92" >
<channel>
    <title>ASF JIRA</title>
    <link>https://issues.apache.org/jira</link>
    <description>This file is an XML representation of an issue</description>
    <language>en-uk</language>    <build-info>
        <version>6.3.4</version>
        <build-number>6332</build-number>
        <build-date>15-08-2014</build-date>
    </build-info>

<item>
            <title>[HBASE-162] [hbase] client side retries happen at the wrong level</title>
                <link>https://issues.apache.org/jira/browse/HBASE-162</link>
                <project id="12310753" key="HBASE">HBase</project>
                    <description>&lt;p&gt;Currently client side retries are handled by HConnectionManager$TableServers.scanOneMetaRegion. This is ok for regions that have never been on-line, because they won&apos;t be found in the meta table.&lt;/p&gt;

&lt;p&gt;However, for regions that have been on-line and have gone off-line (for a region split for example) there are entries in the meta table for the table being found, but they are incorrect.&lt;/p&gt;

&lt;p&gt;In the latter case, the scan of the meta table succeeded, but the new regions are not yet on-line. If any retries are done, they are done without any wait period. For example:&lt;/p&gt;

&lt;div class=&quot;code panel&quot; style=&quot;border-width: 1px;&quot;&gt;&lt;div class=&quot;codeContent panelContent&quot;&gt;
&lt;pre class=&quot;code-java&quot;&gt;2007-12-03 05:57:30,433 INFO  [RegionServer:0.splitter] org.apache.hadoop.hbase.HRegion.needsSplit(HRegion.java:657): Splitting mrtest,,1196661378142 because largest aggregate size is 815.3k and desired size is 256.0k
2007-12-03 05:57:30,436 DEBUG [RegionServer:0.splitter] org.apache.hadoop.hbase.HRegionServer$Splitter.closing(HRegionServer.java:217): mrtest,,1196661378142 closing (Adding to retiringRegions)
2007-12-03 05:57:30,436 DEBUG [RegionServer:0.splitter] org.apache.hadoop.hbase.HRegion.snapshotMemcaches(HRegion.java:828): Started memcache flush &lt;span class=&quot;code-keyword&quot;&gt;for&lt;/span&gt; region mrtest,,1196661378142. Size 35.9k
2007-12-03 05:57:30,702 DEBUG [RegionServer:0.cacheFlusher] org.apache.hadoop.hbase.HRegionServer$Flusher.run(HRegionServer.java:449): flushing region -ROOT-,,0
2007-12-03 05:57:30,702 DEBUG [RegionServer:0.cacheFlusher] org.apache.hadoop.hbase.HRegion.internalFlushcache(HRegion.java:882): Not flushing cache &lt;span class=&quot;code-keyword&quot;&gt;for&lt;/span&gt; region -ROOT-,,0: snapshotMemcaches() determined that there was nothing to &lt;span class=&quot;code-keyword&quot;&gt;do&lt;/span&gt;
2007-12-03 05:57:30,894 DEBUG [RegionServer:0.splitter] org.apache.hadoop.hbase.HStore.internalFlushCache(HStore.java:930): Added -1097746468/text/7689205514340304602 with sequence id 30021 and size 42.9k
2007-12-03 05:57:30,932 DEBUG [RegionServer:0.splitter] org.apache.hadoop.hbase.HStore.internalFlushCache(HStore.java:930): Added -1097746468/contents/6256958480029690533 with sequence id 30021 and size 110.0
2007-12-03 05:57:30,933 DEBUG [RegionServer:0.splitter] org.apache.hadoop.hbase.HRegion.internalFlushcache(HRegion.java:939): Finished memcache flush &lt;span class=&quot;code-keyword&quot;&gt;for&lt;/span&gt; region mrtest,,1196661378142 in 497ms, sequenceid=30021
2007-12-03 05:57:30,933 DEBUG [RegionServer:0.splitter] org.apache.hadoop.hbase.HStore.close(HStore.java:840): closed -1097746468/text
2007-12-03 05:57:30,934 DEBUG [RegionServer:0.splitter] org.apache.hadoop.hbase.HStore.close(HStore.java:840): closed -1097746468/contents
2007-12-03 05:57:30,934 INFO  [RegionServer:0.splitter] org.apache.hadoop.hbase.HRegion.close(HRegion.java:428): closed mrtest,,1196661378142
2007-12-03 05:57:30,934 DEBUG [RegionServer:0.splitter] org.apache.hadoop.hbase.HRegionServer$Splitter.closed(HRegionServer.java:231): mrtest,,1196661378142 closed
2007-12-03 05:57:31,924 DEBUG [RegionServer:0.splitter] org.apache.hadoop.hbase.HStore.&amp;lt;init&amp;gt;(HStore.java:581): starting -730914122/contents (no reconstruction log)
2007-12-03 05:57:31,964 DEBUG [RegionServer:0.splitter] org.apache.hadoop.hbase.HStore.&amp;lt;init&amp;gt;(HStore.java:617): maximum sequence id &lt;span class=&quot;code-keyword&quot;&gt;for&lt;/span&gt; hstore -730914122/contents is 30021
2007-12-03 05:57:31,979 DEBUG [RegionServer:0.splitter] org.apache.hadoop.hbase.HStore.&amp;lt;init&amp;gt;(HStore.java:581): starting -730914122/text (no reconstruction log)
2007-12-03 05:57:31,996 DEBUG [RegionServer:0.splitter] org.apache.hadoop.hbase.HStore.&amp;lt;init&amp;gt;(HStore.java:617): maximum sequence id &lt;span class=&quot;code-keyword&quot;&gt;for&lt;/span&gt; hstore -730914122/text is 30021
2007-12-03 05:57:32,856 INFO  [HMaster.rootScanner] org.apache.hadoop.hbase.HMaster$BaseScanner.scanRegion(HMaster.java:212): HMaster.rootScanner scanning meta region regionname: -ROOT-,,0, startKey: &amp;lt;&amp;gt;, server: 140.211.11.75:47137}
2007-12-03 05:57:33,479 WARN  [Task Commit &lt;span class=&quot;code-object&quot;&gt;Thread&lt;/span&gt;] org.apache.hadoop.mapred.JobTracker$TaskCommitQueue.run(JobTracker.java:2011): Task Commit &lt;span class=&quot;code-object&quot;&gt;Thread&lt;/span&gt; exiting...
2007-12-03 05:57:33,481 ERROR [IPC Server handler 3 on 47137] org.apache.hadoop.hbase.HRegionServer.openScanner(HRegionServer.java:1378): Error opening scanner (fsOk: &lt;span class=&quot;code-keyword&quot;&gt;true&lt;/span&gt;)
org.apache.hadoop.hbase.NotServingRegionException: mrtest,,1196661378142
	at org.apache.hadoop.hbase.HRegionServer.getRegion(HRegionServer.java:1510)
	at org.apache.hadoop.hbase.HRegionServer.getRegion(HRegionServer.java:1482)
	at org.apache.hadoop.hbase.HRegionServer.openScanner(HRegionServer.java:1365)
	at sun.reflect.GeneratedMethodAccessor20.invoke(Unknown Source)
	at sun.reflect.DelegatingMethodAccessorImpl.invoke(DelegatingMethodAccessorImpl.java:25)
	at java.lang.reflect.Method.invoke(Method.java:585)
	at org.apache.hadoop.ipc.RPC$Server.call(RPC.java:379)
	at org.apache.hadoop.ipc.Server$Handler.run(Server.java:596)
2007-12-03 05:57:33,485 DEBUG [RegionServer:0.splitter] org.apache.hadoop.hbase.HRegion.&amp;lt;init&amp;gt;(HRegion.java:299): Next sequence id &lt;span class=&quot;code-keyword&quot;&gt;for&lt;/span&gt; region mrtest,,1196661450435 is 30022
2007-12-03 05:57:33,486 INFO  [RegionServer:0.splitter] org.apache.hadoop.hbase.HRegion.&amp;lt;init&amp;gt;(HRegion.java:327): region mrtest,,1196661450435 available
2007-12-03 05:57:33,487 DEBUG [main] org.apache.hadoop.hbase.HTable$ClientScanner.nextScanner(HTable.java:944): reloading table servers because: org.apache.hadoop.hbase.NotServingRegionException: mrtest,,1196661378142
	at org.apache.hadoop.hbase.HRegionServer.getRegion(HRegionServer.java:1510)
	at org.apache.hadoop.hbase.HRegionServer.getRegion(HRegionServer.java:1482)
	at org.apache.hadoop.hbase.HRegionServer.openScanner(HRegionServer.java:1365)
	at sun.reflect.GeneratedMethodAccessor20.invoke(Unknown Source)
	at sun.reflect.DelegatingMethodAccessorImpl.invoke(DelegatingMethodAccessorImpl.java:25)
	at java.lang.reflect.Method.invoke(Method.java:585)
	at org.apache.hadoop.ipc.RPC$Server.call(RPC.java:379)
	at org.apache.hadoop.ipc.Server$Handler.run(Server.java:596)

2007-12-03 05:57:33,487 DEBUG [main] org.apache.hadoop.hbase.HConnectionManager$TableServers.findServersForTable(HConnectionManager.java:427): Wiping out all we know of mrtest
2007-12-03 05:57:33,488 DEBUG [HMaster.rootScanner] org.apache.hadoop.hbase.HMaster$BaseScanner.scanRegion(HMaster.java:248): HMaster.rootScanner scanner: -5727235478161864863 regioninfo: {regionname: .META.,,1, startKey: &amp;lt;&amp;gt;, tableDesc: {name: .META., families: {info:={name: info, max versions: 1, compression: NONE, in memory: &lt;span class=&quot;code-keyword&quot;&gt;false&lt;/span&gt;, max length: 2147483647, bloom filter: none}}}}, server: 140.211.11.75:47137, startCode: 1196661340435
2007-12-03 05:57:33,488 DEBUG [HMaster.rootScanner] org.apache.hadoop.hbase.HMaster$BaseScanner.checkAssigned(HMaster.java:451): Checking .META.,,1 is assigned
2007-12-03 05:57:33,490 INFO  [HMaster.rootScanner] org.apache.hadoop.hbase.HMaster$BaseScanner.scanRegion(HMaster.java:294): HMaster.rootScanner scan of meta region regionname: -ROOT-,,0, startKey: &amp;lt;&amp;gt;, server: 140.211.11.75:47137} complete
2007-12-03 05:57:33,494 DEBUG [RegionServer:0.splitter] org.apache.hadoop.hbase.HStore.&amp;lt;init&amp;gt;(HStore.java:581): starting -1599058941/contents (no reconstruction log)
2007-12-03 05:57:33,496 DEBUG [main] org.apache.hadoop.hbase.HConnectionManager$TableServers.scanOneMetaRegion(HConnectionManager.java:698): Found 2 servers &lt;span class=&quot;code-keyword&quot;&gt;for&lt;/span&gt; table mrtest
2007-12-03 05:57:33,497 DEBUG [main] org.apache.hadoop.hbase.HConnectionManager$TableServers.reloadTableServers(HConnectionManager.java:333): Result of findTable on mrtest: 0. address=140.211.11.75:47137, mrtest,,1196661378142 1. address=140.211.11.75:47137, mrtest,mwu~`@#$%^&amp;amp;*()-_+=:;&apos;,.&amp;lt;&amp;gt;/?[]{}|,1196661378142
2007-12-03 05:57:33,498 ERROR [IPC Server handler 1 on 47137] org.apache.hadoop.hbase.HRegionServer.openScanner(HRegionServer.java:1378): Error opening scanner (fsOk: &lt;span class=&quot;code-keyword&quot;&gt;true&lt;/span&gt;)
org.apache.hadoop.hbase.NotServingRegionException: mrtest,,1196661378142
	at org.apache.hadoop.hbase.HRegionServer.getRegion(HRegionServer.java:1510)
	at org.apache.hadoop.hbase.HRegionServer.getRegion(HRegionServer.java:1482)
	at org.apache.hadoop.hbase.HRegionServer.openScanner(HRegionServer.java:1365)
	at sun.reflect.GeneratedMethodAccessor20.invoke(Unknown Source)
	at sun.reflect.DelegatingMethodAccessorImpl.invoke(DelegatingMethodAccessorImpl.java:25)
	at java.lang.reflect.Method.invoke(Method.java:585)
	at org.apache.hadoop.ipc.RPC$Server.call(RPC.java:379)
	at org.apache.hadoop.ipc.Server$Handler.run(Server.java:596)
2007-12-03 05:57:33,500 DEBUG [main] org.apache.hadoop.hbase.HTable$ClientScanner.nextScanner(HTable.java:944): reloading table servers because: org.apache.hadoop.hbase.NotServingRegionException: mrtest,,1196661378142
	at org.apache.hadoop.hbase.HRegionServer.getRegion(HRegionServer.java:1510)
	at org.apache.hadoop.hbase.HRegionServer.getRegion(HRegionServer.java:1482)
	at org.apache.hadoop.hbase.HRegionServer.openScanner(HRegionServer.java:1365)
	at sun.reflect.GeneratedMethodAccessor20.invoke(Unknown Source)
	at sun.reflect.DelegatingMethodAccessorImpl.invoke(DelegatingMethodAccessorImpl.java:25)
	at java.lang.reflect.Method.invoke(Method.java:585)
	at org.apache.hadoop.ipc.RPC$Server.call(RPC.java:379)
	at org.apache.hadoop.ipc.Server$Handler.run(Server.java:596)

2007-12-03 05:57:33,501 DEBUG [main] org.apache.hadoop.hbase.HConnectionManager$TableServers.findServersForTable(HConnectionManager.java:427): Wiping out all we know of mrtest
2007-12-03 05:57:33,525 DEBUG [main] org.apache.hadoop.hbase.HConnectionManager$TableServers.scanOneMetaRegion(HConnectionManager.java:698): Found 2 servers &lt;span class=&quot;code-keyword&quot;&gt;for&lt;/span&gt; table mrtest
2007-12-03 05:57:33,526 DEBUG [main] org.apache.hadoop.hbase.HConnectionManager$TableServers.reloadTableServers(HConnectionManager.java:333): Result of findTable on mrtest: 0. address=140.211.11.75:47137, mrtest,,1196661378142 1. address=140.211.11.75:47137, mrtest,mwu~`@#$%^&amp;amp;*()-_+=:;&apos;,.&amp;lt;&amp;gt;/?[]{}|,1196661378142
2007-12-03 05:57:33,526 ERROR [IPC Server handler 4 on 47137] org.apache.hadoop.hbase.HRegionServer.openScanner(HRegionServer.java:1378): Error opening scanner (fsOk: &lt;span class=&quot;code-keyword&quot;&gt;true&lt;/span&gt;)
org.apache.hadoop.hbase.NotServingRegionException: mrtest,,1196661378142
	at org.apache.hadoop.hbase.HRegionServer.getRegion(HRegionServer.java:1510)
	at org.apache.hadoop.hbase.HRegionServer.getRegion(HRegionServer.java:1482)
	at org.apache.hadoop.hbase.HRegionServer.openScanner(HRegionServer.java:1365)
	at sun.reflect.GeneratedMethodAccessor20.invoke(Unknown Source)
	at sun.reflect.DelegatingMethodAccessorImpl.invoke(DelegatingMethodAccessorImpl.java:25)
	at java.lang.reflect.Method.invoke(Method.java:585)
	at org.apache.hadoop.ipc.RPC$Server.call(RPC.java:379)
	at org.apache.hadoop.ipc.Server$Handler.run(Server.java:596)
2007-12-03 05:57:33,528 DEBUG [RegionServer:0.splitter] org.apache.hadoop.hbase.HStore.&amp;lt;init&amp;gt;(HStore.java:617): maximum sequence id &lt;span class=&quot;code-keyword&quot;&gt;for&lt;/span&gt; hstore -1599058941/contents is 30021
2007-12-03 05:57:33,528 DEBUG [main] org.apache.hadoop.hbase.HTable$ClientScanner.nextScanner(HTable.java:944): reloading table servers because: org.apache.hadoop.hbase.NotServingRegionException: mrtest,,1196661378142
	at org.apache.hadoop.hbase.HRegionServer.getRegion(HRegionServer.java:1510)
	at org.apache.hadoop.hbase.HRegionServer.getRegion(HRegionServer.java:1482)
	at org.apache.hadoop.hbase.HRegionServer.openScanner(HRegionServer.java:1365)
	at sun.reflect.GeneratedMethodAccessor20.invoke(Unknown Source)
	at sun.reflect.DelegatingMethodAccessorImpl.invoke(DelegatingMethodAccessorImpl.java:25)
	at java.lang.reflect.Method.invoke(Method.java:585)
	at org.apache.hadoop.ipc.RPC$Server.call(RPC.java:379)
	at org.apache.hadoop.ipc.Server$Handler.run(Server.java:596)

2007-12-03 05:57:33,529 DEBUG [main] org.apache.hadoop.hbase.HConnectionManager$TableServers.findServersForTable(HConnectionManager.java:427): Wiping out all we know of mrtest
2007-12-03 05:57:33,537 DEBUG [main] org.apache.hadoop.hbase.HConnectionManager$TableServers.scanOneMetaRegion(HConnectionManager.java:698): Found 2 servers &lt;span class=&quot;code-keyword&quot;&gt;for&lt;/span&gt; table mrtest
2007-12-03 05:57:33,543 DEBUG [main] org.apache.hadoop.hbase.HConnectionManager$TableServers.reloadTableServers(HConnectionManager.java:333): Result of findTable on mrtest: 0. address=140.211.11.75:47137, mrtest,,1196661378142 1. address=140.211.11.75:47137, mrtest,mwu~`@#$%^&amp;amp;*()-_+=:;&apos;,.&amp;lt;&amp;gt;/?[]{}|,1196661378142
2007-12-03 05:57:33,544 ERROR [IPC Server handler 2 on 47137] org.apache.hadoop.hbase.HRegionServer.openScanner(HRegionServer.java:1378): Error opening scanner (fsOk: &lt;span class=&quot;code-keyword&quot;&gt;true&lt;/span&gt;)
org.apache.hadoop.hbase.NotServingRegionException: mrtest,,1196661378142
	at org.apache.hadoop.hbase.HRegionServer.getRegion(HRegionServer.java:1510)
	at org.apache.hadoop.hbase.HRegionServer.getRegion(HRegionServer.java:1482)
	at org.apache.hadoop.hbase.HRegionServer.openScanner(HRegionServer.java:1365)
	at sun.reflect.GeneratedMethodAccessor20.invoke(Unknown Source)
	at sun.reflect.DelegatingMethodAccessorImpl.invoke(DelegatingMethodAccessorImpl.java:25)
	at java.lang.reflect.Method.invoke(Method.java:585)
	at org.apache.hadoop.ipc.RPC$Server.call(RPC.java:379)
	at org.apache.hadoop.ipc.Server$Handler.run(Server.java:596)
2007-12-03 05:57:33,545 DEBUG [main] org.apache.hadoop.hbase.HTable$ClientScanner.nextScanner(HTable.java:944): reloading table servers because: org.apache.hadoop.hbase.NotServingRegionException: mrtest,,1196661378142
	at org.apache.hadoop.hbase.HRegionServer.getRegion(HRegionServer.java:1510)
	at org.apache.hadoop.hbase.HRegionServer.getRegion(HRegionServer.java:1482)
	at org.apache.hadoop.hbase.HRegionServer.openScanner(HRegionServer.java:1365)
	at sun.reflect.GeneratedMethodAccessor20.invoke(Unknown Source)
	at sun.reflect.DelegatingMethodAccessorImpl.invoke(DelegatingMethodAccessorImpl.java:25)
	at java.lang.reflect.Method.invoke(Method.java:585)
	at org.apache.hadoop.ipc.RPC$Server.call(RPC.java:379)
	at org.apache.hadoop.ipc.Server$Handler.run(Server.java:596)

2007-12-03 05:57:33,547 DEBUG [main] org.apache.hadoop.hbase.HConnectionManager$TableServers.findServersForTable(HConnectionManager.java:427): Wiping out all we know of mrtest
2007-12-03 05:57:33,548 DEBUG [RegionServer:0.splitter] org.apache.hadoop.hbase.HStore.&amp;lt;init&amp;gt;(HStore.java:581): starting -1599058941/text (no reconstruction log)
2007-12-03 05:57:33,558 DEBUG [main] org.apache.hadoop.hbase.HConnectionManager$TableServers.scanOneMetaRegion(HConnectionManager.java:698): Found 2 servers &lt;span class=&quot;code-keyword&quot;&gt;for&lt;/span&gt; table mrtest
2007-12-03 05:57:33,559 DEBUG [main] org.apache.hadoop.hbase.HConnectionManager$TableServers.reloadTableServers(HConnectionManager.java:333): Result of findTable on mrtest: 0. address=140.211.11.75:47137, mrtest,,1196661378142 1. address=140.211.11.75:47137, mrtest,mwu~`@#$%^&amp;amp;*()-_+=:;&apos;,.&amp;lt;&amp;gt;/?[]{}|,1196661378142
2007-12-03 05:57:33,560 ERROR [IPC Server handler 0 on 47137] org.apache.hadoop.hbase.HRegionServer.openScanner(HRegionServer.java:1378): Error opening scanner (fsOk: &lt;span class=&quot;code-keyword&quot;&gt;true&lt;/span&gt;)
org.apache.hadoop.hbase.NotServingRegionException: mrtest,,1196661378142
	at org.apache.hadoop.hbase.HRegionServer.getRegion(HRegionServer.java:1510)
	at org.apache.hadoop.hbase.HRegionServer.getRegion(HRegionServer.java:1482)
	at org.apache.hadoop.hbase.HRegionServer.openScanner(HRegionServer.java:1365)
	at sun.reflect.GeneratedMethodAccessor20.invoke(Unknown Source)
	at sun.reflect.DelegatingMethodAccessorImpl.invoke(DelegatingMethodAccessorImpl.java:25)
	at java.lang.reflect.Method.invoke(Method.java:585)
	at org.apache.hadoop.ipc.RPC$Server.call(RPC.java:379)
	at org.apache.hadoop.ipc.Server$Handler.run(Server.java:596)
&lt;/pre&gt;
&lt;/div&gt;&lt;/div&gt;

&lt;p&gt;Note that the split starts at 05:57:30,433 and the last retry attempt is at 05:57:33,560, hardly the 5 * 10 seconds configured for TestTableMapReduce.&lt;/p&gt;

&lt;p&gt;Moving the retry logic to findServersForTable would handle both the cases described above.&lt;/p&gt;</description>
                <environment></environment>
        <key id="12383770">HBASE-162</key>
            <summary>[hbase] client side retries happen at the wrong level</summary>
                <type id="1" iconUrl="https://issues.apache.org/jira/images/icons/issuetypes/bug.png">Bug</type>
                                            <priority id="3" iconUrl="https://issues.apache.org/jira/images/icons/priorities/major.png">Major</priority>
                        <status id="6" iconUrl="https://issues.apache.org/jira/images/icons/statuses/closed.png" description="The issue is considered finished, the resolution is correct. Issues which are closed can be reopened.">Closed</status>
                    <statusCategory id="3" key="done" colorName="green"/>
                                    <resolution id="1">Fixed</resolution>
                                        <assignee username="-1">Unassigned</assignee>
                                    <reporter username="jimk">Jim Kellerman</reporter>
                        <labels>
                    </labels>
                <created>Mon, 3 Dec 2007 07:19:35 +0000</created>
                <updated>Fri, 22 Aug 2008 21:34:50 +0000</updated>
                            <resolved>Tue, 4 Dec 2007 22:19:31 +0000</resolved>
                                                                        <due></due>
                            <votes>0</votes>
                                    <watches>0</watches>
                                                                <comments>
                            <comment id="12548416" author="hadoopqa" created="Tue, 4 Dec 2007 21:35:43 +0000"  >&lt;p&gt;+1 overall.  Here are the results of testing the latest attachment &lt;br/&gt;
&lt;a href=&quot;http://issues.apache.org/jira/secure/attachment/12370969/patch.txt&quot; class=&quot;external-link&quot; rel=&quot;nofollow&quot;&gt;http://issues.apache.org/jira/secure/attachment/12370969/patch.txt&lt;/a&gt;&lt;br/&gt;
against trunk revision r601038.&lt;/p&gt;

&lt;p&gt;    @author +1.  The patch does not contain any @author tags.&lt;/p&gt;

&lt;p&gt;    javadoc +1.  The javadoc tool did not generate any warning messages.&lt;/p&gt;

&lt;p&gt;    javac +1.  The applied patch does not generate any new compiler warnings.&lt;/p&gt;

&lt;p&gt;    findbugs +1.  The patch does not introduce any new Findbugs warnings.&lt;/p&gt;

&lt;p&gt;    core tests +1.  The patch passed core unit tests.&lt;/p&gt;

&lt;p&gt;    contrib tests +1.  The patch passed contrib unit tests.&lt;/p&gt;

&lt;p&gt;Test results: &lt;a href=&quot;http://lucene.zones.apache.org:8080/hudson/job/Hadoop-Patch/1260/testReport/&quot; class=&quot;external-link&quot; rel=&quot;nofollow&quot;&gt;http://lucene.zones.apache.org:8080/hudson/job/Hadoop-Patch/1260/testReport/&lt;/a&gt;&lt;br/&gt;
Findbugs warnings: &lt;a href=&quot;http://lucene.zones.apache.org:8080/hudson/job/Hadoop-Patch/1260/artifact/trunk/build/test/findbugs/newPatchFindbugsWarnings.html&quot; class=&quot;external-link&quot; rel=&quot;nofollow&quot;&gt;http://lucene.zones.apache.org:8080/hudson/job/Hadoop-Patch/1260/artifact/trunk/build/test/findbugs/newPatchFindbugsWarnings.html&lt;/a&gt;&lt;br/&gt;
Checkstyle results: &lt;a href=&quot;http://lucene.zones.apache.org:8080/hudson/job/Hadoop-Patch/1260/artifact/trunk/build/test/checkstyle-errors.html&quot; class=&quot;external-link&quot; rel=&quot;nofollow&quot;&gt;http://lucene.zones.apache.org:8080/hudson/job/Hadoop-Patch/1260/artifact/trunk/build/test/checkstyle-errors.html&lt;/a&gt;&lt;br/&gt;
Console output: &lt;a href=&quot;http://lucene.zones.apache.org:8080/hudson/job/Hadoop-Patch/1260/console&quot; class=&quot;external-link&quot; rel=&quot;nofollow&quot;&gt;http://lucene.zones.apache.org:8080/hudson/job/Hadoop-Patch/1260/console&lt;/a&gt;&lt;/p&gt;

&lt;p&gt;This message is automatically generated.&lt;/p&gt;</comment>
                            <comment id="12548437" author="jimk" created="Tue, 4 Dec 2007 22:19:31 +0000"  >&lt;p&gt;Tests passed. Committed.&lt;/p&gt;</comment>
                    </comments>
                    <attachments>
                            <attachment id="12370969" name="patch.txt" size="30918" author="jimk" created="Tue, 4 Dec 2007 20:27:39 +0000"/>
                    </attachments>
                <subtasks>
                    </subtasks>
                <customfields>
                                                <customfield id="customfield_12310310" key="com.atlassian.jira.toolkit:attachments">
                        <customfieldname>Attachment count</customfieldname>
                        <customfieldvalues>
                            <customfieldvalue>1.0</customfieldvalue>
                        </customfieldvalues>
                    </customfield>
                                                                                                                                                                                                                                                                                                                                                                                                                                                                                                                                <customfield id="customfield_12310220" key="com.atlassian.jira.ext.charting:firstresponsedate">
                        <customfieldname>Date of First Response</customfieldname>
                        <customfieldvalues>
                            <customfieldvalue>Tue, 4 Dec 2007 21:35:43 +0000</customfieldvalue>

                        </customfieldvalues>
                    </customfield>
                                                                                                                                                                                                                                                                                                                                                                                                                                            <customfield id="customfield_12310420" key="com.pyxis.greenhopper.jira:gh-global-rank">
                        <customfieldname>Global Rank</customfieldname>
                        <customfieldvalues>
                            <customfieldvalue>24946</customfieldvalue>
                        </customfieldvalues>
                    </customfield>
                                                                                                                                                    <customfield id="customfield_12312521" key="com.atlassian.jira.toolkit:LastCommentDate">
                        <customfieldname>Last public comment date</customfieldname>
                        <customfieldvalues>
                            9 years, 3 weeks, 2 days ago
                        </customfieldvalues>
                    </customfield>
                                                                                            <customfield id="customfield_12311820" key="com.pyxis.greenhopper.jira:gh-lexo-rank">
                        <customfieldname>Rank</customfieldname>
                        <customfieldvalues>
                            <customfieldvalue>0|i0h4zj:</customfieldvalue>

                        </customfieldvalues>
                    </customfield>
                                                                <customfield id="customfield_12310920" key="com.pyxis.greenhopper.jira:gh-global-rank">
                        <customfieldname>Rank (Obsolete)</customfieldname>
                        <customfieldvalues>
                            <customfieldvalue>98070</customfieldvalue>
                        </customfieldvalues>
                    </customfield>
                                                                                                                                                                                                                                                                                                <customfield id="customfield_12310222" key="com.atlassian.jira.ext.charting:timeinstatus">
                        <customfieldname>Time in Status</customfieldname>
                        <customfieldvalues>
                            
                        </customfieldvalues>
                    </customfield>
                                                                                                                        </customfields>
    </item>
</channel>
</rss>