<!-- 
RSS generated by JIRA (6.3.4#6332-sha1:51bc225ef474afe3128b2f66878477f322397b16) at Fri Dec 16 18:42:35 UTC 2016

It is possible to restrict the fields that are returned in this document by specifying the 'field' parameter in your request.
For example, to request only the issue key and summary add field=key&field=summary to the URL of your request.
For example:
https://issues.apache.org/jira/si/jira.issueviews:issue-xml/HBASE-265/HBASE-265.xml?field=key&amp;field=summary
-->
<rss version="0.92" >
<channel>
    <title>ASF JIRA</title>
    <link>https://issues.apache.org/jira</link>
    <description>This file is an XML representation of an issue</description>
    <language>en-uk</language>    <build-info>
        <version>6.3.4</version>
        <build-number>6332</build-number>
        <build-date>15-08-2014</build-date>
    </build-info>

<item>
            <title>[HBASE-265] HBase tests fail because MiniDFSCluster is not starting</title>
                <link>https://issues.apache.org/jira/browse/HBASE-265</link>
                <project id="12310753" key="HBASE">HBase</project>
                    <description>&lt;p&gt;The MiniDFSCluster used in many test cases is failing to start which causes test cases to fail.&lt;/p&gt;

&lt;p&gt;    &lt;span class=&quot;error&quot;&gt;&amp;#91;junit&amp;#93;&lt;/span&gt; 07/07/18 09:56:30 INFO dfs.Storage: Storage directory /home/jim/Documents/workspace/hadoop-commit/build/contrib/hbase/test/data/dfs/name1 has been successfully formatted.&lt;br/&gt;
    &lt;span class=&quot;error&quot;&gt;&amp;#91;junit&amp;#93;&lt;/span&gt; 07/07/18 09:56:30 INFO dfs.Storage: Storage directory /home/jim/Documents/workspace/hadoop-commit/build/contrib/hbase/test/data/dfs/name2 has been successfully formatted.&lt;br/&gt;
    &lt;span class=&quot;error&quot;&gt;&amp;#91;junit&amp;#93;&lt;/span&gt; 07/07/18 09:56:30 INFO dfs.NameNode: Namenode up at: vermin.localdomain/127.0.0.1:46160&lt;br/&gt;
    &lt;span class=&quot;error&quot;&gt;&amp;#91;junit&amp;#93;&lt;/span&gt; 07/07/18 09:56:30 INFO jvm.JvmMetrics: Initializing JVM Metrics with processName=NameNode, sessionId=null&lt;br/&gt;
    &lt;span class=&quot;error&quot;&gt;&amp;#91;junit&amp;#93;&lt;/span&gt; 07/07/18 09:56:30 INFO ipc.Server: Stopping server on 46160&lt;br/&gt;
    &lt;span class=&quot;error&quot;&gt;&amp;#91;junit&amp;#93;&lt;/span&gt; 07/07/18 09:56:30 ERROR hbase.MiniHBaseCluster: Failed setup of mini dfs cluster&lt;br/&gt;
    &lt;span class=&quot;error&quot;&gt;&amp;#91;junit&amp;#93;&lt;/span&gt; java.io.IOException: &lt;br/&gt;
    &lt;span class=&quot;error&quot;&gt;&amp;#91;junit&amp;#93;&lt;/span&gt;    Distributed upgrade for NameNode version -6 to current LV -6 is required.&lt;br/&gt;
    &lt;span class=&quot;error&quot;&gt;&amp;#91;junit&amp;#93;&lt;/span&gt;    Please restart NameNode with -upgrade option.&lt;br/&gt;
    &lt;span class=&quot;error&quot;&gt;&amp;#91;junit&amp;#93;&lt;/span&gt; 	at org.apache.hadoop.dfs.FSImage.verifyDistributedUpgradeProgress(FSImage.java:1059)&lt;br/&gt;
    &lt;span class=&quot;error&quot;&gt;&amp;#91;junit&amp;#93;&lt;/span&gt; 	at org.apache.hadoop.dfs.FSImage.recoverTransitionRead(FSImage.java:193)&lt;br/&gt;
    &lt;span class=&quot;error&quot;&gt;&amp;#91;junit&amp;#93;&lt;/span&gt; 	at org.apache.hadoop.dfs.FSDirectory.loadFSImage(FSDirectory.java:393)&lt;br/&gt;
    &lt;span class=&quot;error&quot;&gt;&amp;#91;junit&amp;#93;&lt;/span&gt; 	at org.apache.hadoop.dfs.FSNamesystem.&amp;lt;init&amp;gt;(FSNamesystem.java:248)&lt;br/&gt;
    &lt;span class=&quot;error&quot;&gt;&amp;#91;junit&amp;#93;&lt;/span&gt; 	at org.apache.hadoop.dfs.NameNode.init(NameNode.java:181)&lt;br/&gt;
    &lt;span class=&quot;error&quot;&gt;&amp;#91;junit&amp;#93;&lt;/span&gt; 	at org.apache.hadoop.dfs.NameNode.&amp;lt;init&amp;gt;(NameNode.java:219)&lt;br/&gt;
    &lt;span class=&quot;error&quot;&gt;&amp;#91;junit&amp;#93;&lt;/span&gt; 	at org.apache.hadoop.dfs.NameNode.createNameNode(NameNode.java:839)&lt;br/&gt;
    &lt;span class=&quot;error&quot;&gt;&amp;#91;junit&amp;#93;&lt;/span&gt; 	at org.apache.hadoop.dfs.MiniDFSCluster.&amp;lt;init&amp;gt;(MiniDFSCluster.java:133)&lt;br/&gt;
    &lt;span class=&quot;error&quot;&gt;&amp;#91;junit&amp;#93;&lt;/span&gt; 	at org.apache.hadoop.dfs.MiniDFSCluster.&amp;lt;init&amp;gt;(MiniDFSCluster.java:77)&lt;br/&gt;
    &lt;span class=&quot;error&quot;&gt;&amp;#91;junit&amp;#93;&lt;/span&gt; 	at org.apache.hadoop.hbase.MiniHBaseCluster.&amp;lt;init&amp;gt;(MiniHBaseCluster.java:116)&lt;br/&gt;
    &lt;span class=&quot;error&quot;&gt;&amp;#91;junit&amp;#93;&lt;/span&gt; 	at org.apache.hadoop.hbase.MiniHBaseCluster.&amp;lt;init&amp;gt;(MiniHBaseCluster.java:73)&lt;br/&gt;
    &lt;span class=&quot;error&quot;&gt;&amp;#91;junit&amp;#93;&lt;/span&gt; 	at org.apache.hadoop.hbase.HBaseClusterTestCase.setUp(HBaseClusterTestCase.java:59)&lt;/p&gt;</description>
                <environment></environment>
        <key id="12374092">HBASE-265</key>
            <summary>HBase tests fail because MiniDFSCluster is not starting</summary>
                <type id="1" iconUrl="https://issues.apache.org/jira/images/icons/issuetypes/bug.png">Bug</type>
                                            <priority id="1" iconUrl="https://issues.apache.org/jira/images/icons/priorities/blocker.png">Blocker</priority>
                        <status id="6" iconUrl="https://issues.apache.org/jira/images/icons/statuses/closed.png" description="The issue is considered finished, the resolution is correct. Issues which are closed can be reopened.">Closed</status>
                    <statusCategory id="3" key="done" colorName="green"/>
                                    <resolution id="5">Cannot Reproduce</resolution>
                                        <assignee username="-1">Unassigned</assignee>
                                    <reporter username="jimk">Jim Kellerman</reporter>
                        <labels>
                    </labels>
                <created>Wed, 18 Jul 2007 17:16:02 +0000</created>
                <updated>Mon, 4 Feb 2008 18:41:23 +0000</updated>
                            <resolved>Thu, 19 Jul 2007 19:29:40 +0000</resolved>
                                                                        <due></due>
                            <votes>0</votes>
                                    <watches>0</watches>
                                                                <comments>
                            <comment id="12513644" author="nidaley" created="Wed, 18 Jul 2007 17:24:37 +0000"  >&lt;p&gt;Marking this a 14 blocker.  We&apos;ve got to have stable unit tests on the 0.14 branch.&lt;/p&gt;</comment>
                            <comment id="12513647" author="nidaley" created="Wed, 18 Jul 2007 17:27:17 +0000"  >&lt;p&gt;Looks like a NameNode issue.  Konstantine, can you take a look and update the component if necessary?&lt;/p&gt;</comment>
                            <comment id="12513961" author="rangadi" created="Thu, 19 Jul 2007 18:01:12 +0000"  >&lt;p&gt;Jim,&lt;/p&gt;

&lt;p&gt;Could you check if you get this error again? Initially  I thought this trace was from automated builds, which checkout from scratch. The fact that you have &apos;-6&apos; for FSConstants.LAYOUT_VERSION in the message seems to indicates not all files are compiled by ant after your &apos;svn update&apos;. Could you do a &apos;ant clean test&apos; to check if you see this again.  The trunk since 17th should have FSConstants.LAYOUT_VERSION of -7.&lt;/p&gt;

&lt;p&gt;I agree the message is confusing in this  case. But this is more likely result of files from different SVN revisions. I ran &apos;ant test&apos; again and only test that failed was TestSymLink.&lt;/p&gt;
</comment>
                            <comment id="12513980" author="jimk" created="Thu, 19 Jul 2007 19:29:40 +0000"  >&lt;p&gt;Raghu,&lt;/p&gt;

&lt;p&gt;That was it. Everything passed except TestSymlink.&lt;/p&gt;

&lt;p&gt;Closing issue.&lt;/p&gt;</comment>
                    </comments>
                    <attachments>
                    </attachments>
                <subtasks>
                    </subtasks>
                <customfields>
                                                <customfield id="customfield_12310310" key="com.atlassian.jira.toolkit:attachments">
                        <customfieldname>Attachment count</customfieldname>
                        <customfieldvalues>
                            <customfieldvalue>0.0</customfieldvalue>
                        </customfieldvalues>
                    </customfield>
                                                                                                                                                                                                                                                                                                                                                                                                                                                                                                                                <customfield id="customfield_12310220" key="com.atlassian.jira.ext.charting:firstresponsedate">
                        <customfieldname>Date of First Response</customfieldname>
                        <customfieldvalues>
                            <customfieldvalue>Wed, 18 Jul 2007 17:24:37 +0000</customfieldvalue>

                        </customfieldvalues>
                    </customfield>
                                                                                                                                                                                                                                                                                                                                                                                                                                            <customfield id="customfield_12310420" key="com.pyxis.greenhopper.jira:gh-global-rank">
                        <customfieldname>Global Rank</customfieldname>
                        <customfieldvalues>
                            <customfieldvalue>25049</customfieldvalue>
                        </customfieldvalues>
                    </customfield>
                                                                                                                                                    <customfield id="customfield_12312521" key="com.atlassian.jira.toolkit:LastCommentDate">
                        <customfieldname>Last public comment date</customfieldname>
                        <customfieldvalues>
                            9 years, 23 weeks ago
                        </customfieldvalues>
                    </customfield>
                                                                                            <customfield id="customfield_12311820" key="com.pyxis.greenhopper.jira:gh-lexo-rank">
                        <customfieldname>Rank</customfieldname>
                        <customfieldvalues>
                            <customfieldvalue>0|i0h61j:</customfieldvalue>

                        </customfieldvalues>
                    </customfield>
                                                                <customfield id="customfield_12310920" key="com.pyxis.greenhopper.jira:gh-global-rank">
                        <customfieldname>Rank (Obsolete)</customfieldname>
                        <customfieldvalues>
                            <customfieldvalue>98241</customfieldvalue>
                        </customfieldvalues>
                    </customfield>
                                                                                                                                                                                                                                                                                                <customfield id="customfield_12310222" key="com.atlassian.jira.ext.charting:timeinstatus">
                        <customfieldname>Time in Status</customfieldname>
                        <customfieldvalues>
                            
                        </customfieldvalues>
                    </customfield>
                                                                                                                        </customfields>
    </item>
</channel>
</rss>