<!-- 
RSS generated by JIRA (6.3.4#6332-sha1:51bc225ef474afe3128b2f66878477f322397b16) at Fri Dec 16 18:48:02 UTC 2016

It is possible to restrict the fields that are returned in this document by specifying the 'field' parameter in your request.
For example, to request only the issue key and summary add field=key&field=summary to the URL of your request.
For example:
https://issues.apache.org/jira/si/jira.issueviews:issue-xml/HBASE-845/HBASE-845.xml?field=key&amp;field=summary
-->
<rss version="0.92" >
<channel>
    <title>ASF JIRA</title>
    <link>https://issues.apache.org/jira</link>
    <description>This file is an XML representation of an issue</description>
    <language>en-uk</language>    <build-info>
        <version>6.3.4</version>
        <build-number>6332</build-number>
        <build-date>15-08-2014</build-date>
    </build-info>

<item>
            <title>[HBASE-845] HCM.isTableEnabled doesn&apos;t really tell if it is, or not</title>
                <link>https://issues.apache.org/jira/browse/HBASE-845</link>
                <project id="12310753" key="HBASE">HBase</project>
                    <description>&lt;p&gt;In current trunk, if i load a table of 8M rows and then try and delete it, the disable returns saying the table was successfully deleted but when I then try to drop the table, it says table not disabled.  I run the disable/drop cycle a few more times and still fails.  Eventually, if I wait long enough, it succeeds.   Maybe the table drop should just block if table is seen to have disabled regions in it.  As is, its a little disorientating the way it works.  Could lead admins to distrust status messages emitted.&lt;/p&gt;</description>
                <environment></environment>
        <key id="12403040">HBASE-845</key>
            <summary>HCM.isTableEnabled doesn&apos;t really tell if it is, or not</summary>
                <type id="4" iconUrl="https://issues.apache.org/jira/images/icons/issuetypes/improvement.png">Improvement</type>
                                            <priority id="3" iconUrl="https://issues.apache.org/jira/images/icons/priorities/major.png">Major</priority>
                        <status id="6" iconUrl="https://issues.apache.org/jira/images/icons/statuses/closed.png" description="The issue is considered finished, the resolution is correct. Issues which are closed can be reopened.">Closed</status>
                    <statusCategory id="3" key="done" colorName="green"/>
                                    <resolution id="1">Fixed</resolution>
                                        <assignee username="jdcryans">Jean-Daniel Cryans</assignee>
                                    <reporter username="stack">stack</reporter>
                        <labels>
                    </labels>
                <created>Tue, 26 Aug 2008 04:38:43 +0000</created>
                <updated>Sun, 13 Sep 2009 22:24:10 +0000</updated>
                            <resolved>Sat, 31 Jan 2009 21:29:23 +0000</resolved>
                                                    <fixVersion>0.19.1</fixVersion>
                    <fixVersion>0.20.0</fixVersion>
                                        <due></due>
                            <votes>0</votes>
                                    <watches>1</watches>
                                                                <comments>
                            <comment id="12668066" author="jdcryans" created="Wed, 28 Jan 2009 16:33:25 +0000"  >&lt;p&gt;Patch that modifies HCM.isTableEnabled so that it returns the true state of the the table.&lt;/p&gt;</comment>
                            <comment id="12668068" author="jdcryans" created="Wed, 28 Jan 2009 16:41:33 +0000"  >&lt;p&gt;Last patch was missing something.&lt;/p&gt;</comment>
                            <comment id="12668162" author="jdcryans" created="Wed, 28 Jan 2009 21:08:18 +0000"  >&lt;p&gt;I tested my patch on a 79 regions table with well over 10M rows and isTableEnabled reliably tells me if all regions are disabled or not. But this is a new problem, if half of the regions are disabled, it tells us that it is enabled....&lt;/p&gt;</comment>
                            <comment id="12668168" author="stack" created="Wed, 28 Jan 2009 21:21:00 +0000"  >&lt;p&gt;You want to fix the new prob. in another issue or here?&lt;/p&gt;

&lt;p&gt;You removed the try/finally.  If exception, s won&apos;t be closed?&lt;/p&gt;


</comment>
                            <comment id="12668185" author="jdcryans" created="Wed, 28 Jan 2009 22:08:02 +0000"  >&lt;p&gt;Patch that fixes both problem by offering isTableEnabled and isTableDisabled (see javadoc). Also fixes the missing finally.&lt;/p&gt;</comment>
                            <comment id="12668187" author="stack" created="Wed, 28 Jan 2009 22:12:05 +0000"  >&lt;p&gt;Looks good to me.  Commit if you tested it.  Update issue subject I&apos;d say to talk of isTableEnabled and isTableDisabled.&lt;/p&gt;</comment>
                            <comment id="12668517" author="jdcryans" created="Thu, 29 Jan 2009 16:54:37 +0000"  >&lt;p&gt;Passes tests, committed to trunk. Should it also go into 0.19 branch since it improves an important admin method?&lt;/p&gt;</comment>
                            <comment id="12669254" author="jdcryans" created="Sat, 31 Jan 2009 21:29:23 +0000"  >&lt;p&gt;Committed to 0.19 branch.&lt;/p&gt;</comment>
                    </comments>
                    <attachments>
                            <attachment id="12398935" name="hbase-845-v2.patch" size="6826" author="jdcryans" created="Wed, 28 Jan 2009 22:08:02 +0000"/>
                            <attachment id="12398908" name="hbase-845.patch" size="3709" author="jdcryans" created="Wed, 28 Jan 2009 16:41:33 +0000"/>
                    </attachments>
                <subtasks>
                    </subtasks>
                <customfields>
                                                <customfield id="customfield_12310310" key="com.atlassian.jira.toolkit:attachments">
                        <customfieldname>Attachment count</customfieldname>
                        <customfieldvalues>
                            <customfieldvalue>2.0</customfieldvalue>
                        </customfieldvalues>
                    </customfield>
                                                                                                                                                                                                                                                                                                                                                                                                                                                                                                                                <customfield id="customfield_12310220" key="com.atlassian.jira.ext.charting:firstresponsedate">
                        <customfieldname>Date of First Response</customfieldname>
                        <customfieldvalues>
                            <customfieldvalue>Wed, 28 Jan 2009 16:33:25 +0000</customfieldvalue>

                        </customfieldvalues>
                    </customfield>
                                                                                                                                                                                                                                                                                                                                                                                                                                            <customfield id="customfield_12310420" key="com.pyxis.greenhopper.jira:gh-global-rank">
                        <customfieldname>Global Rank</customfieldname>
                        <customfieldvalues>
                            <customfieldvalue>31875</customfieldvalue>
                        </customfieldvalues>
                    </customfield>
                                                                <customfield id="customfield_12310191" key="com.atlassian.jira.plugin.system.customfieldtypes:multicheckboxes">
                        <customfieldname>Hadoop Flags</customfieldname>
                        <customfieldvalues>
                                <customfieldvalue key="10343"><![CDATA[Reviewed]]></customfieldvalue>
    
                        </customfieldvalues>
                    </customfield>
                                                                                                                        <customfield id="customfield_12312521" key="com.atlassian.jira.toolkit:LastCommentDate">
                        <customfieldname>Last public comment date</customfieldname>
                        <customfieldvalues>
                            7 years, 46 weeks, 5 days ago
                        </customfieldvalues>
                    </customfield>
                                                                                            <customfield id="customfield_12311820" key="com.pyxis.greenhopper.jira:gh-lexo-rank">
                        <customfieldname>Rank</customfieldname>
                        <customfieldvalues>
                            <customfieldvalue>0|i0h9sv:</customfieldvalue>

                        </customfieldvalues>
                    </customfield>
                                                                <customfield id="customfield_12310920" key="com.pyxis.greenhopper.jira:gh-global-rank">
                        <customfieldname>Rank (Obsolete)</customfieldname>
                        <customfieldvalues>
                            <customfieldvalue>98850</customfieldvalue>
                        </customfieldvalues>
                    </customfield>
                                                                                                                                                                                                                                                                                                <customfield id="customfield_12310222" key="com.atlassian.jira.ext.charting:timeinstatus">
                        <customfieldname>Time in Status</customfieldname>
                        <customfieldvalues>
                            
                        </customfieldvalues>
                    </customfield>
                                                                                                                        </customfields>
    </item>
</channel>
</rss>