<!-- 
RSS generated by JIRA (6.3.4#6332-sha1:51bc225ef474afe3128b2f66878477f322397b16) at Fri Dec 16 18:44:55 UTC 2016

It is possible to restrict the fields that are returned in this document by specifying the 'field' parameter in your request.
For example, to request only the issue key and summary add field=key&field=summary to the URL of your request.
For example:
https://issues.apache.org/jira/si/jira.issueviews:issue-xml/HBASE-510/HBASE-510.xml?field=key&amp;field=summary
-->
<rss version="0.92" >
<channel>
    <title>ASF JIRA</title>
    <link>https://issues.apache.org/jira</link>
    <description>This file is an XML representation of an issue</description>
    <language>en-uk</language>    <build-info>
        <version>6.3.4</version>
        <build-number>6332</build-number>
        <build-date>15-08-2014</build-date>
    </build-info>

<item>
            <title>[HBASE-510] HConnectionManger.listTables returns empty list if exception (though there may be many tables present)</title>
                <link>https://issues.apache.org/jira/browse/HBASE-510</link>
                <project id="12310753" key="HBASE">HBase</project>
                    <description>&lt;p&gt;Its a problem because commonly a check for existence will get list of current tables.&lt;/p&gt;

&lt;p&gt;Yesterday saw problem when .META. went off line.  A piece of client code was asking for list of tables when .META. was offline, it was getting back an empty list because listTables do while was seeing &apos;org.apache.hadoop.hbase.NotServingRegionException: .META.,,1&apos;&lt;/p&gt;

&lt;p&gt;Problem is the do while in HCM.listTables goes as long as startRow does not equal LAST_ROW but startRow is initialized with EMPTY_START_ROW which is equal to LAST_ROW.&lt;/p&gt;


</description>
                <environment></environment>
        <key id="12390973">HBASE-510</key>
            <summary>HConnectionManger.listTables returns empty list if exception (though there may be many tables present)</summary>
                <type id="1" iconUrl="https://issues.apache.org/jira/images/icons/issuetypes/bug.png">Bug</type>
                                            <priority id="4" iconUrl="https://issues.apache.org/jira/images/icons/priorities/minor.png">Minor</priority>
                        <status id="6" iconUrl="https://issues.apache.org/jira/images/icons/statuses/closed.png" description="The issue is considered finished, the resolution is correct. Issues which are closed can be reopened.">Closed</status>
                    <statusCategory id="3" key="done" colorName="green"/>
                                    <resolution id="1">Fixed</resolution>
                                        <assignee username="bryanduxbury">Bryan Duxbury</assignee>
                                    <reporter username="stack">stack</reporter>
                        <labels>
                    </labels>
                <created>Thu, 13 Mar 2008 16:41:06 +0000</created>
                <updated>Fri, 22 Aug 2008 21:13:11 +0000</updated>
                            <resolved>Fri, 14 Mar 2008 03:43:24 +0000</resolved>
                                    <version>0.16.0</version>
                    <version>0.1.0</version>
                    <version>0.2.0</version>
                                    <fixVersion>0.1.0</fixVersion>
                    <fixVersion>0.2.0</fixVersion>
                                    <component>Client</component>
                        <due></due>
                            <votes>0</votes>
                                    <watches>0</watches>
                                                                <comments>
                            <comment id="12578386" author="bryanduxbury" created="Thu, 13 Mar 2008 16:53:14 +0000"  >&lt;p&gt;Ah, interesting. The first step is to add retry logic to that section of code, I would say. Currently it assumes a successful passage straight through.&lt;/p&gt;</comment>
                            <comment id="12578545" author="bryanduxbury" created="Fri, 14 Mar 2008 00:15:07 +0000"  >&lt;p&gt;Patch for 0.1 that adds retry logic around the listTables scan code. Passes unit tests.&lt;/p&gt;</comment>
                            <comment id="12578546" author="bryanduxbury" created="Fri, 14 Mar 2008 00:15:21 +0000"  >&lt;p&gt;Please review.&lt;/p&gt;</comment>
                            <comment id="12578560" author="bryanduxbury" created="Fri, 14 Mar 2008 01:16:11 +0000"  >&lt;p&gt;Patch for trunk.&lt;/p&gt;</comment>
                            <comment id="12578583" author="stack" created="Fri, 14 Mar 2008 03:31:47 +0000"  >&lt;p&gt;+1 Ran tests on branch and passed.  Reviewed both patches.  Look fine.&lt;/p&gt;</comment>
                            <comment id="12578586" author="bryanduxbury" created="Fri, 14 Mar 2008 03:43:24 +0000"  >&lt;p&gt;Committed to 0.1 and trunk.&lt;/p&gt;</comment>
                    </comments>
                    <attachments>
                            <attachment id="12377851" name="510-0.1.patch" size="4369" author="bryanduxbury" created="Fri, 14 Mar 2008 00:15:07 +0000"/>
                            <attachment id="12377857" name="510-trunk.patch" size="3804" author="bryanduxbury" created="Fri, 14 Mar 2008 01:16:11 +0000"/>
                    </attachments>
                <subtasks>
                    </subtasks>
                <customfields>
                                                <customfield id="customfield_12310310" key="com.atlassian.jira.toolkit:attachments">
                        <customfieldname>Attachment count</customfieldname>
                        <customfieldvalues>
                            <customfieldvalue>2.0</customfieldvalue>
                        </customfieldvalues>
                    </customfield>
                                                                                                                                                                                                                                                                                                                                                                                                                                                                                                                                <customfield id="customfield_12310220" key="com.atlassian.jira.ext.charting:firstresponsedate">
                        <customfieldname>Date of First Response</customfieldname>
                        <customfieldvalues>
                            <customfieldvalue>Thu, 13 Mar 2008 16:53:14 +0000</customfieldvalue>

                        </customfieldvalues>
                    </customfield>
                                                                                                                                                                                                                                                                                                                                                                                                                                            <customfield id="customfield_12310420" key="com.pyxis.greenhopper.jira:gh-global-rank">
                        <customfieldname>Global Rank</customfieldname>
                        <customfieldvalues>
                            <customfieldvalue>25240</customfieldvalue>
                        </customfieldvalues>
                    </customfield>
                                                                                                                                                    <customfield id="customfield_12312521" key="com.atlassian.jira.toolkit:LastCommentDate">
                        <customfieldname>Last public comment date</customfieldname>
                        <customfieldvalues>
                            8 years, 41 weeks ago
                        </customfieldvalues>
                    </customfield>
                                                                                            <customfield id="customfield_12311820" key="com.pyxis.greenhopper.jira:gh-lexo-rank">
                        <customfieldname>Rank</customfieldname>
                        <customfieldvalues>
                            <customfieldvalue>0|i0h7qn:</customfieldvalue>

                        </customfieldvalues>
                    </customfield>
                                                                <customfield id="customfield_12310920" key="com.pyxis.greenhopper.jira:gh-global-rank">
                        <customfieldname>Rank (Obsolete)</customfieldname>
                        <customfieldvalues>
                            <customfieldvalue>98516</customfieldvalue>
                        </customfieldvalues>
                    </customfield>
                                                                                                                                                                                                                                                                                                <customfield id="customfield_12310222" key="com.atlassian.jira.ext.charting:timeinstatus">
                        <customfieldname>Time in Status</customfieldname>
                        <customfieldvalues>
                            
                        </customfieldvalues>
                    </customfield>
                                                                                                                        </customfields>
    </item>
</channel>
</rss>