<!-- 
RSS generated by JIRA (6.3.4#6332-sha1:51bc225ef474afe3128b2f66878477f322397b16) at Fri Dec 16 18:49:45 UTC 2016

It is possible to restrict the fields that are returned in this document by specifying the 'field' parameter in your request.
For example, to request only the issue key and summary add field=key&field=summary to the URL of your request.
For example:
https://issues.apache.org/jira/si/jira.issueviews:issue-xml/HBASE-996/HBASE-996.xml?field=key&amp;field=summary
-->
<rss version="0.92" >
<channel>
    <title>ASF JIRA</title>
    <link>https://issues.apache.org/jira</link>
    <description>This file is an XML representation of an issue</description>
    <language>en-uk</language>    <build-info>
        <version>6.3.4</version>
        <build-number>6332</build-number>
        <build-date>15-08-2014</build-date>
    </build-info>

<item>
            <title>[HBASE-996] Migration script to up the versions in catalog tables</title>
                <link>https://issues.apache.org/jira/browse/HBASE-996</link>
                <project id="12310753" key="HBASE">HBase</project>
                    <description>&lt;p&gt;Rewrite meta regions with the versions set to 10 instead of 1.  See &lt;a href=&quot;https://issues.apache.org/jira/browse/HBASE-993&quot; title=&quot;Turn of logging of every catalog table row entry on every scan&quot; class=&quot;issue-link&quot; data-issue-key=&quot;HBASE-993&quot;&gt;&lt;del&gt;HBASE-993&lt;/del&gt;&lt;/a&gt;.&lt;/p&gt;</description>
                <environment></environment>
        <key id="12408295">HBASE-996</key>
            <summary>Migration script to up the versions in catalog tables</summary>
                <type id="1" iconUrl="https://issues.apache.org/jira/images/icons/issuetypes/bug.png">Bug</type>
                                            <priority id="3" iconUrl="https://issues.apache.org/jira/images/icons/priorities/major.png">Major</priority>
                        <status id="6" iconUrl="https://issues.apache.org/jira/images/icons/statuses/closed.png" description="The issue is considered finished, the resolution is correct. Issues which are closed can be reopened.">Closed</status>
                    <statusCategory id="3" key="done" colorName="green"/>
                                    <resolution id="1">Fixed</resolution>
                                        <assignee username="stack">stack</assignee>
                                    <reporter username="stack">stack</reporter>
                        <labels>
                    </labels>
                <created>Tue, 11 Nov 2008 22:25:54 +0000</created>
                <updated>Sun, 13 Sep 2009 22:26:32 +0000</updated>
                            <resolved>Wed, 12 Nov 2008 20:44:22 +0000</resolved>
                                                    <fixVersion>0.19.0</fixVersion>
                                        <due></due>
                            <votes>0</votes>
                                    <watches>0</watches>
                                                                <comments>
                            <comment id="12646777" author="stack" created="Wed, 12 Nov 2008 02:01:05 +0000"  >&lt;p&gt;This seems to do the right thing.  Test it some more.&lt;/p&gt;</comment>
                            <comment id="12647052" author="stack" created="Wed, 12 Nov 2008 20:44:22 +0000"  >&lt;p&gt;Committed.&lt;/p&gt;</comment>
                            <comment id="12647054" author="stack" created="Wed, 12 Nov 2008 20:44:55 +0000"  >&lt;p&gt;Heads-up: If you update TRUNK, you&apos;ll now need to run ./bin/hbase migrate upgrade.&lt;/p&gt;</comment>
                    </comments>
                    <attachments>
                            <attachment id="12393758" name="migrate.patch" size="8812" author="stack" created="Wed, 12 Nov 2008 02:01:05 +0000"/>
                    </attachments>
                <subtasks>
                    </subtasks>
                <customfields>
                                                <customfield id="customfield_12310310" key="com.atlassian.jira.toolkit:attachments">
                        <customfieldname>Attachment count</customfieldname>
                        <customfieldvalues>
                            <customfieldvalue>1.0</customfieldvalue>
                        </customfieldvalues>
                    </customfield>
                                                                                                                                                                                                                                                                                                                                                                                                                                                                                                                                                                                                                                                                                                                                                                                                                                                                                                                                        <customfield id="customfield_12310420" key="com.pyxis.greenhopper.jira:gh-global-rank">
                        <customfieldname>Global Rank</customfieldname>
                        <customfieldvalues>
                            <customfieldvalue>25518</customfieldvalue>
                        </customfieldvalues>
                    </customfield>
                                                                                                                                                    <customfield id="customfield_12312521" key="com.atlassian.jira.toolkit:LastCommentDate">
                        <customfieldname>Last public comment date</customfieldname>
                        <customfieldvalues>
                            8 years, 6 weeks, 1 day ago
                        </customfieldvalues>
                    </customfield>
                                                                                            <customfield id="customfield_12311820" key="com.pyxis.greenhopper.jira:gh-lexo-rank">
                        <customfieldname>Rank</customfieldname>
                        <customfieldvalues>
                            <customfieldvalue>0|i0hapr:</customfieldvalue>

                        </customfieldvalues>
                    </customfield>
                                                                <customfield id="customfield_12310920" key="com.pyxis.greenhopper.jira:gh-global-rank">
                        <customfieldname>Rank (Obsolete)</customfieldname>
                        <customfieldvalues>
                            <customfieldvalue>98998</customfieldvalue>
                        </customfieldvalues>
                    </customfield>
                                                                                                                                                                                                                                                                                                <customfield id="customfield_12310222" key="com.atlassian.jira.ext.charting:timeinstatus">
                        <customfieldname>Time in Status</customfieldname>
                        <customfieldvalues>
                            
                        </customfieldvalues>
                    </customfield>
                                                                                                                        </customfields>
    </item>
</channel>
</rss>