<!-- 
RSS generated by JIRA (6.3.4#6332-sha1:51bc225ef474afe3128b2f66878477f322397b16) at Fri Dec 16 18:42:35 UTC 2016

It is possible to restrict the fields that are returned in this document by specifying the 'field' parameter in your request.
For example, to request only the issue key and summary add field=key&field=summary to the URL of your request.
For example:
https://issues.apache.org/jira/si/jira.issueviews:issue-xml/HBASE-264/HBASE-264.xml?field=key&amp;field=summary
-->
<rss version="0.92" >
<channel>
    <title>ASF JIRA</title>
    <link>https://issues.apache.org/jira</link>
    <description>This file is an XML representation of an issue</description>
    <language>en-uk</language>    <build-info>
        <version>6.3.4</version>
        <build-number>6332</build-number>
        <build-date>15-08-2014</build-date>
    </build-info>

<item>
            <title>[HBASE-264] hbase scanner api returns null row names, or skips row names if different column families do not have entries for some rows</title>
                <link>https://issues.apache.org/jira/browse/HBASE-264</link>
                <project id="12310753" key="HBASE">HBase</project>
                    <description>&lt;p&gt;I&apos;m attaching a test case that fails.&lt;/p&gt;

&lt;p&gt;I noticed that if I create a table with two column families, and start a scanner on a row which only has an entry for one column family, the scanner will skip ahead to the row name for which the other column family has an entry.&lt;/p&gt;

&lt;p&gt;eg., if I insert rows so my table will look like this:&lt;/p&gt;
&lt;div class=&quot;code panel&quot; style=&quot;border-width: 1px;&quot;&gt;&lt;div class=&quot;codeContent panelContent&quot;&gt;
&lt;pre class=&quot;code-java&quot;&gt;row - a:a - b:b
aaa   a:1   nil
bbb   a:2   b:2
ccc   a:3   b:3
&lt;/pre&gt;
&lt;/div&gt;&lt;/div&gt;

&lt;p&gt;The scanner will tell me my table looks something like this:&lt;/p&gt;
&lt;div class=&quot;code panel&quot; style=&quot;border-width: 1px;&quot;&gt;&lt;div class=&quot;codeContent panelContent&quot;&gt;
&lt;pre class=&quot;code-java&quot;&gt;row - a:a - b:b
bbb   a:1   b:2
bbb   a:2   b:3
&lt;/pre&gt;
&lt;/div&gt;&lt;/div&gt;</description>
                <environment></environment>
        <key id="12383935">HBASE-264</key>
            <summary>hbase scanner api returns null row names, or skips row names if different column families do not have entries for some rows</summary>
                <type id="1" iconUrl="https://issues.apache.org/jira/images/icons/issuetypes/bug.png">Bug</type>
                                            <priority id="2" iconUrl="https://issues.apache.org/jira/images/icons/priorities/critical.png">Critical</priority>
                        <status id="6" iconUrl="https://issues.apache.org/jira/images/icons/statuses/closed.png" description="The issue is considered finished, the resolution is correct. Issues which are closed can be reopened.">Closed</status>
                    <statusCategory id="3" key="done" colorName="green"/>
                                    <resolution id="1">Fixed</resolution>
                                        <assignee username="-1">Unassigned</assignee>
                                    <reporter username="bien">Michael Bieniosek</reporter>
                        <labels>
                    </labels>
                <created>Wed, 5 Dec 2007 01:56:22 +0000</created>
                <updated>Fri, 22 Aug 2008 21:34:57 +0000</updated>
                            <resolved>Sat, 8 Dec 2007 06:56:11 +0000</resolved>
                                                                        <due></due>
                            <votes>1</votes>
                                    <watches>0</watches>
                                                                <comments>
                            <comment id="12548504" author="bien" created="Wed, 5 Dec 2007 01:57:19 +0000"  >&lt;p&gt;Here&apos;s a test case which illustrates the problem&lt;/p&gt;</comment>
                            <comment id="12548506" author="bien" created="Wed, 5 Dec 2007 01:59:33 +0000"  >&lt;p&gt;A secondary problem is that the HScannerInterface.iterator().next() sometimes returns a Map.Entry with a null value for both the key and value.  I think this may have something to do with the health of my cluster.&lt;/p&gt;</comment>
                            <comment id="12548507" author="bien" created="Wed, 5 Dec 2007 02:00:11 +0000"  >&lt;p&gt;This was not a problem in release 0.15; it has only occurred since we moved to trunk.&lt;/p&gt;</comment>
                            <comment id="12548508" author="bien" created="Wed, 5 Dec 2007 02:01:37 +0000"  >&lt;p&gt;Oops, re-upload without hardcoded hostname.&lt;/p&gt;</comment>
                            <comment id="12548511" author="udanax" created="Wed, 5 Dec 2007 02:12:48 +0000"  >&lt;p&gt;Oh.. Looks like a critical thing.&lt;/p&gt;</comment>
                            <comment id="12548889" author="bien" created="Thu, 6 Dec 2007 00:05:27 +0000"  >&lt;p&gt;Bump priority because it is a correctness issue&lt;/p&gt;</comment>
                            <comment id="12549655" author="jimk" created="Sat, 8 Dec 2007 05:43:50 +0000"  >&lt;p&gt;Tests run locally. Try Hudson&lt;/p&gt;</comment>
                            <comment id="12549664" author="hadoopqa" created="Sat, 8 Dec 2007 06:46:02 +0000"  >&lt;p&gt;+1 overall.  Here are the results of testing the latest attachment &lt;br/&gt;
&lt;a href=&quot;http://issues.apache.org/jira/secure/attachment/12371280/patch.txt&quot; class=&quot;external-link&quot; rel=&quot;nofollow&quot;&gt;http://issues.apache.org/jira/secure/attachment/12371280/patch.txt&lt;/a&gt;&lt;br/&gt;
against trunk revision r602284.&lt;/p&gt;

&lt;p&gt;    @author +1.  The patch does not contain any @author tags.&lt;/p&gt;

&lt;p&gt;    javadoc +1.  The javadoc tool did not generate any warning messages.&lt;/p&gt;

&lt;p&gt;    javac +1.  The applied patch does not generate any new compiler warnings.&lt;/p&gt;

&lt;p&gt;    findbugs +1.  The patch does not introduce any new Findbugs warnings.&lt;/p&gt;

&lt;p&gt;    core tests +1.  The patch passed core unit tests.&lt;/p&gt;

&lt;p&gt;    contrib tests +1.  The patch passed contrib unit tests.&lt;/p&gt;

&lt;p&gt;Test results: &lt;a href=&quot;http://lucene.zones.apache.org:8080/hudson/job/Hadoop-Patch/1301/testReport/&quot; class=&quot;external-link&quot; rel=&quot;nofollow&quot;&gt;http://lucene.zones.apache.org:8080/hudson/job/Hadoop-Patch/1301/testReport/&lt;/a&gt;&lt;br/&gt;
Findbugs warnings: &lt;a href=&quot;http://lucene.zones.apache.org:8080/hudson/job/Hadoop-Patch/1301/artifact/trunk/build/test/findbugs/newPatchFindbugsWarnings.html&quot; class=&quot;external-link&quot; rel=&quot;nofollow&quot;&gt;http://lucene.zones.apache.org:8080/hudson/job/Hadoop-Patch/1301/artifact/trunk/build/test/findbugs/newPatchFindbugsWarnings.html&lt;/a&gt;&lt;br/&gt;
Checkstyle results: &lt;a href=&quot;http://lucene.zones.apache.org:8080/hudson/job/Hadoop-Patch/1301/artifact/trunk/build/test/checkstyle-errors.html&quot; class=&quot;external-link&quot; rel=&quot;nofollow&quot;&gt;http://lucene.zones.apache.org:8080/hudson/job/Hadoop-Patch/1301/artifact/trunk/build/test/checkstyle-errors.html&lt;/a&gt;&lt;br/&gt;
Console output: &lt;a href=&quot;http://lucene.zones.apache.org:8080/hudson/job/Hadoop-Patch/1301/console&quot; class=&quot;external-link&quot; rel=&quot;nofollow&quot;&gt;http://lucene.zones.apache.org:8080/hudson/job/Hadoop-Patch/1301/console&lt;/a&gt;&lt;/p&gt;

&lt;p&gt;This message is automatically generated.&lt;/p&gt;</comment>
                            <comment id="12549666" author="jimk" created="Sat, 8 Dec 2007 06:56:11 +0000"  >&lt;p&gt;Tests passed (including new one derived from the one supplied with the issue). Committed.&lt;/p&gt;</comment>
                            <comment id="12549702" author="hudson" created="Sat, 8 Dec 2007 12:17:39 +0000"  >&lt;p&gt;Integrated in Hadoop-Nightly #326 (See &lt;a href=&quot;http://lucene.zones.apache.org:8080/hudson/job/Hadoop-Nightly/326/&quot; class=&quot;external-link&quot; rel=&quot;nofollow&quot;&gt;http://lucene.zones.apache.org:8080/hudson/job/Hadoop-Nightly/326/&lt;/a&gt;)&lt;/p&gt;</comment>
                    </comments>
                    <attachments>
                            <attachment id="12370991" name="TestScannerAPI.java" size="2483" author="bien" created="Wed, 5 Dec 2007 02:01:35 +0000"/>
                            <attachment id="12371280" name="patch.txt" size="17496" author="jimk" created="Sat, 8 Dec 2007 05:42:53 +0000"/>
                    </attachments>
                <subtasks>
                    </subtasks>
                <customfields>
                                                <customfield id="customfield_12310310" key="com.atlassian.jira.toolkit:attachments">
                        <customfieldname>Attachment count</customfieldname>
                        <customfieldvalues>
                            <customfieldvalue>2.0</customfieldvalue>
                        </customfieldvalues>
                    </customfield>
                                                                                                                                                                                                                                                                                                                                                                                                                                                                                                                                <customfield id="customfield_12310220" key="com.atlassian.jira.ext.charting:firstresponsedate">
                        <customfieldname>Date of First Response</customfieldname>
                        <customfieldvalues>
                            <customfieldvalue>Wed, 5 Dec 2007 02:12:48 +0000</customfieldvalue>

                        </customfieldvalues>
                    </customfield>
                                                                                                                                                                                                                                                                                                                                                                                                                                            <customfield id="customfield_12310420" key="com.pyxis.greenhopper.jira:gh-global-rank">
                        <customfieldname>Global Rank</customfieldname>
                        <customfieldvalues>
                            <customfieldvalue>25048</customfieldvalue>
                        </customfieldvalues>
                    </customfield>
                                                                                                                                                    <customfield id="customfield_12312521" key="com.atlassian.jira.toolkit:LastCommentDate">
                        <customfieldname>Last public comment date</customfieldname>
                        <customfieldvalues>
                            9 years, 2 weeks, 6 days ago
                        </customfieldvalues>
                    </customfield>
                                                                                            <customfield id="customfield_12311820" key="com.pyxis.greenhopper.jira:gh-lexo-rank">
                        <customfieldname>Rank</customfieldname>
                        <customfieldvalues>
                            <customfieldvalue>0|i0h613:</customfieldvalue>

                        </customfieldvalues>
                    </customfield>
                                                                <customfield id="customfield_12310920" key="com.pyxis.greenhopper.jira:gh-global-rank">
                        <customfieldname>Rank (Obsolete)</customfieldname>
                        <customfieldvalues>
                            <customfieldvalue>98239</customfieldvalue>
                        </customfieldvalues>
                    </customfield>
                                                                                                                                                                                                                                                                                                <customfield id="customfield_12310222" key="com.atlassian.jira.ext.charting:timeinstatus">
                        <customfieldname>Time in Status</customfieldname>
                        <customfieldvalues>
                            
                        </customfieldvalues>
                    </customfield>
                                                                                                                        </customfields>
    </item>
</channel>
</rss>