<!-- 
RSS generated by JIRA (6.3.4#6332-sha1:51bc225ef474afe3128b2f66878477f322397b16) at Fri Dec 16 18:47:19 UTC 2016

It is possible to restrict the fields that are returned in this document by specifying the 'field' parameter in your request.
For example, to request only the issue key and summary add field=key&field=summary to the URL of your request.
For example:
https://issues.apache.org/jira/si/jira.issueviews:issue-xml/HBASE-765/HBASE-765.xml?field=key&amp;field=summary
-->
<rss version="0.92" >
<channel>
    <title>ASF JIRA</title>
    <link>https://issues.apache.org/jira</link>
    <description>This file is an XML representation of an issue</description>
    <language>en-uk</language>    <build-info>
        <version>6.3.4</version>
        <build-number>6332</build-number>
        <build-date>15-08-2014</build-date>
    </build-info>

<item>
            <title>[HBASE-765] Adding basic Spring DI support to IndexConfiguration class.</title>
                <link>https://issues.apache.org/jira/browse/HBASE-765</link>
                <project id="12310753" key="HBASE">HBase</project>
                    <description>&lt;p&gt;Spring can configure classes/object graphs via xml.  I am pretty much able to configure the entire MR object graph to launch MR jobs via spring except class IndexConfiguration.java. So instead of only using addFromXML() to configure IndexConfiguration, it would be nice to add support so Spring could set all class variables needed for initialization in IndexConfiguration without invoking addFromXML().  &lt;/p&gt;

&lt;p&gt;Since the class IndexConfiguration already has setters and getters for almost all its members, it&apos;s almost compliant for a spring configuration bean except one issue: no ability to configure columnMap outside of calling addFromXML().  The easiest way i can figure is to allow a setter for the column map and put any logic for checking the map integrity there.  By adding a few methods to IndexConfiguration.java , it should solve the issue.&lt;/p&gt;

</description>
                <environment>&lt;p&gt;n/a&lt;/p&gt;</environment>
        <key id="12400843">HBASE-765</key>
            <summary>Adding basic Spring DI support to IndexConfiguration class.</summary>
                <type id="4" iconUrl="https://issues.apache.org/jira/images/icons/issuetypes/improvement.png">Improvement</type>
                                            <priority id="4" iconUrl="https://issues.apache.org/jira/images/icons/priorities/minor.png">Minor</priority>
                        <status id="5" iconUrl="https://issues.apache.org/jira/images/icons/statuses/resolved.png" description="A resolution has been taken, and it is awaiting verification by reporter. From here issues are either reopened, or are closed.">Resolved</status>
                    <statusCategory id="3" key="done" colorName="green"/>
                                    <resolution id="2">Won&apos;t Fix</resolution>
                                        <assignee username="-1">Unassigned</assignee>
                                    <reporter username="osm">Ryan Smith</reporter>
                        <labels>
                    </labels>
                <created>Wed, 23 Jul 2008 16:35:25 +0000</created>
                <updated>Thu, 20 Sep 2012 22:10:37 +0000</updated>
                            <resolved>Fri, 24 Feb 2012 19:08:22 +0000</resolved>
                                    <version>0.16.0</version>
                    <version>0.1.0</version>
                    <version>0.1.1</version>
                    <version>0.1.2</version>
                    <version>0.1.3</version>
                                                        <due></due>
                            <votes>1</votes>
                                    <watches>0</watches>
                                    <timeoriginalestimate seconds="1200">20m</timeoriginalestimate>
                            <timeestimate seconds="1200">20m</timeestimate>
                                        <comments>
                            <comment id="12616153" author="jdcryans" created="Wed, 23 Jul 2008 16:39:15 +0000"  >&lt;p&gt;See &lt;a href=&quot;http://wiki.apache.org/hadoop/Hbase/HowToContribute&quot; class=&quot;external-link&quot; rel=&quot;nofollow&quot;&gt;http://wiki.apache.org/hadoop/Hbase/HowToContribute&lt;/a&gt; on how to make a patch. &lt;/p&gt;</comment>
                            <comment id="12616155" author="jdcryans" created="Wed, 23 Jul 2008 16:40:50 +0000"  >&lt;p&gt;Removed 0.2.0 and 0.1.4 since we have a feature freeze for 0.2.0 and I don&apos;t think we&apos;ll see a 0.1.4&lt;/p&gt;</comment>
                            <comment id="12626663" author="jimk" created="Thu, 28 Aug 2008 17:41:47 +0000"  >&lt;p&gt;Not a blocker for 0.2.1. Moving to 0.2.2&lt;/p&gt;</comment>
                            <comment id="12629944" author="osm" created="Wed, 10 Sep 2008 20:23:37 +0000"  >&lt;p&gt;(originally posted 24 July 2008)&lt;br/&gt;
After further review, there are 2 more classes that are using addFromXML()&lt;br/&gt;
IndexOutputFormat and IndexTableReduce use the xml string to configure the indexconfig object.&lt;br/&gt;
I will have to modify these 3 classes so I will be developing the patch over this week, maybe next week too.&lt;/p&gt;</comment>
                            <comment id="12629945" author="osm" created="Wed, 10 Sep 2008 20:23:50 +0000"  >&lt;p&gt;It seems that the distributed nature of Hadoop&apos;s MapReduce api is getting in the way of spring loading these classes.&lt;br/&gt;
Since a new instance of new IndexConfiguration() needs to be called remotely, (on each node in the cluster running the MR job), it makes it hard to have spring create the class when ultimately, Hadoop has to create the class for each task, etc.  &lt;/p&gt;

&lt;p&gt;I am going to submit changes to hadoop issue 2866.&lt;br/&gt;
&lt;a href=&quot;http://www.mail-archive.com/core-dev@hadoop.apache.org/msg18574.html&quot; class=&quot;external-link&quot; rel=&quot;nofollow&quot;&gt;http://www.mail-archive.com/core-dev@hadoop.apache.org/msg18574.html&lt;/a&gt;&lt;br/&gt;
Or maybe create a new issue for it to get some basic setters/getters and constructors patched.&lt;/p&gt;

&lt;p&gt;There is also the possibility of getting spring to support map reduce natively.  Ill ask them about it, but for now, I would say that this should go on the back burner, or just keep punting it down until remote objects can get created via factory interfaces instead of reflection internally as it is now.&lt;/p&gt;</comment>
                            <comment id="12701650" author="stack" created="Wed, 22 Apr 2009 19:03:37 +0000"  >&lt;p&gt;Moving out of 0.20.0.  No noted progress on this issue.&lt;/p&gt;</comment>
                            <comment id="13215825" author="stack" created="Fri, 24 Feb 2012 19:08:22 +0000"  >&lt;p&gt;We don&apos;t have IndexConfiguration anymore in our code base.  Won&apos;t fix.&lt;/p&gt;</comment>
                    </comments>
                    <attachments>
                    </attachments>
                <subtasks>
                    </subtasks>
                <customfields>
                                                <customfield id="customfield_12310310" key="com.atlassian.jira.toolkit:attachments">
                        <customfieldname>Attachment count</customfieldname>
                        <customfieldvalues>
                            <customfieldvalue>0.0</customfieldvalue>
                        </customfieldvalues>
                    </customfield>
                                                                                                                                                                                                                                                                                                                                                                                                                                                                                                                                <customfield id="customfield_12310220" key="com.atlassian.jira.ext.charting:firstresponsedate">
                        <customfieldname>Date of First Response</customfieldname>
                        <customfieldvalues>
                            <customfieldvalue>Wed, 23 Jul 2008 16:39:15 +0000</customfieldvalue>

                        </customfieldvalues>
                    </customfield>
                                                                                                                                                                                                                                                                                                                                                                                                                                            <customfield id="customfield_12310420" key="com.pyxis.greenhopper.jira:gh-global-rank">
                        <customfieldname>Global Rank</customfieldname>
                        <customfieldvalues>
                            <customfieldvalue>31840</customfieldvalue>
                        </customfieldvalues>
                    </customfield>
                                                                                                                                                    <customfield id="customfield_12312521" key="com.atlassian.jira.toolkit:LastCommentDate">
                        <customfieldname>Last public comment date</customfieldname>
                        <customfieldvalues>
                            4 years, 42 weeks, 6 days ago
                        </customfieldvalues>
                    </customfield>
                                                                                            <customfield id="customfield_12311820" key="com.pyxis.greenhopper.jira:gh-lexo-rank">
                        <customfieldname>Rank</customfieldname>
                        <customfieldvalues>
                            <customfieldvalue>0|i0h9bb:</customfieldvalue>

                        </customfieldvalues>
                    </customfield>
                                                                <customfield id="customfield_12310920" key="com.pyxis.greenhopper.jira:gh-global-rank">
                        <customfieldname>Rank (Obsolete)</customfieldname>
                        <customfieldvalues>
                            <customfieldvalue>98771</customfieldvalue>
                        </customfieldvalues>
                    </customfield>
                                                                                                                                                                                                                                                                                                <customfield id="customfield_12310222" key="com.atlassian.jira.ext.charting:timeinstatus">
                        <customfieldname>Time in Status</customfieldname>
                        <customfieldvalues>
                            
                        </customfieldvalues>
                    </customfield>
                                                                                                                        </customfields>
    </item>
</channel>
</rss>