<!-- 
RSS generated by JIRA (6.3.4#6332-sha1:51bc225ef474afe3128b2f66878477f322397b16) at Fri Dec 16 18:43:36 UTC 2016

It is possible to restrict the fields that are returned in this document by specifying the 'field' parameter in your request.
For example, to request only the issue key and summary add field=key&field=summary to the URL of your request.
For example:
https://issues.apache.org/jira/si/jira.issueviews:issue-xml/HBASE-364/HBASE-364.xml?field=key&amp;field=summary
-->
<rss version="0.92" >
<channel>
    <title>ASF JIRA</title>
    <link>https://issues.apache.org/jira</link>
    <description>This file is an XML representation of an issue</description>
    <language>en-uk</language>    <build-info>
        <version>6.3.4</version>
        <build-number>6332</build-number>
        <build-date>15-08-2014</build-date>
    </build-info>

<item>
            <title>[HBASE-364] [hbase] Make mapfile index interval configurable</title>
                <link>https://issues.apache.org/jira/browse/HBASE-364</link>
                <project id="12310753" key="HBASE">HBase</project>
                    <description>&lt;p&gt;Default mapfile index interval is every 128 entries.  Basic tests show PerformanceEvaluation mapfile test random reading 100k records in 60plus seconds.  If index interval is set to 1 so we don&apos;t have to next around looking for our record, then 100k random reads take 7 seconds.  This is using local filesystem.  If I set it to 16, then takes 12 seconds. &lt;/p&gt;

&lt;p&gt;Testing doing PerformanceEvaluation random reads against hbase, with interval set to 16, we run 50% faster (hdfs is in the picture).&lt;/p&gt;</description>
                <environment></environment>
        <key id="12385116">HBASE-364</key>
            <summary>[hbase] Make mapfile index interval configurable</summary>
                <type id="1" iconUrl="https://issues.apache.org/jira/images/icons/issuetypes/bug.png">Bug</type>
                                            <priority id="4" iconUrl="https://issues.apache.org/jira/images/icons/priorities/minor.png">Minor</priority>
                        <status id="6" iconUrl="https://issues.apache.org/jira/images/icons/statuses/closed.png" description="The issue is considered finished, the resolution is correct. Issues which are closed can be reopened.">Closed</status>
                    <statusCategory id="3" key="done" colorName="green"/>
                                    <resolution id="1">Fixed</resolution>
                                        <assignee username="-1">Unassigned</assignee>
                                    <reporter username="stack">stack</reporter>
                        <labels>
                    </labels>
                <created>Sat, 22 Dec 2007 04:56:24 +0000</created>
                <updated>Fri, 22 Aug 2008 21:35:02 +0000</updated>
                            <resolved>Thu, 27 Dec 2007 22:27:38 +0000</resolved>
                                                                        <due></due>
                            <votes>0</votes>
                                    <watches>0</watches>
                                                                <comments>
                            <comment id="12554086" author="stack" created="Sat, 22 Dec 2007 06:10:27 +0000"  >&lt;p&gt;Add being able to configure mapfile index interval.  Leave it at default for now.  hdfs in TRUNK is 50% slower doing PerformanceEvaluation.  Let me figure why before changing default from 128 to something like 16 or 32.&lt;/p&gt;

&lt;p&gt;M src/contrib/hbase/conf/hbase-default.xml&lt;br/&gt;
    Add hbase.io.index.interval&lt;br/&gt;
M src/contrib/hbase/src/java/org/apache/hadoop/hbase/HStoreFile.java&lt;br/&gt;
    Add an HbaseMapFile.  Move the hbase&apos;isms into it.  Have bloom filter&lt;br/&gt;
    etc. subclass it.  Read hbase.io.index.interval writing index file.&lt;br/&gt;
M src/contrib/hbase/src/java/org/apache/hadoop/hbase/HStore.java&lt;br/&gt;
    Count hstorefile entries.  Emit count when logging at DEBUG.&lt;/p&gt;</comment>
                            <comment id="12554087" author="stack" created="Sat, 22 Dec 2007 06:11:10 +0000"  >&lt;p&gt;Builds locally.&lt;/p&gt;</comment>
                            <comment id="12554161" author="stack" created="Sat, 22 Dec 2007 23:49:34 +0000"  >&lt;p&gt;Hudson is idle. Requeue.&lt;/p&gt;</comment>
                            <comment id="12554195" author="stack" created="Sun, 23 Dec 2007 19:06:48 +0000"  >&lt;p&gt;Patch is not being built by hudson.  Retrying.&lt;/p&gt;</comment>
                            <comment id="12554265" author="stack" created="Mon, 24 Dec 2007 17:16:38 +0000"  >&lt;p&gt;Hudson won&apos;t pick up my patch.  Trying again with a differently named patch to see if that makes a difference.&lt;/p&gt;</comment>
                            <comment id="12554277" author="stack" created="Mon, 24 Dec 2007 19:14:10 +0000"  >&lt;p&gt;Retrying... after hudson restart&lt;/p&gt;</comment>
                            <comment id="12554624" author="stack" created="Thu, 27 Dec 2007 22:27:38 +0000"  >&lt;p&gt;Committed. Resolving.&lt;/p&gt;</comment>
                            <comment id="12554689" author="hudson" created="Fri, 28 Dec 2007 12:32:56 +0000"  >&lt;p&gt;Integrated in Hadoop-Nightly #348 (See &lt;a href=&quot;http://lucene.zones.apache.org:8080/hudson/job/Hadoop-Nightly/348/&quot; class=&quot;external-link&quot; rel=&quot;nofollow&quot;&gt;http://lucene.zones.apache.org:8080/hudson/job/Hadoop-Nightly/348/&lt;/a&gt;)&lt;/p&gt;</comment>
                    </comments>
                    <attachments>
                            <attachment id="12372167" name="2485.patch" size="15790" author="stack" created="Mon, 24 Dec 2007 17:16:38 +0000"/>
                            <attachment id="12372123" name="index.patch" size="15790" author="stack" created="Sat, 22 Dec 2007 06:10:27 +0000"/>
                    </attachments>
                <subtasks>
                    </subtasks>
                <customfields>
                                                <customfield id="customfield_12310310" key="com.atlassian.jira.toolkit:attachments">
                        <customfieldname>Attachment count</customfieldname>
                        <customfieldvalues>
                            <customfieldvalue>2.0</customfieldvalue>
                        </customfieldvalues>
                    </customfield>
                                                                                                                                                                                                                                                                                                                                                                                                                                                                                                                                <customfield id="customfield_12310220" key="com.atlassian.jira.ext.charting:firstresponsedate">
                        <customfieldname>Date of First Response</customfieldname>
                        <customfieldvalues>
                            <customfieldvalue>Fri, 28 Dec 2007 12:32:56 +0000</customfieldvalue>

                        </customfieldvalues>
                    </customfield>
                                                                                                                                                                                                                                                                                                                                                                                                                                            <customfield id="customfield_12310420" key="com.pyxis.greenhopper.jira:gh-global-rank">
                        <customfieldname>Global Rank</customfieldname>
                        <customfieldvalues>
                            <customfieldvalue>25148</customfieldvalue>
                        </customfieldvalues>
                    </customfield>
                                                                                                                                                    <customfield id="customfield_12312521" key="com.atlassian.jira.toolkit:LastCommentDate">
                        <customfieldname>Last public comment date</customfieldname>
                        <customfieldvalues>
                            9 years ago
                        </customfieldvalues>
                    </customfield>
                                                                                            <customfield id="customfield_12311820" key="com.pyxis.greenhopper.jira:gh-lexo-rank">
                        <customfieldname>Rank</customfieldname>
                        <customfieldvalues>
                            <customfieldvalue>0|i0h6v3:</customfieldvalue>

                        </customfieldvalues>
                    </customfield>
                                                                <customfield id="customfield_12310920" key="com.pyxis.greenhopper.jira:gh-global-rank">
                        <customfieldname>Rank (Obsolete)</customfieldname>
                        <customfieldvalues>
                            <customfieldvalue>98374</customfieldvalue>
                        </customfieldvalues>
                    </customfield>
                                                                                                                                                                                                                                                                                                <customfield id="customfield_12310222" key="com.atlassian.jira.ext.charting:timeinstatus">
                        <customfieldname>Time in Status</customfieldname>
                        <customfieldvalues>
                            
                        </customfieldvalues>
                    </customfield>
                                                                                                                        </customfields>
    </item>
</channel>
</rss>