<!-- 
RSS generated by JIRA (6.3.4#6332-sha1:51bc225ef474afe3128b2f66878477f322397b16) at Fri Dec 16 18:46:13 UTC 2016

It is possible to restrict the fields that are returned in this document by specifying the 'field' parameter in your request.
For example, to request only the issue key and summary add field=key&field=summary to the URL of your request.
For example:
https://issues.apache.org/jira/si/jira.issueviews:issue-xml/HBASE-648/HBASE-648.xml?field=key&amp;field=summary
-->
<rss version="0.92" >
<channel>
    <title>ASF JIRA</title>
    <link>https://issues.apache.org/jira</link>
    <description>This file is an XML representation of an issue</description>
    <language>en-uk</language>    <build-info>
        <version>6.3.4</version>
        <build-number>6332</build-number>
        <build-date>15-08-2014</build-date>
    </build-info>

<item>
            <title>[HBASE-648] If mapfile index is empty, run repair</title>
                <link>https://issues.apache.org/jira/browse/HBASE-648</link>
                <project id="12310753" key="HBASE">HBase</project>
                    <description>&lt;p&gt;Our cluster lost data.  Made for some interesting scenarios in hbase.  One such was empty index files (Would get an EOFException when we tried to scan or open region).  &lt;a href=&quot;https://issues.apache.org/jira/browse/HBASE-646&quot; title=&quot;EOFException opening HStoreFile info file (spin on HBASE-645 and 550)&quot; class=&quot;issue-link&quot; data-issue-key=&quot;HBASE-646&quot;&gt;&lt;del&gt;HBASE-646&lt;/del&gt;&lt;/a&gt; added checking of data, info, and index files.  Tried to run repair of indexes but was doing it wrong place and wasn&apos;t first removing the broken index so it&apos;d fail.&lt;/p&gt;</description>
                <environment></environment>
        <key id="12397022">HBASE-648</key>
            <summary>If mapfile index is empty, run repair</summary>
                <type id="4" iconUrl="https://issues.apache.org/jira/images/icons/issuetypes/improvement.png">Improvement</type>
                                            <priority id="3" iconUrl="https://issues.apache.org/jira/images/icons/priorities/major.png">Major</priority>
                        <status id="6" iconUrl="https://issues.apache.org/jira/images/icons/statuses/closed.png" description="The issue is considered finished, the resolution is correct. Issues which are closed can be reopened.">Closed</status>
                    <statusCategory id="3" key="done" colorName="green"/>
                                    <resolution id="1">Fixed</resolution>
                                        <assignee username="stack">stack</assignee>
                                    <reporter username="stack">stack</reporter>
                        <labels>
                    </labels>
                <created>Wed, 28 May 2008 20:58:21 +0000</created>
                <updated>Fri, 22 Aug 2008 21:13:16 +0000</updated>
                            <resolved>Wed, 28 May 2008 21:18:08 +0000</resolved>
                                                    <fixVersion>0.2.0</fixVersion>
                                        <due></due>
                            <votes>0</votes>
                                    <watches>0</watches>
                                                                <comments>
                            <comment id="12600598" author="stack" created="Wed, 28 May 2008 21:01:06 +0000"  >&lt;div class=&quot;code panel&quot; style=&quot;border-width: 1px;&quot;&gt;&lt;div class=&quot;codeContent panelContent&quot;&gt;
&lt;pre class=&quot;code-java&quot;&gt;
M  src/java/org/apache/hadoop/hbase/HStoreFile.java
    Genericized the &lt;span class=&quot;code-keyword&quot;&gt;static&lt;/span&gt; defines of classes used in HbaseMapFile.
    Fixed javadoc.
M  src/java/org/apache/hadoop/hbase/HStore.java
    Don&apos;t &lt;span class=&quot;code-keyword&quot;&gt;catch&lt;/span&gt; the EOFException opening readers.  Instead, run code
    earlier that checks &lt;span class=&quot;code-keyword&quot;&gt;for&lt;/span&gt; empty index and run repairs there.
    (isEmptyIndexFile, isEmptyFile): Added.
&lt;/pre&gt;
&lt;/div&gt;&lt;/div&gt;</comment>
                            <comment id="12600606" author="stack" created="Wed, 28 May 2008 21:18:08 +0000"  >&lt;p&gt;Committed to trunk and branch.&lt;/p&gt;

&lt;p&gt;Of note, the repair uses a hardcoded interval of 128 rather than our configurable interval w/ a default of 32.&lt;/p&gt;</comment>
                            <comment id="12600624" author="stack" created="Wed, 28 May 2008 22:03:42 +0000"  >&lt;p&gt;That should be, that the MapFile.fix function has a hardcoded interval of 128.&lt;/p&gt;</comment>
                    </comments>
                    <attachments>
                            <attachment id="12382963" name="fix.patch" size="5871" author="stack" created="Wed, 28 May 2008 21:01:06 +0000"/>
                    </attachments>
                <subtasks>
                    </subtasks>
                <customfields>
                                                <customfield id="customfield_12310310" key="com.atlassian.jira.toolkit:attachments">
                        <customfieldname>Attachment count</customfieldname>
                        <customfieldvalues>
                            <customfieldvalue>1.0</customfieldvalue>
                        </customfieldvalues>
                    </customfield>
                                                                                                                                                                                                                                                                                                                                                                                                                                                                                                                                                                                                                                                                                                                                                                                                                                                                                                                                        <customfield id="customfield_12310420" key="com.pyxis.greenhopper.jira:gh-global-rank">
                        <customfieldname>Global Rank</customfieldname>
                        <customfieldvalues>
                            <customfieldvalue>31799</customfieldvalue>
                        </customfieldvalues>
                    </customfield>
                                                                                                                                                    <customfield id="customfield_12312521" key="com.atlassian.jira.toolkit:LastCommentDate">
                        <customfieldname>Last public comment date</customfieldname>
                        <customfieldvalues>
                            8 years, 30 weeks, 1 day ago
                        </customfieldvalues>
                    </customfield>
                                                                                            <customfield id="customfield_12311820" key="com.pyxis.greenhopper.jira:gh-lexo-rank">
                        <customfieldname>Rank</customfieldname>
                        <customfieldvalues>
                            <customfieldvalue>0|i0h8lb:</customfieldvalue>

                        </customfieldvalues>
                    </customfield>
                                                                <customfield id="customfield_12310920" key="com.pyxis.greenhopper.jira:gh-global-rank">
                        <customfieldname>Rank (Obsolete)</customfieldname>
                        <customfieldvalues>
                            <customfieldvalue>98654</customfieldvalue>
                        </customfieldvalues>
                    </customfield>
                                                                                                                                                                                                                                                                                                <customfield id="customfield_12310222" key="com.atlassian.jira.ext.charting:timeinstatus">
                        <customfieldname>Time in Status</customfieldname>
                        <customfieldvalues>
                            
                        </customfieldvalues>
                    </customfield>
                                                                                                                        </customfields>
    </item>
</channel>
</rss>