<!-- 
RSS generated by JIRA (6.3.4#6332-sha1:51bc225ef474afe3128b2f66878477f322397b16) at Fri Dec 16 18:45:52 UTC 2016

It is possible to restrict the fields that are returned in this document by specifying the 'field' parameter in your request.
For example, to request only the issue key and summary add field=key&field=summary to the URL of your request.
For example:
https://issues.apache.org/jira/si/jira.issueviews:issue-xml/HBASE-610/HBASE-610.xml?field=key&amp;field=summary
-->
<rss version="0.92" >
<channel>
    <title>ASF JIRA</title>
    <link>https://issues.apache.org/jira</link>
    <description>This file is an XML representation of an issue</description>
    <language>en-uk</language>    <build-info>
        <version>6.3.4</version>
        <build-number>6332</build-number>
        <build-date>15-08-2014</build-date>
    </build-info>

<item>
            <title>[HBASE-610] Autoincrementing cell version</title>
                <link>https://issues.apache.org/jira/browse/HBASE-610</link>
                <project id="12310753" key="HBASE">HBase</project>
                    <description>&lt;p&gt;&lt;a href=&quot;https://issues.apache.org/jira/browse/HBASE-609&quot; title=&quot;Master doesn&amp;#39;t see regionserver edits because of clock skew&quot; class=&quot;issue-link&quot; data-issue-key=&quot;HBASE-609&quot;&gt;&lt;del&gt;HBASE-609&lt;/del&gt;&lt;/a&gt; has an example of clock skew making it so master scanner missed edits placed there by a regionserver whose clock was in advance of the masters.  There may be other cases lurking where this kind of issue &amp;#8211; two servers are updating a particular row with off-clocks &amp;#8211; may bite us.  Could a regionserver that has a clock a long ways behind the running master&apos;s clock enter a split record that went in behind the current inforegion cell&apos;s version?  If so, the master wouldn&apos;t see the split.&lt;/p&gt;

&lt;p&gt;One fix would be a new feature where cells had a version that autoincremented.&lt;/p&gt;</description>
                <environment></environment>
        <key id="12395107">HBASE-610</key>
            <summary>Autoincrementing cell version</summary>
                <type id="4" iconUrl="https://issues.apache.org/jira/images/icons/issuetypes/improvement.png">Improvement</type>
                                            <priority id="3" iconUrl="https://issues.apache.org/jira/images/icons/priorities/major.png">Major</priority>
                        <status id="6" iconUrl="https://issues.apache.org/jira/images/icons/statuses/closed.png" description="The issue is considered finished, the resolution is correct. Issues which are closed can be reopened.">Closed</status>
                    <statusCategory id="3" key="done" colorName="green"/>
                                    <resolution id="2">Won&apos;t Fix</resolution>
                                        <assignee username="-1">Unassigned</assignee>
                                    <reporter username="stack">stack</reporter>
                        <labels>
                    </labels>
                <created>Wed, 30 Apr 2008 21:36:13 +0000</created>
                <updated>Fri, 22 Aug 2008 21:35:05 +0000</updated>
                            <resolved>Thu, 17 Jul 2008 01:23:33 +0000</resolved>
                                                                        <due></due>
                            <votes>0</votes>
                                    <watches>0</watches>
                                                                <comments>
                            <comment id="12593455" author="stack" created="Wed, 30 Apr 2008 22:43:35 +0000"  >&lt;p&gt;Regards my scenario above, I don&apos;t think its possible.  Upon review, regionservers update using no explicit timestamp.  Means that their edits get applied using the current time of the regionserver hosting the region taking on the edits, not that of the regionserver who is in the past.  &lt;a href=&quot;https://issues.apache.org/jira/browse/HBASE-609&quot; title=&quot;Master doesn&amp;#39;t see regionserver edits because of clock skew&quot; class=&quot;issue-link&quot; data-issue-key=&quot;HBASE-609&quot;&gt;&lt;del&gt;HBASE-609&lt;/del&gt;&lt;/a&gt;&apos;s problem was that master was asking to open scanner on a .META. region using an explicit time, the current time on the master... not current time on hosting regionserver.&lt;/p&gt;</comment>
                            <comment id="12614185" author="jimk" created="Thu, 17 Jul 2008 01:23:33 +0000"  >&lt;p&gt;With &lt;a href=&quot;https://issues.apache.org/jira/browse/HBASE-711&quot; title=&quot;Complain if clock skew across the cluster is badly out of sync&quot; class=&quot;issue-link&quot; data-issue-key=&quot;HBASE-711&quot;&gt;&lt;del&gt;HBASE-711&lt;/del&gt;&lt;/a&gt;, this should no longer be an issue.&lt;/p&gt;</comment>
                    </comments>
                    <attachments>
                    </attachments>
                <subtasks>
                    </subtasks>
                <customfields>
                                                <customfield id="customfield_12310310" key="com.atlassian.jira.toolkit:attachments">
                        <customfieldname>Attachment count</customfieldname>
                        <customfieldvalues>
                            <customfieldvalue>0.0</customfieldvalue>
                        </customfieldvalues>
                    </customfield>
                                                                                                                                                                                                                                                                                                                                                                                                                                                                                                                                <customfield id="customfield_12310220" key="com.atlassian.jira.ext.charting:firstresponsedate">
                        <customfieldname>Date of First Response</customfieldname>
                        <customfieldvalues>
                            <customfieldvalue>Thu, 17 Jul 2008 01:23:33 +0000</customfieldvalue>

                        </customfieldvalues>
                    </customfield>
                                                                                                                                                                                                                                                                                                                                                                                                                                            <customfield id="customfield_12310420" key="com.pyxis.greenhopper.jira:gh-global-rank">
                        <customfieldname>Global Rank</customfieldname>
                        <customfieldvalues>
                            <customfieldvalue>31782</customfieldvalue>
                        </customfieldvalues>
                    </customfield>
                                                                                                                                                    <customfield id="customfield_12312521" key="com.atlassian.jira.toolkit:LastCommentDate">
                        <customfieldname>Last public comment date</customfieldname>
                        <customfieldvalues>
                            8 years, 23 weeks, 1 day ago
                        </customfieldvalues>
                    </customfield>
                                                                                            <customfield id="customfield_12311820" key="com.pyxis.greenhopper.jira:gh-lexo-rank">
                        <customfieldname>Rank</customfieldname>
                        <customfieldvalues>
                            <customfieldvalue>0|i0h8d3:</customfieldvalue>

                        </customfieldvalues>
                    </customfield>
                                                                <customfield id="customfield_12310920" key="com.pyxis.greenhopper.jira:gh-global-rank">
                        <customfieldname>Rank (Obsolete)</customfieldname>
                        <customfieldvalues>
                            <customfieldvalue>98617</customfieldvalue>
                        </customfieldvalues>
                    </customfield>
                                                                                                                                                                                                                                                                                                <customfield id="customfield_12310222" key="com.atlassian.jira.ext.charting:timeinstatus">
                        <customfieldname>Time in Status</customfieldname>
                        <customfieldvalues>
                            
                        </customfieldvalues>
                    </customfield>
                                                                                                                        </customfields>
    </item>
</channel>
</rss>