<!-- 
RSS generated by JIRA (6.3.4#6332-sha1:51bc225ef474afe3128b2f66878477f322397b16) at Fri Dec 16 18:40:48 UTC 2016

It is possible to restrict the fields that are returned in this document by specifying the 'field' parameter in your request.
For example, to request only the issue key and summary add field=key&field=summary to the URL of your request.
For example:
https://issues.apache.org/jira/si/jira.issueviews:issue-xml/HBASE-77/HBASE-77.xml?field=key&amp;field=summary
-->
<rss version="0.92" >
<channel>
    <title>ASF JIRA</title>
    <link>https://issues.apache.org/jira</link>
    <description>This file is an XML representation of an issue</description>
    <language>en-uk</language>    <build-info>
        <version>6.3.4</version>
        <build-number>6332</build-number>
        <build-date>15-08-2014</build-date>
    </build-info>

<item>
            <title>[HBASE-77] Streaming: Clients should be able to open an OutputStream for putting a value into a table</title>
                <link>https://issues.apache.org/jira/browse/HBASE-77</link>
                <project id="12310753" key="HBASE">HBase</project>
                    <description>&lt;p&gt;&amp;gt; Right now the only interface for insertion is via a byte[], which severely limits the flexibility of the system. Added 2007-10-08 by stuhood.&lt;/p&gt;

&lt;p&gt;Tell us more Stu why you need this feature? (Because you want to write BLOBs of multiple Gigabytes into an hbase cell?)&lt;/p&gt;

&lt;p&gt;Added as part of migrating new feature requests from the obsoleted &lt;a href=&quot;http://wiki.apache.org/hadoop/Hbase/HbaseFeatureRequests&quot; class=&quot;external-link&quot; rel=&quot;nofollow&quot;&gt;http://wiki.apache.org/hadoop/Hbase/HbaseFeatureRequests&lt;/a&gt;&lt;/p&gt;</description>
                <environment></environment>
        <key id="12386700">HBASE-77</key>
            <summary>Streaming: Clients should be able to open an OutputStream for putting a value into a table</summary>
                <type id="4" iconUrl="https://issues.apache.org/jira/images/icons/issuetypes/improvement.png">Improvement</type>
                                            <priority id="4" iconUrl="https://issues.apache.org/jira/images/icons/priorities/minor.png">Minor</priority>
                        <status id="5" iconUrl="https://issues.apache.org/jira/images/icons/statuses/resolved.png" description="A resolution has been taken, and it is awaiting verification by reporter. From here issues are either reopened, or are closed.">Resolved</status>
                    <statusCategory id="3" key="done" colorName="green"/>
                                    <resolution id="8">Not A Problem</resolution>
                                        <assignee username="-1">Unassigned</assignee>
                                    <reporter username="stack">stack</reporter>
                        <labels>
                    </labels>
                <created>Sat, 19 Jan 2008 17:28:32 +0000</created>
                <updated>Sun, 8 Jun 2014 21:49:56 +0000</updated>
                            <resolved>Sun, 8 Jun 2014 21:49:56 +0000</resolved>
                                                                    <component>Client</component>
                        <due></due>
                            <votes>0</votes>
                                    <watches>3</watches>
                                                                <comments>
                            <comment id="12560729" author="stuhood" created="Sat, 19 Jan 2008 20:53:47 +0000"  >&lt;blockquote&gt;&lt;p&gt;Because you want to write BLOBs of multiple Gigabytes into an hbase cell?&lt;/p&gt;&lt;/blockquote&gt;
&lt;p&gt;Yes, that would be one usecase, but the BLOB wouldn&apos;t even need to be that large: even for streams in the hundreds of megabytes, it would be impractical to read them fully.&lt;/p&gt;

&lt;p&gt;For the perennial example of a web or document crawler, it makes more sense to open a stream to a document you are fetching, and then pass the stream to HBase, rather than buffering it into memory first.&lt;/p&gt;</comment>
                            <comment id="12560731" author="bryanduxbury" created="Sat, 19 Jan 2008 21:37:51 +0000"  >&lt;p&gt;I&apos;m not sure that streaming multi-gigabyte blobs into HBase really makes any sense. If you&apos;re going to have a lot of multi-gigabyte blobs, HDFS is probably a better fit for you, and just store the metadata in HBase.&lt;/p&gt;

&lt;p&gt;However, I guess I could see situations where you might want to stream something like a few megabytes rather than keep it all in memory. However, as I understand it, the current RPC system probably wouldn&apos;t support this very well, so it would bear some scrutiny.&lt;/p&gt;</comment>
                            <comment id="12573955" author="bryanduxbury" created="Fri, 29 Feb 2008 20:55:13 +0000"  >&lt;p&gt;Should we resolve this issue won&apos;t fix? It seems like a bad match for HBase.&lt;/p&gt;</comment>
                            <comment id="12573992" author="stack" created="Fri, 29 Feb 2008 22:28:55 +0000"  >&lt;p&gt;I&apos;m ambigious about closing this issue.  On the one hand it seems impossible to do given current state of things.  On other hand, seems like an ideal we should be heading for.  I come down more on side of leaving it open because this issue will come up again IMO.&lt;/p&gt;</comment>
                            <comment id="14021406" author="apurtell" created="Sun, 8 Jun 2014 21:49:56 +0000"  >&lt;p&gt;Let&apos;s retire this golden oldie.&lt;/p&gt;</comment>
                    </comments>
                    <attachments>
                    </attachments>
                <subtasks>
                    </subtasks>
                <customfields>
                                                <customfield id="customfield_12310310" key="com.atlassian.jira.toolkit:attachments">
                        <customfieldname>Attachment count</customfieldname>
                        <customfieldvalues>
                            <customfieldvalue>0.0</customfieldvalue>
                        </customfieldvalues>
                    </customfield>
                                                                                                                                                                                                                                                                                                                                                                                                                                                                                                                                <customfield id="customfield_12310220" key="com.atlassian.jira.ext.charting:firstresponsedate">
                        <customfieldname>Date of First Response</customfieldname>
                        <customfieldvalues>
                            <customfieldvalue>Sat, 19 Jan 2008 20:53:47 +0000</customfieldvalue>

                        </customfieldvalues>
                    </customfield>
                                                                                                                                                                                                                                                                                                                                                                                                                                            <customfield id="customfield_12310420" key="com.pyxis.greenhopper.jira:gh-global-rank">
                        <customfieldname>Global Rank</customfieldname>
                        <customfieldvalues>
                            <customfieldvalue>31673</customfieldvalue>
                        </customfieldvalues>
                    </customfield>
                                                                                                                                                    <customfield id="customfield_12312521" key="com.atlassian.jira.toolkit:LastCommentDate">
                        <customfieldname>Last public comment date</customfieldname>
                        <customfieldvalues>
                            2 years, 27 weeks, 4 days ago
                        </customfieldvalues>
                    </customfield>
                                                                                            <customfield id="customfield_12311820" key="com.pyxis.greenhopper.jira:gh-lexo-rank">
                        <customfieldname>Rank</customfieldname>
                        <customfieldvalues>
                            <customfieldvalue>0|i02emv:</customfieldvalue>

                        </customfieldvalues>
                    </customfield>
                                                                <customfield id="customfield_12310920" key="com.pyxis.greenhopper.jira:gh-global-rank">
                        <customfieldname>Rank (Obsolete)</customfieldname>
                        <customfieldvalues>
                            <customfieldvalue>11972</customfieldvalue>
                        </customfieldvalues>
                    </customfield>
                                                                                                                                                                                                                                                                                                <customfield id="customfield_12310222" key="com.atlassian.jira.ext.charting:timeinstatus">
                        <customfieldname>Time in Status</customfieldname>
                        <customfieldvalues>
                            
                        </customfieldvalues>
                    </customfield>
                                                                                                                        </customfields>
    </item>
</channel>
</rss>