<!-- 
RSS generated by JIRA (6.3.4#6332-sha1:51bc225ef474afe3128b2f66878477f322397b16) at Fri Dec 16 18:42:45 UTC 2016

It is possible to restrict the fields that are returned in this document by specifying the 'field' parameter in your request.
For example, to request only the issue key and summary add field=key&field=summary to the URL of your request.
For example:
https://issues.apache.org/jira/si/jira.issueviews:issue-xml/HBASE-279/HBASE-279.xml?field=key&amp;field=summary
-->
<rss version="0.92" >
<channel>
    <title>ASF JIRA</title>
    <link>https://issues.apache.org/jira</link>
    <description>This file is an XML representation of an issue</description>
    <language>en-uk</language>    <build-info>
        <version>6.3.4</version>
        <build-number>6332</build-number>
        <build-date>15-08-2014</build-date>
    </build-info>

<item>
            <title>[HBASE-279] HBase: Provide configurable per-column bloom filters</title>
                <link>https://issues.apache.org/jira/browse/HBASE-279</link>
                <project id="12310753" key="HBASE">HBase</project>
                    <description>&lt;p&gt;HBase should provide configurable per column bloom filters to speed up negative lookups.&lt;/p&gt;</description>
                <environment></environment>
        <key id="12369967">HBASE-279</key>
            <summary>HBase: Provide configurable per-column bloom filters</summary>
                <type id="1" iconUrl="https://issues.apache.org/jira/images/icons/issuetypes/bug.png">Bug</type>
                                            <priority id="3" iconUrl="https://issues.apache.org/jira/images/icons/priorities/major.png">Major</priority>
                        <status id="6" iconUrl="https://issues.apache.org/jira/images/icons/statuses/closed.png" description="The issue is considered finished, the resolution is correct. Issues which are closed can be reopened.">Closed</status>
                    <statusCategory id="3" key="done" colorName="green"/>
                                    <resolution id="1">Fixed</resolution>
                                        <assignee username="-1">Unassigned</assignee>
                                    <reporter username="jimk">Jim Kellerman</reporter>
                        <labels>
                    </labels>
                <created>Tue, 22 May 2007 17:51:02 +0000</created>
                <updated>Thu, 2 May 2013 02:29:06 +0000</updated>
                            <resolved>Sat, 7 Jul 2007 07:19:07 +0000</resolved>
                                                                        <due></due>
                            <votes>0</votes>
                                    <watches>0</watches>
                                                                <comments>
                            <comment id="12504434" author="jimk" created="Wed, 13 Jun 2007 21:22:02 +0000"  >&lt;p&gt;BSD licensed bloom filter implementation from &lt;a href=&quot;http://www.one-lab.org&quot; class=&quot;external-link&quot; rel=&quot;nofollow&quot;&gt;http://www.one-lab.org&lt;/a&gt;, modified to implement Writable or WritableComparable as appropriate&lt;/p&gt;</comment>
                            <comment id="12504436" author="jimk" created="Wed, 13 Jun 2007 21:23:09 +0000"  >&lt;p&gt;Tested in my build environment. Checking to make sure Hudson agrees.&lt;/p&gt;</comment>
                            <comment id="12504539" author="hadoopqa" created="Thu, 14 Jun 2007 05:08:38 +0000"  >&lt;p&gt;-1, new javadoc warnings&lt;/p&gt;

&lt;p&gt;The javadoc tool appears to have generated warning messages when testing the latest attachment &lt;a href=&quot;http://issues.apache.org/jira/secure/attachment/12359635/patch.txt&quot; class=&quot;external-link&quot; rel=&quot;nofollow&quot;&gt;http://issues.apache.org/jira/secure/attachment/12359635/patch.txt&lt;/a&gt; against trunk revision r547031.&lt;/p&gt;

&lt;p&gt;Test results:   &lt;a href=&quot;http://lucene.zones.apache.org:8080/hudson/job/Hadoop-Patch/279/testReport/&quot; class=&quot;external-link&quot; rel=&quot;nofollow&quot;&gt;http://lucene.zones.apache.org:8080/hudson/job/Hadoop-Patch/279/testReport/&lt;/a&gt;&lt;br/&gt;
Console output: &lt;a href=&quot;http://lucene.zones.apache.org:8080/hudson/job/Hadoop-Patch/279/console&quot; class=&quot;external-link&quot; rel=&quot;nofollow&quot;&gt;http://lucene.zones.apache.org:8080/hudson/job/Hadoop-Patch/279/console&lt;/a&gt;&lt;/p&gt;

&lt;p&gt;Please note that this message is automatically generated and may represent a problem with the automation system and not the patch.&lt;/p&gt;</comment>
                            <comment id="12504558" author="jimk" created="Thu, 14 Jun 2007 06:23:41 +0000"  >&lt;p&gt;fix non ascii characters&lt;/p&gt;</comment>
                            <comment id="12504559" author="jimk" created="Thu, 14 Jun 2007 06:24:27 +0000"  >&lt;p&gt;fix non ascii characters in javadoc&lt;/p&gt;</comment>
                            <comment id="12504573" author="hadoopqa" created="Thu, 14 Jun 2007 07:21:18 +0000"  >&lt;p&gt;+1&lt;/p&gt;

&lt;p&gt;&lt;a href=&quot;http://issues.apache.org/jira/secure/attachment/12359676/patch.txt&quot; class=&quot;external-link&quot; rel=&quot;nofollow&quot;&gt;http://issues.apache.org/jira/secure/attachment/12359676/patch.txt&lt;/a&gt; applied and successfully tested against trunk revision r547031.&lt;/p&gt;

&lt;p&gt;Test results:   &lt;a href=&quot;http://lucene.zones.apache.org:8080/hudson/job/Hadoop-Patch/280/testReport/&quot; class=&quot;external-link&quot; rel=&quot;nofollow&quot;&gt;http://lucene.zones.apache.org:8080/hudson/job/Hadoop-Patch/280/testReport/&lt;/a&gt;&lt;br/&gt;
Console output: &lt;a href=&quot;http://lucene.zones.apache.org:8080/hudson/job/Hadoop-Patch/280/console&quot; class=&quot;external-link&quot; rel=&quot;nofollow&quot;&gt;http://lucene.zones.apache.org:8080/hudson/job/Hadoop-Patch/280/console&lt;/a&gt;&lt;/p&gt;</comment>
                            <comment id="12504577" author="jimk" created="Thu, 14 Jun 2007 07:42:09 +0000"  >&lt;p&gt;I just committed the one-lab bloom filter implementation to the hbase tree.&lt;/p&gt;</comment>
                            <comment id="12504664" author="hadoopqa" created="Thu, 14 Jun 2007 11:44:43 +0000"  >&lt;p&gt;Integrated in Hadoop-Nightly #121 (See &lt;a href=&quot;http://lucene.zones.apache.org:8080/hudson/job/Hadoop-Nightly/121/&quot; class=&quot;external-link&quot; rel=&quot;nofollow&quot;&gt;http://lucene.zones.apache.org:8080/hudson/job/Hadoop-Nightly/121/&lt;/a&gt;)&lt;/p&gt;</comment>
                            <comment id="12504964" author="jimk" created="Thu, 14 Jun 2007 23:25:22 +0000"  >&lt;p&gt;Step 1 changes to support bloom filters. With bloom filters disabled, there are no regressions.&lt;/p&gt;</comment>
                            <comment id="12504965" author="jimk" created="Thu, 14 Jun 2007 23:25:58 +0000"  >&lt;p&gt;No regressions in my test environment. Make sure Hudson agrees.&lt;/p&gt;</comment>
                            <comment id="12504977" author="hadoopqa" created="Fri, 15 Jun 2007 00:21:17 +0000"  >&lt;p&gt;+1&lt;/p&gt;

&lt;p&gt;&lt;a href=&quot;http://issues.apache.org/jira/secure/attachment/12359782/patch.txt&quot; class=&quot;external-link&quot; rel=&quot;nofollow&quot;&gt;http://issues.apache.org/jira/secure/attachment/12359782/patch.txt&lt;/a&gt; applied and successfully tested against trunk revision r547429.&lt;/p&gt;

&lt;p&gt;Test results:   &lt;a href=&quot;http://lucene.zones.apache.org:8080/hudson/job/Hadoop-Patch/288/testReport/&quot; class=&quot;external-link&quot; rel=&quot;nofollow&quot;&gt;http://lucene.zones.apache.org:8080/hudson/job/Hadoop-Patch/288/testReport/&lt;/a&gt;&lt;br/&gt;
Console output: &lt;a href=&quot;http://lucene.zones.apache.org:8080/hudson/job/Hadoop-Patch/288/console&quot; class=&quot;external-link&quot; rel=&quot;nofollow&quot;&gt;http://lucene.zones.apache.org:8080/hudson/job/Hadoop-Patch/288/console&lt;/a&gt;&lt;/p&gt;</comment>
                            <comment id="12504981" author="jimk" created="Fri, 15 Jun 2007 00:40:47 +0000"  >&lt;p&gt;I just committed part 2: new code has no regressions. Yet to come: verify new code works when bloom filters are enabled.&lt;/p&gt;</comment>
                            <comment id="12510837" author="jimk" created="Sat, 7 Jul 2007 01:55:07 +0000"  >&lt;p&gt;Tests per-column bloom filters. Works in my test environment. Ensure Hudson agrees.&lt;/p&gt;</comment>
                            <comment id="12510852" author="hadoopqa" created="Sat, 7 Jul 2007 05:22:23 +0000"  >&lt;p&gt;-1, build or testing failed&lt;/p&gt;

&lt;p&gt;2 attempts failed to build and test the latest attachment &lt;a href=&quot;http://issues.apache.org/jira/secure/attachment/12361336/patch.txt&quot; class=&quot;external-link&quot; rel=&quot;nofollow&quot;&gt;http://issues.apache.org/jira/secure/attachment/12361336/patch.txt&lt;/a&gt; against trunk revision r553623.&lt;/p&gt;

&lt;p&gt;Test results:   &lt;a href=&quot;http://lucene.zones.apache.org:8080/hudson/job/Hadoop-Patch/373/testReport/&quot; class=&quot;external-link&quot; rel=&quot;nofollow&quot;&gt;http://lucene.zones.apache.org:8080/hudson/job/Hadoop-Patch/373/testReport/&lt;/a&gt;&lt;br/&gt;
Console output: &lt;a href=&quot;http://lucene.zones.apache.org:8080/hudson/job/Hadoop-Patch/373/console&quot; class=&quot;external-link&quot; rel=&quot;nofollow&quot;&gt;http://lucene.zones.apache.org:8080/hudson/job/Hadoop-Patch/373/console&lt;/a&gt;&lt;/p&gt;

&lt;p&gt;Please note that this message is automatically generated and may represent a problem with the automation system and not the patch.&lt;/p&gt;</comment>
                            <comment id="12510856" author="jimk" created="Sat, 7 Jul 2007 05:57:51 +0000"  >&lt;p&gt;Note: the build failure had nothing to do with the new test added:&lt;br/&gt;
     &lt;span class=&quot;error&quot;&gt;&amp;#91;junit&amp;#93;&lt;/span&gt; Running org.apache.hadoop.hbase.TestBloomFilters&lt;br/&gt;
     ....&lt;br/&gt;
     &lt;span class=&quot;error&quot;&gt;&amp;#91;junit&amp;#93;&lt;/span&gt; Tests run: 1, Failures: 0, Errors: 0, Time elapsed: 52.55 sec&lt;/p&gt;

&lt;p&gt;but had to do with TestTable failing:&lt;/p&gt;


&lt;p&gt;    &lt;span class=&quot;error&quot;&gt;&amp;#91;junit&amp;#93;&lt;/span&gt; Running org.apache.hadoop.hbase.TestTable&lt;br/&gt;
    ....&lt;br/&gt;
    &lt;span class=&quot;error&quot;&gt;&amp;#91;junit&amp;#93;&lt;/span&gt; Tests run: 1, Failures: 0, Errors: 1, Time elapsed: 0 sec&lt;/p&gt;</comment>
                            <comment id="12510858" author="nidaley" created="Sat, 7 Jul 2007 06:25:14 +0000"  >&lt;p&gt;By not getting a +1 from HadoopQA before you committed this, it is unclear whether or not there are any new javac, javadoc, or findbugs warnings introduced by this patch. &lt;/p&gt;</comment>
                            <comment id="12510859" author="jimk" created="Sat, 7 Jul 2007 07:07:21 +0000"  >&lt;p&gt;From the console log:&lt;/p&gt;

&lt;p&gt;  &lt;span class=&quot;error&quot;&gt;&amp;#91;javadoc&amp;#93;&lt;/span&gt; Loading source files for package org.apache.hadoop.hbase...&lt;br/&gt;
  &lt;span class=&quot;error&quot;&gt;&amp;#91;javadoc&amp;#93;&lt;/span&gt; Loading source files for package org.apache.hadoop.hbase.filter...&lt;br/&gt;
  &lt;span class=&quot;error&quot;&gt;&amp;#91;javadoc&amp;#93;&lt;/span&gt; Loading source files for package org.apache.hadoop.hbase.io...&lt;br/&gt;
  &lt;span class=&quot;error&quot;&gt;&amp;#91;javadoc&amp;#93;&lt;/span&gt; Loading source files for package org.apache.hadoop.hbase.mapred...&lt;br/&gt;
  &lt;span class=&quot;error&quot;&gt;&amp;#91;javadoc&amp;#93;&lt;/span&gt; Loading source files for package org.apache.hadoop.hbase.util...&lt;br/&gt;
  &lt;span class=&quot;error&quot;&gt;&amp;#91;javadoc&amp;#93;&lt;/span&gt; Loading source files for package org.onelab.filter...&lt;br/&gt;
  &lt;span class=&quot;error&quot;&gt;&amp;#91;javadoc&amp;#93;&lt;/span&gt; Constructing Javadoc information...&lt;/p&gt;

&lt;p&gt;compile:&lt;br/&gt;
     &lt;span class=&quot;error&quot;&gt;&amp;#91;echo&amp;#93;&lt;/span&gt; contrib: hbase&lt;br/&gt;
    &lt;span class=&quot;error&quot;&gt;&amp;#91;javac&amp;#93;&lt;/span&gt; Compiling 69 source files to /export/home/hudson/hudson/jobs/Hadoop-Patch/workspace/trunk/build/contrib/hbase/classes&lt;/p&gt;

&lt;p&gt;jar:&lt;br/&gt;
      &lt;span class=&quot;error&quot;&gt;&amp;#91;jar&amp;#93;&lt;/span&gt; Building jar: /export/home/hudson/hudson/job&lt;/p&gt;

&lt;p&gt;compile-examples:&lt;/p&gt;

&lt;p&gt;jar-examples:&lt;br/&gt;
     &lt;span class=&quot;error&quot;&gt;&amp;#91;echo&amp;#93;&lt;/span&gt; contrib: hbase&lt;br/&gt;
      &lt;span class=&quot;error&quot;&gt;&amp;#91;jar&amp;#93;&lt;/span&gt; Building jar: /export/home/hudson/hudson/jobs/Hadoop-Patch/workspace/trunk/build/contrib/hbase/hadoop-hbase-examples.jar&lt;/p&gt;

&lt;p&gt;deploy:&lt;br/&gt;
     &lt;span class=&quot;error&quot;&gt;&amp;#91;echo&amp;#93;&lt;/span&gt; contrib: hbase&lt;br/&gt;
     &lt;span class=&quot;error&quot;&gt;&amp;#91;copy&amp;#93;&lt;/span&gt; Copying 1 file to /export/home/hudson/hudson/jobs/Hadoop-Patch/workspace/trunk/build&lt;/p&gt;

&lt;p&gt;init-contrib:&lt;/p&gt;

&lt;p&gt;compile:&lt;br/&gt;
     &lt;span class=&quot;error&quot;&gt;&amp;#91;echo&amp;#93;&lt;/span&gt; contrib: datajoin&lt;/p&gt;

&lt;p&gt;compile-examples:&lt;br/&gt;
     &lt;span class=&quot;error&quot;&gt;&amp;#91;echo&amp;#93;&lt;/span&gt; contrib: datajoin&lt;/p&gt;

&lt;p&gt;hadoopbuildcontrib.jar-examples:&lt;br/&gt;
     &lt;span class=&quot;error&quot;&gt;&amp;#91;echo&amp;#93;&lt;/span&gt; contrib: datajoin&lt;/p&gt;

&lt;p&gt;deploy:&lt;br/&gt;
     &lt;span class=&quot;error&quot;&gt;&amp;#91;echo&amp;#93;&lt;/span&gt; contrib: datajoin&lt;br/&gt;
Overriding previous definition of reference to test.classpath&lt;/p&gt;

&lt;p&gt;init:&lt;br/&gt;
     &lt;span class=&quot;error&quot;&gt;&amp;#91;echo&amp;#93;&lt;/span&gt; contrib: hbase&lt;br/&gt;
Overriding previous definition of reference to test.classpath&lt;/p&gt;

&lt;p&gt;init-contrib:&lt;/p&gt;

&lt;p&gt;compile:&lt;br/&gt;
     &lt;span class=&quot;error&quot;&gt;&amp;#91;echo&amp;#93;&lt;/span&gt; contrib: hbase&lt;/p&gt;

&lt;p&gt;jar:&lt;/p&gt;

&lt;p&gt;compile-examples:&lt;/p&gt;

&lt;p&gt;jar-examples:&lt;br/&gt;
     &lt;span class=&quot;error&quot;&gt;&amp;#91;echo&amp;#93;&lt;/span&gt; contrib: hbase&lt;/p&gt;

&lt;p&gt;deploy:&lt;br/&gt;
     &lt;span class=&quot;error&quot;&gt;&amp;#91;echo&amp;#93;&lt;/span&gt; contrib: hbase&lt;/p&gt;

&lt;p&gt;init:&lt;br/&gt;
     &lt;span class=&quot;error&quot;&gt;&amp;#91;echo&amp;#93;&lt;/span&gt; contrib: streaming&lt;/p&gt;

&lt;p&gt;compile-test:&lt;br/&gt;
     &lt;span class=&quot;error&quot;&gt;&amp;#91;echo&amp;#93;&lt;/span&gt; contrib: hbase&lt;br/&gt;
    &lt;span class=&quot;error&quot;&gt;&amp;#91;javac&amp;#93;&lt;/span&gt; Compiling 28 source files to /export/home/hudson/hudson/jobs/Hadoop-Patch/workspace/trunk/build/contrib/hbase/test&lt;br/&gt;
      &lt;span class=&quot;error&quot;&gt;&amp;#91;jar&amp;#93;&lt;/span&gt; Building jar: /export/home/hudson/hudson/jobs/Hadoop-Patch/workspace/trunk/build/contrib/hbase/hadoop-hbase-test.jar&lt;/p&gt;

&lt;p&gt;jar:&lt;/p&gt;

&lt;p&gt;compile-examples:&lt;/p&gt;

&lt;p&gt;jar-examples:&lt;br/&gt;
     &lt;span class=&quot;error&quot;&gt;&amp;#91;echo&amp;#93;&lt;/span&gt; contrib: hbase&lt;/p&gt;

&lt;p&gt;deploy:&lt;br/&gt;
     &lt;span class=&quot;error&quot;&gt;&amp;#91;echo&amp;#93;&lt;/span&gt; contrib: hbase&lt;/p&gt;

&lt;p&gt;hadoopbuildcontrib.test:&lt;br/&gt;
     &lt;span class=&quot;error&quot;&gt;&amp;#91;echo&amp;#93;&lt;/span&gt; contrib: hbase&lt;br/&gt;
    ....&lt;br/&gt;
    &lt;span class=&quot;error&quot;&gt;&amp;#91;junit&amp;#93;&lt;/span&gt; Running org.apache.hadoop.hbase.TestTable&lt;br/&gt;
    ....&lt;br/&gt;
    &lt;span class=&quot;error&quot;&gt;&amp;#91;junit&amp;#93;&lt;/span&gt; Tests run: 1, Failures: 0, Errors: 1, Time elapsed: 0 sec&lt;/p&gt;

&lt;p&gt;BUILD FAILED&lt;br/&gt;
/export/home/hudson/hudson/jobs/Hadoop-Patch/workspace/trunk/build.xml:490: The following error occurred while executing this line:&lt;br/&gt;
/export/home/hudson/hudson/jobs/Hadoop-Patch/workspace/trunk/src/contrib/build.xml:23: The following error occurred while executing this line:&lt;br/&gt;
/export/home/hudson/hudson/jobs/Hadoop-Patch/workspace/trunk/src/contrib/hbase/build.xml:57: The following error occurred while executing this line:&lt;br/&gt;
/export/home/hudson/hudson/jobs/Hadoop-Patch/workspace/trunk/src/contrib/build-contrib.xml:202: Tests failed!&lt;/p&gt;

&lt;p&gt;Total time: 169 minutes 28 seconds&lt;br/&gt;
/usr/bin/kill -9 20159&lt;/p&gt;</comment>
                            <comment id="12510861" author="jimk" created="Sat, 7 Jul 2007 07:19:07 +0000"  >&lt;p&gt;TestBloomFilters succeeds.&lt;/p&gt;</comment>
                            <comment id="12510883" author="hudson" created="Sat, 7 Jul 2007 11:31:23 +0000"  >&lt;p&gt;Integrated in Hadoop-Nightly #147 (See &lt;a href=&quot;http://lucene.zones.apache.org:8080/hudson/job/Hadoop-Nightly/147/&quot; class=&quot;external-link&quot; rel=&quot;nofollow&quot;&gt;http://lucene.zones.apache.org:8080/hudson/job/Hadoop-Nightly/147/&lt;/a&gt;)&lt;/p&gt;</comment>
                    </comments>
                <issuelinks>
                            <issuelinktype id="10001">
                    <name>dependent</name>
                                            <outwardlinks description="depends upon">
                                        <issuelink>
            <issuekey id="12369722">HBASE-285</issuekey>
        </issuelink>
                            </outwardlinks>
                                                        </issuelinktype>
                    </issuelinks>
                <attachments>
                            <attachment id="12361336" name="patch.txt" size="13560" author="jimk" created="Sat, 7 Jul 2007 01:55:07 +0000"/>
                            <attachment id="12359782" name="patch.txt" size="30821" author="jimk" created="Thu, 14 Jun 2007 23:25:21 +0000"/>
                            <attachment id="12359676" name="patch.txt" size="69089" author="jimk" created="Thu, 14 Jun 2007 06:23:41 +0000"/>
                            <attachment id="12359635" name="patch.txt" size="69329" author="jimk" created="Wed, 13 Jun 2007 21:22:02 +0000"/>
                    </attachments>
                <subtasks>
                    </subtasks>
                <customfields>
                                                <customfield id="customfield_12310310" key="com.atlassian.jira.toolkit:attachments">
                        <customfieldname>Attachment count</customfieldname>
                        <customfieldvalues>
                            <customfieldvalue>4.0</customfieldvalue>
                        </customfieldvalues>
                    </customfield>
                                                                                                                                                                                                                                                                                                                                                                                                                                                                                                                                <customfield id="customfield_12310220" key="com.atlassian.jira.ext.charting:firstresponsedate">
                        <customfieldname>Date of First Response</customfieldname>
                        <customfieldvalues>
                            <customfieldvalue>Thu, 14 Jun 2007 05:08:38 +0000</customfieldvalue>

                        </customfieldvalues>
                    </customfield>
                                                                                                                                                                                                                                                                                                                                                                                                                                            <customfield id="customfield_12310420" key="com.pyxis.greenhopper.jira:gh-global-rank">
                        <customfieldname>Global Rank</customfieldname>
                        <customfieldvalues>
                            <customfieldvalue>25063</customfieldvalue>
                        </customfieldvalues>
                    </customfield>
                                                                                                                                                    <customfield id="customfield_12312521" key="com.atlassian.jira.toolkit:LastCommentDate">
                        <customfieldname>Last public comment date</customfieldname>
                        <customfieldvalues>
                            9 years, 24 weeks, 6 days ago
                        </customfieldvalues>
                    </customfield>
                                                                                            <customfield id="customfield_12311820" key="com.pyxis.greenhopper.jira:gh-lexo-rank">
                        <customfieldname>Rank</customfieldname>
                        <customfieldvalues>
                            <customfieldvalue>0|i0h66v:</customfieldvalue>

                        </customfieldvalues>
                    </customfield>
                                                                <customfield id="customfield_12310920" key="com.pyxis.greenhopper.jira:gh-global-rank">
                        <customfieldname>Rank (Obsolete)</customfieldname>
                        <customfieldvalues>
                            <customfieldvalue>98265</customfieldvalue>
                        </customfieldvalues>
                    </customfield>
                                                                                                                                                                                                                                                                                                <customfield id="customfield_12310222" key="com.atlassian.jira.ext.charting:timeinstatus">
                        <customfieldname>Time in Status</customfieldname>
                        <customfieldvalues>
                            
                        </customfieldvalues>
                    </customfield>
                                                                                                                        </customfields>
    </item>
</channel>
</rss>