<!-- 
RSS generated by JIRA (6.3.4#6332-sha1:51bc225ef474afe3128b2f66878477f322397b16) at Fri Dec 16 18:45:57 UTC 2016

It is possible to restrict the fields that are returned in this document by specifying the 'field' parameter in your request.
For example, to request only the issue key and summary add field=key&field=summary to the URL of your request.
For example:
https://issues.apache.org/jira/si/jira.issueviews:issue-xml/HBASE-617/HBASE-617.xml?field=key&amp;field=summary
-->
<rss version="0.92" >
<channel>
    <title>ASF JIRA</title>
    <link>https://issues.apache.org/jira</link>
    <description>This file is an XML representation of an issue</description>
    <language>en-uk</language>    <build-info>
        <version>6.3.4</version>
        <build-number>6332</build-number>
        <build-date>15-08-2014</build-date>
    </build-info>

<item>
            <title>[HBASE-617] Region Server not Exiting after failing</title>
                <link>https://issues.apache.org/jira/browse/HBASE-617</link>
                <project id="12310753" key="HBASE">HBase</project>
                    <description>&lt;p&gt;If a region server was overloaded, the process never exists. Also, this causes an hbase shutdown to wait indefinitely (as called from the shell script). &lt;/p&gt;


&lt;p&gt;This is the thread dump from the regionserver:&lt;br/&gt;
--------------------------------------------&lt;br/&gt;
Full thread dump Java HotSpot(TM) 64-Bit Server VM (1.5.0_14-b03 mixed mode):&lt;/p&gt;

&lt;p&gt;&quot;IPC Server handler 9 on 60020&quot; daemon prio=1 tid=0x00002aab1c29eb40 nid=0x45db waiting on condition &lt;span class=&quot;error&quot;&gt;&amp;#91;0x0000000042835000..0x0000000042835c80&amp;#93;&lt;/span&gt;&lt;br/&gt;
        at sun.misc.Unsafe.park(Native Method)&lt;br/&gt;
        at java.util.concurrent.locks.LockSupport.park(LockSupport.java:118)&lt;br/&gt;
        at java.util.concurrent.locks.AbstractQueuedSynchronizer.parkAndCheckInterrupt(AbstractQueuedSynchronizer.java:716)&lt;br/&gt;
        at java.util.concurrent.locks.AbstractQueuedSynchronizer.acquireQueued(AbstractQueuedSynchronizer.java:746)&lt;br/&gt;
        at java.util.concurrent.locks.AbstractQueuedSynchronizer.acquire(AbstractQueuedSynchronizer.java:1076)&lt;br/&gt;
        at java.util.concurrent.locks.ReentrantLock$NonfairSync.lock(ReentrantLock.java:184)&lt;br/&gt;
        at java.util.concurrent.locks.ReentrantLock.lock(ReentrantLock.java:256)&lt;br/&gt;
        at org.apache.hadoop.hbase.HLog.rollWriter(HLog.java:219)&lt;br/&gt;
        at org.apache.hadoop.hbase.HLog.append(HLog.java:390)&lt;/p&gt;
&lt;ul class=&quot;alternate&quot; type=&quot;square&quot;&gt;
	&lt;li&gt;locked &amp;lt;0x00002aaab70634d0&amp;gt; (a java.lang.Integer)&lt;br/&gt;
        at org.apache.hadoop.hbase.HRegion.update(HRegion.java:1602)&lt;br/&gt;
        at org.apache.hadoop.hbase.HRegion.batchUpdate(HRegion.java:1405)&lt;br/&gt;
        at org.apache.hadoop.hbase.HRegionServer.batchUpdate(HRegionServer.java:1544)&lt;br/&gt;
        at sun.reflect.GeneratedMethodAccessor5.invoke(Unknown Source)&lt;br/&gt;
        at sun.reflect.DelegatingMethodAccessorImpl.invoke(DelegatingMethodAccessorImpl.java:25)&lt;br/&gt;
        at java.lang.reflect.Method.invoke(Method.java:585)&lt;br/&gt;
        at org.apache.hadoop.hbase.ipc.HbaseRPC$Server.call(HbaseRPC.java:413)&lt;br/&gt;
        at org.apache.hadoop.ipc.Server$Handler.run(Server.java:901)&lt;/li&gt;
&lt;/ul&gt;


&lt;p&gt;&quot;regionserver/0:0:0:0:0:0:0:0:60020.cacheFlusher&quot; daemon prio=1 tid=0x00002aab1c1cb800 nid=0x45c8 waiting for monitor entry &lt;span class=&quot;error&quot;&gt;&amp;#91;0x0000000041522000..0x0000000041522b00&amp;#93;&lt;/span&gt;&lt;br/&gt;
        at org.apache.hadoop.hbase.HLog.completeCacheFlush(HLog.java:481)&lt;/p&gt;
&lt;ul class=&quot;alternate&quot; type=&quot;square&quot;&gt;
	&lt;li&gt;waiting to lock &amp;lt;0x00002aaab70634d0&amp;gt; (a java.lang.Integer)&lt;br/&gt;
        at org.apache.hadoop.hbase.HRegion.internalFlushcache(HRegion.java:1103)&lt;br/&gt;
        at org.apache.hadoop.hbase.HRegion.flushcache(HRegion.java:998)&lt;br/&gt;
        at org.apache.hadoop.hbase.HRegionServer$Flusher.flushRegion(HRegionServer.java:447)&lt;/li&gt;
	&lt;li&gt;locked &amp;lt;0x00002aaab70681f8&amp;gt; (a java.util.HashSet)&lt;br/&gt;
        at org.apache.hadoop.hbase.HRegionServer$Flusher.run(HRegionServer.java:390)&lt;/li&gt;
&lt;/ul&gt;


&lt;p&gt;&quot;regionserver/0:0:0:0:0:0:0:0:60020.logRoller&quot; daemon prio=1 tid=0x00002aab1c1cc2b0 nid=0x45c7 waiting on condition &lt;span class=&quot;error&quot;&gt;&amp;#91;0x0000000041421000..0x0000000041421a80&amp;#93;&lt;/span&gt;&lt;br/&gt;
        at sun.misc.Unsafe.park(Native Method)&lt;br/&gt;
        at java.util.concurrent.locks.LockSupport.park(LockSupport.java:118)&lt;br/&gt;
        at java.util.concurrent.locks.AbstractQueuedSynchronizer.parkAndCheckInterrupt(AbstractQueuedSynchronizer.java:716)&lt;br/&gt;
        at java.util.concurrent.locks.AbstractQueuedSynchronizer.acquireQueued(AbstractQueuedSynchronizer.java:746)&lt;br/&gt;
        at java.util.concurrent.locks.AbstractQueuedSynchronizer.acquire(AbstractQueuedSynchronizer.java:1076)&lt;br/&gt;
        at java.util.concurrent.locks.ReentrantLock$NonfairSync.lock(ReentrantLock.java:184)&lt;br/&gt;
        at java.util.concurrent.locks.ReentrantLock.lock(ReentrantLock.java:256)&lt;br/&gt;
        at org.apache.hadoop.hbase.HLog.rollWriter(HLog.java:219)&lt;br/&gt;
        at org.apache.hadoop.hbase.HRegionServer$LogRoller.run(HRegionServer.java:618)&lt;/p&gt;
&lt;ul class=&quot;alternate&quot; type=&quot;square&quot;&gt;
	&lt;li&gt;locked &amp;lt;0x00002aaab70632b8&amp;gt; (a java.lang.Integer)&lt;/li&gt;
&lt;/ul&gt;


&lt;p&gt;&quot;org.apache.hadoop.dfs.DFSClient$LeaseChecker@353c375&quot; daemon prio=1 tid=0x00002aab1c0893c0 nid=0x45c5 waiting on condition &lt;span class=&quot;error&quot;&gt;&amp;#91;0x000000004121f000..0x000000004121fd80&amp;#93;&lt;/span&gt;&lt;br/&gt;
        at java.lang.Thread.sleep(Native Method)&lt;br/&gt;
        at org.apache.hadoop.dfs.DFSClient$LeaseChecker.run(DFSClient.java:605)&lt;br/&gt;
        at java.lang.Thread.run(Thread.java:595)&lt;/p&gt;

&lt;p&gt;&quot;org.apache.hadoop.io.ObjectWritable Connection Culler&quot; daemon prio=1 tid=0x00002aab1c10ad00 nid=0x45c3 waiting on condition &lt;span class=&quot;error&quot;&gt;&amp;#91;0x000000004101d000..0x000000004101dc80&amp;#93;&lt;/span&gt;&lt;br/&gt;
        at java.lang.Thread.sleep(Native Method)&lt;br/&gt;
        at org.apache.hadoop.ipc.Client$ConnectionCuller.run(Client.java:423)&lt;/p&gt;

&lt;p&gt;&quot;org.apache.hadoop.hbase.io.HbaseObjectWritable Connection Culler&quot; daemon prio=1 tid=0x000000005093f200 nid=0x45b5 waiting on condition &lt;span class=&quot;error&quot;&gt;&amp;#91;0x0000000040e1b000..0x0000000040e1bc80&amp;#93;&lt;/span&gt;&lt;br/&gt;
        at java.lang.Thread.sleep(Native Method)&lt;br/&gt;
        at org.apache.hadoop.ipc.Client$ConnectionCuller.run(Client.java:423)&lt;/p&gt;

&lt;p&gt;&quot;DestroyJavaVM&quot; prio=1 tid=0x00002aab1c00d930 nid=0x458f waiting on condition &lt;span class=&quot;error&quot;&gt;&amp;#91;0x0000000000000000..0x00007fff1680e7f0&amp;#93;&lt;/span&gt;&lt;/p&gt;

&lt;p&gt;&quot;regionserver/0:0:0:0:0:0:0:0:60020&quot; prio=1 tid=0x00002aab1c00dfe0 nid=0x45b4 waiting for monitor entry &lt;span class=&quot;error&quot;&gt;&amp;#91;0x0000000040d1a000..0x0000000040d1ac00&amp;#93;&lt;/span&gt;&lt;br/&gt;
        at org.apache.hadoop.hbase.HRegionServer.run(HRegionServer.java:867)&lt;/p&gt;
&lt;ul class=&quot;alternate&quot; type=&quot;square&quot;&gt;
	&lt;li&gt;waiting to lock &amp;lt;0x00002aaab70632b8&amp;gt; (a java.lang.Integer)&lt;br/&gt;
        at java.lang.Thread.run(Thread.java:595)&lt;/li&gt;
&lt;/ul&gt;


&lt;p&gt;&quot;Low Memory Detector&quot; daemon prio=1 tid=0x00000000505e9c90 nid=0x45b2 runnable &lt;span class=&quot;error&quot;&gt;&amp;#91;0x0000000000000000..0x0000000000000000&amp;#93;&lt;/span&gt;&lt;/p&gt;

&lt;p&gt;&quot;CompilerThread1&quot; daemon prio=1 tid=0x00000000505e8060 nid=0x45b1 waiting on condition &lt;span class=&quot;error&quot;&gt;&amp;#91;0x0000000000000000..0x0000000040a16360&amp;#93;&lt;/span&gt;&lt;/p&gt;

&lt;p&gt;&quot;CompilerThread0&quot; daemon prio=1 tid=0x00000000505e6ab0 nid=0x45b0 waiting on condition &lt;span class=&quot;error&quot;&gt;&amp;#91;0x0000000000000000..0x00000000409156e0&amp;#93;&lt;/span&gt;&lt;/p&gt;

&lt;p&gt;&quot;AdapterThread&quot; daemon prio=1 tid=0x00000000505e5350 nid=0x45af waiting on condition &lt;span class=&quot;error&quot;&gt;&amp;#91;0x0000000000000000..0x0000000000000000&amp;#93;&lt;/span&gt;&lt;/p&gt;

&lt;p&gt;&quot;Signal Dispatcher&quot; daemon prio=1 tid=0x00000000505e4070 nid=0x45ae runnable &lt;span class=&quot;error&quot;&gt;&amp;#91;0x0000000000000000..0x0000000000000000&amp;#93;&lt;/span&gt;&lt;/p&gt;

&lt;p&gt;&quot;Finalizer&quot; daemon prio=1 tid=0x00000000505cfef0 nid=0x45ad in Object.wait() &lt;span class=&quot;error&quot;&gt;&amp;#91;0x0000000040613000..0x0000000040613c80&amp;#93;&lt;/span&gt;&lt;br/&gt;
        at java.lang.Object.wait(Native Method)&lt;/p&gt;
&lt;ul class=&quot;alternate&quot; type=&quot;square&quot;&gt;
	&lt;li&gt;waiting on &amp;lt;0x00002aaab70bc3d8&amp;gt; (a java.lang.ref.ReferenceQueue$Lock)&lt;br/&gt;
        at java.lang.ref.ReferenceQueue.remove(ReferenceQueue.java:120)&lt;/li&gt;
	&lt;li&gt;locked &amp;lt;0x00002aaab70bc3d8&amp;gt; (a java.lang.ref.ReferenceQueue$Lock)&lt;br/&gt;
        at java.lang.ref.ReferenceQueue.remove(ReferenceQueue.java:136)&lt;br/&gt;
        at java.lang.ref.Finalizer$FinalizerThread.run(Finalizer.java:159)&lt;/li&gt;
&lt;/ul&gt;


&lt;p&gt;&quot;Reference Handler&quot; daemon prio=1 tid=0x00000000505cf6c0 nid=0x45ac in Object.wait() &lt;span class=&quot;error&quot;&gt;&amp;#91;0x0000000040512000..0x0000000040512c00&amp;#93;&lt;/span&gt;&lt;br/&gt;
        at java.lang.Object.wait(Native Method)&lt;/p&gt;
&lt;ul class=&quot;alternate&quot; type=&quot;square&quot;&gt;
	&lt;li&gt;waiting on &amp;lt;0x00002aaab70b3ac8&amp;gt; (a java.lang.ref.Reference$Lock)&lt;br/&gt;
        at java.lang.Object.wait(Object.java:474)&lt;br/&gt;
        at java.lang.ref.Reference$ReferenceHandler.run(Reference.java:116)&lt;/li&gt;
	&lt;li&gt;locked &amp;lt;0x00002aaab70b3ac8&amp;gt; (a java.lang.ref.Reference$Lock)&lt;/li&gt;
&lt;/ul&gt;


&lt;p&gt;&quot;VM Thread&quot; prio=1 tid=0x00000000505cb1d0 nid=0x45ab runnable &lt;/p&gt;

&lt;p&gt;&quot;GC task thread#0 (ParallelGC)&quot; prio=1 tid=0x000000005051e4d0 nid=0x45a9 runnable &lt;/p&gt;

&lt;p&gt;&quot;GC task thread#1 (ParallelGC)&quot; prio=1 tid=0x000000005051f350 nid=0x45aa runnable &lt;/p&gt;

&lt;p&gt;&quot;VM Periodic Task Thread&quot; prio=1 tid=0x0000000050515430 nid=0x45b3 waiting on condition &lt;/p&gt;</description>
                <environment></environment>
        <key id="12395455">HBASE-617</key>
            <summary>Region Server not Exiting after failing</summary>
                <type id="1" iconUrl="https://issues.apache.org/jira/images/icons/issuetypes/bug.png">Bug</type>
                                            <priority id="4" iconUrl="https://issues.apache.org/jira/images/icons/priorities/minor.png">Minor</priority>
                        <status id="6" iconUrl="https://issues.apache.org/jira/images/icons/statuses/closed.png" description="The issue is considered finished, the resolution is correct. Issues which are closed can be reopened.">Closed</status>
                    <statusCategory id="3" key="done" colorName="green"/>
                                    <resolution id="3">Duplicate</resolution>
                                        <assignee username="jimk">Jim Kellerman</assignee>
                                    <reporter username="dleffel">Daniel Leffel</reporter>
                        <labels>
                    </labels>
                <created>Tue, 6 May 2008 20:12:27 +0000</created>
                <updated>Fri, 22 Aug 2008 21:13:15 +0000</updated>
                            <resolved>Tue, 3 Jun 2008 19:01:49 +0000</resolved>
                                    <version>0.1.2</version>
                                    <fixVersion>0.2.0</fixVersion>
                                        <due></due>
                            <votes>0</votes>
                                    <watches>0</watches>
                                                                <comments>
                            <comment id="12594709" author="jimk" created="Tue, 6 May 2008 21:11:35 +0000"  >&lt;p&gt;How did the region server fail? Was there an exception in the logs?&lt;/p&gt;</comment>
                            <comment id="12594711" author="stack" created="Tue, 6 May 2008 21:23:27 +0000"  >&lt;p&gt;It was aborting because of &lt;a href=&quot;https://issues.apache.org/jira/browse/HBASE-616&quot; title=&quot;&amp;quot; We slept XXXXXX ms, ten times longer than scheduled: 3000&amp;quot; happens frequently.&quot; class=&quot;issue-link&quot; data-issue-key=&quot;HBASE-616&quot;&gt;&lt;del&gt;HBASE-616&lt;/del&gt;&lt;/a&gt;&lt;/p&gt;</comment>
                            <comment id="12597306" author="stack" created="Thu, 15 May 2008 22:52:59 +0000"  >&lt;p&gt;Move into 0.2.  Can bump later.&lt;/p&gt;</comment>
                            <comment id="12597309" author="stack" created="Thu, 15 May 2008 22:59:16 +0000"  >&lt;p&gt;Is this issue related?&lt;/p&gt;</comment>
                            <comment id="12602025" author="stack" created="Tue, 3 Jun 2008 19:01:49 +0000"  >&lt;p&gt;Resovling as duplicate of &lt;a href=&quot;https://issues.apache.org/jira/browse/HBASE-659&quot; title=&quot;HLog#cacheFlushLock not cleared; hangs a region&quot; class=&quot;issue-link&quot; data-issue-key=&quot;HBASE-659&quot;&gt;&lt;del&gt;HBASE-659&lt;/del&gt;&lt;/a&gt;.  Has a thread dump of same character.&lt;/p&gt;</comment>
                    </comments>
                <issuelinks>
                            <issuelinktype id="10030">
                    <name>Reference</name>
                                            <outwardlinks description="relates to">
                                        <issuelink>
            <issuekey id="12390515">HBASE-500</issuekey>
        </issuelink>
                            </outwardlinks>
                                                        </issuelinktype>
                    </issuelinks>
                <attachments>
                    </attachments>
                <subtasks>
                    </subtasks>
                <customfields>
                                                <customfield id="customfield_12310310" key="com.atlassian.jira.toolkit:attachments">
                        <customfieldname>Attachment count</customfieldname>
                        <customfieldvalues>
                            <customfieldvalue>0.0</customfieldvalue>
                        </customfieldvalues>
                    </customfield>
                                                                                                                                                                                                                                                                                                                                                                                                                                                                                                                                <customfield id="customfield_12310220" key="com.atlassian.jira.ext.charting:firstresponsedate">
                        <customfieldname>Date of First Response</customfieldname>
                        <customfieldvalues>
                            <customfieldvalue>Tue, 6 May 2008 21:11:35 +0000</customfieldvalue>

                        </customfieldvalues>
                    </customfield>
                                                                                                                                                                                                                                                                                                                                                                                                                                            <customfield id="customfield_12310420" key="com.pyxis.greenhopper.jira:gh-global-rank">
                        <customfieldname>Global Rank</customfieldname>
                        <customfieldvalues>
                            <customfieldvalue>25295</customfieldvalue>
                        </customfieldvalues>
                    </customfield>
                                                                                                                                                    <customfield id="customfield_12312521" key="com.atlassian.jira.toolkit:LastCommentDate">
                        <customfieldname>Last public comment date</customfieldname>
                        <customfieldvalues>
                            8 years, 29 weeks, 2 days ago
                        </customfieldvalues>
                    </customfield>
                                                                                            <customfield id="customfield_12311820" key="com.pyxis.greenhopper.jira:gh-lexo-rank">
                        <customfieldname>Rank</customfieldname>
                        <customfieldvalues>
                            <customfieldvalue>0|i0h8en:</customfieldvalue>

                        </customfieldvalues>
                    </customfield>
                                                                <customfield id="customfield_12310920" key="com.pyxis.greenhopper.jira:gh-global-rank">
                        <customfieldname>Rank (Obsolete)</customfieldname>
                        <customfieldvalues>
                            <customfieldvalue>98624</customfieldvalue>
                        </customfieldvalues>
                    </customfield>
                                                                                                                                                                                                                                                                                                <customfield id="customfield_12310222" key="com.atlassian.jira.ext.charting:timeinstatus">
                        <customfieldname>Time in Status</customfieldname>
                        <customfieldvalues>
                            
                        </customfieldvalues>
                    </customfield>
                                                                                                                        </customfields>
    </item>
</channel>
</rss>