<!-- 
RSS generated by JIRA (6.3.4#6332-sha1:51bc225ef474afe3128b2f66878477f322397b16) at Fri Dec 16 18:44:10 UTC 2016

It is possible to restrict the fields that are returned in this document by specifying the 'field' parameter in your request.
For example, to request only the issue key and summary add field=key&field=summary to the URL of your request.
For example:
https://issues.apache.org/jira/si/jira.issueviews:issue-xml/HBASE-429/HBASE-429.xml?field=key&amp;field=summary
-->
<rss version="0.92" >
<channel>
    <title>ASF JIRA</title>
    <link>https://issues.apache.org/jira</link>
    <description>This file is an XML representation of an issue</description>
    <language>en-uk</language>    <build-info>
        <version>6.3.4</version>
        <build-number>6332</build-number>
        <build-date>15-08-2014</build-date>
    </build-info>

<item>
            <title>[HBASE-429] hbase-site.xml is in the hbase jar</title>
                <link>https://issues.apache.org/jira/browse/HBASE-429</link>
                <project id="12310753" key="HBASE">HBase</project>
                    <description>&lt;p&gt;Can we get the hbase-site.xml out of there. Seems it should not be there. &lt;/p&gt;

&lt;p&gt;In particular this causes a problem with maven, as we have little control over classpath ordering, so our hbase-site.xml is behind the hbase jar.&lt;/p&gt;</description>
                <environment></environment>
        <key id="12388213">HBASE-429</key>
            <summary>hbase-site.xml is in the hbase jar</summary>
                <type id="1" iconUrl="https://issues.apache.org/jira/images/icons/issuetypes/bug.png">Bug</type>
                                            <priority id="5" iconUrl="https://issues.apache.org/jira/images/icons/priorities/trivial.png">Trivial</priority>
                        <status id="6" iconUrl="https://issues.apache.org/jira/images/icons/statuses/closed.png" description="The issue is considered finished, the resolution is correct. Issues which are closed can be reopened.">Closed</status>
                    <statusCategory id="3" key="done" colorName="green"/>
                                    <resolution id="6">Invalid</resolution>
                                        <assignee username="-1">Unassigned</assignee>
                                    <reporter username="clint.morgan">Clint Morgan</reporter>
                        <labels>
                    </labels>
                <created>Fri, 8 Feb 2008 17:13:22 +0000</created>
                <updated>Fri, 22 Aug 2008 21:35:04 +0000</updated>
                            <resolved>Fri, 8 Feb 2008 18:13:43 +0000</resolved>
                                    <version>0.2.0</version>
                                                    <component>build</component>
                        <due></due>
                            <votes>0</votes>
                                    <watches>0</watches>
                                                                <comments>
                            <comment id="12567133" author="stack" created="Fri, 8 Feb 2008 17:56:19 +0000"  >&lt;p&gt;Remove adding hbase-default.xml to jar&lt;/p&gt;</comment>
                            <comment id="12567134" author="stack" created="Fri, 8 Feb 2008 17:58:09 +0000"  >&lt;p&gt;Clint, do you mean hbase-default.xml? (See the patch.  In build.xml we only add hbase-default.xml to jar).&lt;/p&gt;</comment>
                            <comment id="12567142" author="clint.morgan" created="Fri, 8 Feb 2008 18:13:43 +0000"  >&lt;p&gt;Sorry this was my mistake: I think somehow eclipse had put the hbase-site.xml in my build dir where it was getting picked up. Doing a clean jar, the site.xml is no longer in there.&lt;/p&gt;

&lt;p&gt;It was the hbase-site.xml that I did not want. I think it makes sense to have the -default.xml in the jar.&lt;/p&gt;</comment>
                    </comments>
                    <attachments>
                            <attachment id="12375093" name="429.patch" size="441" author="stack" created="Fri, 8 Feb 2008 17:56:19 +0000"/>
                    </attachments>
                <subtasks>
                    </subtasks>
                <customfields>
                                                <customfield id="customfield_12310310" key="com.atlassian.jira.toolkit:attachments">
                        <customfieldname>Attachment count</customfieldname>
                        <customfieldvalues>
                            <customfieldvalue>1.0</customfieldvalue>
                        </customfieldvalues>
                    </customfield>
                                                                                                                                                                                                                                                                                                                                                                                                                                                                                                                                <customfield id="customfield_12310220" key="com.atlassian.jira.ext.charting:firstresponsedate">
                        <customfieldname>Date of First Response</customfieldname>
                        <customfieldvalues>
                            <customfieldvalue>Fri, 8 Feb 2008 17:56:19 +0000</customfieldvalue>

                        </customfieldvalues>
                    </customfield>
                                                                                                                                                                                                                                                                                                                                                                                                                                            <customfield id="customfield_12310420" key="com.pyxis.greenhopper.jira:gh-global-rank">
                        <customfieldname>Global Rank</customfieldname>
                        <customfieldvalues>
                            <customfieldvalue>25194</customfieldvalue>
                        </customfieldvalues>
                    </customfield>
                                                                                                                                                    <customfield id="customfield_12312521" key="com.atlassian.jira.toolkit:LastCommentDate">
                        <customfieldname>Last public comment date</customfieldname>
                        <customfieldvalues>
                            8 years, 46 weeks ago
                        </customfieldvalues>
                    </customfield>
                                                                                            <customfield id="customfield_12311820" key="com.pyxis.greenhopper.jira:gh-lexo-rank">
                        <customfieldname>Rank</customfieldname>
                        <customfieldvalues>
                            <customfieldvalue>0|i0h79b:</customfieldvalue>

                        </customfieldvalues>
                    </customfield>
                                                                <customfield id="customfield_12310920" key="com.pyxis.greenhopper.jira:gh-global-rank">
                        <customfieldname>Rank (Obsolete)</customfieldname>
                        <customfieldvalues>
                            <customfieldvalue>98438</customfieldvalue>
                        </customfieldvalues>
                    </customfield>
                                                                                                                                                                                                                                                                                                <customfield id="customfield_12310222" key="com.atlassian.jira.ext.charting:timeinstatus">
                        <customfieldname>Time in Status</customfieldname>
                        <customfieldvalues>
                            
                        </customfieldvalues>
                    </customfield>
                                                                                                                        </customfields>
    </item>
</channel>
</rss>