<!-- 
RSS generated by JIRA (6.3.4#6332-sha1:51bc225ef474afe3128b2f66878477f322397b16) at Fri Dec 16 18:40:03 UTC 2016

It is possible to restrict the fields that are returned in this document by specifying the 'field' parameter in your request.
For example, to request only the issue key and summary add field=key&field=summary to the URL of your request.
For example:
https://issues.apache.org/jira/si/jira.issueviews:issue-xml/HBASE-3/HBASE-3.xml?field=key&amp;field=summary
-->
<rss version="0.92" >
<channel>
    <title>ASF JIRA</title>
    <link>https://issues.apache.org/jira</link>
    <description>This file is an XML representation of an issue</description>
    <language>en-uk</language>    <build-info>
        <version>6.3.4</version>
        <build-number>6332</build-number>
        <build-date>15-08-2014</build-date>
    </build-info>

<item>
            <title>[HBASE-3] rest server: configure number of threads for jetty</title>
                <link>https://issues.apache.org/jira/browse/HBASE-3</link>
                <project id="12310753" key="HBASE">HBase</project>
                    <description>&lt;p&gt;I am running a mapreduce job (~400 simultaneous map tasks) that makes random reads from hbase.  I have put a varnishd reverse proxy cache in front of a single rest server.  The single rest server&apos;s jetty appears to be running out of threads:&lt;/p&gt;

&lt;p&gt;2008-02-01 23:17:16,971 INFO org.mortbay.http.SocketListener: LOW ON THREADS ((256-256+1)&amp;lt;2) on SocketListener0@0.0.0.0:61234&lt;br/&gt;
2008-02-01 23:17:17,116 WARN org.mortbay.http.SocketListener: OUT OF THREADS: SocketListener0@0.0.0.0:61234&lt;br/&gt;
2008-02-01 23:17:19,255 INFO org.mortbay.http.SocketListener: LOW ON THREADS ((256-256+1)&amp;lt;2) on SocketListener0@0.0.0.0:61234&lt;/p&gt;

&lt;p&gt;The default for jetty is to use a thread pool of 256 threads.  But I&apos;d like to be able to specify (preferably in hadoop-site.xml) how large the thread pool should be &amp;#8211; in this case it needs to have as many threads as I have simultaneous map tasks.&lt;/p&gt;</description>
                <environment></environment>
        <key id="12387682">HBASE-3</key>
            <summary>rest server: configure number of threads for jetty</summary>
                <type id="1" iconUrl="https://issues.apache.org/jira/images/icons/issuetypes/bug.png">Bug</type>
                                            <priority id="3" iconUrl="https://issues.apache.org/jira/images/icons/priorities/major.png">Major</priority>
                        <status id="6" iconUrl="https://issues.apache.org/jira/images/icons/statuses/closed.png" description="The issue is considered finished, the resolution is correct. Issues which are closed can be reopened.">Closed</status>
                    <statusCategory id="3" key="done" colorName="green"/>
                                    <resolution id="1">Fixed</resolution>
                                        <assignee username="stack">stack</assignee>
                                    <reporter username="bien">Michael Bieniosek</reporter>
                        <labels>
                    </labels>
                <created>Fri, 1 Feb 2008 23:18:52 +0000</created>
                <updated>Fri, 22 Aug 2008 21:13:01 +0000</updated>
                            <resolved>Fri, 8 Feb 2008 19:12:54 +0000</resolved>
                                                    <fixVersion>0.2.0</fixVersion>
                                    <component>REST</component>
                        <due></due>
                            <votes>0</votes>
                                    <watches>0</watches>
                                                                <comments>
                            <comment id="12565129" author="stack" created="Sun, 3 Feb 2008 00:17:40 +0000"  >&lt;p&gt;Add NCSA (apache-style logging), add being able to set log level and get a stack trace, add being able to set max jetty threads, and add some DEBUG-level logging to HConnectionManager around the cache so can get info for solving &lt;a href=&quot;https://issues.apache.org/jira/browse/HBASE-4&quot; title=&quot;hbase client makes too many requests against .META.,,1 table: caching of .META.,,1 lookups is broken?&quot; class=&quot;issue-link&quot; data-issue-key=&quot;HBASE-4&quot;&gt;&lt;del&gt;HBASE-4&lt;/del&gt;&lt;/a&gt;.&lt;/p&gt;</comment>
                            <comment id="12565479" author="bryanduxbury" created="Mon, 4 Feb 2008 19:14:00 +0000"  >&lt;p&gt;You&apos;re using a single REST server to serve 400 clients? That&apos;s really not ideal. You may be able to increase random read performance a little with caching, but I think you&apos;d be taking a pretty noticeable hit by aggregating your entire cluster&apos;s traffic through a single machine. Can you try the job with a larger number of REST servers? Like one per worker  host? That&apos;s how we do it at Rapleaf.&lt;/p&gt;</comment>
                            <comment id="12565597" author="bien" created="Mon, 4 Feb 2008 23:17:05 +0000"  >&lt;p&gt;Bryan,&lt;/p&gt;

&lt;p&gt;I am experimenting with different topologies.  The distribution of our random reads is extremely skewed, so I set up a single proxy cache (varnishd) for all our traffic.  This works much better than past experiments with smaller separate caches on individual work nodes.  The single proxy cache has scaled to our needs, despite living in a single process, so the traffic is already aggregated by the time the cache misses go to the rest server.  So, I&apos;d like to have a single rest server serving as the backend.  If this isn&apos;t possible, I&apos;m willing to expand the number of rest servers, but in that case it is not the traffic aggregation that is limiting our scaling.&lt;/p&gt;</comment>
                            <comment id="12565600" author="bryanduxbury" created="Mon, 4 Feb 2008 23:25:10 +0000"  >&lt;p&gt;OK, I understand. There&apos;s nothing complicated to adding more threads. At one point I had an option on the command line to do that, but ended up reverting it because 256 seemed like a lot.&lt;/p&gt;</comment>
                            <comment id="12566251" author="bryanduxbury" created="Wed, 6 Feb 2008 18:21:50 +0000"  >&lt;p&gt;Here&apos;s a patch that adds --max-num-threads= command line parameter. &lt;/p&gt;</comment>
                            <comment id="12566253" author="bryanduxbury" created="Wed, 6 Feb 2008 18:26:49 +0000"  >&lt;p&gt;Wasn&apos;t paying attention, saw that there&apos;s another patch from Stack already. However, that patch has a lot of contamination from other issues, at least one of which has been resolved with no need for a fix. Should we remove some of the excess in Stacks&apos;s patch, or use mine, or what?&lt;/p&gt;</comment>
                            <comment id="12566260" author="stack" created="Wed, 6 Feb 2008 18:35:20 +0000"  >&lt;p&gt;Shall we put the patches together?  All the stuff added by my patch is useful beyond &lt;a href=&quot;https://issues.apache.org/jira/browse/HBASE-4&quot; title=&quot;hbase client makes too many requests against .META.,,1 table: caching of .META.,,1 lookups is broken?&quot; class=&quot;issue-link&quot; data-issue-key=&quot;HBASE-4&quot;&gt;&lt;del&gt;HBASE-4&lt;/del&gt;&lt;/a&gt; (Being able to set log level in REST server, get thread dumps, apache-style logging).  I can do it if you want.&lt;/p&gt;</comment>
                            <comment id="12566263" author="stack" created="Wed, 6 Feb 2008 18:43:37 +0000"  >&lt;p&gt;After chatting on IRC, we&apos;ll go w/ the targetted patch and open another issue to add logging, etc.&lt;/p&gt;

&lt;p&gt;+1 on 3.patch after review.&lt;/p&gt;</comment>
                            <comment id="12567151" author="bryanduxbury" created="Fri, 8 Feb 2008 18:32:37 +0000"  >&lt;p&gt;Since patch has received +1 from Stack, I think we should commit the 3.patch version.&lt;/p&gt;</comment>
                            <comment id="12567167" author="stack" created="Fri, 8 Feb 2008 19:12:54 +0000"  >&lt;p&gt;Committed 3.patch.  Thanks Bryan.&lt;/p&gt;</comment>
                    </comments>
                    <attachments>
                            <attachment id="12374889" name="3.patch" size="1907" author="bryanduxbury" created="Wed, 6 Feb 2008 18:21:50 +0000"/>
                            <attachment id="12374620" name="hbase-4.patch" size="7150" author="stack" created="Sun, 3 Feb 2008 00:17:40 +0000"/>
                    </attachments>
                <subtasks>
                    </subtasks>
                <customfields>
                                                <customfield id="customfield_12310310" key="com.atlassian.jira.toolkit:attachments">
                        <customfieldname>Attachment count</customfieldname>
                        <customfieldvalues>
                            <customfieldvalue>2.0</customfieldvalue>
                        </customfieldvalues>
                    </customfield>
                                                                                                                                                                                                                                                                                                                                                                                                                                                                                                                                <customfield id="customfield_12310220" key="com.atlassian.jira.ext.charting:firstresponsedate">
                        <customfieldname>Date of First Response</customfieldname>
                        <customfieldvalues>
                            <customfieldvalue>Sun, 3 Feb 2008 00:17:40 +0000</customfieldvalue>

                        </customfieldvalues>
                    </customfield>
                                                                                                                                                                                                                                                                                                                                                                                                                                            <customfield id="customfield_12310420" key="com.pyxis.greenhopper.jira:gh-global-rank">
                        <customfieldname>Global Rank</customfieldname>
                        <customfieldvalues>
                            <customfieldvalue>24843</customfieldvalue>
                        </customfieldvalues>
                    </customfield>
                                                                                                                                                    <customfield id="customfield_12312521" key="com.atlassian.jira.toolkit:LastCommentDate">
                        <customfieldname>Last public comment date</customfieldname>
                        <customfieldvalues>
                            8 years, 45 weeks, 6 days ago
                        </customfieldvalues>
                    </customfield>
                                                                                            <customfield id="customfield_12311820" key="com.pyxis.greenhopper.jira:gh-lexo-rank">
                        <customfieldname>Rank</customfieldname>
                        <customfieldvalues>
                            <customfieldvalue>0|i0h3c7:</customfieldvalue>

                        </customfieldvalues>
                    </customfield>
                                                                <customfield id="customfield_12310920" key="com.pyxis.greenhopper.jira:gh-global-rank">
                        <customfieldname>Rank (Obsolete)</customfieldname>
                        <customfieldvalues>
                            <customfieldvalue>97803</customfieldvalue>
                        </customfieldvalues>
                    </customfield>
                                                                                                                                                                                                                                                                                                <customfield id="customfield_12310222" key="com.atlassian.jira.ext.charting:timeinstatus">
                        <customfieldname>Time in Status</customfieldname>
                        <customfieldvalues>
                            
                        </customfieldvalues>
                    </customfield>
                                                                                                                        </customfields>
    </item>
</channel>
</rss>