<!-- 
RSS generated by JIRA (6.3.4#6332-sha1:51bc225ef474afe3128b2f66878477f322397b16) at Fri Dec 16 18:47:56 UTC 2016

It is possible to restrict the fields that are returned in this document by specifying the 'field' parameter in your request.
For example, to request only the issue key and summary add field=key&field=summary to the URL of your request.
For example:
https://issues.apache.org/jira/si/jira.issueviews:issue-xml/HBASE-833/HBASE-833.xml?field=key&amp;field=summary
-->
<rss version="0.92" >
<channel>
    <title>ASF JIRA</title>
    <link>https://issues.apache.org/jira</link>
    <description>This file is an XML representation of an issue</description>
    <language>en-uk</language>    <build-info>
        <version>6.3.4</version>
        <build-number>6332</build-number>
        <build-date>15-08-2014</build-date>
    </build-info>

<item>
            <title>[HBASE-833] Doing an insert with an unknown family throws a NPE in HRS</title>
                <link>https://issues.apache.org/jira/browse/HBASE-833</link>
                <project id="12310753" key="HBASE">HBase</project>
                    <description>&lt;p&gt;When I added the validation of value&apos;s length, I did not check if the family existed. Throws an ugly:&lt;/p&gt;

&lt;div class=&quot;code panel&quot; style=&quot;border-width: 1px;&quot;&gt;&lt;div class=&quot;codeContent panelContent&quot;&gt;
&lt;pre class=&quot;code-java&quot;&gt;08/08/15 14:15:55 DEBUG client.HConnectionManager$TableServers: reloading table servers because: java.io.IOException: java.lang.NullPointerException
	at org.apache.hadoop.hbase.regionserver.HRegionServer.validateValuesLength(HRegionServer.java:1161)
	at org.apache.hadoop.hbase.regionserver.HRegionServer.batchUpdate(HRegionServer.java:1136)
	at sun.reflect.NativeMethodAccessorImpl.invoke0(Native Method)
	at sun.reflect.NativeMethodAccessorImpl.invoke(NativeMethodAccessorImpl.java:39)
	at sun.reflect.DelegatingMethodAccessorImpl.invoke(DelegatingMethodAccessorImpl.java:25)
	at java.lang.reflect.Method.invoke(Method.java:597)
	at org.apache.hadoop.hbase.ipc.HbaseRPC$Server.call(HbaseRPC.java:473)
	at org.apache.hadoop.ipc.Server$Handler.run(Server.java:896)
&lt;/pre&gt;
&lt;/div&gt;&lt;/div&gt;
&lt;p&gt;with some retries.&lt;/p&gt;</description>
                <environment></environment>
        <key id="12402470">HBASE-833</key>
            <summary>Doing an insert with an unknown family throws a NPE in HRS</summary>
                <type id="1" iconUrl="https://issues.apache.org/jira/images/icons/issuetypes/bug.png">Bug</type>
                                            <priority id="5" iconUrl="https://issues.apache.org/jira/images/icons/priorities/trivial.png">Trivial</priority>
                        <status id="6" iconUrl="https://issues.apache.org/jira/images/icons/statuses/closed.png" description="The issue is considered finished, the resolution is correct. Issues which are closed can be reopened.">Closed</status>
                    <statusCategory id="3" key="done" colorName="green"/>
                                    <resolution id="1">Fixed</resolution>
                                        <assignee username="jdcryans">Jean-Daniel Cryans</assignee>
                                    <reporter username="jdcryans">Jean-Daniel Cryans</reporter>
                        <labels>
                    </labels>
                <created>Fri, 15 Aug 2008 18:36:51 +0000</created>
                <updated>Sat, 13 Sep 2008 23:22:45 +0000</updated>
                            <resolved>Fri, 15 Aug 2008 19:03:51 +0000</resolved>
                                    <version>0.2.0</version>
                                    <fixVersion>0.2.1</fixVersion>
                    <fixVersion>0.18.0</fixVersion>
                                    <component>regionserver</component>
                        <due></due>
                            <votes>0</votes>
                                    <watches>0</watches>
                                                                <comments>
                            <comment id="12622969" author="jdcryans" created="Fri, 15 Aug 2008 18:40:15 +0000"  >&lt;p&gt;Checks if the family is null. The rest was already taken care of.&lt;/p&gt;</comment>
                            <comment id="12622970" author="stack" created="Fri, 15 Aug 2008 18:41:06 +0000"  >&lt;p&gt;Tim Sell just found same issue over in &lt;a href=&quot;https://issues.apache.org/jira/browse/HBASE-657&quot; title=&quot;InvalidColumnNameException not passed through to Thrift interface&quot; class=&quot;issue-link&quot; data-issue-key=&quot;HBASE-657&quot;&gt;&lt;del&gt;HBASE-657&lt;/del&gt;&lt;/a&gt;&lt;/p&gt;</comment>
                            <comment id="12622973" author="stack" created="Fri, 15 Aug 2008 18:45:28 +0000"  >&lt;p&gt;On patch:&lt;/p&gt;

&lt;p&gt;I think it should throw... NoSuchColumnFamilyException&lt;br/&gt;
&lt;span class=&quot;error&quot;&gt;&amp;#91;11:44&amp;#93;&lt;/span&gt;	&amp;lt;st^ack&amp;gt;	This is a DoNotRetryIOException&lt;br/&gt;
&lt;span class=&quot;error&quot;&gt;&amp;#91;11:44&amp;#93;&lt;/span&gt;	&amp;lt;st^ack&amp;gt;	Then we don&apos;t retry it.&lt;br/&gt;
&lt;span class=&quot;error&quot;&gt;&amp;#91;11:44&amp;#93;&lt;/span&gt;	&amp;lt;st^ack&amp;gt;	Fixes tim&apos;s issue then.&lt;/p&gt;</comment>
                            <comment id="12622975" author="jdcryans" created="Fri, 15 Aug 2008 18:51:34 +0000"  >&lt;p&gt;It already does in HRegion.checkColumn, my NPE was just hiding it.&lt;/p&gt;</comment>
                            <comment id="12622980" author="stack" created="Fri, 15 Aug 2008 19:03:51 +0000"  >&lt;p&gt;You are right J-D.  I see it down in localput.&lt;/p&gt;

&lt;p&gt;Committed to branch and trunk.&lt;/p&gt;</comment>
                    </comments>
                    <attachments>
                            <attachment id="12388327" name="hbase-833.patch" size="1731" author="jdcryans" created="Fri, 15 Aug 2008 18:40:15 +0000"/>
                    </attachments>
                <subtasks>
                    </subtasks>
                <customfields>
                                                <customfield id="customfield_12310310" key="com.atlassian.jira.toolkit:attachments">
                        <customfieldname>Attachment count</customfieldname>
                        <customfieldvalues>
                            <customfieldvalue>1.0</customfieldvalue>
                        </customfieldvalues>
                    </customfield>
                                                                                                                                                                                                                                                                                                                                                                                                                                                                                                                                <customfield id="customfield_12310220" key="com.atlassian.jira.ext.charting:firstresponsedate">
                        <customfieldname>Date of First Response</customfieldname>
                        <customfieldvalues>
                            <customfieldvalue>Fri, 15 Aug 2008 18:41:06 +0000</customfieldvalue>

                        </customfieldvalues>
                    </customfield>
                                                                                                                                                                                                                                                                                                                                                                                                                                            <customfield id="customfield_12310420" key="com.pyxis.greenhopper.jira:gh-global-rank">
                        <customfieldname>Global Rank</customfieldname>
                        <customfieldvalues>
                            <customfieldvalue>25427</customfieldvalue>
                        </customfieldvalues>
                    </customfield>
                                                                                                                                                    <customfield id="customfield_12312521" key="com.atlassian.jira.toolkit:LastCommentDate">
                        <customfieldname>Last public comment date</customfieldname>
                        <customfieldvalues>
                            8 years, 18 weeks, 6 days ago
                        </customfieldvalues>
                    </customfield>
                                                                                            <customfield id="customfield_12311820" key="com.pyxis.greenhopper.jira:gh-lexo-rank">
                        <customfieldname>Rank</customfieldname>
                        <customfieldvalues>
                            <customfieldvalue>0|i0h9q7:</customfieldvalue>

                        </customfieldvalues>
                    </customfield>
                                                                <customfield id="customfield_12310920" key="com.pyxis.greenhopper.jira:gh-global-rank">
                        <customfieldname>Rank (Obsolete)</customfieldname>
                        <customfieldvalues>
                            <customfieldvalue>98838</customfieldvalue>
                        </customfieldvalues>
                    </customfield>
                                                                                                                                                                                                                                                                                                <customfield id="customfield_12310222" key="com.atlassian.jira.ext.charting:timeinstatus">
                        <customfieldname>Time in Status</customfieldname>
                        <customfieldvalues>
                            
                        </customfieldvalues>
                    </customfield>
                                                                                                                        </customfields>
    </item>
</channel>
</rss>