<!-- 
RSS generated by JIRA (6.3.4#6332-sha1:51bc225ef474afe3128b2f66878477f322397b16) at Fri Dec 16 18:45:54 UTC 2016

It is possible to restrict the fields that are returned in this document by specifying the 'field' parameter in your request.
For example, to request only the issue key and summary add field=key&field=summary to the URL of your request.
For example:
https://issues.apache.org/jira/si/jira.issueviews:issue-xml/HBASE-612/HBASE-612.xml?field=key&amp;field=summary
-->
<rss version="0.92" >
<channel>
    <title>ASF JIRA</title>
    <link>https://issues.apache.org/jira</link>
    <description>This file is an XML representation of an issue</description>
    <language>en-uk</language>    <build-info>
        <version>6.3.4</version>
        <build-number>6332</build-number>
        <build-date>15-08-2014</build-date>
    </build-info>

<item>
            <title>[HBASE-612] HColumnDescriptor&apos;s readFields() method is version aware but its write() method is not</title>
                <link>https://issues.apache.org/jira/browse/HBASE-612</link>
                <project id="12310753" key="HBASE">HBase</project>
                    <description>&lt;p&gt;HColumnDescriptor&apos;s readFields() method is version aware but its write() method is not. &lt;/p&gt;

&lt;p&gt;I found this tracing the cause of a NPE in the Master&apos;s IPC server processing a region open message where the serialized HColumnDescriptor objects were a version earlier than my latest. &lt;/p&gt;

&lt;p&gt;Attached is a patch against trunk which cures the problem. &lt;/p&gt;</description>
                <environment>&lt;p&gt;CentOS 5.1 Linux x64_64 / JDK 1.6.0_03-b05&lt;/p&gt;</environment>
        <key id="12395224">HBASE-612</key>
            <summary>HColumnDescriptor&apos;s readFields() method is version aware but its write() method is not</summary>
                <type id="1" iconUrl="https://issues.apache.org/jira/images/icons/issuetypes/bug.png">Bug</type>
                                            <priority id="4" iconUrl="https://issues.apache.org/jira/images/icons/priorities/minor.png">Minor</priority>
                        <status id="6" iconUrl="https://issues.apache.org/jira/images/icons/statuses/closed.png" description="The issue is considered finished, the resolution is correct. Issues which are closed can be reopened.">Closed</status>
                    <statusCategory id="3" key="done" colorName="green"/>
                                    <resolution id="1">Fixed</resolution>
                                        <assignee username="-1">Unassigned</assignee>
                                    <reporter username="apurtell">Andrew Purtell</reporter>
                        <labels>
                    </labels>
                <created>Fri, 2 May 2008 21:29:00 +0000</created>
                <updated>Fri, 22 Aug 2008 21:13:15 +0000</updated>
                            <resolved>Wed, 7 May 2008 15:01:19 +0000</resolved>
                                                    <fixVersion>0.2.0</fixVersion>
                                    <component>io</component>
                        <due></due>
                            <votes>0</votes>
                                    <watches>0</watches>
                                                                <comments>
                            <comment id="12594931" author="bryanduxbury" created="Wed, 7 May 2008 15:01:19 +0000"  >&lt;p&gt;Fixed as part of the &lt;a href=&quot;https://issues.apache.org/jira/browse/HBASE-47&quot; title=&quot;option to set TTL for columns in hbase&quot; class=&quot;issue-link&quot; data-issue-key=&quot;HBASE-47&quot;&gt;&lt;del&gt;HBASE-47&lt;/del&gt;&lt;/a&gt; commit. Thanks Andrew!&lt;/p&gt;</comment>
                    </comments>
                <issuelinks>
                            <issuelinktype id="12310010">
                    <name>Incorporates</name>
                                                                <inwardlinks description="is part of">
                                        <issuelink>
            <issuekey id="12382716">HBASE-47</issuekey>
        </issuelink>
                            </inwardlinks>
                                    </issuelinktype>
                    </issuelinks>
                <attachments>
                            <attachment id="12381345" name="hbase-612-0.2-r652919.patch" size="506" author="apurtell" created="Fri, 2 May 2008 21:29:48 +0000"/>
                    </attachments>
                <subtasks>
                    </subtasks>
                <customfields>
                                                <customfield id="customfield_12310310" key="com.atlassian.jira.toolkit:attachments">
                        <customfieldname>Attachment count</customfieldname>
                        <customfieldvalues>
                            <customfieldvalue>1.0</customfieldvalue>
                        </customfieldvalues>
                    </customfield>
                                                                                                                                                                                                                                                                                                                                                                                                                                                                                                                                <customfield id="customfield_12310220" key="com.atlassian.jira.ext.charting:firstresponsedate">
                        <customfieldname>Date of First Response</customfieldname>
                        <customfieldvalues>
                            <customfieldvalue>Wed, 7 May 2008 15:01:19 +0000</customfieldvalue>

                        </customfieldvalues>
                    </customfield>
                                                                                                                                                                                                                                                                                                                                                                                                                                            <customfield id="customfield_12310420" key="com.pyxis.greenhopper.jira:gh-global-rank">
                        <customfieldname>Global Rank</customfieldname>
                        <customfieldvalues>
                            <customfieldvalue>25291</customfieldvalue>
                        </customfieldvalues>
                    </customfield>
                                                                                                                                                    <customfield id="customfield_12312521" key="com.atlassian.jira.toolkit:LastCommentDate">
                        <customfieldname>Last public comment date</customfieldname>
                        <customfieldvalues>
                            8 years, 33 weeks, 2 days ago
                        </customfieldvalues>
                    </customfield>
                                                                                            <customfield id="customfield_12311820" key="com.pyxis.greenhopper.jira:gh-lexo-rank">
                        <customfieldname>Rank</customfieldname>
                        <customfieldvalues>
                            <customfieldvalue>0|i0h8dj:</customfieldvalue>

                        </customfieldvalues>
                    </customfield>
                                                                <customfield id="customfield_12310920" key="com.pyxis.greenhopper.jira:gh-global-rank">
                        <customfieldname>Rank (Obsolete)</customfieldname>
                        <customfieldvalues>
                            <customfieldvalue>98619</customfieldvalue>
                        </customfieldvalues>
                    </customfield>
                                                                                                                                                                                                                                                                                                <customfield id="customfield_12310222" key="com.atlassian.jira.ext.charting:timeinstatus">
                        <customfieldname>Time in Status</customfieldname>
                        <customfieldvalues>
                            
                        </customfieldvalues>
                    </customfield>
                                                                                                                        </customfields>
    </item>
</channel>
</rss>