<!-- 
RSS generated by JIRA (6.3.4#6332-sha1:51bc225ef474afe3128b2f66878477f322397b16) at Fri Dec 16 18:43:02 UTC 2016

It is possible to restrict the fields that are returned in this document by specifying the 'field' parameter in your request.
For example, to request only the issue key and summary add field=key&field=summary to the URL of your request.
For example:
https://issues.apache.org/jira/si/jira.issueviews:issue-xml/HBASE-307/HBASE-307.xml?field=key&amp;field=summary
-->
<rss version="0.92" >
<channel>
    <title>ASF JIRA</title>
    <link>https://issues.apache.org/jira</link>
    <description>This file is an XML representation of an issue</description>
    <language>en-uk</language>    <build-info>
        <version>6.3.4</version>
        <build-number>6332</build-number>
        <build-date>15-08-2014</build-date>
    </build-info>

<item>
            <title>[HBASE-307] [Hbase Shell] DFS command using Hadoop FsShell operations.</title>
                <link>https://issues.apache.org/jira/browse/HBASE-307</link>
                <project id="12310753" key="HBASE">HBase</project>
                    <description>&lt;p&gt;I want to add a dfs command using Hadoop FsShell operations for more convenient use of Hbase Shell&lt;/p&gt;</description>
                <environment>&lt;p&gt;All enviorments.&lt;/p&gt;</environment>
        <key id="12376673">HBASE-307</key>
            <summary>[Hbase Shell] DFS command using Hadoop FsShell operations.</summary>
                <type id="1" iconUrl="https://issues.apache.org/jira/images/icons/issuetypes/bug.png">Bug</type>
                                            <priority id="4" iconUrl="https://issues.apache.org/jira/images/icons/priorities/minor.png">Minor</priority>
                        <status id="6" iconUrl="https://issues.apache.org/jira/images/icons/statuses/closed.png" description="The issue is considered finished, the resolution is correct. Issues which are closed can be reopened.">Closed</status>
                    <statusCategory id="3" key="done" colorName="green"/>
                                    <resolution id="1">Fixed</resolution>
                                        <assignee username="-1">Unassigned</assignee>
                                    <reporter username="udanax">Edward J. Yoon</reporter>
                        <labels>
                    </labels>
                <created>Thu, 23 Aug 2007 05:35:01 +0000</created>
                <updated>Mon, 4 Feb 2008 18:41:35 +0000</updated>
                            <resolved>Fri, 24 Aug 2007 19:34:48 +0000</resolved>
                                                                        <due></due>
                            <votes>0</votes>
                                    <watches>0</watches>
                                                                <comments>
                            <comment id="12522028" author="udanax" created="Thu, 23 Aug 2007 05:37:10 +0000"  >&lt;p&gt;attached patch for dfs command.&lt;/p&gt;

&lt;div class=&quot;code panel&quot; style=&quot;border-width: 1px;&quot;&gt;&lt;div class=&quot;codeContent panelContent&quot;&gt;
&lt;pre class=&quot;code-java&quot;&gt;
HBase &amp;gt; dfs;
Usage: java FsShell
           [-fs &amp;lt;local | file system URI&amp;gt;]
           [-conf &amp;lt;configuration file&amp;gt;]
           [-D &amp;lt;[property=value&amp;gt;]
           [-ls &amp;lt;path&amp;gt;]
           [-lsr &amp;lt;path&amp;gt;]
           [-du &amp;lt;path&amp;gt;]
           [-dus &amp;lt;path&amp;gt;]
           [-mv &amp;lt;src&amp;gt; &amp;lt;dst&amp;gt;]
           [-cp &amp;lt;src&amp;gt; &amp;lt;dst&amp;gt;]
           [-rm &amp;lt;path&amp;gt;]
           [-rmr &amp;lt;path&amp;gt;]
           [-expunge]
           [-put &amp;lt;localsrc&amp;gt; &amp;lt;dst&amp;gt;]
           [-copyFromLocal &amp;lt;localsrc&amp;gt; &amp;lt;dst&amp;gt;]
           [-moveFromLocal &amp;lt;localsrc&amp;gt; &amp;lt;dst&amp;gt;]
           [-get [-crc] &amp;lt;src&amp;gt; &amp;lt;localdst&amp;gt;]
           [-getmerge &amp;lt;src&amp;gt; &amp;lt;localdst&amp;gt; [addnl]]
           [-cat &amp;lt;src&amp;gt;]
           [-copyToLocal [-crc] &amp;lt;src&amp;gt; &amp;lt;localdst&amp;gt;]
           [-moveToLocal [-crc] &amp;lt;src&amp;gt; &amp;lt;localdst&amp;gt;]
           [-mkdir &amp;lt;path&amp;gt;]
           [-setrep [-R] [-w] &amp;lt;rep&amp;gt; &amp;lt;path/file&amp;gt;]
           [-touchz &amp;lt;path&amp;gt;]
           [-test -[ezd] &amp;lt;path&amp;gt;]
           [-stat [format] &amp;lt;path&amp;gt;]
           [-help [cmd]]
HBase &amp;gt; dfs -ls;
Found 1 items
/user/root/udanax       &amp;lt;dir&amp;gt;           2007-08-16 08:37
HBase &amp;gt; dfs -ls udanax;
Found 0 items
HBase &amp;gt; dfs -copyFromLocal /root/workspace/hadoop/NOTICE.txt udanax;
HBase &amp;gt; dfs -ls udanax;
Found 1 items
/user/root/udanax/NOTICE.txt    &amp;lt;r 1&amp;gt;   101     2007-08-16 08:38
HBase &amp;gt; exit;
[root@udanax hadoop]#
&lt;/pre&gt;
&lt;/div&gt;&lt;/div&gt;</comment>
                            <comment id="12522322" author="udanax" created="Fri, 24 Aug 2007 00:07:27 +0000"  >&lt;p&gt;please commit this patch.&lt;/p&gt;</comment>
                            <comment id="12522327" author="hadoopqa" created="Fri, 24 Aug 2007 00:24:38 +0000"  >&lt;p&gt;-1, build or testing failed&lt;/p&gt;

&lt;p&gt;2 attempts failed to build and test the latest attachment &lt;a href=&quot;http://issues.apache.org/jira/secure/attachment/12364385/shell.patch&quot; class=&quot;external-link&quot; rel=&quot;nofollow&quot;&gt;http://issues.apache.org/jira/secure/attachment/12364385/shell.patch&lt;/a&gt; against trunk revision r569063.&lt;/p&gt;

&lt;p&gt;Test results:   &lt;a href=&quot;http://lucene.zones.apache.org:8080/hudson/job/Hadoop-Patch/607/testReport/&quot; class=&quot;external-link&quot; rel=&quot;nofollow&quot;&gt;http://lucene.zones.apache.org:8080/hudson/job/Hadoop-Patch/607/testReport/&lt;/a&gt;&lt;br/&gt;
Console output: &lt;a href=&quot;http://lucene.zones.apache.org:8080/hudson/job/Hadoop-Patch/607/console&quot; class=&quot;external-link&quot; rel=&quot;nofollow&quot;&gt;http://lucene.zones.apache.org:8080/hudson/job/Hadoop-Patch/607/console&lt;/a&gt;&lt;/p&gt;

&lt;p&gt;Please note that this message is automatically generated and may represent a problem with the automation system and not the patch.&lt;/p&gt;</comment>
                            <comment id="12522338" author="udanax" created="Fri, 24 Aug 2007 01:28:03 +0000"  >&lt;p&gt;i used old source.&lt;/p&gt;</comment>
                            <comment id="12522340" author="udanax" created="Fri, 24 Aug 2007 01:33:14 +0000"  >&lt;p&gt;attached new patch&lt;/p&gt;</comment>
                            <comment id="12522343" author="udanax" created="Fri, 24 Aug 2007 01:40:31 +0000"  >&lt;p&gt;re-try&lt;/p&gt;</comment>
                            <comment id="12522359" author="hadoopqa" created="Fri, 24 Aug 2007 02:34:08 +0000"  >&lt;p&gt;+1&lt;/p&gt;

&lt;p&gt;&lt;a href=&quot;http://issues.apache.org/jira/secure/attachment/12364470/shell_v02.patch&quot; class=&quot;external-link&quot; rel=&quot;nofollow&quot;&gt;http://issues.apache.org/jira/secure/attachment/12364470/shell_v02.patch&lt;/a&gt; applied and successfully tested against trunk revision r569063.&lt;/p&gt;

&lt;p&gt;Test results:   &lt;a href=&quot;http://lucene.zones.apache.org:8080/hudson/job/Hadoop-Patch/608/testReport/&quot; class=&quot;external-link&quot; rel=&quot;nofollow&quot;&gt;http://lucene.zones.apache.org:8080/hudson/job/Hadoop-Patch/608/testReport/&lt;/a&gt;&lt;br/&gt;
Console output: &lt;a href=&quot;http://lucene.zones.apache.org:8080/hudson/job/Hadoop-Patch/608/console&quot; class=&quot;external-link&quot; rel=&quot;nofollow&quot;&gt;http://lucene.zones.apache.org:8080/hudson/job/Hadoop-Patch/608/console&lt;/a&gt;&lt;/p&gt;</comment>
                            <comment id="12522624" author="stack" created="Fri, 24 Aug 2007 19:34:48 +0000"  >&lt;p&gt;Committed w/ below message after removing ^M from patch and changing references to &apos;dfs&apos; instead to &apos;fs&apos; to match how hadoop refers to the filesytem (Retested all local after changes).  &lt;/p&gt;

&lt;p&gt;Thanks Edward.&lt;/p&gt;

&lt;p&gt;&lt;a href=&quot;https://issues.apache.org/jira/browse/HBASE-307&quot; title=&quot;[Hbase Shell] DFS command using Hadoop FsShell operations.&quot; class=&quot;issue-link&quot; data-issue-key=&quot;HBASE-307&quot;&gt;&lt;del&gt;HADOOP-1768&lt;/del&gt;&lt;/a&gt; Hbase shell FS command using Hadoop FsShell operations&lt;/p&gt;

&lt;p&gt;M  src/contrib/hbase/src/java/org/apache/hadoop/hbase/shell/HelpContents.java&lt;br/&gt;
    Add mention of new &apos;fs&apos; operator.&lt;br/&gt;
A src/contrib/hbase/src/java/org/apache/hadoop/hbase/shell/FsCommand.java&lt;br/&gt;
M src/contrib/hbase/src/java/org/apache/hadoop/hbase/shell/HBaseShell.jj&lt;br/&gt;
    Added support of new &apos;fs&apos; operator.&lt;br/&gt;
M src/contrib/hbase/src/java/org/apache/hadoop/hbase/shell/generated/ParserTokenManager.java&lt;br/&gt;
M src/contrib/hbase/src/java/org/apache/hadoop/hbase/shell/generated/ParserConstants.java&lt;br/&gt;
M src/contrib/hbase/src/java/org/apache/hadoop/hbase/shell/generated/Parser.java&lt;br/&gt;
    Generated files.  Changes come of mods to HBaseShell.jj&lt;/p&gt;</comment>
                    </comments>
                    <attachments>
                            <attachment id="12364385" name="shell.patch" size="39821" author="udanax" created="Thu, 23 Aug 2007 05:37:10 +0000"/>
                            <attachment id="12364470" name="shell_v02.patch" size="142210" author="udanax" created="Fri, 24 Aug 2007 01:33:13 +0000"/>
                    </attachments>
                <subtasks>
                    </subtasks>
                <customfields>
                                                <customfield id="customfield_12310310" key="com.atlassian.jira.toolkit:attachments">
                        <customfieldname>Attachment count</customfieldname>
                        <customfieldvalues>
                            <customfieldvalue>2.0</customfieldvalue>
                        </customfieldvalues>
                    </customfield>
                                                                                                                                                                                                                                                                                                                                                                                                                                                                                                                                <customfield id="customfield_12310220" key="com.atlassian.jira.ext.charting:firstresponsedate">
                        <customfieldname>Date of First Response</customfieldname>
                        <customfieldvalues>
                            <customfieldvalue>Fri, 24 Aug 2007 00:24:38 +0000</customfieldvalue>

                        </customfieldvalues>
                    </customfield>
                                                                                                                                                                                                                                                                                                                                                                                                                                            <customfield id="customfield_12310420" key="com.pyxis.greenhopper.jira:gh-global-rank">
                        <customfieldname>Global Rank</customfieldname>
                        <customfieldvalues>
                            <customfieldvalue>25091</customfieldvalue>
                        </customfieldvalues>
                    </customfield>
                                                                                                                                                    <customfield id="customfield_12312521" key="com.atlassian.jira.toolkit:LastCommentDate">
                        <customfieldname>Last public comment date</customfieldname>
                        <customfieldvalues>
                            9 years, 17 weeks, 6 days ago
                        </customfieldvalues>
                    </customfield>
                                                                                            <customfield id="customfield_12311820" key="com.pyxis.greenhopper.jira:gh-lexo-rank">
                        <customfieldname>Rank</customfieldname>
                        <customfieldvalues>
                            <customfieldvalue>0|i0h6g7:</customfieldvalue>

                        </customfieldvalues>
                    </customfield>
                                                                <customfield id="customfield_12310920" key="com.pyxis.greenhopper.jira:gh-global-rank">
                        <customfieldname>Rank (Obsolete)</customfieldname>
                        <customfieldvalues>
                            <customfieldvalue>98307</customfieldvalue>
                        </customfieldvalues>
                    </customfield>
                                                                                                                                                                                                                                                                                                <customfield id="customfield_12310222" key="com.atlassian.jira.ext.charting:timeinstatus">
                        <customfieldname>Time in Status</customfieldname>
                        <customfieldvalues>
                            
                        </customfieldvalues>
                    </customfield>
                                                                                                                        </customfields>
    </item>
</channel>
</rss>