<!-- 
RSS generated by JIRA (6.3.4#6332-sha1:51bc225ef474afe3128b2f66878477f322397b16) at Fri Dec 16 18:43:54 UTC 2016

It is possible to restrict the fields that are returned in this document by specifying the 'field' parameter in your request.
For example, to request only the issue key and summary add field=key&field=summary to the URL of your request.
For example:
https://issues.apache.org/jira/si/jira.issueviews:issue-xml/HBASE-398/HBASE-398.xml?field=key&amp;field=summary
-->
<rss version="0.92" >
<channel>
    <title>ASF JIRA</title>
    <link>https://issues.apache.org/jira</link>
    <description>This file is an XML representation of an issue</description>
    <language>en-uk</language>    <build-info>
        <version>6.3.4</version>
        <build-number>6332</build-number>
        <build-date>15-08-2014</build-date>
    </build-info>

<item>
            <title>[HBASE-398] [HQL discuss] HQL spec definition</title>
                <link>https://issues.apache.org/jira/browse/HBASE-398</link>
                <project id="12310753" key="HBASE">HBase</project>
                    <description>&lt;p&gt;This is a comparison table between a SQL and HQL.&lt;br/&gt;
IMO, i don&apos;t think these features(SQL) are perfectly fit with HQL and Hbase, but If you want for anything from here, please let me know using comment.&lt;/p&gt;

&lt;p&gt;Thanks.&lt;/p&gt;

&lt;table class=&apos;confluenceTable&apos;&gt;&lt;tbody&gt;
&lt;tr&gt;
&lt;th class=&apos;confluenceTh&apos;&gt; &lt;b&gt;SQL&lt;/b&gt; &lt;/th&gt;
&lt;th class=&apos;confluenceTh&apos;&gt; &lt;b&gt;HQL&lt;/b&gt; &lt;/th&gt;
&lt;/tr&gt;
&lt;tr&gt;
&lt;td class=&apos;confluenceTd&apos;&gt; &lt;b&gt;Select Statement&lt;/b&gt; &lt;br class=&quot;atl-forced-newline&quot; /&gt;
SELECT &quot;column_name&quot; FROM &quot;table_name&quot; &lt;br class=&quot;atl-forced-newline&quot; /&gt; &lt;/td&gt;
&lt;td class=&apos;confluenceTd&apos;&gt; O &lt;br class=&quot;atl-forced-newline&quot; /&gt;
&lt;br class=&quot;atl-forced-newline&quot; /&gt; &lt;/td&gt;
&lt;/tr&gt;
&lt;tr&gt;
&lt;td class=&apos;confluenceTd&apos;&gt; &lt;b&gt;Distinct&lt;/b&gt; &lt;br class=&quot;atl-forced-newline&quot; /&gt;
SELECT DISTINCT &quot;column_name&quot; &lt;br class=&quot;atl-forced-newline&quot; /&gt;
FROM &quot;table_name&quot; &lt;br class=&quot;atl-forced-newline&quot; /&gt; &lt;/td&gt;
&lt;td class=&apos;confluenceTd&apos;&gt; &lt;font color=&quot;#cc0000&quot;&gt;&lt;b&gt;X&lt;/b&gt;&lt;/font&gt; &lt;/td&gt;
&lt;/tr&gt;
&lt;tr&gt;
&lt;td class=&apos;confluenceTd&apos;&gt; &lt;b&gt;Where&lt;/b&gt; &lt;br class=&quot;atl-forced-newline&quot; /&gt;
SELECT &quot;column_name&quot; &lt;br class=&quot;atl-forced-newline&quot; /&gt;
FROM &quot;table_name&quot; &lt;br class=&quot;atl-forced-newline&quot; /&gt;
WHERE &quot;condition&quot; &lt;br class=&quot;atl-forced-newline&quot; /&gt; &lt;/td&gt;
&lt;td class=&apos;confluenceTd&apos;&gt; &lt;font color=&quot;#cc0000&quot;&gt;&lt;b&gt;X&lt;/b&gt;&lt;/font&gt; &lt;/td&gt;
&lt;/tr&gt;
&lt;tr&gt;
&lt;td class=&apos;confluenceTd&apos;&gt; &lt;b&gt;And / Or&lt;/b&gt; &lt;br class=&quot;atl-forced-newline&quot; /&gt;
SELECT &quot;column_name&quot; &lt;br class=&quot;atl-forced-newline&quot; /&gt;
FROM &quot;table_name&quot; &lt;br class=&quot;atl-forced-newline&quot; /&gt;
WHERE &quot;simple condition&quot; &lt;br class=&quot;atl-forced-newline&quot; /&gt;
{[AND&amp;#124;OR] &quot;simple condition&quot;}&amp;#43; &lt;br class=&quot;atl-forced-newline&quot; /&gt; &lt;/td&gt;
&lt;td class=&apos;confluenceTd&apos;&gt; &lt;font color=&quot;#cc0000&quot;&gt;&lt;b&gt;X&lt;/b&gt;&lt;/font&gt;&lt;br class=&quot;atl-forced-newline&quot; /&gt; &lt;/td&gt;
&lt;/tr&gt;
&lt;tr&gt;
&lt;td class=&apos;confluenceTd&apos;&gt; &lt;b&gt;In&lt;/b&gt; &lt;br class=&quot;atl-forced-newline&quot; /&gt;
SELECT &quot;column_name&quot; &lt;br class=&quot;atl-forced-newline&quot; /&gt;
FROM &quot;table_name&quot; &lt;br class=&quot;atl-forced-newline&quot; /&gt;
WHERE &quot;column_name&quot; IN (&apos;value1&apos;, &apos;value2&apos;, ...) &lt;br class=&quot;atl-forced-newline&quot; /&gt; &lt;/td&gt;
&lt;td class=&apos;confluenceTd&apos;&gt; &lt;font color=&quot;#cc0000&quot;&gt;&lt;b&gt;X&lt;/b&gt;&lt;/font&gt; &lt;/td&gt;
&lt;/tr&gt;
&lt;tr&gt;
&lt;td class=&apos;confluenceTd&apos;&gt; &lt;b&gt;Between&lt;/b&gt; &lt;br class=&quot;atl-forced-newline&quot; /&gt;
SELECT &quot;column_name&quot; &lt;br class=&quot;atl-forced-newline&quot; /&gt;
FROM &quot;table_name&quot; &lt;br class=&quot;atl-forced-newline&quot; /&gt;
WHERE &quot;column_name&quot; BETWEEN &apos;value1&apos; AND &apos;value2&apos; &lt;br class=&quot;atl-forced-newline&quot; /&gt; &lt;/td&gt;
&lt;td class=&apos;confluenceTd&apos;&gt; &lt;font color=&quot;#cc0000&quot;&gt;&lt;b&gt;X&lt;/b&gt;&lt;/font&gt; &lt;/td&gt;
&lt;/tr&gt;
&lt;tr&gt;
&lt;td class=&apos;confluenceTd&apos;&gt; &lt;b&gt;Like&lt;/b&gt; &lt;br class=&quot;atl-forced-newline&quot; /&gt;
SELECT &quot;column_name&quot; &lt;br class=&quot;atl-forced-newline&quot; /&gt;
FROM &quot;table_name&quot; &lt;br class=&quot;atl-forced-newline&quot; /&gt;
WHERE &quot;column_name&quot; LIKE {PATTERN} &lt;br class=&quot;atl-forced-newline&quot; /&gt; &lt;/td&gt;
&lt;td class=&apos;confluenceTd&apos;&gt; &lt;font color=&quot;#cc0000&quot;&gt;&lt;b&gt;X&lt;/b&gt;&lt;/font&gt;&lt;br class=&quot;atl-forced-newline&quot; /&gt; &lt;/td&gt;
&lt;/tr&gt;
&lt;tr&gt;
&lt;td class=&apos;confluenceTd&apos;&gt; &lt;b&gt;Order By&lt;/b&gt; &lt;br class=&quot;atl-forced-newline&quot; /&gt;
SELECT &quot;column_name&quot; &lt;br class=&quot;atl-forced-newline&quot; /&gt;
FROM &quot;table_name&quot; &lt;br class=&quot;atl-forced-newline&quot; /&gt;
[WHERE &quot;condition&quot;] &lt;br class=&quot;atl-forced-newline&quot; /&gt;
ORDER BY &quot;column_name&quot; [ASC, DESC] &lt;br class=&quot;atl-forced-newline&quot; /&gt; &lt;/td&gt;
&lt;td class=&apos;confluenceTd&apos;&gt; &lt;font color=&quot;#cc0000&quot;&gt;&lt;b&gt;X&lt;/b&gt;&lt;/font&gt; &lt;/td&gt;
&lt;/tr&gt;
&lt;tr&gt;
&lt;td class=&apos;confluenceTd&apos;&gt; &lt;b&gt;Count / Sum / Min / Max / Avg&lt;/b&gt; &lt;br class=&quot;atl-forced-newline&quot; /&gt;
SELECT COUNT(&quot;column_name&quot;) &lt;br class=&quot;atl-forced-newline&quot; /&gt;
FROM &quot;table_name&quot; &lt;br class=&quot;atl-forced-newline&quot; /&gt; &lt;/td&gt;
&lt;td class=&apos;confluenceTd&apos;&gt; &lt;font color=&quot;#cc0000&quot;&gt;&lt;b&gt;X&lt;/b&gt;&lt;/font&gt;&lt;br class=&quot;atl-forced-newline&quot; /&gt; &lt;/td&gt;
&lt;/tr&gt;
&lt;tr&gt;
&lt;td class=&apos;confluenceTd&apos;&gt; &lt;b&gt;Group By&lt;/b&gt; &lt;br class=&quot;atl-forced-newline&quot; /&gt;
SELECT &quot;column_name1&quot;, SUM(&quot;column_name2&quot;) &lt;br class=&quot;atl-forced-newline&quot; /&gt;
FROM &quot;table_name&quot; &lt;br class=&quot;atl-forced-newline&quot; /&gt;
GROUP BY &quot;column_name1&quot; &lt;br class=&quot;atl-forced-newline&quot; /&gt; &lt;/td&gt;
&lt;td class=&apos;confluenceTd&apos;&gt; &lt;font color=&quot;#cc0000&quot;&gt;&lt;b&gt;X&lt;/b&gt;&lt;/font&gt; &lt;/td&gt;
&lt;/tr&gt;
&lt;tr&gt;
&lt;td class=&apos;confluenceTd&apos;&gt; &lt;b&gt;Having&lt;/b&gt; &lt;br class=&quot;atl-forced-newline&quot; /&gt;
SELECT &quot;column_name1&quot;, SUM(&quot;column_name2&quot;) &lt;br class=&quot;atl-forced-newline&quot; /&gt;
FROM &quot;table_name&quot; &lt;br class=&quot;atl-forced-newline&quot; /&gt;
GROUP BY &quot;column_name1&quot; &lt;br class=&quot;atl-forced-newline&quot; /&gt;
HAVING (arithematic function condition) &lt;br class=&quot;atl-forced-newline&quot; /&gt; &lt;/td&gt;
&lt;td class=&apos;confluenceTd&apos;&gt; &lt;font color=&quot;#cc0000&quot;&gt;&lt;b&gt;X&lt;/b&gt;&lt;/font&gt; &lt;br class=&quot;atl-forced-newline&quot; /&gt; &lt;/td&gt;
&lt;/tr&gt;
&lt;tr&gt;
&lt;td class=&apos;confluenceTd&apos;&gt; &lt;b&gt;Create Table Statement&lt;/b&gt; &lt;br class=&quot;atl-forced-newline&quot; /&gt;
CREATE TABLE &quot;table_name&quot; &lt;br class=&quot;atl-forced-newline&quot; /&gt;
(&quot;column 1&quot; &quot;data_type_for_column_1&quot;, &lt;br class=&quot;atl-forced-newline&quot; /&gt;
&quot;column 2&quot; &quot;data_type_for_column_2&quot;, &lt;br class=&quot;atl-forced-newline&quot; /&gt;
... ) &lt;br class=&quot;atl-forced-newline&quot; /&gt; &lt;/td&gt;
&lt;td class=&apos;confluenceTd&apos;&gt; O &lt;br class=&quot;atl-forced-newline&quot; /&gt; &lt;/td&gt;
&lt;/tr&gt;
&lt;tr&gt;
&lt;td class=&apos;confluenceTd&apos;&gt; &lt;b&gt;Drop Table Statement&lt;/b&gt; &lt;br class=&quot;atl-forced-newline&quot; /&gt;
DROP TABLE &quot;table_name&quot; &lt;br class=&quot;atl-forced-newline&quot; /&gt; &lt;/td&gt;
&lt;td class=&apos;confluenceTd&apos;&gt; O &lt;br class=&quot;atl-forced-newline&quot; /&gt; &lt;/td&gt;
&lt;/tr&gt;
&lt;tr&gt;
&lt;td class=&apos;confluenceTd&apos;&gt; &lt;b&gt;Truncate Table Statement&lt;/b&gt; &lt;br class=&quot;atl-forced-newline&quot; /&gt;
TRUNCATE TABLE &quot;table_name&quot; &lt;br class=&quot;atl-forced-newline&quot; /&gt; &lt;/td&gt;
&lt;td class=&apos;confluenceTd&apos;&gt; O &lt;br class=&quot;atl-forced-newline&quot; /&gt; &lt;/td&gt;
&lt;/tr&gt;
&lt;tr&gt;
&lt;td class=&apos;confluenceTd&apos;&gt; &lt;b&gt;Insert Into Statement&lt;/b&gt; &lt;br class=&quot;atl-forced-newline&quot; /&gt;
INSERT INTO &quot;table_name&quot; (&quot;column1&quot;, &quot;column2&quot;, ...) &lt;br class=&quot;atl-forced-newline&quot; /&gt;
VALUES (&quot;value1&quot;, &quot;value2&quot;, ...) &lt;br class=&quot;atl-forced-newline&quot; /&gt; &lt;/td&gt;
&lt;td class=&apos;confluenceTd&apos;&gt; O &lt;br class=&quot;atl-forced-newline&quot; /&gt; &lt;/td&gt;
&lt;/tr&gt;
&lt;tr&gt;
&lt;td class=&apos;confluenceTd&apos;&gt; &lt;b&gt;Update Statement&lt;/b&gt; &lt;br class=&quot;atl-forced-newline&quot; /&gt;
UPDATE &quot;table_name&quot; &lt;br class=&quot;atl-forced-newline&quot; /&gt;
SET &quot;column_1&quot; = [new value] &lt;br class=&quot;atl-forced-newline&quot; /&gt;
WHERE {condition} &lt;br class=&quot;atl-forced-newline&quot; /&gt; &lt;/td&gt;
&lt;td class=&apos;confluenceTd&apos;&gt; &lt;font color=&quot;#cc0000&quot;&gt;&lt;b&gt;X&lt;/b&gt;&lt;/font&gt; &lt;br class=&quot;atl-forced-newline&quot; /&gt; &lt;/td&gt;
&lt;/tr&gt;
&lt;tr&gt;
&lt;td class=&apos;confluenceTd&apos;&gt; &lt;b&gt;Delete From Statement&lt;/b&gt; &lt;br class=&quot;atl-forced-newline&quot; /&gt;
DELETE FROM &quot;table_name&quot; &lt;br class=&quot;atl-forced-newline&quot; /&gt;
WHERE {condition} &lt;br class=&quot;atl-forced-newline&quot; /&gt; &lt;/td&gt;
&lt;td class=&apos;confluenceTd&apos;&gt; O &lt;br class=&quot;atl-forced-newline&quot; /&gt; &lt;/td&gt;
&lt;/tr&gt;
&lt;/tbody&gt;&lt;/table&gt;

</description>
                <environment></environment>
        <key id="12386747">HBASE-398</key>
            <summary>[HQL discuss] HQL spec definition</summary>
                <type id="1" iconUrl="https://issues.apache.org/jira/images/icons/issuetypes/bug.png">Bug</type>
                                            <priority id="5" iconUrl="https://issues.apache.org/jira/images/icons/priorities/trivial.png">Trivial</priority>
                        <status id="6" iconUrl="https://issues.apache.org/jira/images/icons/statuses/closed.png" description="The issue is considered finished, the resolution is correct. Issues which are closed can be reopened.">Closed</status>
                    <statusCategory id="3" key="done" colorName="green"/>
                                    <resolution id="6">Invalid</resolution>
                                        <assignee username="-1">Unassigned</assignee>
                                    <reporter username="udanax">Edward J. Yoon</reporter>
                        <labels>
                    </labels>
                <created>Mon, 21 Jan 2008 02:43:51 +0000</created>
                <updated>Tue, 21 Jun 2011 08:45:13 +0000</updated>
                            <resolved>Tue, 22 Jan 2008 07:16:48 +0000</resolved>
                                                                        <due></due>
                            <votes>0</votes>
                                    <watches>0</watches>
                                                                <comments>
                            <comment id="12561194" author="stack" created="Tue, 22 Jan 2008 01:30:34 +0000"  >&lt;p&gt;This is a useful looking table Edward in that its explicit about the differences between HQL and SQL.  I&apos;d suggest that it might be more accessible if it was linked off the HQL page rather than as a description in a JIRA.&lt;/p&gt;</comment>
                            <comment id="12561238" author="stack" created="Tue, 22 Jan 2008 07:16:48 +0000"  >&lt;p&gt;Closing as invalid since Edward moved the comparison table to a better location, &lt;a href=&quot;http://wiki.apache.org/hadoop/Hbase/HbaseShell#head-eacdd17b4d5b95e3da1f0e18bd9caf6f019b7089&quot; class=&quot;external-link&quot; rel=&quot;nofollow&quot;&gt;http://wiki.apache.org/hadoop/Hbase/HbaseShell#head-eacdd17b4d5b95e3da1f0e18bd9caf6f019b7089&lt;/a&gt;.&lt;/p&gt;</comment>
                    </comments>
                    <attachments>
                    </attachments>
                <subtasks>
                    </subtasks>
                <customfields>
                                                <customfield id="customfield_12310310" key="com.atlassian.jira.toolkit:attachments">
                        <customfieldname>Attachment count</customfieldname>
                        <customfieldvalues>
                            <customfieldvalue>0.0</customfieldvalue>
                        </customfieldvalues>
                    </customfield>
                                                                                                                                                                                                                                                                                                                                                                                                                                                                                                                                <customfield id="customfield_12310220" key="com.atlassian.jira.ext.charting:firstresponsedate">
                        <customfieldname>Date of First Response</customfieldname>
                        <customfieldvalues>
                            <customfieldvalue>Tue, 22 Jan 2008 01:30:34 +0000</customfieldvalue>

                        </customfieldvalues>
                    </customfield>
                                                                                                                                                                                                                                                                                                                                                                                                                                            <customfield id="customfield_12310420" key="com.pyxis.greenhopper.jira:gh-global-rank">
                        <customfieldname>Global Rank</customfieldname>
                        <customfieldvalues>
                            <customfieldvalue>25182</customfieldvalue>
                        </customfieldvalues>
                    </customfield>
                                                                                                                                                    <customfield id="customfield_12312521" key="com.atlassian.jira.toolkit:LastCommentDate">
                        <customfieldname>Last public comment date</customfieldname>
                        <customfieldvalues>
                            8 years, 48 weeks, 3 days ago
                        </customfieldvalues>
                    </customfield>
                                                                                            <customfield id="customfield_12311820" key="com.pyxis.greenhopper.jira:gh-lexo-rank">
                        <customfieldname>Rank</customfieldname>
                        <customfieldvalues>
                            <customfieldvalue>0|i0h72n:</customfieldvalue>

                        </customfieldvalues>
                    </customfield>
                                                                <customfield id="customfield_12310920" key="com.pyxis.greenhopper.jira:gh-global-rank">
                        <customfieldname>Rank (Obsolete)</customfieldname>
                        <customfieldvalues>
                            <customfieldvalue>98408</customfieldvalue>
                        </customfieldvalues>
                    </customfield>
                                                                                                                                                                                                                                                                                                <customfield id="customfield_12310222" key="com.atlassian.jira.ext.charting:timeinstatus">
                        <customfieldname>Time in Status</customfieldname>
                        <customfieldvalues>
                            
                        </customfieldvalues>
                    </customfield>
                                                                                                                        </customfields>
    </item>
</channel>
</rss>