<!-- 
RSS generated by JIRA (6.3.4#6332-sha1:51bc225ef474afe3128b2f66878477f322397b16) at Fri Dec 16 18:41:45 UTC 2016

It is possible to restrict the fields that are returned in this document by specifying the 'field' parameter in your request.
For example, to request only the issue key and summary add field=key&field=summary to the URL of your request.
For example:
https://issues.apache.org/jira/si/jira.issueviews:issue-xml/HBASE-176/HBASE-176.xml?field=key&amp;field=summary
-->
<rss version="0.92" >
<channel>
    <title>ASF JIRA</title>
    <link>https://issues.apache.org/jira</link>
    <description>This file is an XML representation of an issue</description>
    <language>en-uk</language>    <build-info>
        <version>6.3.4</version>
        <build-number>6332</build-number>
        <build-date>15-08-2014</build-date>
    </build-info>

<item>
            <title>[HBASE-176] [hbase] getRow returns empty Map if no-such row.. should return null</title>
                <link>https://issues.apache.org/jira/browse/HBASE-176</link>
                <project id="12310753" key="HBASE">HBase</project>
                    <description>&lt;p&gt;Found by Bryan Duxbury.&lt;/p&gt;</description>
                <environment></environment>
        <key id="12382939">HBASE-176</key>
            <summary>[hbase] getRow returns empty Map if no-such row.. should return null</summary>
                <type id="1" iconUrl="https://issues.apache.org/jira/images/icons/issuetypes/bug.png">Bug</type>
                                            <priority id="3" iconUrl="https://issues.apache.org/jira/images/icons/priorities/major.png">Major</priority>
                        <status id="6" iconUrl="https://issues.apache.org/jira/images/icons/statuses/closed.png" description="The issue is considered finished, the resolution is correct. Issues which are closed can be reopened.">Closed</status>
                    <statusCategory id="3" key="done" colorName="green"/>
                                    <resolution id="1">Fixed</resolution>
                                        <assignee username="-1">Unassigned</assignee>
                                    <reporter username="stack">stack</reporter>
                        <labels>
                    </labels>
                <created>Wed, 21 Nov 2007 02:26:45 +0000</created>
                <updated>Wed, 23 Mar 2011 17:13:17 +0000</updated>
                            <resolved>Tue, 11 Dec 2007 17:18:05 +0000</resolved>
                                                                        <due></due>
                            <votes>1</votes>
                                    <watches>0</watches>
                                                                <comments>
                            <comment id="12548897" author="bryanduxbury" created="Thu, 6 Dec 2007 00:43:10 +0000"  >&lt;p&gt;Results in ambiguous answer about existence of a cell, so elevating to Major.&lt;/p&gt;</comment>
                            <comment id="12549117" author="bryanduxbury" created="Thu, 6 Dec 2007 18:20:08 +0000"  >&lt;p&gt;What should the semantics be for getting a row with null values? That is, how do you distinguish between a row/column that doesn&apos;t exist at all and a row that exists but has a specifically null value? &lt;/p&gt;</comment>
                            <comment id="12549778" author="bryanduxbury" created="Sun, 9 Dec 2007 01:14:14 +0000"  >&lt;p&gt;The more that i think about it, I think that the way it works now is pretty correct. If there are no cells at all for a row, then the row doesn&apos;t exist. If, after getRow goes through all the stores, the map is still empty, we should just return a null at that point. &lt;/p&gt;</comment>
                            <comment id="12550261" author="bryanduxbury" created="Tue, 11 Dec 2007 01:24:13 +0000"  >&lt;p&gt;The more I think about it, this issue doesn&apos;t work out as well as we&apos;d like, since it&apos;s just so difficult to answer the question of whether a row exists under any cells in HBase cheaply. As such, I think that we should close the issue for now leaving things exactly the way they are. An empty map may or may not mean that the row doesn&apos;t exist. If you rely on row existence, you need to get all the cells back and check yourself.&lt;/p&gt;</comment>
                            <comment id="12550469" author="stack" created="Tue, 11 Dec 2007 15:05:15 +0000"  >&lt;p&gt;Make javadoc reflect what we&apos;ve learned while messing with this issue.&lt;/p&gt;</comment>
                            <comment id="12550470" author="stack" created="Tue, 11 Dec 2007 15:05:45 +0000"  >&lt;p&gt;Passing to hudson.&lt;/p&gt;</comment>
                            <comment id="12550637" author="hadoopqa" created="Tue, 11 Dec 2007 17:05:36 +0000"  >&lt;p&gt;-1 overall.  Here are the results of testing the latest attachment &lt;br/&gt;
&lt;a href=&quot;http://issues.apache.org/jira/secure/attachment/12371443/getrownull.patch&quot; class=&quot;external-link&quot; rel=&quot;nofollow&quot;&gt;http://issues.apache.org/jira/secure/attachment/12371443/getrownull.patch&lt;/a&gt;&lt;br/&gt;
against trunk revision r603084.&lt;/p&gt;

&lt;p&gt;    @author +1.  The patch does not contain any @author tags.&lt;/p&gt;

&lt;p&gt;    javadoc +1.  The javadoc tool did not generate any warning messages.&lt;/p&gt;

&lt;p&gt;    javac +1.  The applied patch does not generate any new compiler warnings.&lt;/p&gt;

&lt;p&gt;    findbugs +1.  The patch does not introduce any new Findbugs warnings.&lt;/p&gt;

&lt;p&gt;    core tests +1.  The patch passed core unit tests.&lt;/p&gt;

&lt;p&gt;    contrib tests -1.  The patch failed contrib unit tests.&lt;/p&gt;

&lt;p&gt;Test results: &lt;a href=&quot;http://lucene.zones.apache.org:8080/hudson/job/Hadoop-Patch/1319/testReport/&quot; class=&quot;external-link&quot; rel=&quot;nofollow&quot;&gt;http://lucene.zones.apache.org:8080/hudson/job/Hadoop-Patch/1319/testReport/&lt;/a&gt;&lt;br/&gt;
Findbugs warnings: &lt;a href=&quot;http://lucene.zones.apache.org:8080/hudson/job/Hadoop-Patch/1319/artifact/trunk/build/test/findbugs/newPatchFindbugsWarnings.html&quot; class=&quot;external-link&quot; rel=&quot;nofollow&quot;&gt;http://lucene.zones.apache.org:8080/hudson/job/Hadoop-Patch/1319/artifact/trunk/build/test/findbugs/newPatchFindbugsWarnings.html&lt;/a&gt;&lt;br/&gt;
Checkstyle results: &lt;a href=&quot;http://lucene.zones.apache.org:8080/hudson/job/Hadoop-Patch/1319/artifact/trunk/build/test/checkstyle-errors.html&quot; class=&quot;external-link&quot; rel=&quot;nofollow&quot;&gt;http://lucene.zones.apache.org:8080/hudson/job/Hadoop-Patch/1319/artifact/trunk/build/test/checkstyle-errors.html&lt;/a&gt;&lt;br/&gt;
Console output: &lt;a href=&quot;http://lucene.zones.apache.org:8080/hudson/job/Hadoop-Patch/1319/console&quot; class=&quot;external-link&quot; rel=&quot;nofollow&quot;&gt;http://lucene.zones.apache.org:8080/hudson/job/Hadoop-Patch/1319/console&lt;/a&gt;&lt;/p&gt;

&lt;p&gt;This message is automatically generated.&lt;/p&gt;</comment>
                            <comment id="12550643" author="stack" created="Tue, 11 Dec 2007 17:18:05 +0000"  >&lt;p&gt;Committed the javadoc (Failure was in TTMR, the old reliable).  Resolving.  Thanks for digging in on this Bryan.&lt;/p&gt;</comment>
                            <comment id="12550939" author="hudson" created="Wed, 12 Dec 2007 12:22:04 +0000"  >&lt;p&gt;Integrated in Hadoop-Nightly #330 (See &lt;a href=&quot;http://lucene.zones.apache.org:8080/hudson/job/Hadoop-Nightly/330/&quot; class=&quot;external-link&quot; rel=&quot;nofollow&quot;&gt;http://lucene.zones.apache.org:8080/hudson/job/Hadoop-Nightly/330/&lt;/a&gt;)&lt;/p&gt;</comment>
                    </comments>
                <issuelinks>
                            <issuelinktype id="10030">
                    <name>Reference</name>
                                                                <inwardlinks description="is related to">
                                        <issuelink>
            <issuekey id="12435637">HBASE-1837</issuekey>
        </issuelink>
                            </inwardlinks>
                                    </issuelinktype>
                    </issuelinks>
                <attachments>
                            <attachment id="12371443" name="getrownull.patch" size="1928" author="stack" created="Tue, 11 Dec 2007 15:05:14 +0000"/>
                    </attachments>
                <subtasks>
                    </subtasks>
                <customfields>
                                                <customfield id="customfield_12310310" key="com.atlassian.jira.toolkit:attachments">
                        <customfieldname>Attachment count</customfieldname>
                        <customfieldvalues>
                            <customfieldvalue>1.0</customfieldvalue>
                        </customfieldvalues>
                    </customfield>
                                                                                                                                                                                                                                                                                                                                                                                                                                                                                                                                <customfield id="customfield_12310220" key="com.atlassian.jira.ext.charting:firstresponsedate">
                        <customfieldname>Date of First Response</customfieldname>
                        <customfieldvalues>
                            <customfieldvalue>Thu, 6 Dec 2007 00:43:10 +0000</customfieldvalue>

                        </customfieldvalues>
                    </customfield>
                                                                                                                                                                                                                                                                                                                                                                                                                                            <customfield id="customfield_12310420" key="com.pyxis.greenhopper.jira:gh-global-rank">
                        <customfieldname>Global Rank</customfieldname>
                        <customfieldvalues>
                            <customfieldvalue>24960</customfieldvalue>
                        </customfieldvalues>
                    </customfield>
                                                                                                                                                    <customfield id="customfield_12312521" key="com.atlassian.jira.toolkit:LastCommentDate">
                        <customfieldname>Last public comment date</customfieldname>
                        <customfieldvalues>
                            9 years, 2 weeks, 2 days ago
                        </customfieldvalues>
                    </customfield>
                                                                                            <customfield id="customfield_12311820" key="com.pyxis.greenhopper.jira:gh-lexo-rank">
                        <customfieldname>Rank</customfieldname>
                        <customfieldvalues>
                            <customfieldvalue>0|i0h54n:</customfieldvalue>

                        </customfieldvalues>
                    </customfield>
                                                                <customfield id="customfield_12310920" key="com.pyxis.greenhopper.jira:gh-global-rank">
                        <customfieldname>Rank (Obsolete)</customfieldname>
                        <customfieldvalues>
                            <customfieldvalue>98093</customfieldvalue>
                        </customfieldvalues>
                    </customfield>
                                                                                                                                                                                                                                                                                                <customfield id="customfield_12310222" key="com.atlassian.jira.ext.charting:timeinstatus">
                        <customfieldname>Time in Status</customfieldname>
                        <customfieldvalues>
                            
                        </customfieldvalues>
                    </customfield>
                                                                                                                        </customfields>
    </item>
</channel>
</rss>