<!-- 
RSS generated by JIRA (6.3.4#6332-sha1:51bc225ef474afe3128b2f66878477f322397b16) at Fri Dec 16 18:46:43 UTC 2016

It is possible to restrict the fields that are returned in this document by specifying the 'field' parameter in your request.
For example, to request only the issue key and summary add field=key&field=summary to the URL of your request.
For example:
https://issues.apache.org/jira/si/jira.issueviews:issue-xml/HBASE-702/HBASE-702.xml?field=key&amp;field=summary
-->
<rss version="0.92" >
<channel>
    <title>ASF JIRA</title>
    <link>https://issues.apache.org/jira</link>
    <description>This file is an XML representation of an issue</description>
    <language>en-uk</language>    <build-info>
        <version>6.3.4</version>
        <build-number>6332</build-number>
        <build-date>15-08-2014</build-date>
    </build-info>

<item>
            <title>[HBASE-702] deleteall doesn&apos;t</title>
                <link>https://issues.apache.org/jira/browse/HBASE-702</link>
                <project id="12310753" key="HBASE">HBase</project>
                    <description>&lt;p&gt;From the list, cure at xg dot pol:&lt;/p&gt;

&lt;div class=&quot;code panel&quot; style=&quot;border-width: 1px;&quot;&gt;&lt;div class=&quot;codeContent panelContent&quot;&gt;
&lt;pre class=&quot;code-java&quot;&gt;Hi

  Hbase 0.2.0 dev - fresh from trunk 
  Example :
       I have a table x with column : &apos;col&apos;.

  i put somevalue into column &apos;col&apos; &lt;span class=&quot;code-keyword&quot;&gt;for&lt;/span&gt; row &apos;aaa&apos;:

       HTable table = &lt;span class=&quot;code-keyword&quot;&gt;new&lt;/span&gt; HTable(&lt;span class=&quot;code-quote&quot;&gt;&quot;x&quot;&lt;/span&gt;);
       BatchUpdate batch = &lt;span class=&quot;code-keyword&quot;&gt;new&lt;/span&gt; BatchUpdate(&lt;span class=&quot;code-quote&quot;&gt;&quot;aaa&quot;&lt;/span&gt;);
       batch.put(&lt;span class=&quot;code-quote&quot;&gt;&quot;col:&quot;&lt;/span&gt;, &lt;span class=&quot;code-quote&quot;&gt;&quot;somevalue&quot;&lt;/span&gt;.getBytes());
       table.commit(batch);                  
  i deleteAll - full denial remove &apos;aaa&apos;

       table.deleteAll(&lt;span class=&quot;code-quote&quot;&gt;&quot;aaa&quot;&lt;/span&gt;.getBytes());

  but  on shell i see that &lt;span class=&quot;code-keyword&quot;&gt;this&lt;/span&gt; row still exists.

  when i use deleteAll(row, column) - it&apos;s ok and value is removed.

 Thanks - Antony 
&lt;/pre&gt;
&lt;/div&gt;&lt;/div&gt;

&lt;p&gt;I then tried it myself:&lt;/p&gt;

&lt;div class=&quot;code panel&quot; style=&quot;border-width: 1px;&quot;&gt;&lt;div class=&quot;codeContent panelContent&quot;&gt;
&lt;pre class=&quot;code-java&quot;&gt;durruti:~/Documents/checkouts/hbase/trunk stack$ ./bin/hbase shell
HBase Shell; enter &apos;help&amp;lt;RETURN&amp;gt;&apos; &lt;span class=&quot;code-keyword&quot;&gt;for&lt;/span&gt; list of supported commands.
Version: 0.2.0-dev, r670651, Mon Jun 23 11:08:56 PDT 2008
hbase(main):001:0&amp;gt; scan &apos;x&apos;
ROW                          COLUMN+CELL
 aaa                         column=x:, timestamp=1214243416011, value=somevalue
1 row(s) in 0.1760 seconds
hbase(main):002:0&amp;gt; deleteall &apos;x&apos;, &apos;aaa&apos;
0 row(s) in 0.0030 seconds
hbase(main):003:0&amp;gt; scan &apos;x&apos;
ROW                          COLUMN+CELL
 aaa                         column=x:, timestamp=1214243416011, value=somevalue
1 row(s) in 0.0100 seconds
&lt;/pre&gt;
&lt;/div&gt;&lt;/div&gt;</description>
                <environment></environment>
        <key id="12398854">HBASE-702</key>
            <summary>deleteall doesn&apos;t</summary>
                <type id="1" iconUrl="https://issues.apache.org/jira/images/icons/issuetypes/bug.png">Bug</type>
                                            <priority id="3" iconUrl="https://issues.apache.org/jira/images/icons/priorities/major.png">Major</priority>
                        <status id="6" iconUrl="https://issues.apache.org/jira/images/icons/statuses/closed.png" description="The issue is considered finished, the resolution is correct. Issues which are closed can be reopened.">Closed</status>
                    <statusCategory id="3" key="done" colorName="green"/>
                                    <resolution id="1">Fixed</resolution>
                                        <assignee username="stack">stack</assignee>
                                    <reporter username="stack">stack</reporter>
                        <labels>
                    </labels>
                <created>Mon, 23 Jun 2008 18:14:44 +0000</created>
                <updated>Fri, 22 Aug 2008 21:13:18 +0000</updated>
                            <resolved>Mon, 23 Jun 2008 23:57:56 +0000</resolved>
                                                    <fixVersion>0.2.0</fixVersion>
                                        <due></due>
                            <votes>0</votes>
                                    <watches>0</watches>
                                                                <comments>
                            <comment id="12607419" author="stack" created="Mon, 23 Jun 2008 23:57:56 +0000"  >&lt;p&gt;Confirmed fixed by Antony up on the list.  Resolving.&lt;/p&gt;</comment>
                    </comments>
                    <attachments>
                    </attachments>
                <subtasks>
                    </subtasks>
                <customfields>
                                                <customfield id="customfield_12310310" key="com.atlassian.jira.toolkit:attachments">
                        <customfieldname>Attachment count</customfieldname>
                        <customfieldvalues>
                            <customfieldvalue>0.0</customfieldvalue>
                        </customfieldvalues>
                    </customfield>
                                                                                                                                                                                                                                                                                                                                                                                                                                                                                                                                                                                                                                                                                                                                                                                                                                                                                                                                        <customfield id="customfield_12310420" key="com.pyxis.greenhopper.jira:gh-global-rank">
                        <customfieldname>Global Rank</customfieldname>
                        <customfieldvalues>
                            <customfieldvalue>25345</customfieldvalue>
                        </customfieldvalues>
                    </customfield>
                                                                                                                                                    <customfield id="customfield_12312521" key="com.atlassian.jira.toolkit:LastCommentDate">
                        <customfieldname>Last public comment date</customfieldname>
                        <customfieldvalues>
                            8 years, 26 weeks, 3 days ago
                        </customfieldvalues>
                    </customfield>
                                                                                            <customfield id="customfield_12311820" key="com.pyxis.greenhopper.jira:gh-lexo-rank">
                        <customfieldname>Rank</customfieldname>
                        <customfieldvalues>
                            <customfieldvalue>0|i0h8xb:</customfieldvalue>

                        </customfieldvalues>
                    </customfield>
                                                                <customfield id="customfield_12310920" key="com.pyxis.greenhopper.jira:gh-global-rank">
                        <customfieldname>Rank (Obsolete)</customfieldname>
                        <customfieldvalues>
                            <customfieldvalue>98708</customfieldvalue>
                        </customfieldvalues>
                    </customfield>
                                                                                                                                                                                                                                                                                                <customfield id="customfield_12310222" key="com.atlassian.jira.ext.charting:timeinstatus">
                        <customfieldname>Time in Status</customfieldname>
                        <customfieldvalues>
                            
                        </customfieldvalues>
                    </customfield>
                                                                                                                        </customfields>
    </item>
</channel>
</rss>