<!-- 
RSS generated by JIRA (6.3.4#6332-sha1:51bc225ef474afe3128b2f66878477f322397b16) at Fri Dec 16 18:48:03 UTC 2016

It is possible to restrict the fields that are returned in this document by specifying the 'field' parameter in your request.
For example, to request only the issue key and summary add field=key&field=summary to the URL of your request.
For example:
https://issues.apache.org/jira/si/jira.issueviews:issue-xml/HBASE-846/HBASE-846.xml?field=key&amp;field=summary
-->
<rss version="0.92" >
<channel>
    <title>ASF JIRA</title>
    <link>https://issues.apache.org/jira</link>
    <description>This file is an XML representation of an issue</description>
    <language>en-uk</language>    <build-info>
        <version>6.3.4</version>
        <build-number>6332</build-number>
        <build-date>15-08-2014</build-date>
    </build-info>

<item>
            <title>[HBASE-846] hbase looses its mind when hdfs fills</title>
                <link>https://issues.apache.org/jira/browse/HBASE-846</link>
                <project id="12310753" key="HBASE">HBase</project>
                    <description>&lt;p&gt;Looking in log, I see:&lt;/p&gt;

&lt;div class=&quot;code panel&quot; style=&quot;border-width: 1px;&quot;&gt;&lt;div class=&quot;codeContent panelContent&quot;&gt;
&lt;pre class=&quot;code-java&quot;&gt;2008-08-26 18:57:23,602 INFO org.apache.hadoop.dfs.DFSClient: org.apache.hadoop.ipc.RemoteException: java.io.IOException: File /hbase/aa0-000-8.u.powerset.com/log_208.76.45.95_1218666613846_60020/hlog.dat.1219776799293 could only be replicated to 0 nodes, instead of 1
        at org.apache.hadoop.dfs.FSNamesystem.getAdditionalBlock(FSNamesystem.java:1145)
        at org.apache.hadoop.dfs.NameNode.addBlock(NameNode.java:300)
        at sun.reflect.GeneratedMethodAccessor17.invoke(Unknown Source)
        at sun.reflect.DelegatingMethodAccessorImpl.invoke(Unknown Source)
        at java.lang.reflect.Method.invoke(Unknown Source)
        at org.apache.hadoop.ipc.RPC$Server.call(RPC.java:446)
        at org.apache.hadoop.ipc.Server$Handler.run(Server.java:896)

        at org.apache.hadoop.ipc.Client.call(Client.java:557)
        at org.apache.hadoop.ipc.RPC$Invoker.invoke(RPC.java:212)
        at org.apache.hadoop.dfs.$Proxy1.addBlock(Unknown Source)
        at sun.reflect.GeneratedMethodAccessor5.invoke(Unknown Source)
        at sun.reflect.DelegatingMethodAccessorImpl.invoke(Unknown Source)
        at java.lang.reflect.Method.invoke(Unknown Source)
        at org.apache.hadoop.io.retry.RetryInvocationHandler.invokeMethod(RetryInvocationHandler.java:82)
        at org.apache.hadoop.io.retry.RetryInvocationHandler.invoke(RetryInvocationHandler.java:59)
        at org.apache.hadoop.dfs.$Proxy1.addBlock(Unknown Source)
        at org.apache.hadoop.dfs.DFSClient$DFSOutputStream.locateFollowingBlock(DFSClient.java:2335)
        at org.apache.hadoop.dfs.DFSClient$DFSOutputStream.nextBlockOutputStream(DFSClient.java:2220)
        at org.apache.hadoop.dfs.DFSClient$DFSOutputStream.access$1700(DFSClient.java:1702)
        at org.apache.hadoop.dfs.DFSClient$DFSOutputStream$DataStreamer.run(DFSClient.java:1842)
&lt;/pre&gt;
&lt;/div&gt;&lt;/div&gt;

&lt;p&gt;... and then:&lt;/p&gt;

&lt;div class=&quot;code panel&quot; style=&quot;border-width: 1px;&quot;&gt;&lt;div class=&quot;codeContent panelContent&quot;&gt;
&lt;pre class=&quot;code-java&quot;&gt;2008-08-26 18:57:28,423 WARN org.apache.hadoop.dfs.DFSClient: Error Recovery &lt;span class=&quot;code-keyword&quot;&gt;for&lt;/span&gt; block &lt;span class=&quot;code-keyword&quot;&gt;null&lt;/span&gt; bad datanode[0]
2008-08-26 18:57:28,424 FATAL org.apache.hadoop.hbase.regionserver.HLog: Could not append. Requesting close of log
java.io.IOException: Could not get block locations. Aborting... 
        at org.apache.hadoop.dfs.DFSClient$DFSOutputStream.processDatanodeError(DFSClient.java:2081)
        at org.apache.hadoop.dfs.DFSClient$DFSOutputStream.access$1300(DFSClient.java:1702)
        at org.apache.hadoop.dfs.DFSClient$DFSOutputStream$DataStreamer.run(DFSClient.java:1818)
2008-08-26 18:57:28,424 INFO org.apache.hadoop.hbase.regionserver.LogRoller: Rolling hlog. &lt;span class=&quot;code-object&quot;&gt;Number&lt;/span&gt; of entries: 127
2008-08-26 18:57:28,424 ERROR org.apache.hadoop.hbase.regionserver.LogRoller: Log rolling failed
java.io.IOException: Could not get block locations. Aborting...
        at org.apache.hadoop.dfs.DFSClient$DFSOutputStream.processDatanodeError(DFSClient.java:2081)
        at org.apache.hadoop.dfs.DFSClient$DFSOutputStream.access$1300(DFSClient.java:1702)
        at org.apache.hadoop.dfs.DFSClient$DFSOutputStream$DataStreamer.run(DFSClient.java:1818)
...
&lt;/pre&gt;
&lt;/div&gt;&lt;/div&gt;
&lt;p&gt;... and so on.&lt;/p&gt;

&lt;p&gt;Meantime clients are trying to do updates and getting below:&lt;/p&gt;

&lt;div class=&quot;code panel&quot; style=&quot;border-width: 1px;&quot;&gt;&lt;div class=&quot;codeContent panelContent&quot;&gt;
&lt;pre class=&quot;code-java&quot;&gt;2008-08-26 22:49:42,834 INFO org.apache.hadoop.ipc.Server: IPC Server handler 9 on 60020, call batchUpdate([B@40e830f1, row =&amp;gt; IKwQLMJ3rKRvtAv_ZkQlAk==, {column =&amp;gt; page:url, value =&amp;gt; &apos;...&apos;, column =&amp;gt; page:contents, value =&amp;gt; &apos;...&apos;}) from 208.76.45.3:51164: error: java.io.IOException: Could not get block locations. Aborting... 
java.io.IOException: Could not get block locations. Aborting...
        at org.apache.hadoop.dfs.DFSClient$DFSOutputStream.processDatanodeError(DFSClient.java:2081)
        at org.apache.hadoop.dfs.DFSClient$DFSOutputStream.access$1300(DFSClient.java:1702)
        at org.apache.hadoop.dfs.DFSClient$DFSOutputStream$DataStreamer.run(DFSClient.java:1818)
..
&lt;/pre&gt;
&lt;/div&gt;&lt;/div&gt;

&lt;p&gt;DFSClient seems horked.&lt;/p&gt;

&lt;p&gt;Need to be able to ride out these kind of event.  &lt;/p&gt;

&lt;p&gt;Restart is needed.&lt;/p&gt;

&lt;p&gt;Test this by filling HDFS.&lt;/p&gt;</description>
                <environment></environment>
        <key id="12403128">HBASE-846</key>
            <summary>hbase looses its mind when hdfs fills</summary>
                <type id="1" iconUrl="https://issues.apache.org/jira/images/icons/issuetypes/bug.png">Bug</type>
                                            <priority id="3" iconUrl="https://issues.apache.org/jira/images/icons/priorities/major.png">Major</priority>
                        <status id="5" iconUrl="https://issues.apache.org/jira/images/icons/statuses/resolved.png" description="A resolution has been taken, and it is awaiting verification by reporter. From here issues are either reopened, or are closed.">Resolved</status>
                    <statusCategory id="3" key="done" colorName="green"/>
                                    <resolution id="6">Invalid</resolution>
                                        <assignee username="-1">Unassigned</assignee>
                                    <reporter username="stack">stack</reporter>
                        <labels>
                    </labels>
                <created>Tue, 26 Aug 2008 23:25:19 +0000</created>
                <updated>Fri, 31 Aug 2012 22:14:42 +0000</updated>
                            <resolved>Fri, 31 Aug 2012 22:14:42 +0000</resolved>
                                                                        <due></due>
                            <votes>0</votes>
                                    <watches>2</watches>
                                                                <comments>
                            <comment id="12625907" author="stack" created="Tue, 26 Aug 2008 23:29:41 +0000"  >&lt;p&gt;hbase 0.2.0 and hadoop 0.17.2. on pset cluster.&lt;/p&gt;</comment>
                            <comment id="12625909" author="apurtell" created="Tue, 26 Aug 2008 23:57:02 +0000"  >&lt;p&gt;I saw a region server go down due to DFS replication faliure last week but have not had time to investigate deeper. It occurred during a test at approx 20000 transactions per second on a 6 node cluster (5 datanode/regionserver nodes). I believe the root cause was a DFS collapse, the datanode logs were so noisy (was using 0.17.1 at the time) there appeared to be only hay in the haystack. Certainly though the DFS volume was not full. Utilization was at about 0.5% on every datanode.&lt;/p&gt;

&lt;p&gt;If the regionserver was able to survive this, the drop in transaction rate due to such a hiccup would presumably allow DFS to recover and we&apos;d eventually recover. Instead the cluster enters a death spiral with one fewer region server at every step.&lt;/p&gt;</comment>
                            <comment id="13446434" author="jesse_yates" created="Fri, 31 Aug 2012 22:14:42 +0000"  >&lt;p&gt;I don&apos;t think this holds anymore - we do a pretty good job of shutdown. Let&apos;s move the discussion to a more recent ticket if it still a problem.&lt;/p&gt;</comment>
                    </comments>
                <issuelinks>
                            <issuelinktype id="12310010">
                    <name>Incorporates</name>
                                                                <inwardlinks description="is part of">
                                        <issuelink>
            <issuekey id="12445215">HBASE-2108</issuekey>
        </issuelink>
                            </inwardlinks>
                                    </issuelinktype>
                    </issuelinks>
                <attachments>
                    </attachments>
                <subtasks>
                    </subtasks>
                <customfields>
                                                <customfield id="customfield_12310310" key="com.atlassian.jira.toolkit:attachments">
                        <customfieldname>Attachment count</customfieldname>
                        <customfieldvalues>
                            <customfieldvalue>0.0</customfieldvalue>
                        </customfieldvalues>
                    </customfield>
                                                                                                                                                                                                                                                                                                                                                                                                                                                                                                                                <customfield id="customfield_12310220" key="com.atlassian.jira.ext.charting:firstresponsedate">
                        <customfieldname>Date of First Response</customfieldname>
                        <customfieldvalues>
                            <customfieldvalue>Tue, 26 Aug 2008 23:57:02 +0000</customfieldvalue>

                        </customfieldvalues>
                    </customfield>
                                                                                                                                                                                                                                                                                                                                                                                                                                            <customfield id="customfield_12310420" key="com.pyxis.greenhopper.jira:gh-global-rank">
                        <customfieldname>Global Rank</customfieldname>
                        <customfieldvalues>
                            <customfieldvalue>25432</customfieldvalue>
                        </customfieldvalues>
                    </customfield>
                                                                                                                                                    <customfield id="customfield_12312521" key="com.atlassian.jira.toolkit:LastCommentDate">
                        <customfieldname>Last public comment date</customfieldname>
                        <customfieldvalues>
                            4 years, 15 weeks, 6 days ago
                        </customfieldvalues>
                    </customfield>
                                                                                            <customfield id="customfield_12311820" key="com.pyxis.greenhopper.jira:gh-lexo-rank">
                        <customfieldname>Rank</customfieldname>
                        <customfieldvalues>
                            <customfieldvalue>0|i0h9t3:</customfieldvalue>

                        </customfieldvalues>
                    </customfield>
                                                                <customfield id="customfield_12310920" key="com.pyxis.greenhopper.jira:gh-global-rank">
                        <customfieldname>Rank (Obsolete)</customfieldname>
                        <customfieldvalues>
                            <customfieldvalue>98851</customfieldvalue>
                        </customfieldvalues>
                    </customfield>
                                                                                                                                                                                                                                                                                                <customfield id="customfield_12310222" key="com.atlassian.jira.ext.charting:timeinstatus">
                        <customfieldname>Time in Status</customfieldname>
                        <customfieldvalues>
                            
                        </customfieldvalues>
                    </customfield>
                                                                                                                        </customfields>
    </item>
</channel>
</rss>