<!-- 
RSS generated by JIRA (6.3.4#6332-sha1:51bc225ef474afe3128b2f66878477f322397b16) at Fri Dec 16 18:48:07 UTC 2016

It is possible to restrict the fields that are returned in this document by specifying the 'field' parameter in your request.
For example, to request only the issue key and summary add field=key&field=summary to the URL of your request.
For example:
https://issues.apache.org/jira/si/jira.issueviews:issue-xml/HBASE-853/HBASE-853.xml?field=key&amp;field=summary
-->
<rss version="0.92" >
<channel>
    <title>ASF JIRA</title>
    <link>https://issues.apache.org/jira</link>
    <description>This file is an XML representation of an issue</description>
    <language>en-uk</language>    <build-info>
        <version>6.3.4</version>
        <build-number>6332</build-number>
        <build-date>15-08-2014</build-date>
    </build-info>

<item>
            <title>[HBASE-853] [shell] Cannot describe meta tables</title>
                <link>https://issues.apache.org/jira/browse/HBASE-853</link>
                <project id="12310753" key="HBASE">HBase</project>
                    <description>&lt;div class=&quot;code panel&quot; style=&quot;border-width: 1px;&quot;&gt;&lt;div class=&quot;codeContent panelContent&quot;&gt;
&lt;pre class=&quot;code-java&quot;&gt;&lt;/pre&gt;
&lt;/div&gt;&lt;/div&gt;
&lt;p&gt;hbase(main):005:0* describe &apos;.META.&apos;&lt;br/&gt;
08/08/29 04:39:49 DEBUG client.HConnectionManager$TableServers: Cache hit in table locations for row &amp;lt;&amp;gt; and tableName .META.: location server 208.76.44.142:60020, location region name .META.,,1&lt;br/&gt;
ArgumentError: Failed to find table named .META.        &lt;br/&gt;
from /home/stack/trunk/bin/../bin/HBase.rb:61:in `describe&apos;        &lt;br/&gt;
from /home/stack/trunk/bin/../bin/hirb.rb:246:in `describe&apos; &lt;br/&gt;
from (hbase):6:in `binding&apos;&lt;br/&gt;
code}&lt;/p&gt;</description>
                <environment></environment>
        <key id="12403338">HBASE-853</key>
            <summary>[shell] Cannot describe meta tables</summary>
                <type id="1" iconUrl="https://issues.apache.org/jira/images/icons/issuetypes/bug.png">Bug</type>
                                            <priority id="3" iconUrl="https://issues.apache.org/jira/images/icons/priorities/major.png">Major</priority>
                        <status id="6" iconUrl="https://issues.apache.org/jira/images/icons/statuses/closed.png" description="The issue is considered finished, the resolution is correct. Issues which are closed can be reopened.">Closed</status>
                    <statusCategory id="3" key="done" colorName="green"/>
                                    <resolution id="1">Fixed</resolution>
                                        <assignee username="irubin">Izaak Rubin</assignee>
                                    <reporter username="stack">stack</reporter>
                        <labels>
                    </labels>
                <created>Fri, 29 Aug 2008 04:41:36 +0000</created>
                <updated>Sun, 13 Sep 2009 22:26:26 +0000</updated>
                            <resolved>Wed, 8 Oct 2008 23:42:09 +0000</resolved>
                                                    <fixVersion>0.19.0</fixVersion>
                                        <due></due>
                            <votes>0</votes>
                                    <watches>0</watches>
                                                                <comments>
                            <comment id="12638137" author="stack" created="Wed, 8 Oct 2008 23:39:35 +0000"  >&lt;p&gt;Patch by Izaak.&lt;/p&gt;</comment>
                            <comment id="12638139" author="stack" created="Wed, 8 Oct 2008 23:42:09 +0000"  >&lt;p&gt;Resolving.  Committed to TRUNK.  Thanks for the patch Izaak.&lt;/p&gt;</comment>
                    </comments>
                    <attachments>
                            <attachment id="12391787" name="hbase-853.patch" size="1561" author="stack" created="Wed, 8 Oct 2008 23:39:35 +0000"/>
                    </attachments>
                <subtasks>
                    </subtasks>
                <customfields>
                                                <customfield id="customfield_12310310" key="com.atlassian.jira.toolkit:attachments">
                        <customfieldname>Attachment count</customfieldname>
                        <customfieldvalues>
                            <customfieldvalue>1.0</customfieldvalue>
                        </customfieldvalues>
                    </customfield>
                                                                                                                                                                                                                                                                                                                                                                                                                                                                                                                                                                                                                                                                                                                                                                                                                                                                                                                                        <customfield id="customfield_12310420" key="com.pyxis.greenhopper.jira:gh-global-rank">
                        <customfieldname>Global Rank</customfieldname>
                        <customfieldvalues>
                            <customfieldvalue>669</customfieldvalue>
                        </customfieldvalues>
                    </customfield>
                                                                                                                                                    <customfield id="customfield_12312521" key="com.atlassian.jira.toolkit:LastCommentDate">
                        <customfieldname>Last public comment date</customfieldname>
                        <customfieldvalues>
                            8 years, 11 weeks, 1 day ago
                        </customfieldvalues>
                    </customfield>
                                                                                            <customfield id="customfield_12311820" key="com.pyxis.greenhopper.jira:gh-lexo-rank">
                        <customfieldname>Rank</customfieldname>
                        <customfieldvalues>
                            <customfieldvalue>0|i0h9un:</customfieldvalue>

                        </customfieldvalues>
                    </customfield>
                                                                <customfield id="customfield_12310920" key="com.pyxis.greenhopper.jira:gh-global-rank">
                        <customfieldname>Rank (Obsolete)</customfieldname>
                        <customfieldvalues>
                            <customfieldvalue>98858</customfieldvalue>
                        </customfieldvalues>
                    </customfield>
                                                                                                                                                                                                                                                                                                <customfield id="customfield_12310222" key="com.atlassian.jira.ext.charting:timeinstatus">
                        <customfieldname>Time in Status</customfieldname>
                        <customfieldvalues>
                            
                        </customfieldvalues>
                    </customfield>
                                                                                                                        </customfields>
    </item>
</channel>
</rss>