<!-- 
RSS generated by JIRA (6.3.4#6332-sha1:51bc225ef474afe3128b2f66878477f322397b16) at Fri Dec 16 18:46:14 UTC 2016

It is possible to restrict the fields that are returned in this document by specifying the 'field' parameter in your request.
For example, to request only the issue key and summary add field=key&field=summary to the URL of your request.
For example:
https://issues.apache.org/jira/si/jira.issueviews:issue-xml/HBASE-649/HBASE-649.xml?field=key&amp;field=summary
-->
<rss version="0.92" >
<channel>
    <title>ASF JIRA</title>
    <link>https://issues.apache.org/jira</link>
    <description>This file is an XML representation of an issue</description>
    <language>en-uk</language>    <build-info>
        <version>6.3.4</version>
        <build-number>6332</build-number>
        <build-date>15-08-2014</build-date>
    </build-info>

<item>
            <title>[HBASE-649] API polluted with default and protected access data members and methods</title>
                <link>https://issues.apache.org/jira/browse/HBASE-649</link>
                <project id="12310753" key="HBASE">HBase</project>
                    <description>&lt;p&gt;If you look at the API in javadoc, its polluted with data members and methods of protected or default access.  It makes it difficult for users figuring how the API should be used.  At least the user-facing classes &amp;#8211; HTable and HBaseAdmin &amp;#8211; need cleanup&lt;/p&gt;</description>
                <environment></environment>
        <key id="12397089">HBASE-649</key>
            <summary>API polluted with default and protected access data members and methods</summary>
                <type id="1" iconUrl="https://issues.apache.org/jira/images/icons/issuetypes/bug.png">Bug</type>
                                            <priority id="3" iconUrl="https://issues.apache.org/jira/images/icons/priorities/major.png">Major</priority>
                        <status id="6" iconUrl="https://issues.apache.org/jira/images/icons/statuses/closed.png" description="The issue is considered finished, the resolution is correct. Issues which are closed can be reopened.">Closed</status>
                    <statusCategory id="3" key="done" colorName="green"/>
                                    <resolution id="1">Fixed</resolution>
                                        <assignee username="stack">stack</assignee>
                                    <reporter username="stack">stack</reporter>
                        <labels>
                    </labels>
                <created>Thu, 29 May 2008 17:23:51 +0000</created>
                <updated>Fri, 22 Aug 2008 21:13:16 +0000</updated>
                            <resolved>Fri, 30 May 2008 00:52:46 +0000</resolved>
                                                    <fixVersion>0.2.0</fixVersion>
                                        <due></due>
                            <votes>0</votes>
                                    <watches>0</watches>
                                                                <comments>
                            <comment id="12600846" author="stack" created="Thu, 29 May 2008 17:27:02 +0000"  >&lt;p&gt;For example, here is from head of the HTable javadoc:&lt;/p&gt;

&lt;div class=&quot;code panel&quot; style=&quot;border-width: 1px;&quot;&gt;&lt;div class=&quot;codeContent panelContent&quot;&gt;
&lt;pre class=&quot;code-java&quot;&gt;
&lt;span class=&quot;code-keyword&quot;&gt;protected&lt;/span&gt;  class 	HTable.ClientScanner
          Implements the scanner &lt;span class=&quot;code-keyword&quot;&gt;interface&lt;/span&gt; &lt;span class=&quot;code-keyword&quot;&gt;for&lt;/span&gt; the HBase client.
&lt;span class=&quot;code-keyword&quot;&gt;protected&lt;/span&gt;  class 	HTable.ServerCallable&amp;lt;T&amp;gt;
          Inherits from Callable, used to define the particular actions you would like to take with retry logic.
 
Field Summary
&lt;span class=&quot;code-keyword&quot;&gt;protected&lt;/span&gt;  AtomicReference&amp;lt;BatchUpdate&amp;gt; 	batch
           
&lt;span class=&quot;code-keyword&quot;&gt;protected&lt;/span&gt;  &lt;span class=&quot;code-object&quot;&gt;boolean&lt;/span&gt; 	closed
           
&lt;span class=&quot;code-keyword&quot;&gt;protected&lt;/span&gt;  HConnection 	connection
           
&lt;span class=&quot;code-keyword&quot;&gt;protected&lt;/span&gt;  org.apache.commons.logging.Log 	LOG
           
&lt;span class=&quot;code-keyword&quot;&gt;protected&lt;/span&gt;  &lt;span class=&quot;code-object&quot;&gt;int&lt;/span&gt; 	numRetries
           
&lt;span class=&quot;code-keyword&quot;&gt;protected&lt;/span&gt;  &lt;span class=&quot;code-object&quot;&gt;long&lt;/span&gt; 	pause
           
&lt;span class=&quot;code-keyword&quot;&gt;protected&lt;/span&gt;  Random 	rand
           
&lt;span class=&quot;code-keyword&quot;&gt;protected&lt;/span&gt;  &lt;span class=&quot;code-object&quot;&gt;boolean&lt;/span&gt; 	tableDoesNotExist
           
&lt;span class=&quot;code-keyword&quot;&gt;protected&lt;/span&gt;  org.apache.hadoop.io.Text 	tableName
           
&lt;/pre&gt;
&lt;/div&gt;&lt;/div&gt;

&lt;p&gt;None of the above should be showing through in javadoc.&lt;/p&gt;</comment>
                            <comment id="12600988" author="stack" created="Fri, 30 May 2008 00:52:46 +0000"  >&lt;p&gt;Resolved by commit on &lt;a href=&quot;https://issues.apache.org/jira/browse/HBASE-656&quot; title=&quot;Do not retry exceptions such as unknown scanner or illegal argument&quot; class=&quot;issue-link&quot; data-issue-key=&quot;HBASE-656&quot;&gt;&lt;del&gt;HBASE-656&lt;/del&gt;&lt;/a&gt;&lt;/p&gt;</comment>
                            <comment id="12600990" author="stack" created="Fri, 30 May 2008 00:53:17 +0000"  >&lt;p&gt;Turns out that half of these data members weren&apos;t being used at all.&lt;/p&gt;</comment>
                    </comments>
                    <attachments>
                    </attachments>
                <subtasks>
                    </subtasks>
                <customfields>
                                                <customfield id="customfield_12310310" key="com.atlassian.jira.toolkit:attachments">
                        <customfieldname>Attachment count</customfieldname>
                        <customfieldvalues>
                            <customfieldvalue>0.0</customfieldvalue>
                        </customfieldvalues>
                    </customfield>
                                                                                                                                                                                                                                                                                                                                                                                                                                                                                                                                                                                                                                                                                                                                                                                                                                                                                                                                        <customfield id="customfield_12310420" key="com.pyxis.greenhopper.jira:gh-global-rank">
                        <customfieldname>Global Rank</customfieldname>
                        <customfieldvalues>
                            <customfieldvalue>25312</customfieldvalue>
                        </customfieldvalues>
                    </customfield>
                                                                                                                                                    <customfield id="customfield_12312521" key="com.atlassian.jira.toolkit:LastCommentDate">
                        <customfieldname>Last public comment date</customfieldname>
                        <customfieldvalues>
                            8 years, 30 weeks ago
                        </customfieldvalues>
                    </customfield>
                                                                                            <customfield id="customfield_12311820" key="com.pyxis.greenhopper.jira:gh-lexo-rank">
                        <customfieldname>Rank</customfieldname>
                        <customfieldvalues>
                            <customfieldvalue>0|i0h8lj:</customfieldvalue>

                        </customfieldvalues>
                    </customfield>
                                                                <customfield id="customfield_12310920" key="com.pyxis.greenhopper.jira:gh-global-rank">
                        <customfieldname>Rank (Obsolete)</customfieldname>
                        <customfieldvalues>
                            <customfieldvalue>98655</customfieldvalue>
                        </customfieldvalues>
                    </customfield>
                                                                                                                                                                                                                                                                                                <customfield id="customfield_12310222" key="com.atlassian.jira.ext.charting:timeinstatus">
                        <customfieldname>Time in Status</customfieldname>
                        <customfieldvalues>
                            
                        </customfieldvalues>
                    </customfield>
                                                                                                                        </customfields>
    </item>
</channel>
</rss>