<!-- 
RSS generated by JIRA (6.3.4#6332-sha1:51bc225ef474afe3128b2f66878477f322397b16) at Fri Dec 16 18:42:00 UTC 2016

It is possible to restrict the fields that are returned in this document by specifying the 'field' parameter in your request.
For example, to request only the issue key and summary add field=key&field=summary to the URL of your request.
For example:
https://issues.apache.org/jira/si/jira.issueviews:issue-xml/HBASE-201/HBASE-201.xml?field=key&amp;field=summary
-->
<rss version="0.92" >
<channel>
    <title>ASF JIRA</title>
    <link>https://issues.apache.org/jira</link>
    <description>This file is an XML representation of an issue</description>
    <language>en-uk</language>    <build-info>
        <version>6.3.4</version>
        <build-number>6332</build-number>
        <build-date>15-08-2014</build-date>
    </build-info>

<item>
            <title>[HBASE-201] [hbase] On a cluster, on restart, regions multiply assigned</title>
                <link>https://issues.apache.org/jira/browse/HBASE-201</link>
                <project id="12310753" key="HBASE">HBase</project>
                    <description>&lt;p&gt;In a cluster of multiple region servers, on restart, regions are being assigned multiple times often to different servers.&lt;/p&gt;</description>
                <environment></environment>
        <key id="12376529">HBASE-201</key>
            <summary>[hbase] On a cluster, on restart, regions multiply assigned</summary>
                <type id="1" iconUrl="https://issues.apache.org/jira/images/icons/issuetypes/bug.png">Bug</type>
                                            <priority id="4" iconUrl="https://issues.apache.org/jira/images/icons/priorities/minor.png">Minor</priority>
                        <status id="6" iconUrl="https://issues.apache.org/jira/images/icons/statuses/closed.png" description="The issue is considered finished, the resolution is correct. Issues which are closed can be reopened.">Closed</status>
                    <statusCategory id="3" key="done" colorName="green"/>
                                    <resolution id="1">Fixed</resolution>
                                        <assignee username="-1">Unassigned</assignee>
                                    <reporter username="stack">stack</reporter>
                        <labels>
                    </labels>
                <created>Tue, 21 Aug 2007 19:22:22 +0000</created>
                <updated>Mon, 4 Feb 2008 18:41:06 +0000</updated>
                            <resolved>Wed, 22 Aug 2007 04:06:43 +0000</resolved>
                                                                        <due></due>
                            <votes>0</votes>
                                    <watches>0</watches>
                                                                <comments>
                            <comment id="12521615" author="stack" created="Tue, 21 Aug 2007 22:07:19 +0000"  >&lt;p&gt;Here&apos;s a fix.  Commit message to use is below.&lt;/p&gt;

&lt;p&gt;&lt;a href=&quot;https://issues.apache.org/jira/browse/HBASE-201&quot; title=&quot;[hbase] On a cluster, on restart, regions multiply assigned&quot; class=&quot;issue-link&quot; data-issue-key=&quot;HBASE-201&quot;&gt;&lt;del&gt;HADOOP-1747&lt;/del&gt;&lt;/a&gt; On a cluster, on restart, regions multiply assigned&lt;/p&gt;

&lt;p&gt;M src/contrib/hbase/src/java/org/apache/hadoop/hbase/HMaster.java&lt;br/&gt;
    Removed some empty lines so I can squeeze more code into a screenful.&lt;br/&gt;
    (assignedRegions): Factored out some code into own methods so&lt;br/&gt;
    this method is made a bit shorter.  Added early returns near&lt;br/&gt;
    top &amp;#8211; if nothing to assign, etc. &amp;#8211; so less nesting.&lt;br/&gt;
    Added fix: Instead of iterating over unassignedRegions after&lt;br/&gt;
    all the loadings have been calculated, instead iterate over&lt;br/&gt;
    the locally calculated  map, regionsToAssign (Otherwise, we &lt;br/&gt;
    were running over the same territory each time through the&lt;br/&gt;
    loop and were thus giving out same region multiple times).&lt;br/&gt;
    (regionsPerServer, assignRegionsToOneServer,&lt;br/&gt;
      getRegionsToAssign): Added.&lt;/p&gt;</comment>
                            <comment id="12521626" author="stack" created="Tue, 21 Aug 2007 22:44:30 +0000"  >&lt;p&gt;Builds and passes all tests locally.  Trying against Mr. Hudson.&lt;/p&gt;</comment>
                            <comment id="12521660" author="hadoopqa" created="Wed, 22 Aug 2007 02:40:32 +0000"  >&lt;p&gt;+1&lt;/p&gt;

&lt;p&gt;&lt;a href=&quot;http://issues.apache.org/jira/secure/attachment/12364267/hadoop-1747.patch&quot; class=&quot;external-link&quot; rel=&quot;nofollow&quot;&gt;http://issues.apache.org/jira/secure/attachment/12364267/hadoop-1747.patch&lt;/a&gt; applied and successfully tested against trunk revision r568303.&lt;/p&gt;

&lt;p&gt;Test results:   &lt;a href=&quot;http://lucene.zones.apache.org:8080/hudson/job/Hadoop-Patch/591/testReport/&quot; class=&quot;external-link&quot; rel=&quot;nofollow&quot;&gt;http://lucene.zones.apache.org:8080/hudson/job/Hadoop-Patch/591/testReport/&lt;/a&gt;&lt;br/&gt;
Console output: &lt;a href=&quot;http://lucene.zones.apache.org:8080/hudson/job/Hadoop-Patch/591/console&quot; class=&quot;external-link&quot; rel=&quot;nofollow&quot;&gt;http://lucene.zones.apache.org:8080/hudson/job/Hadoop-Patch/591/console&lt;/a&gt;&lt;/p&gt;</comment>
                            <comment id="12521672" author="stack" created="Wed, 22 Aug 2007 04:06:43 +0000"  >&lt;p&gt;Committed the fix.  Resolving.&lt;/p&gt;</comment>
                    </comments>
                    <attachments>
                            <attachment id="12364267" name="hadoop-1747.patch" size="18319" author="stack" created="Tue, 21 Aug 2007 22:07:18 +0000"/>
                    </attachments>
                <subtasks>
                    </subtasks>
                <customfields>
                                                <customfield id="customfield_12310310" key="com.atlassian.jira.toolkit:attachments">
                        <customfieldname>Attachment count</customfieldname>
                        <customfieldvalues>
                            <customfieldvalue>1.0</customfieldvalue>
                        </customfieldvalues>
                    </customfield>
                                                                                                                                                                                                                                                                                                                                                                                                                                                                                                                                <customfield id="customfield_12310220" key="com.atlassian.jira.ext.charting:firstresponsedate">
                        <customfieldname>Date of First Response</customfieldname>
                        <customfieldvalues>
                            <customfieldvalue>Wed, 22 Aug 2007 02:40:32 +0000</customfieldvalue>

                        </customfieldvalues>
                    </customfield>
                                                                                                                                                                                                                                                                                                                                                                                                                                            <customfield id="customfield_12310420" key="com.pyxis.greenhopper.jira:gh-global-rank">
                        <customfieldname>Global Rank</customfieldname>
                        <customfieldvalues>
                            <customfieldvalue>24985</customfieldvalue>
                        </customfieldvalues>
                    </customfield>
                                                                                                                                                    <customfield id="customfield_12312521" key="com.atlassian.jira.toolkit:LastCommentDate">
                        <customfieldname>Last public comment date</customfieldname>
                        <customfieldvalues>
                            9 years, 18 weeks, 2 days ago
                        </customfieldvalues>
                    </customfield>
                                                                                            <customfield id="customfield_12311820" key="com.pyxis.greenhopper.jira:gh-lexo-rank">
                        <customfieldname>Rank</customfieldname>
                        <customfieldvalues>
                            <customfieldvalue>0|i0h5dz:</customfieldvalue>

                        </customfieldvalues>
                    </customfield>
                                                                <customfield id="customfield_12310920" key="com.pyxis.greenhopper.jira:gh-global-rank">
                        <customfieldname>Rank (Obsolete)</customfieldname>
                        <customfieldvalues>
                            <customfieldvalue>98135</customfieldvalue>
                        </customfieldvalues>
                    </customfield>
                                                                                                                                                                                                                                                                                                <customfield id="customfield_12310222" key="com.atlassian.jira.ext.charting:timeinstatus">
                        <customfieldname>Time in Status</customfieldname>
                        <customfieldvalues>
                            
                        </customfieldvalues>
                    </customfield>
                                                                                                                        </customfields>
    </item>
</channel>
</rss>