<!-- 
RSS generated by JIRA (6.3.4#6332-sha1:51bc225ef474afe3128b2f66878477f322397b16) at Fri Dec 16 18:44:30 UTC 2016

It is possible to restrict the fields that are returned in this document by specifying the 'field' parameter in your request.
For example, to request only the issue key and summary add field=key&field=summary to the URL of your request.
For example:
https://issues.apache.org/jira/si/jira.issueviews:issue-xml/HBASE-466/HBASE-466.xml?field=key&amp;field=summary
-->
<rss version="0.92" >
<channel>
    <title>ASF JIRA</title>
    <link>https://issues.apache.org/jira</link>
    <description>This file is an XML representation of an issue</description>
    <language>en-uk</language>    <build-info>
        <version>6.3.4</version>
        <build-number>6332</build-number>
        <build-date>15-08-2014</build-date>
    </build-info>

<item>
            <title>[HBASE-466] Move HMasterInterface, HRegionInterface, and HMasterRegionInterface into o.a.h.h.ipc</title>
                <link>https://issues.apache.org/jira/browse/HBASE-466</link>
                <project id="12310753" key="HBASE">HBase</project>
                    <description></description>
                <environment></environment>
        <key id="12389410">HBASE-466</key>
            <summary>Move HMasterInterface, HRegionInterface, and HMasterRegionInterface into o.a.h.h.ipc</summary>
                <type id="7" iconUrl="https://issues.apache.org/jira/images/icons/issuetypes/subtask_alternate.png">Sub-task</type>
                            <parent id="12386905">HBASE-75</parent>
                                    <priority id="3" iconUrl="https://issues.apache.org/jira/images/icons/priorities/major.png">Major</priority>
                        <status id="6" iconUrl="https://issues.apache.org/jira/images/icons/statuses/closed.png" description="The issue is considered finished, the resolution is correct. Issues which are closed can be reopened.">Closed</status>
                    <statusCategory id="3" key="done" colorName="green"/>
                                    <resolution id="1">Fixed</resolution>
                                        <assignee username="bryanduxbury">Bryan Duxbury</assignee>
                                    <reporter username="bryanduxbury">Bryan Duxbury</reporter>
                        <labels>
                    </labels>
                <created>Sun, 24 Feb 2008 05:55:45 +0000</created>
                <updated>Fri, 22 Aug 2008 21:13:09 +0000</updated>
                            <resolved>Mon, 25 Feb 2008 19:56:02 +0000</resolved>
                                    <version>0.2.0</version>
                                    <fixVersion>0.2.0</fixVersion>
                                        <due></due>
                            <votes>0</votes>
                                    <watches>0</watches>
                                                                <comments>
                            <comment id="12571954" author="bryanduxbury" created="Sun, 24 Feb 2008 20:52:44 +0000"  >&lt;p&gt;Patch passes unit tests. &lt;/p&gt;</comment>
                            <comment id="12572191" author="stack" created="Mon, 25 Feb 2008 19:47:34 +0000"  >&lt;p&gt;+1&lt;/p&gt;</comment>
                            <comment id="12572195" author="bryanduxbury" created="Mon, 25 Feb 2008 19:56:02 +0000"  >&lt;p&gt;Committed.&lt;/p&gt;</comment>
                    </comments>
                    <attachments>
                            <attachment id="12376365" name="466.patch" size="44876" author="bryanduxbury" created="Sun, 24 Feb 2008 20:52:44 +0000"/>
                    </attachments>
                <subtasks>
                    </subtasks>
                <customfields>
                                                <customfield id="customfield_12310310" key="com.atlassian.jira.toolkit:attachments">
                        <customfieldname>Attachment count</customfieldname>
                        <customfieldvalues>
                            <customfieldvalue>1.0</customfieldvalue>
                        </customfieldvalues>
                    </customfield>
                                                                                                                                                                                                                                                                                                                                                                                                                                                                                                                                <customfield id="customfield_12310220" key="com.atlassian.jira.ext.charting:firstresponsedate">
                        <customfieldname>Date of First Response</customfieldname>
                        <customfieldvalues>
                            <customfieldvalue>Mon, 25 Feb 2008 19:47:34 +0000</customfieldvalue>

                        </customfieldvalues>
                    </customfield>
                                                                                                                                                                                                                                                                                                                                                                                                                                            <customfield id="customfield_12310420" key="com.pyxis.greenhopper.jira:gh-global-rank">
                        <customfieldname>Global Rank</customfieldname>
                        <customfieldvalues>
                            <customfieldvalue>31713</customfieldvalue>
                        </customfieldvalues>
                    </customfield>
                                                                                                                                                    <customfield id="customfield_12312521" key="com.atlassian.jira.toolkit:LastCommentDate">
                        <customfieldname>Last public comment date</customfieldname>
                        <customfieldvalues>
                            8 years, 43 weeks, 3 days ago
                        </customfieldvalues>
                    </customfield>
                                                                                            <customfield id="customfield_12311820" key="com.pyxis.greenhopper.jira:gh-lexo-rank">
                        <customfieldname>Rank</customfieldname>
                        <customfieldvalues>
                            <customfieldvalue>0|i0h7hb:</customfieldvalue>

                        </customfieldvalues>
                    </customfield>
                                                                <customfield id="customfield_12310920" key="com.pyxis.greenhopper.jira:gh-global-rank">
                        <customfieldname>Rank (Obsolete)</customfieldname>
                        <customfieldvalues>
                            <customfieldvalue>98474</customfieldvalue>
                        </customfieldvalues>
                    </customfield>
                                                                                                                                                                                                                                                                                                <customfield id="customfield_12310222" key="com.atlassian.jira.ext.charting:timeinstatus">
                        <customfieldname>Time in Status</customfieldname>
                        <customfieldvalues>
                            
                        </customfieldvalues>
                    </customfield>
                                                                                                                        </customfields>
    </item>
</channel>
</rss>