<!-- 
RSS generated by JIRA (6.3.4#6332-sha1:51bc225ef474afe3128b2f66878477f322397b16) at Fri Dec 16 18:41:02 UTC 2016

It is possible to restrict the fields that are returned in this document by specifying the 'field' parameter in your request.
For example, to request only the issue key and summary add field=key&field=summary to the URL of your request.
For example:
https://issues.apache.org/jira/si/jira.issueviews:issue-xml/HBASE-101/HBASE-101.xml?field=key&amp;field=summary
-->
<rss version="0.92" >
<channel>
    <title>ASF JIRA</title>
    <link>https://issues.apache.org/jira</link>
    <description>This file is an XML representation of an issue</description>
    <language>en-uk</language>    <build-info>
        <version>6.3.4</version>
        <build-number>6332</build-number>
        <build-date>15-08-2014</build-date>
    </build-info>

<item>
            <title>[HBASE-101] [hbase] TestRegionServerAbort failure in patch build #903 and nightly #266</title>
                <link>https://issues.apache.org/jira/browse/HBASE-101</link>
                <project id="12310753" key="HBASE">HBase</project>
                    <description>&lt;p&gt;In patch build #903, the metascanner keeps trying to go to the downed server even though onlineMetaRegions has been updated w/ new location and then the metascanner just goes away (or hangs).&lt;/p&gt;

&lt;p&gt;In nightly build #266, its a similar scenario only the remaining region servers decide to shut down because they haven&apos;t been able to reach the master in 7 seconds.&lt;/p&gt;</description>
                <environment></environment>
        <key id="12379988">HBASE-101</key>
            <summary>[hbase] TestRegionServerAbort failure in patch build #903 and nightly #266</summary>
                <type id="1" iconUrl="https://issues.apache.org/jira/images/icons/issuetypes/bug.png">Bug</type>
                                            <priority id="4" iconUrl="https://issues.apache.org/jira/images/icons/priorities/minor.png">Minor</priority>
                        <status id="6" iconUrl="https://issues.apache.org/jira/images/icons/statuses/closed.png" description="The issue is considered finished, the resolution is correct. Issues which are closed can be reopened.">Closed</status>
                    <statusCategory id="3" key="done" colorName="green"/>
                                    <resolution id="1">Fixed</resolution>
                                        <assignee username="-1">Unassigned</assignee>
                                    <reporter username="stack">stack</reporter>
                        <labels>
                    </labels>
                <created>Tue, 9 Oct 2007 19:50:52 +0000</created>
                <updated>Mon, 4 Feb 2008 18:40:39 +0000</updated>
                            <resolved>Fri, 12 Oct 2007 21:36:27 +0000</resolved>
                                                                        <due></due>
                            <votes>0</votes>
                                    <watches>0</watches>
                                                                <comments>
                            <comment id="12533478" author="stack" created="Tue, 9 Oct 2007 20:02:35 +0000"  >&lt;p&gt;Nightly #263 also failed on TRSA in same manner as patch build #903&lt;/p&gt;</comment>
                            <comment id="12533484" author="stack" created="Tue, 9 Oct 2007 20:14:53 +0000"  >&lt;p&gt;A patch w/ more logging and thread dumping to better help what is going on, and a mechanism that notices moved regions sooner.&lt;/p&gt;

&lt;div class=&quot;code panel&quot; style=&quot;border-width: 1px;&quot;&gt;&lt;div class=&quot;codeContent panelContent&quot;&gt;
&lt;pre class=&quot;code-java&quot;&gt;
HADOOP-2017 TestRegionServerAbort failure in patch build #903 and nightly #266

Notice moved META regions sooner.   Also added more logging and
thread dumping once a minute when test starts to take too &lt;span class=&quot;code-object&quot;&gt;long&lt;/span&gt;
so can see where we are hung (&lt;span class=&quot;code-keyword&quot;&gt;if&lt;/span&gt; we are hung).

M  src/contrib/hbase/src/test/org/apache/hadoop/hbase/TestHStoreFile.java
    Inherit from HBaseTestCase.
M  src/contrib/hbase/src/test/org/apache/hadoop/hbase/HBaseClusterTestCase.java
    (threadDumpingJoin): Added.
M  src/contrib/hbase/src/test/org/apache/hadoop/hbase/TestRegionServerAbort.java
    Run verification in its own thread so can concurrently thread dump &lt;span class=&quot;code-keyword&quot;&gt;if&lt;/span&gt;
    test is going on too &lt;span class=&quot;code-object&quot;&gt;long&lt;/span&gt;.
M  src/contrib/hbase/src/test/org/apache/hadoop/hbase/DFSAbort.java
    Moved join up into parent class.
M  src/contrib/hbase/src/java/org/apache/hadoop/hbase/Chore.java
    Remove unused &lt;span class=&quot;code-keyword&quot;&gt;import&lt;/span&gt;.
M src/contrib/hbase/src/java/org/apache/hadoop/hbase/HMaster.java
    (MetaRegion.toString): Added.
    Added logging around assignment checking and log split.
    (MetaRegion.compareTo): Add consideration of server address.
    (numberOfMetaRegions, metaRegionsToScan, onlineMetaRegions):
      Put declaration and assignment together and made &lt;span class=&quot;code-keyword&quot;&gt;final&lt;/span&gt;.
    (scanOneMetaRegion): If the region is no longer in onlineMetaRegions,
    give up trying to scan.
    (unassignRootRegion): Added (Not yet finished).
&lt;/pre&gt;
&lt;/div&gt;&lt;/div&gt;</comment>
                            <comment id="12533485" author="stack" created="Tue, 9 Oct 2007 20:15:18 +0000"  >&lt;p&gt;Builds locally.&lt;/p&gt;</comment>
                            <comment id="12533514" author="hadoopqa" created="Tue, 9 Oct 2007 21:21:05 +0000"  >&lt;p&gt;+1 overall.  Here are the results of testing the latest attachment &lt;br/&gt;
&lt;a href=&quot;http://issues.apache.org/jira/secure/attachment/12367392/trsa.patch&quot; class=&quot;external-link&quot; rel=&quot;nofollow&quot;&gt;http://issues.apache.org/jira/secure/attachment/12367392/trsa.patch&lt;/a&gt;&lt;br/&gt;
against trunk revision r583037.&lt;/p&gt;

&lt;p&gt;    @author +1.  The patch does not contain any @author tags.&lt;/p&gt;

&lt;p&gt;    javadoc +1.  The javadoc tool did not generate any warning messages.&lt;/p&gt;

&lt;p&gt;    javac +1.  The applied patch does not generate any new compiler warnings.&lt;/p&gt;

&lt;p&gt;    findbugs +1.  The patch does not introduce any new Findbugs warnings.&lt;/p&gt;

&lt;p&gt;    core tests +1.  The patch passed core unit tests.&lt;/p&gt;

&lt;p&gt;    contrib tests +1.  The patch passed contrib unit tests.&lt;/p&gt;

&lt;p&gt;Test results: &lt;a href=&quot;http://lucene.zones.apache.org:8080/hudson/job/Hadoop-Patch/910/testReport/&quot; class=&quot;external-link&quot; rel=&quot;nofollow&quot;&gt;http://lucene.zones.apache.org:8080/hudson/job/Hadoop-Patch/910/testReport/&lt;/a&gt;&lt;br/&gt;
Findbugs warnings: &lt;a href=&quot;http://lucene.zones.apache.org:8080/hudson/job/Hadoop-Patch/910/artifact/trunk/build/test/findbugs/newPatchFindbugsWarnings.html&quot; class=&quot;external-link&quot; rel=&quot;nofollow&quot;&gt;http://lucene.zones.apache.org:8080/hudson/job/Hadoop-Patch/910/artifact/trunk/build/test/findbugs/newPatchFindbugsWarnings.html&lt;/a&gt;&lt;br/&gt;
Checkstyle results: &lt;a href=&quot;http://lucene.zones.apache.org:8080/hudson/job/Hadoop-Patch/910/artifact/trunk/build/test/checkstyle-errors.html&quot; class=&quot;external-link&quot; rel=&quot;nofollow&quot;&gt;http://lucene.zones.apache.org:8080/hudson/job/Hadoop-Patch/910/artifact/trunk/build/test/checkstyle-errors.html&lt;/a&gt;&lt;br/&gt;
Console output: &lt;a href=&quot;http://lucene.zones.apache.org:8080/hudson/job/Hadoop-Patch/910/console&quot; class=&quot;external-link&quot; rel=&quot;nofollow&quot;&gt;http://lucene.zones.apache.org:8080/hudson/job/Hadoop-Patch/910/console&lt;/a&gt;&lt;/p&gt;

&lt;p&gt;This message is automatically generated.&lt;/p&gt;</comment>
                            <comment id="12533531" author="stack" created="Tue, 9 Oct 2007 22:12:53 +0000"  >&lt;p&gt;Applied patch.  Now waiting to see if problem occurs again.  If so, extra logging and thread dumps should help.&lt;/p&gt;</comment>
                            <comment id="12533722" author="hudson" created="Wed, 10 Oct 2007 12:24:39 +0000"  >&lt;p&gt;Integrated in Hadoop-Nightly #267 (See &lt;a href=&quot;http://lucene.zones.apache.org:8080/hudson/job/Hadoop-Nightly/267/&quot; class=&quot;external-link&quot; rel=&quot;nofollow&quot;&gt;http://lucene.zones.apache.org:8080/hudson/job/Hadoop-Nightly/267/&lt;/a&gt;)&lt;/p&gt;</comment>
                            <comment id="12534415" author="stack" created="Fri, 12 Oct 2007 21:36:27 +0000"  >&lt;p&gt;Hasn&apos;t recurred since commit.  &lt;a href=&quot;https://issues.apache.org/jira/browse/HBASE-223&quot; title=&quot;[hbase] TestCleanRegionServerExit failed in patch build #927&quot; class=&quot;issue-link&quot; data-issue-key=&quot;HBASE-223&quot;&gt;&lt;del&gt;HADOOP-2038&lt;/del&gt;&lt;/a&gt; should also makes this issue less likely.  Also, this test has been moved into TestRegionServerExit.  Resolving as fixed.&lt;/p&gt;</comment>
                    </comments>
                    <attachments>
                            <attachment id="12367392" name="trsa.patch" size="28804" author="stack" created="Tue, 9 Oct 2007 20:14:53 +0000"/>
                    </attachments>
                <subtasks>
                    </subtasks>
                <customfields>
                                                <customfield id="customfield_12310310" key="com.atlassian.jira.toolkit:attachments">
                        <customfieldname>Attachment count</customfieldname>
                        <customfieldvalues>
                            <customfieldvalue>1.0</customfieldvalue>
                        </customfieldvalues>
                    </customfield>
                                                                                                                                                                                                                                                                                                                                                                                                                                                                                                                                <customfield id="customfield_12310220" key="com.atlassian.jira.ext.charting:firstresponsedate">
                        <customfieldname>Date of First Response</customfieldname>
                        <customfieldvalues>
                            <customfieldvalue>Tue, 9 Oct 2007 21:21:05 +0000</customfieldvalue>

                        </customfieldvalues>
                    </customfield>
                                                                                                                                                                                                                                                                                                                                                                                                                                            <customfield id="customfield_12310420" key="com.pyxis.greenhopper.jira:gh-global-rank">
                        <customfieldname>Global Rank</customfieldname>
                        <customfieldvalues>
                            <customfieldvalue>24885</customfieldvalue>
                        </customfieldvalues>
                    </customfield>
                                                                                                                                                    <customfield id="customfield_12312521" key="com.atlassian.jira.toolkit:LastCommentDate">
                        <customfieldname>Last public comment date</customfieldname>
                        <customfieldvalues>
                            9 years, 10 weeks, 6 days ago
                        </customfieldvalues>
                    </customfield>
                                                                                            <customfield id="customfield_12311820" key="com.pyxis.greenhopper.jira:gh-lexo-rank">
                        <customfieldname>Rank</customfieldname>
                        <customfieldvalues>
                            <customfieldvalue>0|i0h4b3:</customfieldvalue>

                        </customfieldvalues>
                    </customfield>
                                                                <customfield id="customfield_12310920" key="com.pyxis.greenhopper.jira:gh-global-rank">
                        <customfieldname>Rank (Obsolete)</customfieldname>
                        <customfieldvalues>
                            <customfieldvalue>97960</customfieldvalue>
                        </customfieldvalues>
                    </customfield>
                                                                                                                                                                                                                                                                                                <customfield id="customfield_12310222" key="com.atlassian.jira.ext.charting:timeinstatus">
                        <customfieldname>Time in Status</customfieldname>
                        <customfieldvalues>
                            
                        </customfieldvalues>
                    </customfield>
                                                                                                                        </customfields>
    </item>
</channel>
</rss>