<!-- 
RSS generated by JIRA (6.3.4#6332-sha1:51bc225ef474afe3128b2f66878477f322397b16) at Fri Dec 16 18:45:32 UTC 2016

It is possible to restrict the fields that are returned in this document by specifying the 'field' parameter in your request.
For example, to request only the issue key and summary add field=key&field=summary to the URL of your request.
For example:
https://issues.apache.org/jira/si/jira.issueviews:issue-xml/HBASE-572/HBASE-572.xml?field=key&amp;field=summary
-->
<rss version="0.92" >
<channel>
    <title>ASF JIRA</title>
    <link>https://issues.apache.org/jira</link>
    <description>This file is an XML representation of an issue</description>
    <language>en-uk</language>    <build-info>
        <version>6.3.4</version>
        <build-number>6332</build-number>
        <build-date>15-08-2014</build-date>
    </build-info>

<item>
            <title>[HBASE-572] Backport HBASE-512 to 0.1 branch</title>
                <link>https://issues.apache.org/jira/browse/HBASE-572</link>
                <project id="12310753" key="HBASE">HBase</project>
                    <description>&lt;p&gt;There seems to be need of &lt;a href=&quot;https://issues.apache.org/jira/browse/HBASE-512&quot; title=&quot;Add configuration for global aggregate memcache size&quot; class=&quot;issue-link&quot; data-issue-key=&quot;HBASE-512&quot;&gt;&lt;del&gt;HBASE-512&lt;/del&gt;&lt;/a&gt;&apos;s capabilities in the 0.1 branch. People can&apos;t write as much data as they actually want to without OOMEing. Let&apos;s backport the features of 512 into 0.1. It might be a little uglier, but it&apos;s worth it.&lt;/p&gt;</description>
                <environment></environment>
        <key id="12393549">HBASE-572</key>
            <summary>Backport HBASE-512 to 0.1 branch</summary>
                <type id="4" iconUrl="https://issues.apache.org/jira/images/icons/issuetypes/improvement.png">Improvement</type>
                                            <priority id="1" iconUrl="https://issues.apache.org/jira/images/icons/priorities/blocker.png">Blocker</priority>
                        <status id="6" iconUrl="https://issues.apache.org/jira/images/icons/statuses/closed.png" description="The issue is considered finished, the resolution is correct. Issues which are closed can be reopened.">Closed</status>
                    <statusCategory id="3" key="done" colorName="green"/>
                                    <resolution id="1">Fixed</resolution>
                                        <assignee username="jimk">Jim Kellerman</assignee>
                                    <reporter username="bryanduxbury">Bryan Duxbury</reporter>
                        <labels>
                    </labels>
                <created>Wed, 9 Apr 2008 17:31:33 +0000</created>
                <updated>Fri, 22 Aug 2008 21:15:53 +0000</updated>
                            <resolved>Wed, 23 Apr 2008 21:18:59 +0000</resolved>
                                                    <fixVersion>0.1.2</fixVersion>
                                    <component>regionserver</component>
                        <due></due>
                            <votes>0</votes>
                                    <watches>0</watches>
                                                                <comments>
                            <comment id="12587700" author="stack" created="Thu, 10 Apr 2008 16:45:31 +0000"  >&lt;p&gt;+1 on backporting.  Make it a blocker and fix for 0.1.2.&lt;/p&gt;</comment>
                            <comment id="12589218" author="stack" created="Tue, 15 Apr 2008 20:12:44 +0000"  >&lt;p&gt;Just tried it.  Too awkward &amp;#8211; a bunch has changed between branches.  -1 on backporting because would take good part of a day and I&apos;d rather spend that day on 0.2 work.&lt;/p&gt;</comment>
                            <comment id="12589676" author="jimk" created="Wed, 16 Apr 2008 17:53:11 +0000"  >&lt;p&gt;Too large a change to backport. Resolving issue as won&apos;t fix.&lt;/p&gt;</comment>
                            <comment id="12590976" author="jimk" created="Mon, 21 Apr 2008 17:43:20 +0000"  >&lt;p&gt;Looks like we&apos;ll do this after all.&lt;/p&gt;</comment>
                            <comment id="12591791" author="jimk" created="Wed, 23 Apr 2008 20:56:20 +0000"  >&lt;p&gt;Includes a backport of changes for &lt;a href=&quot;https://issues.apache.org/jira/browse/HBASE-588&quot; title=&quot;Still a &amp;#39;hole&amp;#39; in scanners, even after HBASE-532&quot; class=&quot;issue-link&quot; data-issue-key=&quot;HBASE-588&quot;&gt;&lt;del&gt;HBASE-588&lt;/del&gt;&lt;/a&gt; for files:&lt;/p&gt;

&lt;p&gt;FlushRequester&lt;br/&gt;
HRegionServer (and Flusher)&lt;br/&gt;
HRegion&lt;br/&gt;
MultiRegionTable&lt;/p&gt;</comment>
                            <comment id="12591794" author="jimk" created="Wed, 23 Apr 2008 20:58:01 +0000"  >&lt;p&gt;All tests passed including PE sequential/random. Rerunning tests again right now because when I updated my tree, I got a conflict in HRegion.&lt;/p&gt;

&lt;p&gt;Please review.&lt;/p&gt;</comment>
                            <comment id="12591806" author="stack" created="Wed, 23 Apr 2008 21:15:44 +0000"  >&lt;p&gt;+1.&lt;/p&gt;</comment>
                            <comment id="12591807" author="jimk" created="Wed, 23 Apr 2008 21:18:59 +0000"  >&lt;p&gt;I just committed this.&lt;/p&gt;</comment>
                    </comments>
                    <attachments>
                            <attachment id="12380796" name="patch.txt" size="40615" author="jimk" created="Wed, 23 Apr 2008 20:56:20 +0000"/>
                    </attachments>
                <subtasks>
                    </subtasks>
                <customfields>
                                                <customfield id="customfield_12310310" key="com.atlassian.jira.toolkit:attachments">
                        <customfieldname>Attachment count</customfieldname>
                        <customfieldvalues>
                            <customfieldvalue>1.0</customfieldvalue>
                        </customfieldvalues>
                    </customfield>
                                                                                                                                                                                                                                                                                                                                                                                                                                                                                                                                <customfield id="customfield_12310220" key="com.atlassian.jira.ext.charting:firstresponsedate">
                        <customfieldname>Date of First Response</customfieldname>
                        <customfieldvalues>
                            <customfieldvalue>Thu, 10 Apr 2008 16:45:31 +0000</customfieldvalue>

                        </customfieldvalues>
                    </customfield>
                                                                                                                                                                                                                                                                                                                                                                                                                                            <customfield id="customfield_12310420" key="com.pyxis.greenhopper.jira:gh-global-rank">
                        <customfieldname>Global Rank</customfieldname>
                        <customfieldvalues>
                            <customfieldvalue>31764</customfieldvalue>
                        </customfieldvalues>
                    </customfield>
                                                                                                                                                    <customfield id="customfield_12312521" key="com.atlassian.jira.toolkit:LastCommentDate">
                        <customfieldname>Last public comment date</customfieldname>
                        <customfieldvalues>
                            8 years, 35 weeks, 1 day ago
                        </customfieldvalues>
                    </customfield>
                                                                                            <customfield id="customfield_12311820" key="com.pyxis.greenhopper.jira:gh-lexo-rank">
                        <customfieldname>Rank</customfieldname>
                        <customfieldvalues>
                            <customfieldvalue>0|i0h84f:</customfieldvalue>

                        </customfieldvalues>
                    </customfield>
                                                                <customfield id="customfield_12310920" key="com.pyxis.greenhopper.jira:gh-global-rank">
                        <customfieldname>Rank (Obsolete)</customfieldname>
                        <customfieldvalues>
                            <customfieldvalue>98578</customfieldvalue>
                        </customfieldvalues>
                    </customfield>
                                                                                                                                                                                                                                                                                                <customfield id="customfield_12310222" key="com.atlassian.jira.ext.charting:timeinstatus">
                        <customfieldname>Time in Status</customfieldname>
                        <customfieldvalues>
                            
                        </customfieldvalues>
                    </customfield>
                                                                                                                        </customfields>
    </item>
</channel>
</rss>