<!-- 
RSS generated by JIRA (6.3.4#6332-sha1:51bc225ef474afe3128b2f66878477f322397b16) at Fri Dec 16 18:41:43 UTC 2016

It is possible to restrict the fields that are returned in this document by specifying the 'field' parameter in your request.
For example, to request only the issue key and summary add field=key&field=summary to the URL of your request.
For example:
https://issues.apache.org/jira/si/jira.issueviews:issue-xml/HBASE-172/HBASE-172.xml?field=key&amp;field=summary
-->
<rss version="0.92" >
<channel>
    <title>ASF JIRA</title>
    <link>https://issues.apache.org/jira</link>
    <description>This file is an XML representation of an issue</description>
    <language>en-uk</language>    <build-info>
        <version>6.3.4</version>
        <build-number>6332</build-number>
        <build-date>15-08-2014</build-date>
    </build-info>

<item>
            <title>[HBASE-172] [hbase] TestTableIndex failed in patch build #970 and #956</title>
                <link>https://issues.apache.org/jira/browse/HBASE-172</link>
                <project id="12310753" key="HBASE">HBase</project>
                    <description>&lt;p&gt;TestTableIndex failed in two nightly builds.&lt;/p&gt;

&lt;p&gt;The fancy trick of passing around a complete configuration with per column indexing specification extensions inside in a Configuration value is biting us.  The interpolation code has an upper bound of 20 interpolations.&lt;/p&gt;

&lt;p&gt;Looking at seeing if I can run the interpolations before inserting the config.  else need to move to have Configuration.substituteVars made protected so can fix ... or do config. for this job in another way.&lt;/p&gt;</description>
                <environment></environment>
        <key id="12380818">HBASE-172</key>
            <summary>[hbase] TestTableIndex failed in patch build #970 and #956</summary>
                <type id="1" iconUrl="https://issues.apache.org/jira/images/icons/issuetypes/bug.png">Bug</type>
                                            <priority id="3" iconUrl="https://issues.apache.org/jira/images/icons/priorities/major.png">Major</priority>
                        <status id="6" iconUrl="https://issues.apache.org/jira/images/icons/statuses/closed.png" description="The issue is considered finished, the resolution is correct. Issues which are closed can be reopened.">Closed</status>
                    <statusCategory id="3" key="done" colorName="green"/>
                                    <resolution id="1">Fixed</resolution>
                                        <assignee username="-1">Unassigned</assignee>
                                    <reporter username="stack">stack</reporter>
                        <labels>
                    </labels>
                <created>Sat, 20 Oct 2007 00:27:35 +0000</created>
                <updated>Fri, 22 Aug 2008 21:34:54 +0000</updated>
                            <resolved>Thu, 1 Nov 2007 15:39:08 +0000</resolved>
                                                                        <due></due>
                            <votes>0</votes>
                                    <watches>0</watches>
                                                                <comments>
                            <comment id="12538962" author="ningli" created="Wed, 31 Oct 2007 00:48:43 +0000"  >&lt;p&gt;Could you please post the error message?&lt;/p&gt;</comment>
                            <comment id="12538988" author="stack" created="Wed, 31 Oct 2007 04:51:43 +0000"  >&lt;p&gt;Console is here Ning: &lt;a href=&quot;http://lucene.zones.apache.org:8080/hudson/job/Hadoop-Patch/970/console&quot; class=&quot;external-link&quot; rel=&quot;nofollow&quot;&gt;http://lucene.zones.apache.org:8080/hudson/job/Hadoop-Patch/970/console&lt;/a&gt;.  Search for when TestTableIndex runs.  Below is the pertinent extract (I believe).  Test #956 looks to have had a different failure cause that looks like it may have since been fixed.&lt;/p&gt;

&lt;p&gt;FYI, this failure seems to be rare.  I&apos;ve been trying to keep an eye out and over 70-odd builds have happened since w/o recurrence.&lt;/p&gt;

&lt;div class=&quot;code panel&quot; style=&quot;border-width: 1px;&quot;&gt;&lt;div class=&quot;codeContent panelContent&quot;&gt;
&lt;pre class=&quot;code-java&quot;&gt;
    [junit] java.lang.IllegalStateException: Variable substitution depth too large: 20 &amp;lt;?xml version=&lt;span class=&quot;code-quote&quot;&gt;&quot;1.0&quot;&lt;/span&gt; encoding=&lt;span class=&quot;code-quote&quot;&gt;&quot;UTF-8&quot;&lt;/span&gt;?&amp;gt;&amp;lt;configuration&amp;gt;
    [junit] &amp;lt;property&amp;gt;&amp;lt;name&amp;gt;dfs.namenode.logging.level&amp;lt;/name&amp;gt;&amp;lt;value&amp;gt;info&amp;lt;/value&amp;gt;&amp;lt;/property&amp;gt;
    [junit] &amp;lt;property&amp;gt;&amp;lt;name&amp;gt;tasktracker.http.port&amp;lt;/name&amp;gt;&amp;lt;value&amp;gt;50060&amp;lt;/value&amp;gt;&amp;lt;/property&amp;gt;
    [junit] &amp;lt;property&amp;gt;&amp;lt;name&amp;gt;dfs.name.dir&amp;lt;/name&amp;gt;&amp;lt;value&amp;gt;${hadoop.tmp.dir}/dfs/name&amp;lt;/value&amp;gt;&amp;lt;/property&amp;gt;
    [junit] &amp;lt;property&amp;gt;&amp;lt;name&amp;gt;mapred.job.tracker.handler.count&amp;lt;/name&amp;gt;&amp;lt;value&amp;gt;10&amp;lt;/value&amp;gt;&amp;lt;/property&amp;gt;
    [junit] &amp;lt;property&amp;gt;&amp;lt;name&amp;gt;mapred.output.compression.type&amp;lt;/name&amp;gt;&amp;lt;value&amp;gt;RECORD&amp;lt;/value&amp;gt;&amp;lt;/property&amp;gt;
    [junit] &amp;lt;property&amp;gt;&amp;lt;name&amp;gt;dfs.datanode.dns.&lt;span class=&quot;code-keyword&quot;&gt;interface&lt;/span&gt;&amp;lt;/name&amp;gt;&amp;lt;value&amp;gt;&lt;span class=&quot;code-keyword&quot;&gt;default&lt;/span&gt;&amp;lt;/value&amp;gt;&amp;lt;/property&amp;gt;
    [junit] &amp;lt;property&amp;gt;&amp;lt;name&amp;gt;mapred.submit.replication&amp;lt;/name&amp;gt;&amp;lt;value&amp;gt;10&amp;lt;/value&amp;gt;&amp;lt;/property&amp;gt;
    [junit] &amp;lt;property&amp;gt;&amp;lt;name&amp;gt;fs.file.impl&amp;lt;/name&amp;gt;&amp;lt;value&amp;gt;org.apache.hadoop.fs.LocalFileSystem&amp;lt;/value&amp;gt;&amp;lt;/property&amp;gt;
    [junit] &amp;lt;property&amp;gt;&amp;lt;name&amp;gt;fs.ramfs.impl&amp;lt;/name&amp;gt;&amp;lt;value&amp;gt;org.apache.hadoop.fs.InMemoryFileSystem&amp;lt;/value&amp;gt;&amp;lt;/property&amp;gt;
    [junit] &amp;lt;property&amp;gt;&amp;lt;name&amp;gt;fs.hftp.impl&amp;lt;/name&amp;gt;&amp;lt;value&amp;gt;org.apache.hadoop.dfs.HftpFileSystem&amp;lt;/value&amp;gt;&amp;lt;/property&amp;gt;
    [junit] &amp;lt;property&amp;gt;&amp;lt;name&amp;gt;mapred.child.java.opts&amp;lt;/name&amp;gt;&amp;lt;value&amp;gt;-Xmx200m&amp;lt;/value&amp;gt;&amp;lt;/property&amp;gt;
    [junit] &amp;lt;property&amp;gt;&amp;lt;name&amp;gt;dfs.datanode.du.pct&amp;lt;/name&amp;gt;&amp;lt;value&amp;gt;0.98f&amp;lt;/value&amp;gt;&amp;lt;/property&amp;gt;
    [junit] &amp;lt;property&amp;gt;&amp;lt;name&amp;gt;mapred.max.tracker.failures&amp;lt;/name&amp;gt;&amp;lt;value&amp;gt;4&amp;lt;/value&amp;gt;&amp;lt;/property&amp;gt;
    [junit] &amp;lt;property&amp;gt;&amp;lt;name&amp;gt;map.sort.class&amp;lt;/name&amp;gt;&amp;lt;value&amp;gt;org.apache.hadoop.mapred.MergeSorter&amp;lt;/value&amp;gt;&amp;lt;/property&amp;gt;
    [junit] &amp;lt;property&amp;gt;&amp;lt;name&amp;gt;ipc.client.timeout&amp;lt;/name&amp;gt;&amp;lt;value&amp;gt;60000&amp;lt;/value&amp;gt;&amp;lt;/property&amp;gt;
    [junit] &amp;lt;property&amp;gt;&amp;lt;name&amp;gt;dfs.datanode.du.reserved&amp;lt;/name&amp;gt;&amp;lt;value&amp;gt;0&amp;lt;/value&amp;gt;&amp;lt;/property&amp;gt;
    [junit] &amp;lt;property&amp;gt;&amp;lt;name&amp;gt;mapred.tasktracker.tasks.maximum&amp;lt;/name&amp;gt;&amp;lt;value&amp;gt;2&amp;lt;/value&amp;gt;&amp;lt;/property&amp;gt;
    [junit] &amp;lt;property&amp;gt;&amp;lt;name&amp;gt;hbase.index.merge.factor&amp;lt;/name&amp;gt;&amp;lt;value&amp;gt;10&amp;lt;/value&amp;gt;&amp;lt;/property&amp;gt;
    [junit] &amp;lt;property&amp;gt;&amp;lt;name&amp;gt;fs.inmemory.size.mb&amp;lt;/name&amp;gt;&amp;lt;value&amp;gt;75&amp;lt;/value&amp;gt;&amp;lt;/property&amp;gt;
    [junit] &amp;lt;property&amp;gt;&amp;lt;name&amp;gt;mapred.compress.map.output&amp;lt;/name&amp;gt;&amp;lt;value&amp;gt;&lt;span class=&quot;code-keyword&quot;&gt;false&lt;/span&gt;&amp;lt;/value&amp;gt;&amp;lt;/property&amp;gt;
    [junit] &amp;lt;property&amp;gt;&amp;lt;name&amp;gt;tasktracker.http.bindAddress&amp;lt;/name&amp;gt;&amp;lt;value&amp;gt;0.0.0.0&amp;lt;/value&amp;gt;&amp;lt;/property&amp;gt;
    [junit] &amp;lt;property&amp;gt;&amp;lt;name&amp;gt;hadoop.rpc.socket.factory.class.&lt;span class=&quot;code-keyword&quot;&gt;default&lt;/span&gt;&amp;lt;/name&amp;gt;&amp;lt;value&amp;gt;org.apache.hadoop.net.StandardSocketFactory&amp;lt;/value&amp;gt;&amp;lt;/property&amp;gt;
    [junit] &amp;lt;property&amp;gt;&amp;lt;name&amp;gt;keep.failed.task.files&amp;lt;/name&amp;gt;&amp;lt;value&amp;gt;&lt;span class=&quot;code-keyword&quot;&gt;false&lt;/span&gt;&amp;lt;/value&amp;gt;&amp;lt;/property&amp;gt;
    [junit] &amp;lt;property&amp;gt;&amp;lt;name&amp;gt;mapred.map.output.compression.type&amp;lt;/name&amp;gt;&amp;lt;value&amp;gt;RECORD&amp;lt;/value&amp;gt;&amp;lt;/property&amp;gt;
    [junit] &amp;lt;property&amp;gt;&amp;lt;name&amp;gt;io.seqfile.lazydecompress&amp;lt;/name&amp;gt;&amp;lt;value&amp;gt;&lt;span class=&quot;code-keyword&quot;&gt;true&lt;/span&gt;&amp;lt;/value&amp;gt;&amp;lt;/property&amp;gt;
    [junit] &amp;lt;property&amp;gt;&amp;lt;name&amp;gt;io.skip.checksum.errors&amp;lt;/name&amp;gt;&amp;lt;value&amp;gt;&lt;span class=&quot;code-keyword&quot;&gt;false&lt;/span&gt;&amp;lt;/value&amp;gt;&amp;lt;/property&amp;gt;
    [junit] &amp;lt;property&amp;gt;&amp;lt;name&amp;gt;mapred.job.tracker.info.port&amp;lt;/name&amp;gt;&amp;lt;value&amp;gt;50030&amp;lt;/value&amp;gt;&amp;lt;/property&amp;gt;
    [junit] &amp;lt;property&amp;gt;&amp;lt;name&amp;gt;fs.s3.block.size&amp;lt;/name&amp;gt;&amp;lt;value&amp;gt;67108864&amp;lt;/value&amp;gt;&amp;lt;/property&amp;gt;
    [junit] &amp;lt;property&amp;gt;&amp;lt;name&amp;gt;dfs.client.block.write.retries&amp;lt;/name&amp;gt;&amp;lt;value&amp;gt;3&amp;lt;/value&amp;gt;&amp;lt;/property&amp;gt;
    [junit] &amp;lt;property&amp;gt;&amp;lt;name&amp;gt;dfs.replication.min&amp;lt;/name&amp;gt;&amp;lt;value&amp;gt;1&amp;lt;/value&amp;gt;&amp;lt;/property&amp;gt;
    [junit] &amp;lt;property&amp;gt;&amp;lt;name&amp;gt;mapred.userlog.limit.kb&amp;lt;/name&amp;gt;&amp;lt;value&amp;gt;0&amp;lt;/value&amp;gt;&amp;lt;/property&amp;gt;
    [junit] &amp;lt;property&amp;gt;&amp;lt;name&amp;gt;io.bytes.per.checksum&amp;lt;/name&amp;gt;&amp;lt;value&amp;gt;512&amp;lt;/value&amp;gt;&amp;lt;/property&amp;gt;
    [junit] &amp;lt;property&amp;gt;&amp;lt;name&amp;gt;fs.s3.maxRetries&amp;lt;/name&amp;gt;&amp;lt;value&amp;gt;4&amp;lt;/value&amp;gt;&amp;lt;/property&amp;gt;
    [junit] &amp;lt;property&amp;gt;&amp;lt;name&amp;gt;io.map.index.skip&amp;lt;/name&amp;gt;&amp;lt;value&amp;gt;0&amp;lt;/value&amp;gt;&amp;lt;/property&amp;gt;
    [junit] &amp;lt;property&amp;gt;&amp;lt;name&amp;gt;dfs.safemode.extension&amp;lt;/name&amp;gt;&amp;lt;value&amp;gt;30000&amp;lt;/value&amp;gt;&amp;lt;/property&amp;gt;
    [junit] &amp;lt;property&amp;gt;&amp;lt;name&amp;gt;hbase.index.optimize&amp;lt;/name&amp;gt;&amp;lt;value&amp;gt;&lt;span class=&quot;code-keyword&quot;&gt;true&lt;/span&gt;&amp;lt;/value&amp;gt;&amp;lt;/property&amp;gt;
    [junit] &amp;lt;property&amp;gt;&amp;lt;name&amp;gt;mapred.jobtracker.completeuserjobs.maximum&amp;lt;/name&amp;gt;&amp;lt;value&amp;gt;100&amp;lt;/value&amp;gt;&amp;lt;/property&amp;gt;
    [junit] &amp;lt;property&amp;gt;&amp;lt;name&amp;gt;mapred.system.dir&amp;lt;/name&amp;gt;&amp;lt;value&amp;gt;build/contrib/${contrib.name}/test/system&amp;lt;/value&amp;gt;&amp;lt;/property&amp;gt;
    [junit] &amp;lt;property&amp;gt;&amp;lt;name&amp;gt;mapred.userlog.retain.hours&amp;lt;/name&amp;gt;&amp;lt;value&amp;gt;24&amp;lt;/value&amp;gt;&amp;lt;/property&amp;gt;
    [junit] &amp;lt;property&amp;gt;&amp;lt;name&amp;gt;mapred.tasktracker.expiry.interval&amp;lt;/name&amp;gt;&amp;lt;value&amp;gt;600000&amp;lt;/value&amp;gt;&amp;lt;/property&amp;gt;
    [junit] &amp;lt;property&amp;gt;&amp;lt;name&amp;gt;mapred.log.dir&amp;lt;/name&amp;gt;&amp;lt;value&amp;gt;${hadoop.tmp.dir}/mapred/logs&amp;lt;/value&amp;gt;&amp;lt;/property&amp;gt;
    [junit] &amp;lt;property&amp;gt;&amp;lt;name&amp;gt;job.end.retry.interval&amp;lt;/name&amp;gt;&amp;lt;value&amp;gt;30000&amp;lt;/value&amp;gt;&amp;lt;/property&amp;gt;
    [junit] &amp;lt;property&amp;gt;&amp;lt;name&amp;gt;mapred.task.tracker.report.bindAddress&amp;lt;/name&amp;gt;&amp;lt;value&amp;gt;127.0.0.1&amp;lt;/value&amp;gt;&amp;lt;/property&amp;gt;
    [junit] &amp;lt;property&amp;gt;&amp;lt;name&amp;gt;local.cache.size&amp;lt;/name&amp;gt;&amp;lt;value&amp;gt;10737418240&amp;lt;/value&amp;gt;&amp;lt;/property&amp;gt;
    [junit] &amp;lt;property&amp;gt;&amp;lt;name&amp;gt;io.compression.codecs&amp;lt;/name&amp;gt;&amp;lt;value&amp;gt;org.apache.hadoop.io.compress.DefaultCodec,org.apache.hadoop.io.compress.GzipCodec&amp;lt;/value&amp;gt;&amp;lt;/property&amp;gt;
    [junit] &amp;lt;property&amp;gt;&amp;lt;name&amp;gt;dfs.df.interval&amp;lt;/name&amp;gt;&amp;lt;value&amp;gt;60000&amp;lt;/value&amp;gt;&amp;lt;/property&amp;gt;
    [junit] &amp;lt;property&amp;gt;&amp;lt;name&amp;gt;dfs.replication.considerLoad&amp;lt;/name&amp;gt;&amp;lt;value&amp;gt;&lt;span class=&quot;code-keyword&quot;&gt;true&lt;/span&gt;&amp;lt;/value&amp;gt;&amp;lt;/property&amp;gt;
    [junit] &amp;lt;property&amp;gt;&amp;lt;name&amp;gt;fs.checkpoint.period&amp;lt;/name&amp;gt;&amp;lt;value&amp;gt;3600&amp;lt;/value&amp;gt;&amp;lt;/property&amp;gt;
    [junit] &amp;lt;property&amp;gt;&amp;lt;name&amp;gt;dfs.info.bindAddress&amp;lt;/name&amp;gt;&amp;lt;value&amp;gt;0.0.0.0&amp;lt;/value&amp;gt;&amp;lt;/property&amp;gt;
    [junit] &amp;lt;property&amp;gt;&amp;lt;name&amp;gt;jobclient.output.filter&amp;lt;/name&amp;gt;&amp;lt;value&amp;gt;FAILED&amp;lt;/value&amp;gt;&amp;lt;/property&amp;gt;
    [junit] &amp;lt;property&amp;gt;&amp;lt;name&amp;gt;mapred.output.compression.codec&amp;lt;/name&amp;gt;&amp;lt;value&amp;gt;org.apache.hadoop.io.compress.DefaultCodec&amp;lt;/value&amp;gt;&amp;lt;/property&amp;gt;
    [junit] &amp;lt;property&amp;gt;&amp;lt;name&amp;gt;ipc.client.connect.max.retries&amp;lt;/name&amp;gt;&amp;lt;value&amp;gt;10&amp;lt;/value&amp;gt;&amp;lt;/property&amp;gt;
    [junit] &amp;lt;property&amp;gt;&amp;lt;name&amp;gt;tasktracker.http.threads&amp;lt;/name&amp;gt;&amp;lt;value&amp;gt;40&amp;lt;/value&amp;gt;&amp;lt;/property&amp;gt;
    [junit] &amp;lt;property&amp;gt;&amp;lt;name&amp;gt;io.file.buffer.size&amp;lt;/name&amp;gt;&amp;lt;value&amp;gt;4096&amp;lt;/value&amp;gt;&amp;lt;/property&amp;gt;
    [junit] &amp;lt;property&amp;gt;&amp;lt;name&amp;gt;ipc.client.kill.max&amp;lt;/name&amp;gt;&amp;lt;value&amp;gt;10&amp;lt;/value&amp;gt;&amp;lt;/property&amp;gt;
    [junit] &amp;lt;property&amp;gt;&amp;lt;name&amp;gt;io.sort.mb&amp;lt;/name&amp;gt;&amp;lt;value&amp;gt;100&amp;lt;/value&amp;gt;&amp;lt;/property&amp;gt;
    [junit] &amp;lt;property&amp;gt;&amp;lt;name&amp;gt;mapred.tasktracker.dns.&lt;span class=&quot;code-keyword&quot;&gt;interface&lt;/span&gt;&amp;lt;/name&amp;gt;&amp;lt;value&amp;gt;&lt;span class=&quot;code-keyword&quot;&gt;default&lt;/span&gt;&amp;lt;/value&amp;gt;&amp;lt;/property&amp;gt;
    [junit] &amp;lt;property&amp;gt;&amp;lt;name&amp;gt;fs.s3.buffer.dir&amp;lt;/name&amp;gt;&amp;lt;value&amp;gt;${hadoop.tmp.dir}/s3&amp;lt;/value&amp;gt;&amp;lt;/property&amp;gt;
    [junit] &amp;lt;property&amp;gt;&amp;lt;name&amp;gt;mapred.min.split.size&amp;lt;/name&amp;gt;&amp;lt;value&amp;gt;0&amp;lt;/value&amp;gt;&amp;lt;/property&amp;gt;
    [junit] &amp;lt;property&amp;gt;&amp;lt;name&amp;gt;mapred.map.output.compression.codec&amp;lt;/name&amp;gt;&amp;lt;value&amp;gt;org.apache.hadoop.io.compress.DefaultCodec&amp;lt;/value&amp;gt;&amp;lt;/property&amp;gt;
    [junit] &amp;lt;property&amp;gt;&amp;lt;name&amp;gt;fs.checkpoint.dir&amp;lt;/name&amp;gt;&amp;lt;value&amp;gt;${hadoop.tmp.dir}/dfs/namesecondary&amp;lt;/value&amp;gt;&amp;lt;/property&amp;gt;
    [junit] &amp;lt;property&amp;gt;&amp;lt;name&amp;gt;io.seqfile.sorter.recordlimit&amp;lt;/name&amp;gt;&amp;lt;value&amp;gt;1000000&amp;lt;/value&amp;gt;&amp;lt;/property&amp;gt;
    [junit] &amp;lt;property&amp;gt;&amp;lt;name&amp;gt;fs.&lt;span class=&quot;code-keyword&quot;&gt;default&lt;/span&gt;.name&amp;lt;/name&amp;gt;&amp;lt;value&amp;gt;file:&lt;span class=&quot;code-comment&quot;&gt;///&amp;lt;/value&amp;gt;&amp;lt;/property&amp;gt;
&lt;/span&gt;    [junit] &amp;lt;property&amp;gt;&amp;lt;name&amp;gt;ipc.client.maxidletime&amp;lt;/name&amp;gt;&amp;lt;value&amp;gt;120000&amp;lt;/value&amp;gt;&amp;lt;/property&amp;gt;
    [junit] &amp;lt;property&amp;gt;&amp;lt;name&amp;gt;dfs.secondary.info.bindAddress&amp;lt;/name&amp;gt;&amp;lt;value&amp;gt;0.0.0.0&amp;lt;/value&amp;gt;&amp;lt;/property&amp;gt;
    [junit] &amp;lt;property&amp;gt;&amp;lt;name&amp;gt;hbase.index.use.compound.file&amp;lt;/name&amp;gt;&amp;lt;value&amp;gt;&lt;span class=&quot;code-keyword&quot;&gt;true&lt;/span&gt;&amp;lt;/value&amp;gt;&amp;lt;/property&amp;gt;
    [junit] &amp;lt;property&amp;gt;&amp;lt;name&amp;gt;io.seqfile.compression.type&amp;lt;/name&amp;gt;&amp;lt;value&amp;gt;RECORD&amp;lt;/value&amp;gt;&amp;lt;/property&amp;gt;
    [junit] &amp;lt;property&amp;gt;&amp;lt;name&amp;gt;hadoop.&lt;span class=&quot;code-keyword&quot;&gt;native&lt;/span&gt;.lib&amp;lt;/name&amp;gt;&amp;lt;value&amp;gt;&lt;span class=&quot;code-keyword&quot;&gt;true&lt;/span&gt;&amp;lt;/value&amp;gt;&amp;lt;/property&amp;gt;
    [junit] &amp;lt;property&amp;gt;&amp;lt;name&amp;gt;mapred.local.dir.minspacestart&amp;lt;/name&amp;gt;&amp;lt;value&amp;gt;0&amp;lt;/value&amp;gt;&amp;lt;/property&amp;gt;
    [junit] &amp;lt;property&amp;gt;&amp;lt;name&amp;gt;hadoop.tmp.dir&amp;lt;/name&amp;gt;&amp;lt;value&amp;gt;${build.test}&amp;lt;/value&amp;gt;&amp;lt;/property&amp;gt;
    [junit] &amp;lt;property&amp;gt;&amp;lt;name&amp;gt;dfs.datanode.bindAddress&amp;lt;/name&amp;gt;&amp;lt;value&amp;gt;0.0.0.0&amp;lt;/value&amp;gt;&amp;lt;/property&amp;gt;
    [junit] &amp;lt;property&amp;gt;&amp;lt;name&amp;gt;mapred.map.tasks&amp;lt;/name&amp;gt;&amp;lt;value&amp;gt;2&amp;lt;/value&amp;gt;&amp;lt;/property&amp;gt;
    [junit] &amp;lt;property&amp;gt;&amp;lt;name&amp;gt;dfs.heartbeat.interval&amp;lt;/name&amp;gt;&amp;lt;value&amp;gt;3&amp;lt;/value&amp;gt;&amp;lt;/property&amp;gt;
    [junit] &amp;lt;property&amp;gt;&amp;lt;name&amp;gt;webinterface.&lt;span class=&quot;code-keyword&quot;&gt;private&lt;/span&gt;.actions&amp;lt;/name&amp;gt;&amp;lt;value&amp;gt;&lt;span class=&quot;code-keyword&quot;&gt;false&lt;/span&gt;&amp;lt;/value&amp;gt;&amp;lt;/property&amp;gt;
    [junit] &amp;lt;property&amp;gt;&amp;lt;name&amp;gt;mapred.reduce.parallel.copies&amp;lt;/name&amp;gt;&amp;lt;value&amp;gt;5&amp;lt;/value&amp;gt;&amp;lt;/property&amp;gt;
    [junit] &amp;lt;property&amp;gt;&amp;lt;name&amp;gt;mapred.local.dir&amp;lt;/name&amp;gt;&amp;lt;value&amp;gt;${hadoop.tmp.dir}/mapred/local&amp;lt;/value&amp;gt;&amp;lt;/property&amp;gt;
    [junit] &amp;lt;property&amp;gt;&amp;lt;name&amp;gt;hbase.index.max.field.length&amp;lt;/name&amp;gt;&amp;lt;value&amp;gt;10000&amp;lt;/value&amp;gt;&amp;lt;/property&amp;gt;
    [junit] &amp;lt;property&amp;gt;&amp;lt;name&amp;gt;dfs.datanode.dns.nameserver&amp;lt;/name&amp;gt;&amp;lt;value&amp;gt;&lt;span class=&quot;code-keyword&quot;&gt;default&lt;/span&gt;&amp;lt;/value&amp;gt;&amp;lt;/property&amp;gt;
    [junit] &amp;lt;property&amp;gt;&amp;lt;name&amp;gt;mapred.inmem.merge.threshold&amp;lt;/name&amp;gt;&amp;lt;value&amp;gt;1000&amp;lt;/value&amp;gt;&amp;lt;/property&amp;gt;
    [junit] &amp;lt;property&amp;gt;&amp;lt;name&amp;gt;mapred.speculative.execution&amp;lt;/name&amp;gt;&amp;lt;value&amp;gt;&lt;span class=&quot;code-keyword&quot;&gt;true&lt;/span&gt;&amp;lt;/value&amp;gt;&amp;lt;/property&amp;gt;
    [junit] &amp;lt;property&amp;gt;&amp;lt;name&amp;gt;mapred.tasktracker.dns.nameserver&amp;lt;/name&amp;gt;&amp;lt;value&amp;gt;&lt;span class=&quot;code-keyword&quot;&gt;default&lt;/span&gt;&amp;lt;/value&amp;gt;&amp;lt;/property&amp;gt;
    [junit] &amp;lt;property&amp;gt;&amp;lt;name&amp;gt;dfs.datanode.port&amp;lt;/name&amp;gt;&amp;lt;value&amp;gt;50010&amp;lt;/value&amp;gt;&amp;lt;/property&amp;gt;
    [junit] &amp;lt;property&amp;gt;&amp;lt;name&amp;gt;fs.trash.interval&amp;lt;/name&amp;gt;&amp;lt;value&amp;gt;0&amp;lt;/value&amp;gt;&amp;lt;/property&amp;gt;
    [junit] &amp;lt;property&amp;gt;&amp;lt;name&amp;gt;hbase.index.max.buffered.docs&amp;lt;/name&amp;gt;&amp;lt;value&amp;gt;500&amp;lt;/value&amp;gt;&amp;lt;/property&amp;gt;
    [junit] &amp;lt;property&amp;gt;&amp;lt;name&amp;gt;dfs.replication.max&amp;lt;/name&amp;gt;&amp;lt;value&amp;gt;512&amp;lt;/value&amp;gt;&amp;lt;/property&amp;gt;
    [junit] &amp;lt;property&amp;gt;&amp;lt;name&amp;gt;dfs.blockreport.intervalMsec&amp;lt;/name&amp;gt;&amp;lt;value&amp;gt;3600000&amp;lt;/value&amp;gt;&amp;lt;/property&amp;gt;
    [junit] &amp;lt;property&amp;gt;&amp;lt;name&amp;gt;dfs.block.size&amp;lt;/name&amp;gt;&amp;lt;value&amp;gt;67108864&amp;lt;/value&amp;gt;&amp;lt;/property&amp;gt;
    [junit] &amp;lt;property&amp;gt;&amp;lt;name&amp;gt;mapred.task.timeout&amp;lt;/name&amp;gt;&amp;lt;value&amp;gt;600000&amp;lt;/value&amp;gt;&amp;lt;/property&amp;gt;
    [junit] &amp;lt;property&amp;gt;&amp;lt;name&amp;gt;ipc.client.connection.maxidletime&amp;lt;/name&amp;gt;&amp;lt;value&amp;gt;1000&amp;lt;/value&amp;gt;&amp;lt;/property&amp;gt;
    [junit] &amp;lt;property&amp;gt;&amp;lt;name&amp;gt;fs.s3.sleepTimeSeconds&amp;lt;/name&amp;gt;&amp;lt;value&amp;gt;10&amp;lt;/value&amp;gt;&amp;lt;/property&amp;gt;
    [junit] &amp;lt;property&amp;gt;&amp;lt;name&amp;gt;dfs.client.buffer.dir&amp;lt;/name&amp;gt;&amp;lt;value&amp;gt;${hadoop.tmp.dir}/dfs/tmp&amp;lt;/value&amp;gt;&amp;lt;/property&amp;gt;
    [junit] &amp;lt;property&amp;gt;&amp;lt;name&amp;gt;mapred.output.compress&amp;lt;/name&amp;gt;&amp;lt;value&amp;gt;&lt;span class=&quot;code-keyword&quot;&gt;false&lt;/span&gt;&amp;lt;/value&amp;gt;&amp;lt;/property&amp;gt;
    [junit] &amp;lt;property&amp;gt;&amp;lt;name&amp;gt;mapred.local.dir.minspacekill&amp;lt;/name&amp;gt;&amp;lt;value&amp;gt;0&amp;lt;/value&amp;gt;&amp;lt;/property&amp;gt;
    [junit] &amp;lt;property&amp;gt;&amp;lt;name&amp;gt;dfs.replication&amp;lt;/name&amp;gt;&amp;lt;value&amp;gt;3&amp;lt;/value&amp;gt;&amp;lt;/property&amp;gt;
    [junit] &amp;lt;property&amp;gt;&amp;lt;name&amp;gt;mapred.reduce.max.attempts&amp;lt;/name&amp;gt;&amp;lt;value&amp;gt;4&amp;lt;/value&amp;gt;&amp;lt;/property&amp;gt;
    [junit] &amp;lt;property&amp;gt;&amp;lt;name&amp;gt;dfs.&lt;span class=&quot;code-keyword&quot;&gt;default&lt;/span&gt;.chunk.view.size&amp;lt;/name&amp;gt;&amp;lt;value&amp;gt;32768&amp;lt;/value&amp;gt;&amp;lt;/property&amp;gt;
    [junit] &amp;lt;property&amp;gt;&amp;lt;name&amp;gt;dfs.secondary.info.port&amp;lt;/name&amp;gt;&amp;lt;value&amp;gt;50090&amp;lt;/value&amp;gt;&amp;lt;/property&amp;gt;
    [junit] &amp;lt;property&amp;gt;&amp;lt;name&amp;gt;hadoop.logfile.count&amp;lt;/name&amp;gt;&amp;lt;value&amp;gt;10&amp;lt;/value&amp;gt;&amp;lt;/property&amp;gt;
    [junit] &amp;lt;property&amp;gt;&amp;lt;name&amp;gt;ipc.client.idlethreshold&amp;lt;/name&amp;gt;&amp;lt;value&amp;gt;4000&amp;lt;/value&amp;gt;&amp;lt;/property&amp;gt;
    [junit] &amp;lt;property&amp;gt;&amp;lt;name&amp;gt;mapred.job.tracker&amp;lt;/name&amp;gt;&amp;lt;value&amp;gt;local&amp;lt;/value&amp;gt;&amp;lt;/property&amp;gt;
    [junit] &amp;lt;property&amp;gt;&amp;lt;name&amp;gt;hadoop.logfile.size&amp;lt;/name&amp;gt;&amp;lt;value&amp;gt;10000000&amp;lt;/value&amp;gt;&amp;lt;/property&amp;gt;
    [junit] &amp;lt;property&amp;gt;&amp;lt;name&amp;gt;fs.checkpoint.size&amp;lt;/name&amp;gt;&amp;lt;value&amp;gt;67108864&amp;lt;/value&amp;gt;&amp;lt;/property&amp;gt;
    [junit] &amp;lt;property&amp;gt;&amp;lt;name&amp;gt;io.sort.factor&amp;lt;/name&amp;gt;&amp;lt;value&amp;gt;10&amp;lt;/value&amp;gt;&amp;lt;/property&amp;gt;
    [junit] &amp;lt;property&amp;gt;&amp;lt;name&amp;gt;dfs.info.port&amp;lt;/name&amp;gt;&amp;lt;value&amp;gt;50070&amp;lt;/value&amp;gt;&amp;lt;/property&amp;gt;
    [junit] &amp;lt;property&amp;gt;&amp;lt;name&amp;gt;mapred.temp.dir&amp;lt;/name&amp;gt;&amp;lt;value&amp;gt;${hadoop.tmp.dir}/mapred/temp&amp;lt;/value&amp;gt;&amp;lt;/property&amp;gt;
    [junit] &amp;lt;property&amp;gt;&amp;lt;name&amp;gt;job.end.retry.attempts&amp;lt;/name&amp;gt;&amp;lt;value&amp;gt;0&amp;lt;/value&amp;gt;&amp;lt;/property&amp;gt;
    [junit] &amp;lt;property&amp;gt;&amp;lt;name&amp;gt;dfs.data.dir&amp;lt;/name&amp;gt;&amp;lt;value&amp;gt;${hadoop.tmp.dir}/dfs/data&amp;lt;/value&amp;gt;&amp;lt;/property&amp;gt;
    [junit] &amp;lt;property&amp;gt;&amp;lt;name&amp;gt;mapred.reduce.tasks&amp;lt;/name&amp;gt;&amp;lt;value&amp;gt;1&amp;lt;/value&amp;gt;&amp;lt;/property&amp;gt;
    [junit] &amp;lt;property&amp;gt;&amp;lt;name&amp;gt;fs.s3.impl&amp;lt;/name&amp;gt;&amp;lt;value&amp;gt;org.apache.hadoop.fs.s3.S3FileSystem&amp;lt;/value&amp;gt;&amp;lt;/property&amp;gt;
    [junit] &amp;lt;property&amp;gt;&amp;lt;name&amp;gt;fs.trash.root&amp;lt;/name&amp;gt;&amp;lt;value&amp;gt;${hadoop.tmp.dir}/Trash&amp;lt;/value&amp;gt;&amp;lt;/property&amp;gt;
    [junit] &amp;lt;property&amp;gt;&amp;lt;name&amp;gt;dfs.namenode.handler.count&amp;lt;/name&amp;gt;&amp;lt;value&amp;gt;10&amp;lt;/value&amp;gt;&amp;lt;/property&amp;gt;
    [junit] &amp;lt;property&amp;gt;&amp;lt;name&amp;gt;io.seqfile.compress.blocksize&amp;lt;/name&amp;gt;&amp;lt;value&amp;gt;1000000&amp;lt;/value&amp;gt;&amp;lt;/property&amp;gt;
    [junit] &amp;lt;property&amp;gt;&amp;lt;name&amp;gt;fs.kfs.impl&amp;lt;/name&amp;gt;&amp;lt;value&amp;gt;org.apache.hadoop.fs.kfs.KosmosFileSystem&amp;lt;/value&amp;gt;&amp;lt;/property&amp;gt;
    [junit] &amp;lt;property&amp;gt;&amp;lt;name&amp;gt;ipc.server.listen.queue.size&amp;lt;/name&amp;gt;&amp;lt;value&amp;gt;128&amp;lt;/value&amp;gt;&amp;lt;/property&amp;gt;
    [junit] &amp;lt;property&amp;gt;&amp;lt;name&amp;gt;fs.hdfs.impl&amp;lt;/name&amp;gt;&amp;lt;value&amp;gt;org.apache.hadoop.dfs.DistributedFileSystem&amp;lt;/value&amp;gt;&amp;lt;/property&amp;gt;
    [junit] &amp;lt;property&amp;gt;&amp;lt;name&amp;gt;mapred.job.tracker.info.bindAddress&amp;lt;/name&amp;gt;&amp;lt;value&amp;gt;0.0.0.0&amp;lt;/value&amp;gt;&amp;lt;/property&amp;gt;
    [junit] &amp;lt;property&amp;gt;&amp;lt;name&amp;gt;hbase.index.rowkey.name&amp;lt;/name&amp;gt;&amp;lt;value&amp;gt;key&amp;lt;/value&amp;gt;&amp;lt;/property&amp;gt;
    [junit] &amp;lt;property&amp;gt;&amp;lt;name&amp;gt;dfs.safemode.threshold.pct&amp;lt;/name&amp;gt;&amp;lt;value&amp;gt;0.999f&amp;lt;/value&amp;gt;&amp;lt;/property&amp;gt;
    [junit] &amp;lt;property&amp;gt;&amp;lt;name&amp;gt;mapred.map.max.attempts&amp;lt;/name&amp;gt;&amp;lt;value&amp;gt;4&amp;lt;/value&amp;gt;&amp;lt;/property&amp;gt;
    [junit] &amp;lt;column&amp;gt;
    [junit] &amp;lt;property&amp;gt;&amp;lt;name&amp;gt;hbase.column.boost&amp;lt;/name&amp;gt;&amp;lt;value&amp;gt;3&amp;lt;/value&amp;gt;&amp;lt;/property&amp;gt;
    [junit] &amp;lt;property&amp;gt;&amp;lt;name&amp;gt;hbase.column.tokenize&amp;lt;/name&amp;gt;&amp;lt;value&amp;gt;&lt;span class=&quot;code-keyword&quot;&gt;false&lt;/span&gt;&amp;lt;/value&amp;gt;&amp;lt;/property&amp;gt;
    [junit] &amp;lt;property&amp;gt;&amp;lt;name&amp;gt;hbase.column.name&amp;lt;/name&amp;gt;&amp;lt;value&amp;gt;contents:&amp;lt;/value&amp;gt;&amp;lt;/property&amp;gt;
    [junit] &amp;lt;property&amp;gt;&amp;lt;name&amp;gt;hbase.column.store&amp;lt;/name&amp;gt;&amp;lt;value&amp;gt;&lt;span class=&quot;code-keyword&quot;&gt;true&lt;/span&gt;&amp;lt;/value&amp;gt;&amp;lt;/property&amp;gt;
    [junit] &amp;lt;property&amp;gt;&amp;lt;name&amp;gt;hbase.column.omit.norms&amp;lt;/name&amp;gt;&amp;lt;value&amp;gt;&lt;span class=&quot;code-keyword&quot;&gt;false&lt;/span&gt;&amp;lt;/value&amp;gt;&amp;lt;/property&amp;gt;
    [junit] &amp;lt;property&amp;gt;&amp;lt;name&amp;gt;hbase.column.index&amp;lt;/name&amp;gt;&amp;lt;value&amp;gt;&lt;span class=&quot;code-keyword&quot;&gt;true&lt;/span&gt;&amp;lt;/value&amp;gt;&amp;lt;/property&amp;gt;
    [junit] &amp;lt;/column&amp;gt;&amp;lt;/configuration&amp;gt;
    [junit] 	at org.apache.hadoop.conf.Configuration.substituteVars(Configuration.java:293)
    [junit] 	at org.apache.hadoop.conf.Configuration.get(Configuration.java:300)
    [junit] 	at org.apache.hadoop.hbase.mapred.IndexTableReduce.configure(IndexTableReduce.java:53)
    [junit] 	at org.apache.hadoop.util.ReflectionUtils.setConf(ReflectionUtils.java:58)
    [junit] 	at org.apache.hadoop.util.ReflectionUtils.newInstance(ReflectionUtils.java:82)
    [junit] 	at org.apache.hadoop.mapred.ReduceTask.run(ReduceTask.java:243)
    [junit] 	at org.apache.hadoop.mapred.LocalJobRunner$Job.run(LocalJobRunner.java:164)
    [junit] 2007-10-19 08:29:23,346 ERROR [expireTrackers] org.apache.hadoop.mapred.JobTracker$ExpireTrackers.run(JobTracker.java:308): Tracker Expiry &lt;span class=&quot;code-object&quot;&gt;Thread&lt;/span&gt; got exception: java.lang.InterruptedException: sleep interrupted
    [junit] 	at java.lang.&lt;span class=&quot;code-object&quot;&gt;Thread&lt;/span&gt;.sleep(Native Method)
    [junit] 	at org.apache.hadoop.mapred.JobTracker$ExpireTrackers.run(JobTracker.java:263)
    [junit] 	
&lt;/pre&gt;
&lt;/div&gt;&lt;/div&gt;</comment>
                            <comment id="12539197" author="stack" created="Wed, 31 Oct 2007 22:19:36 +0000"  >&lt;p&gt;#1041 failure in TestTableIndex was because an assertion that the table was multiregion failed.  Was also cause of the other test failure, in TestTableMapReduce in patch build #1040.  The code that finds the parent is flawed in that it doesn&apos;t allow that the parent region may have already split at time we go to provoke split.  Same issue in #1038 failure.&lt;/p&gt;</comment>
                            <comment id="12539198" author="stack" created="Wed, 31 Oct 2007 22:21:14 +0000"  >&lt;p&gt;Find the parent region BEFORE we start loading the table with content.  This way I&apos;m sure to have the correct parent needed later when making assertions and trying to find names of daughter regions.&lt;/p&gt;</comment>
                            <comment id="12539288" author="stack" created="Thu, 1 Nov 2007 06:18:36 +0000"  >&lt;p&gt;v2 passes all tests locally&lt;/p&gt;</comment>
                            <comment id="12539297" author="hadoopqa" created="Thu, 1 Nov 2007 07:50:39 +0000"  >&lt;p&gt;+1 overall.  Here are the results of testing the latest attachment &lt;br/&gt;
&lt;a href=&quot;http://issues.apache.org/jira/secure/attachment/12368803/mrt-v2.patch&quot; class=&quot;external-link&quot; rel=&quot;nofollow&quot;&gt;http://issues.apache.org/jira/secure/attachment/12368803/mrt-v2.patch&lt;/a&gt;&lt;br/&gt;
against trunk revision r590875.&lt;/p&gt;

&lt;p&gt;    @author +1.  The patch does not contain any @author tags.&lt;/p&gt;

&lt;p&gt;    javadoc +1.  The javadoc tool did not generate any warning messages.&lt;/p&gt;

&lt;p&gt;    javac +1.  The applied patch does not generate any new compiler warnings.&lt;/p&gt;

&lt;p&gt;    findbugs +1.  The patch does not introduce any new Findbugs warnings.&lt;/p&gt;

&lt;p&gt;    core tests +1.  The patch passed core unit tests.&lt;/p&gt;

&lt;p&gt;    contrib tests +1.  The patch passed contrib unit tests.&lt;/p&gt;

&lt;p&gt;Test results: &lt;a href=&quot;http://lucene.zones.apache.org:8080/hudson/job/Hadoop-Patch/1047/testReport/&quot; class=&quot;external-link&quot; rel=&quot;nofollow&quot;&gt;http://lucene.zones.apache.org:8080/hudson/job/Hadoop-Patch/1047/testReport/&lt;/a&gt;&lt;br/&gt;
Findbugs warnings: &lt;a href=&quot;http://lucene.zones.apache.org:8080/hudson/job/Hadoop-Patch/1047/artifact/trunk/build/test/findbugs/newPatchFindbugsWarnings.html&quot; class=&quot;external-link&quot; rel=&quot;nofollow&quot;&gt;http://lucene.zones.apache.org:8080/hudson/job/Hadoop-Patch/1047/artifact/trunk/build/test/findbugs/newPatchFindbugsWarnings.html&lt;/a&gt;&lt;br/&gt;
Checkstyle results: &lt;a href=&quot;http://lucene.zones.apache.org:8080/hudson/job/Hadoop-Patch/1047/artifact/trunk/build/test/checkstyle-errors.html&quot; class=&quot;external-link&quot; rel=&quot;nofollow&quot;&gt;http://lucene.zones.apache.org:8080/hudson/job/Hadoop-Patch/1047/artifact/trunk/build/test/checkstyle-errors.html&lt;/a&gt;&lt;br/&gt;
Console output: &lt;a href=&quot;http://lucene.zones.apache.org:8080/hudson/job/Hadoop-Patch/1047/console&quot; class=&quot;external-link&quot; rel=&quot;nofollow&quot;&gt;http://lucene.zones.apache.org:8080/hudson/job/Hadoop-Patch/1047/console&lt;/a&gt;&lt;/p&gt;

&lt;p&gt;This message is automatically generated.&lt;/p&gt;</comment>
                            <comment id="12539394" author="stack" created="Thu, 1 Nov 2007 15:39:08 +0000"  >&lt;p&gt;Committed patch that fixes most common cause of TestTableIndex failure.  Moved the blowing of interpolation limit over to its own issue:    &lt;a href=&quot;https://issues.apache.org/jira/browse/HBASE-26&quot; title=&quot;[hbase] TestTableIndex: variable substitution depth too large: 20&quot; class=&quot;issue-link&quot; data-issue-key=&quot;HBASE-26&quot;&gt;&lt;del&gt;HADOOP-2136&lt;/del&gt;&lt;/a&gt;.  Resolving.&lt;/p&gt;</comment>
                            <comment id="12539667" author="hudson" created="Fri, 2 Nov 2007 19:08:04 +0000"  >&lt;p&gt;Integrated in Hadoop-Nightly #290 (See &lt;a href=&quot;http://lucene.zones.apache.org:8080/hudson/job/Hadoop-Nightly/290/&quot; class=&quot;external-link&quot; rel=&quot;nofollow&quot;&gt;http://lucene.zones.apache.org:8080/hudson/job/Hadoop-Nightly/290/&lt;/a&gt;)&lt;/p&gt;</comment>
                    </comments>
                    <attachments>
                            <attachment id="12368803" name="mrt-v2.patch" size="2453" author="stack" created="Thu, 1 Nov 2007 06:18:36 +0000"/>
                            <attachment id="12368793" name="mrt.patch" size="3169" author="stack" created="Wed, 31 Oct 2007 22:21:14 +0000"/>
                    </attachments>
                <subtasks>
                    </subtasks>
                <customfields>
                                                <customfield id="customfield_12310310" key="com.atlassian.jira.toolkit:attachments">
                        <customfieldname>Attachment count</customfieldname>
                        <customfieldvalues>
                            <customfieldvalue>2.0</customfieldvalue>
                        </customfieldvalues>
                    </customfield>
                                                                                                                                                                                                                                                                                                                                                                                                                                                                                                                                <customfield id="customfield_12310220" key="com.atlassian.jira.ext.charting:firstresponsedate">
                        <customfieldname>Date of First Response</customfieldname>
                        <customfieldvalues>
                            <customfieldvalue>Wed, 31 Oct 2007 00:48:43 +0000</customfieldvalue>

                        </customfieldvalues>
                    </customfield>
                                                                                                                                                                                                                                                                                                                                                                                                                                            <customfield id="customfield_12310420" key="com.pyxis.greenhopper.jira:gh-global-rank">
                        <customfieldname>Global Rank</customfieldname>
                        <customfieldvalues>
                            <customfieldvalue>24956</customfieldvalue>
                        </customfieldvalues>
                    </customfield>
                                                                                                                                                    <customfield id="customfield_12312521" key="com.atlassian.jira.toolkit:LastCommentDate">
                        <customfieldname>Last public comment date</customfieldname>
                        <customfieldvalues>
                            9 years, 7 weeks, 6 days ago
                        </customfieldvalues>
                    </customfield>
                                                                                            <customfield id="customfield_12311820" key="com.pyxis.greenhopper.jira:gh-lexo-rank">
                        <customfieldname>Rank</customfieldname>
                        <customfieldvalues>
                            <customfieldvalue>0|i0h533:</customfieldvalue>

                        </customfieldvalues>
                    </customfield>
                                                                <customfield id="customfield_12310920" key="com.pyxis.greenhopper.jira:gh-global-rank">
                        <customfieldname>Rank (Obsolete)</customfieldname>
                        <customfieldvalues>
                            <customfieldvalue>98086</customfieldvalue>
                        </customfieldvalues>
                    </customfield>
                                                                                                                                                                                                                                                                                                <customfield id="customfield_12310222" key="com.atlassian.jira.ext.charting:timeinstatus">
                        <customfieldname>Time in Status</customfieldname>
                        <customfieldvalues>
                            
                        </customfieldvalues>
                    </customfield>
                                                                                                                        </customfields>
    </item>
</channel>
</rss>