<!-- 
RSS generated by JIRA (6.3.4#6332-sha1:51bc225ef474afe3128b2f66878477f322397b16) at Fri Dec 16 18:45:48 UTC 2016

It is possible to restrict the fields that are returned in this document by specifying the 'field' parameter in your request.
For example, to request only the issue key and summary add field=key&field=summary to the URL of your request.
For example:
https://issues.apache.org/jira/si/jira.issueviews:issue-xml/HBASE-601/HBASE-601.xml?field=key&amp;field=summary
-->
<rss version="0.92" >
<channel>
    <title>ASF JIRA</title>
    <link>https://issues.apache.org/jira</link>
    <description>This file is an XML representation of an issue</description>
    <language>en-uk</language>    <build-info>
        <version>6.3.4</version>
        <build-number>6332</build-number>
        <build-date>15-08-2014</build-date>
    </build-info>

<item>
            <title>[HBASE-601] Just remove deprecated methods in HTable; 0.2 is not backward compatible anyways</title>
                <link>https://issues.apache.org/jira/browse/HBASE-601</link>
                <project id="12310753" key="HBASE">HBase</project>
                    <description>&lt;p&gt;HTable had deprecations introduce post 0.1 branch but 0.2 API is not going to be backward compatible because of other changes so I suggest we just remove the deprecated methods.  Users have to change their API anyways.  The less noisey the API, the easier it&apos;ll be on users figuring what to use instead.&lt;/p&gt;

&lt;p&gt;Added to 0.2&lt;/p&gt;</description>
                <environment></environment>
        <key id="12394837">HBASE-601</key>
            <summary>Just remove deprecated methods in HTable; 0.2 is not backward compatible anyways</summary>
                <type id="4" iconUrl="https://issues.apache.org/jira/images/icons/issuetypes/improvement.png">Improvement</type>
                                            <priority id="3" iconUrl="https://issues.apache.org/jira/images/icons/priorities/major.png">Major</priority>
                        <status id="6" iconUrl="https://issues.apache.org/jira/images/icons/statuses/closed.png" description="The issue is considered finished, the resolution is correct. Issues which are closed can be reopened.">Closed</status>
                    <statusCategory id="3" key="done" colorName="green"/>
                                    <resolution id="1">Fixed</resolution>
                                        <assignee username="stack">stack</assignee>
                                    <reporter username="stack">stack</reporter>
                        <labels>
                    </labels>
                <created>Fri, 25 Apr 2008 23:48:19 +0000</created>
                <updated>Fri, 22 Aug 2008 21:13:14 +0000</updated>
                            <resolved>Tue, 29 Apr 2008 21:18:17 +0000</resolved>
                                                    <fixVersion>0.2.0</fixVersion>
                                        <due></due>
                            <votes>0</votes>
                                    <watches>0</watches>
                                                                <comments>
                            <comment id="12592535" author="stack" created="Sat, 26 Apr 2008 00:19:37 +0000"  >&lt;p&gt;Removed test that no longer applies.  Removed deprecated methods from HTable.  Update BatchUpdate test.  Thrift will need fixing before 0.2 release what w/ all the API changes.&lt;/p&gt;</comment>
                            <comment id="12592536" author="stack" created="Sat, 26 Apr 2008 00:20:11 +0000"  >&lt;p&gt;Make patch available so get reviewed.&lt;/p&gt;</comment>
                            <comment id="12592723" author="bryanduxbury" created="Mon, 28 Apr 2008 02:29:12 +0000"  >&lt;p&gt;+1&lt;/p&gt;</comment>
                            <comment id="12593124" author="stack" created="Tue, 29 Apr 2008 21:18:17 +0000"  >&lt;p&gt;Committed to TRUNK&lt;/p&gt;</comment>
                    </comments>
                    <attachments>
                            <attachment id="12380973" name="601.patch" size="15940" author="stack" created="Sat, 26 Apr 2008 00:19:37 +0000"/>
                    </attachments>
                <subtasks>
                    </subtasks>
                <customfields>
                                                <customfield id="customfield_12310310" key="com.atlassian.jira.toolkit:attachments">
                        <customfieldname>Attachment count</customfieldname>
                        <customfieldvalues>
                            <customfieldvalue>1.0</customfieldvalue>
                        </customfieldvalues>
                    </customfield>
                                                                                                                                                                                                                                                                                                                                                                                                                                                                                                                                <customfield id="customfield_12310220" key="com.atlassian.jira.ext.charting:firstresponsedate">
                        <customfieldname>Date of First Response</customfieldname>
                        <customfieldvalues>
                            <customfieldvalue>Mon, 28 Apr 2008 02:29:12 +0000</customfieldvalue>

                        </customfieldvalues>
                    </customfield>
                                                                                                                                                                                                                                                                                                                                                                                                                                            <customfield id="customfield_12310420" key="com.pyxis.greenhopper.jira:gh-global-rank">
                        <customfieldname>Global Rank</customfieldname>
                        <customfieldvalues>
                            <customfieldvalue>31777</customfieldvalue>
                        </customfieldvalues>
                    </customfield>
                                                                                                                                                    <customfield id="customfield_12312521" key="com.atlassian.jira.toolkit:LastCommentDate">
                        <customfieldname>Last public comment date</customfieldname>
                        <customfieldvalues>
                            8 years, 34 weeks, 2 days ago
                        </customfieldvalues>
                    </customfield>
                                                                                            <customfield id="customfield_12311820" key="com.pyxis.greenhopper.jira:gh-lexo-rank">
                        <customfieldname>Rank</customfieldname>
                        <customfieldvalues>
                            <customfieldvalue>0|i0h8b3:</customfieldvalue>

                        </customfieldvalues>
                    </customfield>
                                                                <customfield id="customfield_12310920" key="com.pyxis.greenhopper.jira:gh-global-rank">
                        <customfieldname>Rank (Obsolete)</customfieldname>
                        <customfieldvalues>
                            <customfieldvalue>98608</customfieldvalue>
                        </customfieldvalues>
                    </customfield>
                                                                                                                                                                                                                                                                                                <customfield id="customfield_12310222" key="com.atlassian.jira.ext.charting:timeinstatus">
                        <customfieldname>Time in Status</customfieldname>
                        <customfieldvalues>
                            
                        </customfieldvalues>
                    </customfield>
                                                                                                                        </customfields>
    </item>
</channel>
</rss>