<!-- 
RSS generated by JIRA (6.3.4#6332-sha1:51bc225ef474afe3128b2f66878477f322397b16) at Fri Dec 16 18:40:47 UTC 2016

It is possible to restrict the fields that are returned in this document by specifying the 'field' parameter in your request.
For example, to request only the issue key and summary add field=key&field=summary to the URL of your request.
For example:
https://issues.apache.org/jira/si/jira.issueviews:issue-xml/HBASE-75/HBASE-75.xml?field=key&amp;field=summary
-->
<rss version="0.92" >
<channel>
    <title>ASF JIRA</title>
    <link>https://issues.apache.org/jira</link>
    <description>This file is an XML representation of an issue</description>
    <language>en-uk</language>    <build-info>
        <version>6.3.4</version>
        <build-number>6332</build-number>
        <build-date>15-08-2014</build-date>
    </build-info>

<item>
            <title>[HBASE-75] [hbase] Refactor classes into Client, Master, and Regionserver packages</title>
                <link>https://issues.apache.org/jira/browse/HBASE-75</link>
                <project id="12310753" key="HBASE">HBase</project>
                    <description>&lt;p&gt;I&apos;ve been crawling around the HBase codebase for a little while now, and I think I have a proposal that would make it easer to find your way around in the codebase in general.&lt;/p&gt;

&lt;p&gt;I think that we should make three new packages below org.apache.hadoop.hbase, client, master, and regionserver. The client package would contain HTable, client-side scanning stuff, HBaseAdmin, the MapReduce-related stuff, the shell, REST and Thrift. The master package would contain HMaster, maybe Leases, any other classes that belong to master. The regionserver package would contain HRegionServer, HRegion, HStore and all its subclasses (HStoreFile, etc). Whatever is left over should be stuff that&apos;s pretty common to all the sub-packages, so we can either leave that in the hbase package, or push it down into a common subpackage.&lt;/p&gt;

&lt;p&gt;This would make it much easier for new contributors to decide where to look for stuff, as well as make it more obvious what the architectural divisions of the system are. To boot, it would allow us to reorganize our tests into similar subpackages, which has the advantage of allowing us to think about, for instance, client tests passing/failing as a group, rather than scattered alphabetically throughout the entire suite.&lt;/p&gt;

&lt;p&gt;This idea would probably erase &lt;a href=&quot;https://issues.apache.org/jira/browse/HBASE-395&quot; title=&quot;[hbase] Refactor HStore and internal (and related) classes into hbase.store subpackage&quot; class=&quot;issue-link&quot; data-issue-key=&quot;HBASE-395&quot;&gt;&lt;del&gt;HADOOP-2518&lt;/del&gt;&lt;/a&gt;, or at least change the goal to factor HStore down into o.a.h.h.regionserver.store.&lt;/p&gt;</description>
                <environment></environment>
        <key id="12386905">HBASE-75</key>
            <summary>[hbase] Refactor classes into Client, Master, and Regionserver packages</summary>
                <type id="4" iconUrl="https://issues.apache.org/jira/images/icons/issuetypes/improvement.png">Improvement</type>
                                            <priority id="4" iconUrl="https://issues.apache.org/jira/images/icons/priorities/minor.png">Minor</priority>
                        <status id="6" iconUrl="https://issues.apache.org/jira/images/icons/statuses/closed.png" description="The issue is considered finished, the resolution is correct. Issues which are closed can be reopened.">Closed</status>
                    <statusCategory id="3" key="done" colorName="green"/>
                                    <resolution id="1">Fixed</resolution>
                                        <assignee username="bryanduxbury">Bryan Duxbury</assignee>
                                    <reporter username="bryanduxbury">Bryan Duxbury</reporter>
                        <labels>
                    </labels>
                <created>Wed, 23 Jan 2008 00:46:59 +0000</created>
                <updated>Fri, 22 Aug 2008 21:13:05 +0000</updated>
                            <resolved>Thu, 13 Mar 2008 18:05:40 +0000</resolved>
                                                    <fixVersion>0.2.0</fixVersion>
                                        <due></due>
                            <votes>0</votes>
                                    <watches>0</watches>
                                                                                                            <comments>
                            <comment id="12578425" author="bryanduxbury" created="Thu, 13 Mar 2008 18:05:40 +0000"  >&lt;p&gt;All the sub-tasks have been resolved and committed. Resolving parent issue.&lt;/p&gt;</comment>
                    </comments>
                <issuelinks>
                            <issuelinktype id="10032">
                    <name>Blocker</name>
                                                                <inwardlinks description="is blocked by">
                                        <issuelink>
            <issuekey id="12386455">HBASE-69</issuekey>
        </issuelink>
                            </inwardlinks>
                                    </issuelinktype>
                            <issuelinktype id="12310000">
                    <name>Duplicate</name>
                                                                <inwardlinks description="is duplicated by">
                                        <issuelink>
            <issuekey id="12385524">HBASE-395</issuekey>
        </issuelink>
                            </inwardlinks>
                                    </issuelinktype>
                    </issuelinks>
                <attachments>
                    </attachments>
                <subtasks>
                            <subtask id="12387936">HBASE-414</subtask>
                            <subtask id="12388002">HBASE-417</subtask>
                            <subtask id="12388003">HBASE-418</subtask>
                            <subtask id="12388943">HBASE-457</subtask>
                            <subtask id="12388005">HBASE-419</subtask>
                            <subtask id="12388491">HBASE-442</subtask>
                            <subtask id="12389411">HBASE-467</subtask>
                            <subtask id="12388492">HBASE-443</subtask>
                            <subtask id="12389410">HBASE-466</subtask>
                            <subtask id="12389412">HBASE-468</subtask>
                    </subtasks>
                <customfields>
                                                <customfield id="customfield_12310310" key="com.atlassian.jira.toolkit:attachments">
                        <customfieldname>Attachment count</customfieldname>
                        <customfieldvalues>
                            <customfieldvalue>0.0</customfieldvalue>
                        </customfieldvalues>
                    </customfield>
                                                                                                                                                                                                                                                                                                                                                                                                                                                                                                                                                                                                                                                                                                                                                                                                                                                                                                                                        <customfield id="customfield_12310420" key="com.pyxis.greenhopper.jira:gh-global-rank">
                        <customfieldname>Global Rank</customfieldname>
                        <customfieldvalues>
                            <customfieldvalue>31671</customfieldvalue>
                        </customfieldvalues>
                    </customfield>
                                                                                                                                                    <customfield id="customfield_12312521" key="com.atlassian.jira.toolkit:LastCommentDate">
                        <customfieldname>Last public comment date</customfieldname>
                        <customfieldvalues>
                            8 years, 41 weeks, 1 day ago
                        </customfieldvalues>
                    </customfield>
                                                                                            <customfield id="customfield_12311820" key="com.pyxis.greenhopper.jira:gh-lexo-rank">
                        <customfieldname>Rank</customfieldname>
                        <customfieldvalues>
                            <customfieldvalue>0|i0h42v:</customfieldvalue>

                        </customfieldvalues>
                    </customfield>
                                                                <customfield id="customfield_12310920" key="com.pyxis.greenhopper.jira:gh-global-rank">
                        <customfieldname>Rank (Obsolete)</customfieldname>
                        <customfieldvalues>
                            <customfieldvalue>97923</customfieldvalue>
                        </customfieldvalues>
                    </customfield>
                                                                                                                                                                                                                                                                                                <customfield id="customfield_12310222" key="com.atlassian.jira.ext.charting:timeinstatus">
                        <customfieldname>Time in Status</customfieldname>
                        <customfieldvalues>
                            
                        </customfieldvalues>
                    </customfield>
                                                                                                                        </customfields>
    </item>
</channel>
</rss>