<!-- 
RSS generated by JIRA (6.3.4#6332-sha1:51bc225ef474afe3128b2f66878477f322397b16) at Fri Dec 16 18:40:19 UTC 2016

It is possible to restrict the fields that are returned in this document by specifying the 'field' parameter in your request.
For example, to request only the issue key and summary add field=key&field=summary to the URL of your request.
For example:
https://issues.apache.org/jira/si/jira.issueviews:issue-xml/HBASE-28/HBASE-28.xml?field=key&amp;field=summary
-->
<rss version="0.92" >
<channel>
    <title>ASF JIRA</title>
    <link>https://issues.apache.org/jira</link>
    <description>This file is an XML representation of an issue</description>
    <language>en-uk</language>    <build-info>
        <version>6.3.4</version>
        <build-number>6332</build-number>
        <build-date>15-08-2014</build-date>
    </build-info>

<item>
            <title>[HBASE-28] [hbase] thrift put/mutateRow methods need to throw IllegalArgument exceptions</title>
                <link>https://issues.apache.org/jira/browse/HBASE-28</link>
                <project id="12310753" key="HBASE">HBase</project>
                    <description>&lt;p&gt;Some inputs to these methods can trigger an underlying IllegalArgumentException which needs to bubble up to a thrift IllegalArgument exception&lt;/p&gt;</description>
                <environment></environment>
        <key id="12387089">HBASE-28</key>
            <summary>[hbase] thrift put/mutateRow methods need to throw IllegalArgument exceptions</summary>
                <type id="1" iconUrl="https://issues.apache.org/jira/images/icons/issuetypes/bug.png">Bug</type>
                                            <priority id="3" iconUrl="https://issues.apache.org/jira/images/icons/priorities/major.png">Major</priority>
                        <status id="6" iconUrl="https://issues.apache.org/jira/images/icons/statuses/closed.png" description="The issue is considered finished, the resolution is correct. Issues which are closed can be reopened.">Closed</status>
                    <statusCategory id="3" key="done" colorName="green"/>
                                    <resolution id="1">Fixed</resolution>
                                        <assignee username="stack">stack</assignee>
                                    <reporter username="nospmisdivad">David Simpson</reporter>
                        <labels>
                    </labels>
                <created>Thu, 24 Jan 2008 21:18:28 +0000</created>
                <updated>Fri, 22 Aug 2008 21:13:04 +0000</updated>
                            <resolved>Thu, 7 Feb 2008 21:07:48 +0000</resolved>
                                                    <fixVersion>0.2.0</fixVersion>
                                    <component>Thrift</component>
                        <due></due>
                            <votes>0</votes>
                                    <watches>0</watches>
                                                                <comments>
                            <comment id="12562221" author="nospmisdivad" created="Thu, 24 Jan 2008 21:22:35 +0000"  >&lt;p&gt;updated thrift API generation, generated class Hbase.java, and ThriftServer.java&lt;/p&gt;</comment>
                            <comment id="12562223" author="nospmisdivad" created="Thu, 24 Jan 2008 21:23:19 +0000"  >&lt;p&gt;patch&lt;/p&gt;</comment>
                            <comment id="12562385" author="hadoopqa" created="Fri, 25 Jan 2008 07:37:09 +0000"  >&lt;p&gt;+1 overall.  Here are the results of testing the latest attachment &lt;br/&gt;
&lt;a href=&quot;http://issues.apache.org/jira/secure/attachment/12373969/hbase-thrift.illegal_arg.diff&quot; class=&quot;external-link&quot; rel=&quot;nofollow&quot;&gt;http://issues.apache.org/jira/secure/attachment/12373969/hbase-thrift.illegal_arg.diff&lt;/a&gt;&lt;br/&gt;
against trunk revision 614721.&lt;/p&gt;

&lt;p&gt;    @author +1.  The patch does not contain any @author tags.&lt;/p&gt;

&lt;p&gt;    javadoc +1.  The javadoc tool did not generate any warning messages.&lt;/p&gt;

&lt;p&gt;    javac +1.  The applied patch does not generate any new compiler warnings.&lt;/p&gt;

&lt;p&gt;    findbugs +1.  The patch does not introduce any new Findbugs warnings.&lt;/p&gt;

&lt;p&gt;    core tests +1.  The patch passed core unit tests.&lt;/p&gt;

&lt;p&gt;    contrib tests +1.  The patch passed contrib unit tests.&lt;/p&gt;

&lt;p&gt;Test results: &lt;a href=&quot;http://hudson.zones.apache.org/hudson/job/Hadoop-Patch/1671/testReport/&quot; class=&quot;external-link&quot; rel=&quot;nofollow&quot;&gt;http://hudson.zones.apache.org/hudson/job/Hadoop-Patch/1671/testReport/&lt;/a&gt;&lt;br/&gt;
Findbugs warnings: &lt;a href=&quot;http://hudson.zones.apache.org/hudson/job/Hadoop-Patch/1671/artifact/trunk/build/test/findbugs/newPatchFindbugsWarnings.html&quot; class=&quot;external-link&quot; rel=&quot;nofollow&quot;&gt;http://hudson.zones.apache.org/hudson/job/Hadoop-Patch/1671/artifact/trunk/build/test/findbugs/newPatchFindbugsWarnings.html&lt;/a&gt;&lt;br/&gt;
Checkstyle results: &lt;a href=&quot;http://hudson.zones.apache.org/hudson/job/Hadoop-Patch/1671/artifact/trunk/build/test/checkstyle-errors.html&quot; class=&quot;external-link&quot; rel=&quot;nofollow&quot;&gt;http://hudson.zones.apache.org/hudson/job/Hadoop-Patch/1671/artifact/trunk/build/test/checkstyle-errors.html&lt;/a&gt;&lt;br/&gt;
Console output: &lt;a href=&quot;http://hudson.zones.apache.org/hudson/job/Hadoop-Patch/1671/console&quot; class=&quot;external-link&quot; rel=&quot;nofollow&quot;&gt;http://hudson.zones.apache.org/hudson/job/Hadoop-Patch/1671/console&lt;/a&gt;&lt;/p&gt;

&lt;p&gt;This message is automatically generated.&lt;/p&gt;</comment>
                            <comment id="12565443" author="bryanduxbury" created="Mon, 4 Feb 2008 18:04:38 +0000"  >&lt;p&gt;This patch seems good - can we get it committed?&lt;/p&gt;</comment>
                            <comment id="12565475" author="bryanduxbury" created="Mon, 4 Feb 2008 19:06:58 +0000"  >&lt;p&gt;Updated patch for new svn.&lt;/p&gt;</comment>
                            <comment id="12566294" author="bryanduxbury" created="Wed, 6 Feb 2008 19:30:14 +0000"  >&lt;p&gt;My bad... patch was mis-edited.&lt;/p&gt;</comment>
                            <comment id="12566798" author="stack" created="Thu, 7 Feb 2008 21:07:48 +0000"  >&lt;p&gt;Committed.  Thanks Dave (and thanks Bryan for fixing up the patch to go against new context).&lt;/p&gt;</comment>
                    </comments>
                    <attachments>
                            <attachment id="12374900" name="28-v2.patch" size="14005" author="bryanduxbury" created="Wed, 6 Feb 2008 19:30:14 +0000"/>
                            <attachment id="12374696" name="28.patch" size="14014" author="bryanduxbury" created="Mon, 4 Feb 2008 19:06:57 +0000"/>
                            <attachment id="12373969" name="hbase-thrift.illegal_arg.diff" size="14167" author="nospmisdivad" created="Thu, 24 Jan 2008 21:23:19 +0000"/>
                    </attachments>
                <subtasks>
                    </subtasks>
                <customfields>
                                                <customfield id="customfield_12310310" key="com.atlassian.jira.toolkit:attachments">
                        <customfieldname>Attachment count</customfieldname>
                        <customfieldvalues>
                            <customfieldvalue>3.0</customfieldvalue>
                        </customfieldvalues>
                    </customfield>
                                                                                                                                                                                                                                                                                                                                                                                                                                                                                                                                <customfield id="customfield_12310220" key="com.atlassian.jira.ext.charting:firstresponsedate">
                        <customfieldname>Date of First Response</customfieldname>
                        <customfieldvalues>
                            <customfieldvalue>Fri, 25 Jan 2008 07:37:09 +0000</customfieldvalue>

                        </customfieldvalues>
                    </customfield>
                                                                                                                                                                                                                                                                                                                                                                                                                                            <customfield id="customfield_12310420" key="com.pyxis.greenhopper.jira:gh-global-rank">
                        <customfieldname>Global Rank</customfieldname>
                        <customfieldvalues>
                            <customfieldvalue>24866</customfieldvalue>
                        </customfieldvalues>
                    </customfield>
                                                                                                                                                    <customfield id="customfield_12312521" key="com.atlassian.jira.toolkit:LastCommentDate">
                        <customfieldname>Last public comment date</customfieldname>
                        <customfieldvalues>
                            8 years, 46 weeks ago
                        </customfieldvalues>
                    </customfield>
                                                                                            <customfield id="customfield_12311820" key="com.pyxis.greenhopper.jira:gh-lexo-rank">
                        <customfieldname>Rank</customfieldname>
                        <customfieldvalues>
                            <customfieldvalue>0|i0h3lr:</customfieldvalue>

                        </customfieldvalues>
                    </customfield>
                                                                <customfield id="customfield_12310920" key="com.pyxis.greenhopper.jira:gh-global-rank">
                        <customfieldname>Rank (Obsolete)</customfieldname>
                        <customfieldvalues>
                            <customfieldvalue>97846</customfieldvalue>
                        </customfieldvalues>
                    </customfield>
                                                                                                                                                                                                                                                                                                <customfield id="customfield_12310222" key="com.atlassian.jira.ext.charting:timeinstatus">
                        <customfieldname>Time in Status</customfieldname>
                        <customfieldvalues>
                            
                        </customfieldvalues>
                    </customfield>
                                                                                                                        </customfields>
    </item>
</channel>
</rss>