<!-- 
RSS generated by JIRA (6.3.4#6332-sha1:51bc225ef474afe3128b2f66878477f322397b16) at Fri Dec 16 18:45:14 UTC 2016

It is possible to restrict the fields that are returned in this document by specifying the 'field' parameter in your request.
For example, to request only the issue key and summary add field=key&field=summary to the URL of your request.
For example:
https://issues.apache.org/jira/si/jira.issueviews:issue-xml/HBASE-538/HBASE-538.xml?field=key&amp;field=summary
-->
<rss version="0.92" >
<channel>
    <title>ASF JIRA</title>
    <link>https://issues.apache.org/jira</link>
    <description>This file is an XML representation of an issue</description>
    <language>en-uk</language>    <build-info>
        <version>6.3.4</version>
        <build-number>6332</build-number>
        <build-date>15-08-2014</build-date>
    </build-info>

<item>
            <title>[HBASE-538] Improve exceptions that come out on client-side</title>
                <link>https://issues.apache.org/jira/browse/HBASE-538</link>
                <project id="12310753" key="HBASE">HBase</project>
                    <description>&lt;p&gt;Client-side exceptions should contain regionserver and region client was going against.  Looking at an UnknownScannerException that came out of a client, it looks like something happened over on the regionserver but my cluster has a 20-plus machines and I don&apos;t know which I should be looking at.&lt;/p&gt;</description>
                <environment></environment>
        <key id="12392061">HBASE-538</key>
            <summary>Improve exceptions that come out on client-side</summary>
                <type id="4" iconUrl="https://issues.apache.org/jira/images/icons/issuetypes/improvement.png">Improvement</type>
                                            <priority id="3" iconUrl="https://issues.apache.org/jira/images/icons/priorities/major.png">Major</priority>
                        <status id="6" iconUrl="https://issues.apache.org/jira/images/icons/statuses/closed.png" description="The issue is considered finished, the resolution is correct. Issues which are closed can be reopened.">Closed</status>
                    <statusCategory id="3" key="done" colorName="green"/>
                                    <resolution id="1">Fixed</resolution>
                                        <assignee username="jimk">Jim Kellerman</assignee>
                                    <reporter username="stack">stack</reporter>
                        <labels>
                    </labels>
                <created>Fri, 21 Mar 2008 16:53:47 +0000</created>
                <updated>Fri, 22 Aug 2008 21:13:12 +0000</updated>
                            <resolved>Wed, 14 May 2008 18:07:32 +0000</resolved>
                                    <version>0.2.0</version>
                                    <fixVersion>0.2.0</fixVersion>
                                        <due></due>
                            <votes>0</votes>
                                    <watches>0</watches>
                                                                <comments>
                            <comment id="12591827" author="stack" created="Wed, 23 Apr 2008 22:22:51 +0000"  >&lt;p&gt;Make this 0.2.0.  Needed debugging.&lt;/p&gt;</comment>
                            <comment id="12596540" author="jimk" created="Tue, 13 May 2008 21:40:48 +0000"  >&lt;p&gt;M HConnection&lt;/p&gt;

&lt;p&gt;Added getRegionLocation, getRegionServerWithRetries&lt;/p&gt;

&lt;p&gt;M HConnectionManager&lt;/p&gt;

&lt;ul class=&quot;alternate&quot; type=&quot;square&quot;&gt;
	&lt;li&gt;Use ScannerCallable in listTables&lt;/li&gt;
	&lt;li&gt;Add getRegionServerWithRetries&lt;/li&gt;
&lt;/ul&gt;


&lt;p&gt;M HTable&lt;/p&gt;

&lt;ul class=&quot;alternate&quot; type=&quot;square&quot;&gt;
	&lt;li&gt;remove unused AtomicReference&amp;lt;BatchUpdate&amp;gt; batch, checkUpdateInProgress, updateInProgress&lt;/li&gt;
	&lt;li&gt;HTable.ClientScanner uses new class ScannerCallable&lt;/li&gt;
&lt;/ul&gt;


&lt;p&gt;M RetriesExhaustedException&lt;/p&gt;

&lt;ul class=&quot;alternate&quot; type=&quot;square&quot;&gt;
	&lt;li&gt;takes List&amp;lt;Throwable&amp;gt; rather than List&amp;lt;Exception&amp;gt;&lt;/li&gt;
&lt;/ul&gt;


&lt;p&gt;A ServerCallable&lt;/p&gt;

&lt;ul class=&quot;alternate&quot; type=&quot;square&quot;&gt;
	&lt;li&gt;make this a separate class rather than an inner class of HTable&lt;/li&gt;
&lt;/ul&gt;


&lt;p&gt;A ScannerCallable&lt;/p&gt;

&lt;ul class=&quot;alternate&quot; type=&quot;square&quot;&gt;
	&lt;li&gt;Concrete subclass of ServerCallable used with scanners&lt;/li&gt;
&lt;/ul&gt;
</comment>
                            <comment id="12596541" author="jimk" created="Tue, 13 May 2008 21:42:09 +0000"  >&lt;p&gt;Patch for trunk is available. Please review.&lt;/p&gt;</comment>
                            <comment id="12596547" author="stack" created="Tue, 13 May 2008 22:24:19 +0000"  >&lt;p&gt;+1&lt;/p&gt;

&lt;p&gt;If the fact that we use the same Callable for scanner open and scanner close becomes confusing.  Later might make sense making ScannerCallable abstract making a CloseScannerCallable and OpenScannerCallable as appropriate.&lt;/p&gt;</comment>
                            <comment id="12596856" author="jimk" created="Wed, 14 May 2008 18:07:32 +0000"  >&lt;p&gt;Committed (per Stack).&lt;/p&gt;</comment>
                    </comments>
                    <attachments>
                            <attachment id="12381987" name="538.patch" size="35838" author="jimk" created="Tue, 13 May 2008 21:40:48 +0000"/>
                    </attachments>
                <subtasks>
                    </subtasks>
                <customfields>
                                                <customfield id="customfield_12310310" key="com.atlassian.jira.toolkit:attachments">
                        <customfieldname>Attachment count</customfieldname>
                        <customfieldvalues>
                            <customfieldvalue>1.0</customfieldvalue>
                        </customfieldvalues>
                    </customfield>
                                                                                                                                                                                                                                                                                                                                                                                                                                                                                                                                <customfield id="customfield_12310220" key="com.atlassian.jira.ext.charting:firstresponsedate">
                        <customfieldname>Date of First Response</customfieldname>
                        <customfieldvalues>
                            <customfieldvalue>Tue, 13 May 2008 21:40:48 +0000</customfieldvalue>

                        </customfieldvalues>
                    </customfield>
                                                                                                                                                                                                                                                                                                                                                                                                                                            <customfield id="customfield_12310420" key="com.pyxis.greenhopper.jira:gh-global-rank">
                        <customfieldname>Global Rank</customfieldname>
                        <customfieldvalues>
                            <customfieldvalue>31749</customfieldvalue>
                        </customfieldvalues>
                    </customfield>
                                                                                                                                                    <customfield id="customfield_12312521" key="com.atlassian.jira.toolkit:LastCommentDate">
                        <customfieldname>Last public comment date</customfieldname>
                        <customfieldvalues>
                            8 years, 32 weeks, 2 days ago
                        </customfieldvalues>
                    </customfield>
                                                                                            <customfield id="customfield_12311820" key="com.pyxis.greenhopper.jira:gh-lexo-rank">
                        <customfieldname>Rank</customfieldname>
                        <customfieldvalues>
                            <customfieldvalue>0|i0h7wv:</customfieldvalue>

                        </customfieldvalues>
                    </customfield>
                                                                <customfield id="customfield_12310920" key="com.pyxis.greenhopper.jira:gh-global-rank">
                        <customfieldname>Rank (Obsolete)</customfieldname>
                        <customfieldvalues>
                            <customfieldvalue>98544</customfieldvalue>
                        </customfieldvalues>
                    </customfield>
                                                                                                                                                                                                                                                                                                <customfield id="customfield_12310222" key="com.atlassian.jira.ext.charting:timeinstatus">
                        <customfieldname>Time in Status</customfieldname>
                        <customfieldvalues>
                            
                        </customfieldvalues>
                    </customfield>
                                                                                                                        </customfields>
    </item>
</channel>
</rss>