<!-- 
RSS generated by JIRA (6.3.4#6332-sha1:51bc225ef474afe3128b2f66878477f322397b16) at Fri Dec 16 18:44:49 UTC 2016

It is possible to restrict the fields that are returned in this document by specifying the 'field' parameter in your request.
For example, to request only the issue key and summary add field=key&field=summary to the URL of your request.
For example:
https://issues.apache.org/jira/si/jira.issueviews:issue-xml/HBASE-498/HBASE-498.xml?field=key&amp;field=summary
-->
<rss version="0.92" >
<channel>
    <title>ASF JIRA</title>
    <link>https://issues.apache.org/jira</link>
    <description>This file is an XML representation of an issue</description>
    <language>en-uk</language>    <build-info>
        <version>6.3.4</version>
        <build-number>6332</build-number>
        <build-date>15-08-2014</build-date>
    </build-info>

<item>
            <title>[HBASE-498] [testing] Use an external DFS instead of spinning up a MiniDFS for every test</title>
                <link>https://issues.apache.org/jira/browse/HBASE-498</link>
                <project id="12310753" key="HBASE">HBase</project>
                    <description>&lt;p&gt;My testing suggests that we could shave about a minute off the entire suite if we only had to start up a single DFS instance instead of a new one for each test. Stack has investigated using ant to perform this initialization task, but come up empty handed.&lt;/p&gt;

&lt;p&gt;I propose that we should expect the developer running the test suite to start a DFS before running &quot;ant test&quot;. We could provide a bin/hbase command that does specifically that in order to make it easy. This would save not only the initial start up time but all the startup time of all tests and test suite runs you execute in a session of development and testing. &lt;/p&gt;

&lt;p&gt;Do people think that an extra step to testing would be too hard for new (or lazy existing) developers?&lt;/p&gt;</description>
                <environment></environment>
        <key id="12390402">HBASE-498</key>
            <summary>[testing] Use an external DFS instead of spinning up a MiniDFS for every test</summary>
                <type id="7" iconUrl="https://issues.apache.org/jira/images/icons/issuetypes/subtask_alternate.png">Sub-task</type>
                            <parent id="12387899">HBASE-410</parent>
                                    <priority id="4" iconUrl="https://issues.apache.org/jira/images/icons/priorities/minor.png">Minor</priority>
                        <status id="6" iconUrl="https://issues.apache.org/jira/images/icons/statuses/closed.png" description="The issue is considered finished, the resolution is correct. Issues which are closed can be reopened.">Closed</status>
                    <statusCategory id="3" key="done" colorName="green"/>
                                    <resolution id="3">Duplicate</resolution>
                                        <assignee username="-1">Unassigned</assignee>
                                    <reporter username="bryanduxbury">Bryan Duxbury</reporter>
                        <labels>
                    </labels>
                <created>Fri, 7 Mar 2008 01:23:40 +0000</created>
                <updated>Fri, 20 Nov 2015 13:01:47 +0000</updated>
                            <resolved>Fri, 16 Oct 2009 03:05:18 +0000</resolved>
                                    <version>0.2.0</version>
                                    <fixVersion>0.90.0</fixVersion>
                                    <component>test</component>
                        <due></due>
                            <votes>0</votes>
                                    <watches>1</watches>
                                                                <comments>
                            <comment id="12576287" author="stack" created="Fri, 7 Mar 2008 17:32:06 +0000"  >&lt;p&gt;I like the idea of using the configured filesystem and defaulting local filesystem (if tests on windows pass on local filesystem).&lt;/p&gt;

&lt;p&gt;Jim, did you ever get chance at figuring why recursive delete is not working when on local filesystem on windows though seems to work when you do ./bin/hadoop -rmr /SOME_DIR_WITH_SUBDIRS on your windows machine?&lt;/p&gt;</comment>
                            <comment id="12576352" author="jimk" created="Fri, 7 Mar 2008 19:57:46 +0000"  >&lt;p&gt;FsShell has a special version of delete that works recursively. FileSystem.delete is not recursive. It works on unix because you can remove a directory if it is not empty. No so on Windows.&lt;/p&gt;

&lt;p&gt;However, when we delete directories, we might want to use FileUtil.fullyDelete instead of FileSystem.delete and that should solve the problem.&lt;/p&gt;</comment>
                            <comment id="12576356" author="stack" created="Fri, 7 Mar 2008 20:05:48 +0000"  >&lt;p&gt;Great.  We can call this at end of test?  Shall we start in on a refactor of tests that cuts out spin up of minidfs and that instead just reads the filesystem to use from $HBASE_HOME/src/test/hbase-site.xml?  (On hudson can fill this file w/ the hdfs to use)&lt;/p&gt;</comment>
                            <comment id="12579566" author="bryanduxbury" created="Mon, 17 Mar 2008 19:37:17 +0000"  >&lt;p&gt;Sub-issue was more important that parent issue. Correcting.&lt;/p&gt;</comment>
                            <comment id="12766386" author="stack" created="Fri, 16 Oct 2009 03:05:18 +0000"  >&lt;p&gt;Running a dfscluster for length of test is what hbase-410 is about.  Marking this closed as duplicate.&lt;/p&gt;</comment>
                            <comment id="15017892" author="lars_francke" created="Fri, 20 Nov 2015 13:01:47 +0000"  >&lt;p&gt;This issue was closed as part of a bulk closing operation on 2015-11-20. All issues that have been resolved and where all fixVersions have been released have been closed (following discussions on the mailing list).&lt;/p&gt;</comment>
                    </comments>
                    <attachments>
                    </attachments>
                <subtasks>
                    </subtasks>
                <customfields>
                                                <customfield id="customfield_12310310" key="com.atlassian.jira.toolkit:attachments">
                        <customfieldname>Attachment count</customfieldname>
                        <customfieldvalues>
                            <customfieldvalue>0.0</customfieldvalue>
                        </customfieldvalues>
                    </customfield>
                                                                                                                                                                                                                                                                                                                                                                                                                                                                                                                                <customfield id="customfield_12310220" key="com.atlassian.jira.ext.charting:firstresponsedate">
                        <customfieldname>Date of First Response</customfieldname>
                        <customfieldvalues>
                            <customfieldvalue>Fri, 7 Mar 2008 17:32:06 +0000</customfieldvalue>

                        </customfieldvalues>
                    </customfield>
                                                                                                                                                                                                                                                                                                                                                                                                                                            <customfield id="customfield_12310420" key="com.pyxis.greenhopper.jira:gh-global-rank">
                        <customfieldname>Global Rank</customfieldname>
                        <customfieldvalues>
                            <customfieldvalue>31730</customfieldvalue>
                        </customfieldvalues>
                    </customfield>
                                                                                                                                                    <customfield id="customfield_12312521" key="com.atlassian.jira.toolkit:LastCommentDate">
                        <customfieldname>Last public comment date</customfieldname>
                        <customfieldvalues>
                            1 year, 4 weeks ago
                        </customfieldvalues>
                    </customfield>
                                                                                            <customfield id="customfield_12311820" key="com.pyxis.greenhopper.jira:gh-lexo-rank">
                        <customfieldname>Rank</customfieldname>
                        <customfieldvalues>
                            <customfieldvalue>0|i0h7nz:</customfieldvalue>

                        </customfieldvalues>
                    </customfield>
                                                                <customfield id="customfield_12310920" key="com.pyxis.greenhopper.jira:gh-global-rank">
                        <customfieldname>Rank (Obsolete)</customfieldname>
                        <customfieldvalues>
                            <customfieldvalue>98504</customfieldvalue>
                        </customfieldvalues>
                    </customfield>
                                                                                                                                                                                                                                                                                                <customfield id="customfield_12310222" key="com.atlassian.jira.ext.charting:timeinstatus">
                        <customfieldname>Time in Status</customfieldname>
                        <customfieldvalues>
                            
                        </customfieldvalues>
                    </customfield>
                                                                                                                        </customfields>
    </item>
</channel>
</rss>