<!-- 
RSS generated by JIRA (6.3.4#6332-sha1:51bc225ef474afe3128b2f66878477f322397b16) at Fri Dec 16 18:46:49 UTC 2016

It is possible to restrict the fields that are returned in this document by specifying the 'field' parameter in your request.
For example, to request only the issue key and summary add field=key&field=summary to the URL of your request.
For example:
https://issues.apache.org/jira/si/jira.issueviews:issue-xml/HBASE-713/HBASE-713.xml?field=key&amp;field=summary
-->
<rss version="0.92" >
<channel>
    <title>ASF JIRA</title>
    <link>https://issues.apache.org/jira</link>
    <description>This file is an XML representation of an issue</description>
    <language>en-uk</language>    <build-info>
        <version>6.3.4</version>
        <build-number>6332</build-number>
        <build-date>15-08-2014</build-date>
    </build-info>

<item>
            <title>[HBASE-713] Offlining/onlining table not reliable on branch</title>
                <link>https://issues.apache.org/jira/browse/HBASE-713</link>
                <project id="12310753" key="HBASE">HBase</project>
                    <description>&lt;p&gt;Internally, i&apos;m trying to offline a 512 region table.  All but 30 offline.  If I try to online it, all but 2 go online.  Second time I try it, all but 41 offline.  Enabling, all but 2 online.&lt;/p&gt;</description>
                <environment></environment>
        <key id="12399058">HBASE-713</key>
            <summary>Offlining/onlining table not reliable on branch</summary>
                <type id="1" iconUrl="https://issues.apache.org/jira/images/icons/issuetypes/bug.png">Bug</type>
                                            <priority id="3" iconUrl="https://issues.apache.org/jira/images/icons/priorities/major.png">Major</priority>
                        <status id="6" iconUrl="https://issues.apache.org/jira/images/icons/statuses/closed.png" description="The issue is considered finished, the resolution is correct. Issues which are closed can be reopened.">Closed</status>
                    <statusCategory id="3" key="done" colorName="green"/>
                                    <resolution id="2">Won&apos;t Fix</resolution>
                                        <assignee username="-1">Unassigned</assignee>
                                    <reporter username="stack">stack</reporter>
                        <labels>
                    </labels>
                <created>Thu, 26 Jun 2008 04:43:51 +0000</created>
                <updated>Fri, 22 Aug 2008 21:35:05 +0000</updated>
                            <resolved>Tue, 19 Aug 2008 01:19:25 +0000</resolved>
                                                                        <due></due>
                            <votes>0</votes>
                                    <watches>0</watches>
                                                                <comments>
                            <comment id="12608464" author="jimk" created="Thu, 26 Jun 2008 15:09:07 +0000"  >&lt;p&gt;Is this a blocker for 0.1.3? I can backport &lt;a href=&quot;https://issues.apache.org/jira/browse/HBASE-627&quot; title=&quot;Disable table doesn&amp;#39;t work reliably&quot; class=&quot;issue-link&quot; data-issue-key=&quot;HBASE-627&quot;&gt;&lt;del&gt;HBASE-627&lt;/del&gt;&lt;/a&gt; if so.&lt;/p&gt;</comment>
                            <comment id="12608473" author="stack" created="Thu, 26 Jun 2008 15:44:47 +0000"  >&lt;p&gt;If 627 fixes this issue, yeah, backport.&lt;/p&gt;

&lt;p&gt;I had to make up a little script that manually disabled 50 regions using MetaUtils.changeOnlineStatus just so I could add a column to a table.&lt;/p&gt;</comment>
                            <comment id="12608618" author="jimk" created="Thu, 26 Jun 2008 22:47:52 +0000"  >&lt;p&gt;Not back-porting to 0.1.3 per Stack.&lt;/p&gt;</comment>
                            <comment id="12608627" author="stack" created="Fri, 27 Jun 2008 00:07:29 +0000"  >&lt;p&gt;I moved this to 0.1.4 Jim, (if there ever is one).&lt;/p&gt;</comment>
                            <comment id="12623526" author="jimk" created="Tue, 19 Aug 2008 01:19:25 +0000"  >&lt;p&gt;Closing this issue as WONTFIX since there will be no more 0.1 releases, now that 0.2 is available.&lt;/p&gt;</comment>
                    </comments>
                <issuelinks>
                            <issuelinktype id="10030">
                    <name>Reference</name>
                                                                <inwardlinks description="is related to">
                                        <issuelink>
            <issuekey id="12396088">HBASE-627</issuekey>
        </issuelink>
                            </inwardlinks>
                                    </issuelinktype>
                    </issuelinks>
                <attachments>
                    </attachments>
                <subtasks>
                    </subtasks>
                <customfields>
                                                <customfield id="customfield_12310310" key="com.atlassian.jira.toolkit:attachments">
                        <customfieldname>Attachment count</customfieldname>
                        <customfieldvalues>
                            <customfieldvalue>0.0</customfieldvalue>
                        </customfieldvalues>
                    </customfield>
                                                                                                                                                                                                                                                                                                                                                                                                                                                                                                                                <customfield id="customfield_12310220" key="com.atlassian.jira.ext.charting:firstresponsedate">
                        <customfieldname>Date of First Response</customfieldname>
                        <customfieldvalues>
                            <customfieldvalue>Thu, 26 Jun 2008 15:09:07 +0000</customfieldvalue>

                        </customfieldvalues>
                    </customfield>
                                                                                                                                                                                                                                                                                                                                                                                                                                            <customfield id="customfield_12310420" key="com.pyxis.greenhopper.jira:gh-global-rank">
                        <customfieldname>Global Rank</customfieldname>
                        <customfieldvalues>
                            <customfieldvalue>25355</customfieldvalue>
                        </customfieldvalues>
                    </customfield>
                                                                                                                                                    <customfield id="customfield_12312521" key="com.atlassian.jira.toolkit:LastCommentDate">
                        <customfieldname>Last public comment date</customfieldname>
                        <customfieldvalues>
                            8 years, 18 weeks, 3 days ago
                        </customfieldvalues>
                    </customfield>
                                                                                            <customfield id="customfield_12311820" key="com.pyxis.greenhopper.jira:gh-lexo-rank">
                        <customfieldname>Rank</customfieldname>
                        <customfieldvalues>
                            <customfieldvalue>0|i0h8zr:</customfieldvalue>

                        </customfieldvalues>
                    </customfield>
                                                                <customfield id="customfield_12310920" key="com.pyxis.greenhopper.jira:gh-global-rank">
                        <customfieldname>Rank (Obsolete)</customfieldname>
                        <customfieldvalues>
                            <customfieldvalue>98719</customfieldvalue>
                        </customfieldvalues>
                    </customfield>
                                                                                                                                                                                                                                                                                                <customfield id="customfield_12310222" key="com.atlassian.jira.ext.charting:timeinstatus">
                        <customfieldname>Time in Status</customfieldname>
                        <customfieldvalues>
                            
                        </customfieldvalues>
                    </customfield>
                                                                                                                        </customfields>
    </item>
</channel>
</rss>