<!-- 
RSS generated by JIRA (6.3.4#6332-sha1:51bc225ef474afe3128b2f66878477f322397b16) at Fri Dec 16 18:44:33 UTC 2016

It is possible to restrict the fields that are returned in this document by specifying the 'field' parameter in your request.
For example, to request only the issue key and summary add field=key&field=summary to the URL of your request.
For example:
https://issues.apache.org/jira/si/jira.issueviews:issue-xml/HBASE-471/HBASE-471.xml?field=key&amp;field=summary
-->
<rss version="0.92" >
<channel>
    <title>ASF JIRA</title>
    <link>https://issues.apache.org/jira</link>
    <description>This file is an XML representation of an issue</description>
    <language>en-uk</language>    <build-info>
        <version>6.3.4</version>
        <build-number>6332</build-number>
        <build-date>15-08-2014</build-date>
    </build-info>

<item>
            <title>[HBASE-471] IllegalStateException thrown in client after region was split and deleted</title>
                <link>https://issues.apache.org/jira/browse/HBASE-471</link>
                <project id="12310753" key="HBASE">HBase</project>
                    <description>&lt;p&gt;For some reason a client sometimes fails to locate a row with a IllegalStateException when the region was split and deleted. &lt;/p&gt;

&lt;p&gt;&amp;gt; &lt;span class=&quot;error&quot;&gt;&amp;#91;2008-02-25 16:12:39,171&amp;#93;&lt;/span&gt; ERROR &lt;span class=&quot;error&quot;&gt;&amp;#91;http-80-Processor20&amp;#93;&lt;/span&gt; archive.MultilingualArchive - getDocument: An error occurred.&lt;br/&gt;
&amp;gt; java.lang.IllegalStateException: region offline: pdc-docs,US7039976_20060509,1203981958556&lt;br/&gt;
&amp;gt;         at org.apache.hadoop.hbase.HConnectionManager$TableServers.locateRegionInMeta(HConnectionManager.java:432)&lt;br/&gt;
&amp;gt;         at org.apache.hadoop.hbase.HConnectionManager$TableServers.locateRegion(HConnectionManager.java:343)&lt;br/&gt;
&amp;gt;         at org.apache.hadoop.hbase.HConnectionManager$TableServers.locateRegion(HConnectionManager.java:306)&lt;br/&gt;
&amp;gt;         at org.apache.hadoop.hbase.HTable.getRegionLocation(HTable.java:102)&lt;br/&gt;
&amp;gt;         at org.apache.hadoop.hbase.HTable.get(HTable.java:280)&lt;/p&gt;

&lt;p&gt;Tracing the region on the master shows this:&lt;/p&gt;

&lt;p&gt;&amp;gt; 2008-02-25 16:09:38,761 DEBUG org.apache.hadoop.hbase.HMaster: Received MSG_REGION_SPLIT :&lt;br/&gt;
+pdc-docs,US7039976_20060509,1203981958556 from 192.168.105.21:60020&lt;br/&gt;
&amp;gt; 2008-02-25 16:09:38,761 INFO org.apache.hadoop.hbase.HMaster: region pdc-docs,US7039976_20060509,1203981958556 split. New regions&lt;br/&gt;
+are: pdc-docs,US7039976_20060509,1203984578345, pdc-docs,US7046359_20060516,1203984578345&lt;br/&gt;
&amp;gt; 2008-02-25 16:10:02,470 DEBUG org.apache.hadoop.hbase.HMaster: HMaster.metaScanner regioninfo: {regionname:&lt;br/&gt;
+pdc-docs,US7039976_20060509,1203981958556, startKey: &amp;lt;US7039976_20060509&amp;gt;, endKey: &amp;lt;US7053021_20060530&amp;gt;, encodedName: 1260314009,&lt;br/&gt;
+offline: true, split: true, tableDesc: {name: pdc-docs, families: {contents:=&lt;/p&gt;
{name: contents, max versions: 3, compression: NONE, in
+memory: false, max length: 2147483647, bloom filter: none}
&lt;p&gt;, language:=&lt;/p&gt;
{name: language, max versions: 3, compression: NONE, in
+memory: false, max length: 2147483647, bloom filter: none}
&lt;p&gt;, mimetype:={name: mimetype, max versions: 3, compression: NONE, in&lt;br/&gt;
+memory: false, max length: 2147483647, bloom filter: none}}}}, server: 192.168.105.21:60020, startCode: 1203949130468&lt;br/&gt;
&amp;gt; 2008-02-25 16:10:02,513 DEBUG org.apache.hadoop.hbase.HMaster: pdc-docs,US7039976_20060509,1203984578345 no longer has references&lt;br/&gt;
+to pdc-docs,US7039976_20060509,1203981958556&lt;br/&gt;
&amp;gt; 2008-02-25 16:10:02,516 DEBUG org.apache.hadoop.hbase.HMaster: pdc-docs,US7046359_20060516,1203984578345 no longer has references&lt;br/&gt;
+to pdc-docs,US7039976_20060509,1203981958556&lt;br/&gt;
&amp;gt; 2008-02-25 16:10:02,516 INFO org.apache.hadoop.hbase.HMaster: Deleting region pdc-docs,US7039976_20060509,1203981958556 because&lt;br/&gt;
+daughter splits no longer hold references&lt;/p&gt;

&lt;p&gt;After discussion with st^ack it seems that the server is simply not retrying IllegalStateException but IOExceptions only. Also see &lt;a href=&quot;https://issues.apache.org/jira/browse/HBASE-452&quot; title=&quot;&amp;quot;region offline&amp;quot; should throw IOException, not IllegalStateException&quot; class=&quot;issue-link&quot; data-issue-key=&quot;HBASE-452&quot;&gt;&lt;del&gt;HBASE-452&lt;/del&gt;&lt;/a&gt; which should be addressed at the same time.&lt;/p&gt;</description>
                <environment>&lt;p&gt;Linux Debian, HBase 0.16.0&lt;/p&gt;</environment>
        <key id="12389547">HBASE-471</key>
            <summary>IllegalStateException thrown in client after region was split and deleted</summary>
                <type id="1" iconUrl="https://issues.apache.org/jira/images/icons/issuetypes/bug.png">Bug</type>
                                            <priority id="3" iconUrl="https://issues.apache.org/jira/images/icons/priorities/major.png">Major</priority>
                        <status id="6" iconUrl="https://issues.apache.org/jira/images/icons/statuses/closed.png" description="The issue is considered finished, the resolution is correct. Issues which are closed can be reopened.">Closed</status>
                    <statusCategory id="3" key="done" colorName="green"/>
                                    <resolution id="4">Incomplete</resolution>
                                        <assignee username="-1">Unassigned</assignee>
                                    <reporter username="larsgeorge">Lars George</reporter>
                        <labels>
                    </labels>
                <created>Tue, 26 Feb 2008 00:34:04 +0000</created>
                <updated>Fri, 22 Aug 2008 21:35:04 +0000</updated>
                            <resolved>Wed, 23 Apr 2008 22:37:05 +0000</resolved>
                                    <version>0.1.0</version>
                                                        <due></due>
                            <votes>0</votes>
                                    <watches>0</watches>
                                                                <comments>
                            <comment id="12572320" author="larsgeorge" created="Tue, 26 Feb 2008 00:39:05 +0000"  >&lt;p&gt;This seems to happen for store operations as well as the above retrieve call:&lt;/p&gt;

&lt;p&gt;&lt;span class=&quot;error&quot;&gt;&amp;#91;2008-02-25 16:32:33,272&amp;#93;&lt;/span&gt; ERROR &lt;span class=&quot;error&quot;&gt;&amp;#91;TP-Processor8&amp;#93;&lt;/span&gt; archive.MultilingualArchive - An error occurred.&lt;br/&gt;
java.lang.IllegalStateException: region offline: pdc-docs,US5840332_19981124,1203983417572&lt;br/&gt;
        at org.apache.hadoop.hbase.HConnectionManager$TableServers.locateRegionInMeta(HConnectionManager.java:432)&lt;br/&gt;
        at org.apache.hadoop.hbase.HConnectionManager$TableServers.locateRegion(HConnectionManager.java:343)&lt;br/&gt;
        at org.apache.hadoop.hbase.HConnectionManager$TableServers.relocateRegion(HConnectionManager.java:311)&lt;br/&gt;
        at org.apache.hadoop.hbase.HTable.getRegionLocation(HTable.java:113)&lt;br/&gt;
        at org.apache.hadoop.hbase.HTable.commit(HTable.java:977)&lt;br/&gt;
        at org.apache.hadoop.hbase.HTable.commit(HTable.java:941)&lt;/p&gt;</comment>
                            <comment id="12572321" author="larsgeorge" created="Tue, 26 Feb 2008 00:40:55 +0000"  >&lt;p&gt;Sometimes I get this error instead:&lt;/p&gt;

&lt;p&gt;&lt;span class=&quot;error&quot;&gt;&amp;#91;2008-02-25 16:37:06,162&amp;#93;&lt;/span&gt; ERROR &lt;span class=&quot;error&quot;&gt;&amp;#91;TP-Processor1&amp;#93;&lt;/span&gt; archive.MultilingualArchive - An error occurred.&lt;br/&gt;
org.apache.hadoop.hbase.WrongRegionException: org.apache.hadoop.hbase.WrongRegionException: Requested row out of range for HRegion pdc-&lt;br/&gt;
docs,US20070223445_20070927,1203985191984, startKey=&apos;US20070223445_20070927&apos;, getEndKey()=&apos;US20070226683_20070927&apos;, row=&apos;US20070271984_&lt;br/&gt;
20071129&apos;&lt;br/&gt;
        at org.apache.hadoop.hbase.HRegion.checkRow(HRegion.java:1486)&lt;br/&gt;
        at org.apache.hadoop.hbase.HRegion.obtainRowLock(HRegion.java:1531)&lt;br/&gt;
        at org.apache.hadoop.hbase.HRegion.batchUpdate(HRegion.java:1226)&lt;br/&gt;
        at org.apache.hadoop.hbase.HRegionServer.batchUpdate(HRegionServer.java:1433)&lt;/p&gt;

&lt;p&gt;I assume they are related, just a different effect of the same problem, i.e. the client out of sync with the master?&lt;/p&gt;


&lt;p&gt;Here a full example with regions trace on the master:&lt;/p&gt;

&lt;p&gt;        &lt;span class=&quot;error&quot;&gt;&amp;#91;2008-02-25 16:55:02,375&amp;#93;&lt;/span&gt; ERROR &lt;span class=&quot;error&quot;&gt;&amp;#91;TP-Processor3&amp;#93;&lt;/span&gt; archive.MultilingualArchive - An error occurred.&lt;br/&gt;
org.apache.hadoop.hbase.WrongRegionException: org.apache.hadoop.hbase.WrongRegionException: Requested row out of range for HRegion pdc-docs,US20070248463_20071025,1203986650827, startKey=&apos;US20070248463_20071025&apos;, getEndKey()=&apos;US20070251593_20071101&apos;, row=&apos;US7052594_20060530&apos;&lt;br/&gt;
        at org.apache.hadoop.hbase.HRegion.checkRow(HRegion.java:1486)&lt;br/&gt;
        at org.apache.hadoop.hbase.HRegion.obtainRowLock(HRegion.java:1531)&lt;br/&gt;
        at org.apache.hadoop.hbase.HRegion.batchUpdate(HRegion.java:1226)&lt;br/&gt;
        at org.apache.hadoop.hbase.HRegionServer.batchUpdate(HRegionServer.java:1433)&lt;/p&gt;

&lt;p&gt;2008-02-25 16:54:02,517 DEBUG org.apache.hadoop.hbase.HMaster: HMaster.metaScanner regioninfo: {regionname: pdc-docs,US20070248463_20071025,1203986650827, startKey: &amp;lt;US20070248463_20071025&amp;gt;, endKey: &amp;lt;US20070251593_20071101&amp;gt;, encodedName: 687614528, tableDesc: {name: pdc-docs, families: {contents:=&lt;/p&gt;
{name: contents, max versions: 3, compression: NONE, in memory: false, max length: 2147483647, bloom filter: none}
&lt;p&gt;, language:=&lt;/p&gt;
{name: language, max versions: 3, compression: NONE, in memory: false, max length: 2147483647, bloom filter: none}
&lt;p&gt;, mimetype:={name: mimetype, max versions: 3, compression: NONE, in memory: false, max length: 2147483647, bloom filter: none}}}}, server: 192.168.105.21:60020, startCode: 1203949130468&lt;br/&gt;
2008-02-25 16:55:02,521 DEBUG org.apache.hadoop.hbase.HMaster: HMaster.metaScanner regioninfo: {regionname: pdc-docs,US20070248463_20071025,1203986650827, startKey: &amp;lt;US20070248463_20071025&amp;gt;, endKey: &amp;lt;US20070251593_20071101&amp;gt;, encodedName: 687614528, tableDesc: {name: pdc-docs, families: {contents:=&lt;/p&gt;
{name: contents, max versions: 3, compression: NONE, in memory: false, max length: 2147483647, bloom filter: none}
&lt;p&gt;, language:=&lt;/p&gt;
{name: language, max versions: 3, compression: NONE, in memory: false, max length: 2147483647, bloom filter: none}
&lt;p&gt;, mimetype:={name: mimetype, max versions: 3, compression: NONE, in memory: false, max length: 2147483647, bloom filter: none}}}}, server: 192.168.105.21:60020, startCode: 1203949130468&lt;br/&gt;
2008-02-25 16:56:02,525 DEBUG org.apache.hadoop.hbase.HMaster: HMaster.metaScanner regioninfo: {regionname: pdc-docs,US20070248463_20071025,1203986650827, startKey: &amp;lt;US20070248463_20071025&amp;gt;, endKey: &amp;lt;US20070251593_20071101&amp;gt;, encodedName: 687614528, tableDesc: {name: pdc-docs, families: {contents:=&lt;/p&gt;
{name: contents, max versions: 3, compression: NONE, in memory: false, max length: 2147483647, bloom filter: none}
&lt;p&gt;, language:=&lt;/p&gt;
{name: language, max versions: 3, compression: NONE, in memory: false, max length: 2147483647, bloom filter: none}
&lt;p&gt;, mimetype:={name: mimetype, max versions: 3, compression: NONE, in memory: false, max length: 2147483647, bloom filter: none}}}}, server: 192.168.105.21:60020, startCode: 1203949130468&lt;br/&gt;
2008-02-25 16:57:02,524 DEBUG org.apache.hadoop.hbase.HMaster: HMaster.metaScanner regioninfo: {regionname: pdc-docs,US20070248463_20071025,1203986650827, startKey: &amp;lt;US20070248463_20071025&amp;gt;, endKey: &amp;lt;US20070251593_20071101&amp;gt;, encodedName: 687614528, tableDesc: {name: pdc-docs, families: {contents:=&lt;/p&gt;
{name: contents, max versions: 3, compression: NONE, in memory: false, max length: 2147483647, bloom filter: none}
&lt;p&gt;, language:=&lt;/p&gt;
{name: language, max versions: 3, compression: NONE, in memory: false, max length: 2147483647, bloom filter: none}
&lt;p&gt;, mimetype:={name: mimetype, max versions: 3, compression: NONE, in memory: false, max length: 2147483647, bloom filter: none}}}}, server: 192.168.105.21:60020, startCode: 1203949130468&lt;br/&gt;
2008-02-25 16:58:02,532 DEBUG org.apache.hadoop.hbase.HMaster: HMaster.metaScanner regioninfo: {regionname: pdc-docs,US20070248463_20071025,1203986650827, startKey: &amp;lt;US20070248463_20071025&amp;gt;, endKey: &amp;lt;US20070251593_20071101&amp;gt;, encodedName: 687614528, tableDesc: {name: pdc-docs, families: {contents:=&lt;/p&gt;
{name: contents, max versions: 3, compression: NONE, in memory: false, max length: 2147483647, bloom filter: none}
&lt;p&gt;, language:=&lt;/p&gt;
{name: language, max versions: 3, compression: NONE, in memory: false, max length: 2147483647, bloom filter: none}
&lt;p&gt;, mimetype:={name: mimetype, max versions: 3, compression: NONE, in memory: false, max length: 2147483647, bloom filter: none}}}}, server: 192.168.105.21:60020, startCode: 1203949130468&lt;/p&gt;</comment>
                            <comment id="12572325" author="larsgeorge" created="Tue, 26 Feb 2008 00:54:15 +0000"  >&lt;p&gt;And lastly this error:&lt;/p&gt;

&lt;p&gt;&lt;span class=&quot;error&quot;&gt;&amp;#91;2008-02-25 16:46:19,598&amp;#93;&lt;/span&gt; ERROR &lt;span class=&quot;error&quot;&gt;&amp;#91;TP-Processor3&amp;#93;&lt;/span&gt; archive.MultilingualArchive - An error occurred.&lt;br/&gt;
org.apache.hadoop.hbase.NotServingRegionException: org.apache.hadoop.hbase.NotServingRegionException: pdc-docs,US7012762_20060314,1203982269396&lt;br/&gt;
        at org.apache.hadoop.hbase.HRegionServer.getRegion(HRegionServer.java:1610)&lt;br/&gt;
        at org.apache.hadoop.hbase.HRegionServer.getRegion(HRegionServer.java:1582)&lt;br/&gt;
        at org.apache.hadoop.hbase.HRegionServer.batchUpdate(HRegionServer.java:1431)&lt;/p&gt;

&lt;p&gt;2008-02-25 16:23:02,504 DEBUG org.apache.hadoop.hbase.HMaster: HMaster.metaScanner regioninfo: {regionname: pdc-docs,US7012762_20060314,1203982269396, startKey: &amp;lt;US7012762_20060314&amp;gt;, endKey: &amp;lt;US7026805_20060411&amp;gt;, encodedName: 1013583481, offline: true, split: true, tableDesc: {name: pdc-docs, families: {contents:=&lt;/p&gt;
{name: contents, max versions: 3, compression: NONE, in memory: false, max length: 2147483647, bloom filter: none}
&lt;p&gt;, language:=&lt;/p&gt;
{name: language, max versions: 3, compression: NONE, in memory: false, max length: 2147483647, bloom filter: none}
&lt;p&gt;, mimetype:={name: mimetype, max versions: 3, compression: NONE, in memory: false, max length: 2147483647, bloom filter: none}}}}, server: 192.168.105.47:60020, startCode: 1203949132867&lt;br/&gt;
2008-02-25 16:23:02,538 DEBUG org.apache.hadoop.hbase.HMaster: Checked pdc-docs,US7012762_20060314,1203982269396 for references: splitA: true, splitB: true&lt;br/&gt;
2008-02-25 16:24:02,513 DEBUG org.apache.hadoop.hbase.HMaster: HMaster.metaScanner regioninfo: {regionname: pdc-docs,US7012762_20060314,1203982269396, startKey: &amp;lt;US7012762_20060314&amp;gt;, endKey: &amp;lt;US7026805_20060411&amp;gt;, encodedName: 1013583481, offline: true, split: true, tableDesc: {name: pdc-docs, families: {contents:=&lt;/p&gt;
{name: contents, max versions: 3, compression: NONE, in memory: false, max length: 2147483647, bloom filter: none}
&lt;p&gt;, language:=&lt;/p&gt;
{name: language, max versions: 3, compression: NONE, in memory: false, max length: 2147483647, bloom filter: none}
&lt;p&gt;, mimetype:={name: mimetype, max versions: 3, compression: NONE, in memory: false, max length: 2147483647, bloom filter: none}}}}, server: 192.168.105.47:60020, startCode: 1203949132867&lt;br/&gt;
2008-02-25 16:24:02,547 DEBUG org.apache.hadoop.hbase.HMaster: pdc-docs,US7012762_20060314,1203985378680 no longer has references to pdc-docs,US7012762_20060314,1203982269396&lt;br/&gt;
2008-02-25 16:24:02,550 DEBUG org.apache.hadoop.hbase.HMaster: pdc-docs,US7019536_20060328,1203985378680 no longer has references to pdc-docs,US7012762_20060314,1203982269396&lt;br/&gt;
2008-02-25 16:24:02,551 INFO org.apache.hadoop.hbase.HMaster: Deleting region pdc-docs,US7012762_20060314,1203982269396 because daughter splits no longer hold references&lt;/p&gt;</comment>
                            <comment id="12572360" author="stack" created="Tue, 26 Feb 2008 05:24:58 +0000"  >&lt;p&gt;Can I see more logs Lars?  Looking at code, it looks like IllegalStateException is retried.  Retries should show in the logs with this DEBUG level log message:&lt;/p&gt;

&lt;p&gt;              LOG.debug(&quot;reloading table servers because: &quot; + e.getMessage());&lt;/p&gt;</comment>
                            <comment id="12572361" author="larsgeorge" created="Tue, 26 Feb 2008 05:40:12 +0000"  >&lt;p&gt;st^ack, on the client or the server? I captured the above on the client, which does not have debugging on yet, just on the regionservers and master. &lt;/p&gt;</comment>
                            <comment id="12572362" author="stack" created="Tue, 26 Feb 2008 05:52:16 +0000"  >&lt;p&gt;According to the excerpts from your logs above, the offline region is on 192.168.105.21.  Can you attach the logs from that regionserver?  Thanks.&lt;/p&gt;</comment>
                            <comment id="12572631" author="larsgeorge" created="Tue, 26 Feb 2008 19:54:55 +0000"  >&lt;p&gt;I do not have those but it just happened to my in HQL, this time I grepped it:&lt;/p&gt;

&lt;p&gt;hql &amp;gt; select * from pdc-trans;&lt;br/&gt;
Exception in thread &quot;main&quot; java.lang.IllegalStateException: region offline: pdc-docs,US20040151310_20040805,1204047862746&lt;br/&gt;
        at org.apache.hadoop.hbase.HConnectionManager$TableServers.locateRegionInMeta(HConnectionManager.java:432)&lt;br/&gt;
        at org.apache.hadoop.hbase.HConnectionManager$TableServers.locateRegion(HConnectionManager.java:343)&lt;br/&gt;
        at org.apache.hadoop.hbase.HConnectionManager$TableServers.locateRegion(HConnectionManager.java:306)&lt;br/&gt;
        at org.apache.hadoop.hbase.HTable.&amp;lt;init&amp;gt;(HTable.java:90)&lt;br/&gt;
        at org.apache.hadoop.hbase.hql.SelectCommand.execute(SelectCommand.java:90)&lt;br/&gt;
        at org.apache.hadoop.hbase.hql.HQLClient.executeQuery(HQLClient.java:50)&lt;br/&gt;
        at org.apache.hadoop.hbase.Shell.main(Shell.java:114)&lt;/p&gt;


&lt;p&gt;From the Master:&lt;/p&gt;

&lt;p&gt;2008-02-26 11:38:06,453 DEBUG org.apache.hadoop.hbase.HMaster: HMaster.metaScanner regioninfo: {regionname: pdc-docs,US20040151310_20040805,1204047862746, startKey: &amp;lt;US20040151310_20040805&amp;gt;, endKey: &amp;lt;US20040157377_20040812&amp;gt;, encodedName: 516792513, tableDesc: {name: pdc-docs, families: {contents:=&lt;/p&gt;
{name: contents, max versions: 3, compression: NONE, in memory: false, max length: 2147483647, bloom filter: none}
&lt;p&gt;, language:=&lt;/p&gt;
{name: language, max versions: 3, compression: NONE, in memory: false, max length: 2147483647, bloom filter: none}
&lt;p&gt;, mimetype:={name: mimetype, max versions: 3, compression: NONE, in memory: false, max length: 2147483647, bloom filter: none}}}}, server: 192.168.105.29:60020, startCode: 1203949130420&lt;br/&gt;
2008-02-26 11:39:06,453 DEBUG org.apache.hadoop.hbase.HMaster: HMaster.metaScanner regioninfo: {regionname: pdc-docs,US20040151310_20040805,1204047862746, startKey: &amp;lt;US20040151310_20040805&amp;gt;, endKey: &amp;lt;US20040157377_20040812&amp;gt;, encodedName: 516792513, tableDesc: {name: pdc-docs, families: {contents:=&lt;/p&gt;
{name: contents, max versions: 3, compression: NONE, in memory: false, max length: 2147483647, bloom filter: none}
&lt;p&gt;, language:=&lt;/p&gt;
{name: language, max versions: 3, compression: NONE, in memory: false, max length: 2147483647, bloom filter: none}
&lt;p&gt;, mimetype:={name: mimetype, max versions: 3, compression: NONE, in memory: false, max length: 2147483647, bloom filter: none}}}}, server: 192.168.105.29:60020, startCode: 1203949130420&lt;br/&gt;
2008-02-26 11:39:53,733 DEBUG org.apache.hadoop.hbase.HMaster: Received MSG_REGION_SPLIT : pdc-docs,US20040151310_20040805,1204047862746 from 192.168.105.29:60020&lt;br/&gt;
2008-02-26 11:39:53,733 INFO org.apache.hadoop.hbase.HMaster: region pdc-docs,US20040151310_20040805,1204047862746 split. New regions are: pdc-docs,US20040151310_20040805,1204054791249, pdc-docs,US20040154199_20040812,1204054791249&lt;br/&gt;
2008-02-26 11:40:06,452 DEBUG org.apache.hadoop.hbase.HMaster: HMaster.metaScanner regioninfo: {regionname: pdc-docs,US20040151310_20040805,1204047862746, startKey: &amp;lt;US20040151310_20040805&amp;gt;, endKey: &amp;lt;US20040157377_20040812&amp;gt;, encodedName: 516792513, offline: true, split: true, tableDesc: {name: pdc-docs, families: {contents:=&lt;/p&gt;
{name: contents, max versions: 3, compression: NONE, in memory: false, max length: 2147483647, bloom filter: none}
&lt;p&gt;, language:=&lt;/p&gt;
{name: language, max versions: 3, compression: NONE, in memory: false, max length: 2147483647, bloom filter: none}
&lt;p&gt;, mimetype:={name: mimetype, max versions: 3, compression: NONE, in memory: false, max length: 2147483647, bloom filter: none}}}}, server: 192.168.105.29:60020, startCode: 1203949130420&lt;br/&gt;
2008-02-26 11:40:06,634 DEBUG org.apache.hadoop.hbase.HMaster: pdc-docs,US20040151310_20040805,1204054791249 no longer has references to pdc-docs,US20040151310_20040805,1204047862746&lt;br/&gt;
2008-02-26 11:40:06,636 DEBUG org.apache.hadoop.hbase.HMaster: Checked pdc-docs,US20040151310_20040805,1204047862746 for references: splitA: false, splitB: true&lt;br/&gt;
2008-02-26 11:41:06,454 DEBUG org.apache.hadoop.hbase.HMaster: HMaster.metaScanner regioninfo: {regionname: pdc-docs,US20040151310_20040805,1204047862746, startKey: &amp;lt;US20040151310_20040805&amp;gt;, endKey: &amp;lt;US20040157377_20040812&amp;gt;, encodedName: 516792513, offline: true, split: true, tableDesc: {name: pdc-docs, families: {contents:=&lt;/p&gt;
{name: contents, max versions: 3, compression: NONE, in memory: false, max length: 2147483647, bloom filter: none}
&lt;p&gt;, language:=&lt;/p&gt;
{name: language, max versions: 3, compression: NONE, in memory: false, max length: 2147483647, bloom filter: none}
&lt;p&gt;, mimetype:={name: mimetype, max versions: 3, compression: NONE, in memory: false, max length: 2147483647, bloom filter: none}}}}, server: 192.168.105.29:60020, startCode: 1203949130420&lt;br/&gt;
2008-02-26 11:41:06,637 DEBUG org.apache.hadoop.hbase.HMaster: pdc-docs,US20040154199_20040812,1204054791249 no longer has references to pdc-docs,US20040151310_20040805,1204047862746&lt;br/&gt;
2008-02-26 11:41:06,637 INFO org.apache.hadoop.hbase.HMaster: Deleting region pdc-docs,US20040151310_20040805,1204047862746 because daughter splits no longer hold references&lt;/p&gt;

&lt;p&gt;From the regionserver (192.168.105.29):&lt;/p&gt;

&lt;p&gt;2008-02-26 11:14:27,798 DEBUG org.apache.hadoop.hbase.HRegion: Started memcache flush for region pdc-docs,US20040151310_20040805,1204047862746. Size 2.9m&lt;br/&gt;
2008-02-26 11:14:28,197 DEBUG org.apache.hadoop.hbase.HRegion: Finished memcache flush for region pdc-docs,US20040151310_20040805,1204047862746 in 399ms, sequenceid=1196699&lt;br/&gt;
2008-02-26 11:39:37,046 DEBUG org.apache.hadoop.hbase.HRegion: Started memcache flush for region pdc-docs,US20040151310_20040805,1204047862746. Size 7.3m&lt;br/&gt;
2008-02-26 11:39:37,605 DEBUG org.apache.hadoop.hbase.HRegion: Finished memcache flush for region pdc-docs,US20040151310_20040805,1204047862746 in 559ms, sequenceid=1198452&lt;br/&gt;
2008-02-26 11:39:37,605 INFO org.apache.hadoop.hbase.HRegion: starting compaction on region pdc-docs,US20040151310_20040805,1204047862746&lt;br/&gt;
2008-02-26 11:39:51,035 INFO org.apache.hadoop.hbase.HRegion: compaction completed on region pdc-docs,US20040151310_20040805,1204047862746. Took 13sec&lt;br/&gt;
2008-02-26 11:39:51,246 INFO org.apache.hadoop.hbase.HRegion: Splitting pdc-docs,US20040151310_20040805,1204047862746 because largest aggregate size is 256.7m and desired size is 256.0m&lt;br/&gt;
2008-02-26 11:39:51,249 DEBUG org.apache.hadoop.hbase.HRegion: compactions and cache flushes disabled for region pdc-docs,US20040151310_20040805,1204047862746&lt;br/&gt;
2008-02-26 11:39:51,250 DEBUG org.apache.hadoop.hbase.HRegion: new updates and scanners for region pdc-docs,US20040151310_20040805,1204047862746 disabled&lt;br/&gt;
2008-02-26 11:39:51,250 DEBUG org.apache.hadoop.hbase.HRegion: no more active scanners for region pdc-docs,US20040151310_20040805,1204047862746&lt;br/&gt;
2008-02-26 11:39:51,250 DEBUG org.apache.hadoop.hbase.HRegion: no more row locks outstanding on region pdc-docs,US20040151310_20040805,1204047862746&lt;br/&gt;
2008-02-26 11:39:51,250 DEBUG org.apache.hadoop.hbase.HRegionServer: pdc-docs,US20040151310_20040805,1204047862746 closing (Adding to retiringRegions)&lt;br/&gt;
2008-02-26 11:39:51,250 DEBUG org.apache.hadoop.hbase.HRegion: Started memcache flush for region pdc-docs,US20040151310_20040805,1204047862746. Size 18.5k&lt;br/&gt;
2008-02-26 11:39:51,442 DEBUG org.apache.hadoop.hbase.HRegion: Finished memcache flush for region pdc-docs,US20040151310_20040805,1204047862746 in 192ms, sequenceid=1198501&lt;br/&gt;
2008-02-26 11:39:51,442 DEBUG org.apache.hadoop.hbase.HRegionServer: pdc-docs,US20040151310_20040805,1204047862746 closed&lt;br/&gt;
2008-02-26 11:39:51,442 INFO org.apache.hadoop.hbase.HRegion: closed pdc-docs,US20040151310_20040805,1204047862746&lt;br/&gt;
2008-02-26 11:39:51,442 DEBUG org.apache.hadoop.hbase.HRegionServer: pdc-docs,US20040151310_20040805,1204047862746 closed&lt;br/&gt;
2008-02-26 11:39:51,873 INFO org.apache.hadoop.hbase.HRegionServer: region split, META updated, and report to master all successful. Old region=pdc-docs,US20040151310_20040805,1204047862746, new regions: pdc-docs,US20040151310_20040805,1204054791249, pdc-docs,US20040154199_20040812,1204054791249. Split took 0sec&lt;/p&gt;

&lt;p&gt;Does that help?&lt;/p&gt;</comment>
                            <comment id="12572646" author="stack" created="Tue, 26 Feb 2008 20:42:09 +0000"  >&lt;p&gt;Helps some.  Can you send me the gzipped regionserver log?  The above looks like a grep of the regionserver log using pdc-docs,US20040151310_20040805,1204054791249. Other loggings will have the regions encoded name &amp;#8211; from the master log its 516792513 &amp;#8211; and I also want to see if there are exceptions in the log to match what you are getting on the client.&lt;/p&gt;</comment>
                            <comment id="12572686" author="larsgeorge" created="Tue, 26 Feb 2008 22:02:37 +0000"  >&lt;p&gt;&lt;span class=&quot;error&quot;&gt;&amp;#91;lv1-xen-pdc-20 logs&amp;#93;&lt;/span&gt;# tar -zcvf logs.tar.gz hbase-pdc-regionserver-lv1-xen-pdc-20.worldlingo.com.log&lt;/p&gt;</comment>
                            <comment id="12572744" author="stack" created="Wed, 27 Feb 2008 00:48:47 +0000"  >&lt;p&gt;Thanks Lars. I&apos;m a bit stumped as to whats going on.  ISE&apos;s are being retried it looks like.  I can&apos;t explain it why we client keeps getting the offlined region.&lt;/p&gt;

&lt;p&gt;Next time your client does an ISE, can I have the timestamp and then excerpt from the master log from around the timestamp?  Say a thousand lines from the master just previous (and inclusive) of the ISE on the client?&lt;/p&gt;</comment>
                            <comment id="12572770" author="larsgeorge" created="Wed, 27 Feb 2008 03:30:59 +0000"  >&lt;p&gt;As before tar&apos;ed master log file with context. st^ack, please note that the timestamp is pretty much what the earlier logs showed, i.e. around 11:43am today. So the split and delete was about 2 minutes before I did the select in HQL. Please also note that this is obviously completely outside of my code. I am still inserting at this time, but into another table. So this seems to be a bigger issue?&lt;/p&gt;</comment>
                            <comment id="12573093" author="stack" created="Wed, 27 Feb 2008 22:57:11 +0000"  >&lt;p&gt;Thanks for the log Lars.&lt;/p&gt;

&lt;p&gt;So, you cannot select from the table &apos;pdc-trans&apos; at all?  You always get region offline?&lt;/p&gt;

&lt;p&gt;I looked in logs.  I see the asked-for region deleted at 11:41.  The above client-side ISE exception is from 11:43?  Your client is an hbase instance running on another machine?&lt;/p&gt;</comment>
                            <comment id="12573154" author="larsgeorge" created="Thu, 28 Feb 2008 05:16:59 +0000"  >&lt;p&gt;Yes, the ISE is two minutes after the delete and I ran it on the namenode, so not the regionserver nor s it my client code. &lt;/p&gt;

&lt;p&gt;I waited a while and ran the shell once more:&lt;/p&gt;

&lt;p&gt;&lt;span class=&quot;error&quot;&gt;&amp;#91;16:10:46 root@lv1-xen-pdc-2 logs&amp;#93;&lt;/span&gt;# /usr/local/hadoop/contrib/hbase/bin/hbase shell&lt;br/&gt;
Hbase Shell, 0.0.2 version.&lt;br/&gt;
Copyright (c) 2007 by udanax, licensed to Apache Software Foundation.&lt;br/&gt;
Type &apos;help;&apos; for usage.&lt;/p&gt;

&lt;p&gt;hql &amp;gt; show tables;&lt;br/&gt;
&lt;ins&gt;-------------------------------------&lt;del&gt;&lt;/ins&gt;&lt;/del&gt;-------------------------------------+&lt;/p&gt;
&lt;table class=&apos;confluenceTable&apos;&gt;&lt;tbody&gt;
&lt;tr&gt;
&lt;td class=&apos;confluenceTd&apos;&gt; Name                                 &lt;/td&gt;
&lt;td class=&apos;confluenceTd&apos;&gt; Descriptor                           &lt;/td&gt;
&lt;/tr&gt;
&lt;/tbody&gt;&lt;/table&gt;

&lt;p&gt;&lt;ins&gt;-------------------------------------&lt;del&gt;&lt;/ins&gt;&lt;/del&gt;-------------------------------------+&lt;/p&gt;
&lt;table class=&apos;confluenceTable&apos;&gt;&lt;tbody&gt;
&lt;tr&gt;
&lt;td class=&apos;confluenceTd&apos;&gt; pdc-trans                            &lt;/td&gt;
&lt;td class=&apos;confluenceTd&apos;&gt; name: pdc-trans, families: {contents:&lt;/td&gt;
&lt;/tr&gt;
&lt;tr&gt;
&lt;td class=&apos;confluenceTd&apos;&gt;&amp;nbsp;&lt;/td&gt;
&lt;td class=&apos;confluenceTd&apos;&gt; =
{name: contents, max versions: 3, co|
|                                      | mpression: NONE, in memory: false, ma|
|                                      | x length: 2147483647, bloom filter: n|
|                                      | one}
&lt;p&gt;, mimetype:={name: mimetype, max &lt;/p&gt;&lt;/td&gt;
&lt;/tr&gt;
&lt;tr&gt;
&lt;td class=&apos;confluenceTd&apos;&gt;&amp;nbsp;&lt;/td&gt;
&lt;td class=&apos;confluenceTd&apos;&gt; versions: 3, compression: NONE, in me&lt;/td&gt;
&lt;/tr&gt;
&lt;tr&gt;
&lt;td class=&apos;confluenceTd&apos;&gt;&amp;nbsp;&lt;/td&gt;
&lt;td class=&apos;confluenceTd&apos;&gt; mory: false, max length: 2147483647, &lt;/td&gt;
&lt;/tr&gt;
&lt;tr&gt;
&lt;td class=&apos;confluenceTd&apos;&gt;&amp;nbsp;&lt;/td&gt;
&lt;td class=&apos;confluenceTd&apos;&gt; bloom filter: none}}                 &lt;/td&gt;
&lt;/tr&gt;
&lt;/tbody&gt;&lt;/table&gt;

&lt;p&gt;&lt;ins&gt;-------------------------------------&lt;del&gt;&lt;/ins&gt;&lt;/del&gt;-------------------------------------+&lt;/p&gt;
&lt;table class=&apos;confluenceTable&apos;&gt;&lt;tbody&gt;
&lt;tr&gt;
&lt;td class=&apos;confluenceTd&apos;&gt; pdc-docs                             &lt;/td&gt;
&lt;td class=&apos;confluenceTd&apos;&gt; name: pdc-docs, families: {contents:=&lt;/td&gt;
&lt;/tr&gt;
&lt;tr&gt;
&lt;td class=&apos;confluenceTd&apos;&gt;&amp;nbsp;&lt;/td&gt;
&lt;td class=&apos;confluenceTd&apos;&gt; 
{name: contents, max versions: 3, com|
|                                      | pression: NONE, in memory: false, max|
|                                      |  length: 2147483647, bloom filter: no|
|                                      | ne}
&lt;p&gt;, language:=&lt;/p&gt;
{name: language, max v|
|                                      | ersions: 3, compression: NONE, in mem|
|                                      | ory: false, max length: 2147483647, b|
|                                      | loom filter: none}
&lt;p&gt;, mimetype:={name: &lt;/p&gt;&lt;/td&gt;
&lt;/tr&gt;
&lt;tr&gt;
&lt;td class=&apos;confluenceTd&apos;&gt;&amp;nbsp;&lt;/td&gt;
&lt;td class=&apos;confluenceTd&apos;&gt; mimetype, max versions: 3, compressio&lt;/td&gt;
&lt;/tr&gt;
&lt;tr&gt;
&lt;td class=&apos;confluenceTd&apos;&gt;&amp;nbsp;&lt;/td&gt;
&lt;td class=&apos;confluenceTd&apos;&gt; n: NONE, in memory: false, max length&lt;/td&gt;
&lt;/tr&gt;
&lt;tr&gt;
&lt;td class=&apos;confluenceTd&apos;&gt;&amp;nbsp;&lt;/td&gt;
&lt;td class=&apos;confluenceTd&apos;&gt; : 2147483647, bloom filter: none}}   &lt;/td&gt;
&lt;/tr&gt;
&lt;/tbody&gt;&lt;/table&gt;

&lt;p&gt;&lt;ins&gt;-------------------------------------&lt;del&gt;&lt;/ins&gt;&lt;/del&gt;-------------------------------------+&lt;br/&gt;
2 table(s) in set. (1.30 sec)&lt;br/&gt;
hql &amp;gt; select * from pdc-trans;&lt;br/&gt;
Table &apos;pdc-trans&apos; was not found.&lt;br/&gt;
hql &amp;gt;                  &lt;/p&gt;

&lt;p&gt;This is not good at all! &lt;/p&gt;</comment>
                            <comment id="12573161" author="stack" created="Thu, 28 Feb 2008 06:35:54 +0000"  >&lt;p&gt;Lars, above is probably a bug in the shell (i.e. it says the two tables exist when you say &apos;show tables&apos; but you can&apos;t select from the table... have you tried quoting?).  Does the UI show two tables?  Can you select using a bit of java code?&lt;/p&gt;</comment>
                            <comment id="12573162" author="stack" created="Thu, 28 Feb 2008 06:38:26 +0000"  >&lt;p&gt;Lars, also, can you show up on IRC tomorrow sometime so we can discuss?  This back and forth in here isn&apos;t working out too well.&lt;/p&gt;</comment>
                            <comment id="12573318" author="clint.morgan" created="Thu, 28 Feb 2008 15:32:15 +0000"  >&lt;p&gt;I&apos;ve also had similar symptoms as Lars has described. In particular, table map/reduces got stalled after a split. Then I tried to diagnose with the shell and also had the phantom table effect. I really doubt this is &quot;bug in the shell&quot; because the select statement would normally work, and hbase was performing anomalously otherwise.&lt;/p&gt;

&lt;p&gt;I&apos;ve lost the logs, but will try and reproduce the problem today.&lt;/p&gt;</comment>
                            <comment id="12573352" author="stack" created="Thu, 28 Feb 2008 17:01:20 +0000"  >&lt;p&gt;Thanks Clint.  Any input appreciated.&lt;/p&gt;</comment>
                            <comment id="12573598" author="stack" created="Fri, 29 Feb 2008 05:27:39 +0000"  >&lt;p&gt;Lars let me up on his cluster.  His tables are riddled with hbase-428 issues: i.e. he has loads of regions that start with and end with same key.  There is one item I cannot currently explain and thats the fact that the table has two regions that both start with the null key.  Should never happen.  DEBUG logging was enabled after creation so can&apos;t see how the scenario came about.  Strangely things seem to be sort of working in that the enveloping region &amp;#8211; the start region that spans a larger key space &amp;#8211; seems to be splitting frequently either because load is still on or because its trying to get the region back under the upper size bound.&lt;/p&gt;

&lt;p&gt;Plan is to get Lars up on a cluster with the hbase428 patch and then make a FixHBase428 tool to run against his table to do fixup.  Will try and leverage merge regions tool.  For every instance of a region found where start and end key are same AND a subsequent region starts with same key, will try and merge these two (Unfortunately the two regions with same start and end key actually have data &amp;#8211; its all data of the start row &amp;#8211; so can&apos;t just delete this region).   Will also try merge of the first two regions.&lt;/p&gt;</comment>
                            <comment id="12573894" author="stack" created="Fri, 29 Feb 2008 18:51:32 +0000"  >&lt;p&gt;Hacked up a skeleton tool &amp;#8211; attached &amp;#8211; that looked at table and identified instances of hbase-428.  It found no instances.   On review, the tool is correct, what I thought instances of hbase-428 were not so; keys just had same endings but their prefix varied.&lt;/p&gt;

&lt;p&gt;That leaves the problem of tables starting with regions that have same key; on Lars&apos; clusters, the two tables he has both start with two regions that whose start key is &apos;&apos; (i.e. empty Text).  I need a tool to merge these two regions.&lt;/p&gt;

&lt;p&gt;Other oddness is that this morning, the table seems to have healed itself.  I can do selects (Says &amp;gt; 2M items)&lt;/p&gt;

&lt;p&gt;And the second smaller table that once had 17 rows, seems to have a correct layout on disk but no data/index files under mapfiles.&lt;/p&gt;</comment>
                            <comment id="12575504" author="stack" created="Wed, 5 Mar 2008 21:58:12 +0000"  >&lt;p&gt;An attempt at merging the two regions that had same key failed miserably.  Eventually was able to make the table start with a single region only that spanned the proper key space but lost the regions data in the process (1 of 1100 regions).&lt;/p&gt;

&lt;p&gt;The &apos;Table does not exist exceptions&apos; would look to be related to corrupted files in HDFS.  Restarts did not fix the table.  A run of fsck that removed corrupted files with a restart had table acting &apos;normal&apos; again.&lt;/p&gt;

&lt;p&gt;Have patched Lars 0.16.x instance with 428 and 490.  Lars has just started rerunning the upload.  Watching it.. &lt;/p&gt;
</comment>
                            <comment id="12575523" author="stack" created="Thu, 6 Mar 2008 01:26:36 +0000"  >&lt;p&gt;I see region offline exceptions and WREs during this new upload.  Will dig in more now we have DEBUG on all over the cluster.&lt;/p&gt;

&lt;p&gt;One thing I noticed running a scan that broke with a region offline, if I restarted the scanner it would continue to fail but then eventually, it started working again.  Looking in HRS, I see that we first update the .META. saying the region is offline before we add the daughter regions.  At a minimum, we should reverse the order in which these edits run?&lt;/p&gt;</comment>
                            <comment id="12575555" author="stack" created="Thu, 6 Mar 2008 04:06:08 +0000"  >&lt;p&gt;So, working theory is that its the order in which we update .META. on split.  We first edit the parent marking it offline, etc.  Then we add the lower split and then the top split.  If a client comes in while parent is offline but before the lower daughter split has been added, they get ISE (&quot;Region is offline&quot;).  If the client comes in after parent has been offlined but after the lower daughter has been added BUT before the upper daughter has been added requesting a row from the top half of the split, they get WRE.&lt;/p&gt;

&lt;p&gt;Working on a test to prove my theory.  &lt;/p&gt;

&lt;p&gt;If theory is correct, fix is reversing order in which we add regions.   If we add the top half first and there is a request for a key from the top half, the client gets the newly added region.  If a request for a key from lower half, they&apos;ll get the parent.  On trying to get the key from the parent, will get a NSRE or closed.  Will retry. Meantime the lower half should have been added.  Then its ok to offline the parent. &lt;/p&gt;</comment>
                            <comment id="12575565" author="jimk" created="Thu, 6 Mar 2008 05:13:57 +0000"  >&lt;p&gt;Ugh! That&apos;s really nasty!&lt;/p&gt;</comment>
                            <comment id="12575583" author="stack" created="Thu, 6 Mar 2008 06:35:16 +0000"  >&lt;p&gt;Spent time looking at a WRE up on Lars&apos; cluster.  Doesn&apos;t fit my theory.  Looks like a legit overreach by the client.  Should be retried.&lt;/p&gt;

&lt;p&gt;Looked also at an ISE on local cluster running a loading.  It doesn&apos;t fit theory either.  Parent had just been deleted at time of the ISE.  Shouldn&apos;t even have been in the .META at time of the ISE reporting it offline (Cluster clocks all pretty well synced).&lt;/p&gt;</comment>
                            <comment id="12591842" author="stack" created="Wed, 23 Apr 2008 22:37:05 +0000"  >&lt;p&gt;Closing.  Most of the problems found here have been fixed in other issues (WREs, ISEs not being retried, &lt;a href=&quot;https://issues.apache.org/jira/browse/HBASE-428&quot; title=&quot;Under continuous upload of rows, WrongRegionExceptions are thrown that reach the client even after retries&quot; class=&quot;issue-link&quot; data-issue-key=&quot;HBASE-428&quot;&gt;&lt;del&gt;HBASE-428&lt;/del&gt;&lt;/a&gt;, a tool to merge overlapping regions, etc.).  Lars also just reported things are working for him at the moment.&lt;/p&gt;</comment>
                    </comments>
                <issuelinks>
                            <issuelinktype id="10030">
                    <name>Reference</name>
                                            <outwardlinks description="relates to">
                                        <issuelink>
            <issuekey id="12388816">HBASE-452</issuekey>
        </issuelink>
                            </outwardlinks>
                                                        </issuelinktype>
                    </issuelinks>
                <attachments>
                            <attachment id="12376857" name="FixHBase428.java" size="6130" author="stack" created="Fri, 29 Feb 2008 18:51:32 +0000"/>
                            <attachment id="12376591" name="hbase-master-log.tar.gz" size="105914" author="larsgeorge" created="Wed, 27 Feb 2008 03:30:59 +0000"/>
                            <attachment id="12376554" name="logs.tar.gz" size="39114" author="larsgeorge" created="Tue, 26 Feb 2008 22:02:37 +0000"/>
                    </attachments>
                <subtasks>
                    </subtasks>
                <customfields>
                                                <customfield id="customfield_12310310" key="com.atlassian.jira.toolkit:attachments">
                        <customfieldname>Attachment count</customfieldname>
                        <customfieldvalues>
                            <customfieldvalue>3.0</customfieldvalue>
                        </customfieldvalues>
                    </customfield>
                                                                                                                                                                                                                                                                                                                                                                                                                                                                                                                                <customfield id="customfield_12310220" key="com.atlassian.jira.ext.charting:firstresponsedate">
                        <customfieldname>Date of First Response</customfieldname>
                        <customfieldvalues>
                            <customfieldvalue>Tue, 26 Feb 2008 05:24:58 +0000</customfieldvalue>

                        </customfieldvalues>
                    </customfield>
                                                                                                                                                                                                                                                                                                                                                                                                                                            <customfield id="customfield_12310420" key="com.pyxis.greenhopper.jira:gh-global-rank">
                        <customfieldname>Global Rank</customfieldname>
                        <customfieldvalues>
                            <customfieldvalue>25216</customfieldvalue>
                        </customfieldvalues>
                    </customfield>
                                                                                                                                                    <customfield id="customfield_12312521" key="com.atlassian.jira.toolkit:LastCommentDate">
                        <customfieldname>Last public comment date</customfieldname>
                        <customfieldvalues>
                            8 years, 35 weeks, 1 day ago
                        </customfieldvalues>
                    </customfield>
                                                                                            <customfield id="customfield_12311820" key="com.pyxis.greenhopper.jira:gh-lexo-rank">
                        <customfieldname>Rank</customfieldname>
                        <customfieldvalues>
                            <customfieldvalue>0|i0h7if:</customfieldvalue>

                        </customfieldvalues>
                    </customfield>
                                                                <customfield id="customfield_12310920" key="com.pyxis.greenhopper.jira:gh-global-rank">
                        <customfieldname>Rank (Obsolete)</customfieldname>
                        <customfieldvalues>
                            <customfieldvalue>98479</customfieldvalue>
                        </customfieldvalues>
                    </customfield>
                                                                                                                                                                                                                                                                                                <customfield id="customfield_12310222" key="com.atlassian.jira.ext.charting:timeinstatus">
                        <customfieldname>Time in Status</customfieldname>
                        <customfieldvalues>
                            
                        </customfieldvalues>
                    </customfield>
                                                                                                                        </customfields>
    </item>
</channel>
</rss>