<!-- 
RSS generated by JIRA (6.3.4#6332-sha1:51bc225ef474afe3128b2f66878477f322397b16) at Fri Dec 16 18:47:37 UTC 2016

It is possible to restrict the fields that are returned in this document by specifying the 'field' parameter in your request.
For example, to request only the issue key and summary add field=key&field=summary to the URL of your request.
For example:
https://issues.apache.org/jira/si/jira.issueviews:issue-xml/HBASE-799/HBASE-799.xml?field=key&amp;field=summary
-->
<rss version="0.92" >
<channel>
    <title>ASF JIRA</title>
    <link>https://issues.apache.org/jira</link>
    <description>This file is an XML representation of an issue</description>
    <language>en-uk</language>    <build-info>
        <version>6.3.4</version>
        <build-number>6332</build-number>
        <build-date>15-08-2014</build-date>
    </build-info>

<item>
            <title>[HBASE-799] Deprecate all remaining methods that take Text as a parameter</title>
                <link>https://issues.apache.org/jira/browse/HBASE-799</link>
                <project id="12310753" key="HBASE">HBase</project>
                    <description>&lt;p&gt;&lt;a href=&quot;https://issues.apache.org/jira/browse/HBASE-796&quot; title=&quot;Deprecates Text/String methods from HTable and modifies all classes that used Text/String methods so that they use byte[] instead&quot; class=&quot;issue-link&quot; data-issue-key=&quot;HBASE-796&quot;&gt;&lt;del&gt;HBASE-796&lt;/del&gt;&lt;/a&gt; deprecated methods in HTable that take Text as a parameter. However there are still methods in the public API in HColumnDescriptor, HBaseAdmin, BatchUpdate that should also be deprecated.&lt;/p&gt;

&lt;p&gt;While we&apos;re at it we should deprecate all methods that take Text as a parameter.&lt;/p&gt;</description>
                <environment></environment>
        <key id="12401807">HBASE-799</key>
            <summary>Deprecate all remaining methods that take Text as a parameter</summary>
                <type id="3" iconUrl="https://issues.apache.org/jira/images/icons/issuetypes/task.png">Task</type>
                                            <priority id="1" iconUrl="https://issues.apache.org/jira/images/icons/priorities/blocker.png">Blocker</priority>
                        <status id="6" iconUrl="https://issues.apache.org/jira/images/icons/statuses/closed.png" description="The issue is considered finished, the resolution is correct. Issues which are closed can be reopened.">Closed</status>
                    <statusCategory id="3" key="done" colorName="green"/>
                                    <resolution id="1">Fixed</resolution>
                                        <assignee username="jdcryans">Jean-Daniel Cryans</assignee>
                                    <reporter username="jimk">Jim Kellerman</reporter>
                        <labels>
                    </labels>
                <created>Wed, 6 Aug 2008 17:51:54 +0000</created>
                <updated>Sat, 13 Sep 2008 23:22:44 +0000</updated>
                            <resolved>Tue, 26 Aug 2008 20:33:52 +0000</resolved>
                                    <version>0.2.0</version>
                                    <fixVersion>0.2.1</fixVersion>
                                        <due></due>
                            <votes>0</votes>
                                    <watches>0</watches>
                                                                <comments>
                            <comment id="12621023" author="jimk" created="Fri, 8 Aug 2008 19:35:32 +0000"  >&lt;p&gt;In 0.3.0, remove methods deprecated in 0.2.1&lt;/p&gt;</comment>
                            <comment id="12621958" author="stack" created="Tue, 12 Aug 2008 20:30:41 +0000"  >&lt;p&gt;Marking as blocker for 0.2.1 (and 0.3.0)&lt;/p&gt;</comment>
                            <comment id="12624141" author="irubin" created="Wed, 20 Aug 2008 21:26:09 +0000"  >&lt;p&gt;In the case of classes/methods that only have methods supporting Text (no support for String or byte[]), I&apos;m assuming I should add the overloading methods for String and byte[] as well?  This would be the case for HMsg for example, and possibly more (I&apos;m still going through the classes).&lt;/p&gt;

&lt;p&gt;Answer: add support for byte[] only.  Only leave Text un-deprecated when it involves calling Hadoop methods.&lt;/p&gt;</comment>
                            <comment id="12624832" author="jdcryans" created="Fri, 22 Aug 2008 14:01:15 +0000"  >&lt;p&gt;Following a discussion with Izaak, here is the patch I came up with.&lt;/p&gt;</comment>
                            <comment id="12624919" author="irubin" created="Fri, 22 Aug 2008 17:39:27 +0000"  >&lt;p&gt;Thanks for the patch JD!&lt;/p&gt;</comment>
                            <comment id="12624923" author="jimk" created="Fri, 22 Aug 2008 17:44:57 +0000"  >&lt;p&gt;What we really need is two patches. For 0.2.1 we want to deprecate all the methods that take Text as a parameter. For 0.18.0, we want to remove those methods.&lt;/p&gt;</comment>
                            <comment id="12624925" author="irubin" created="Fri, 22 Aug 2008 17:49:35 +0000"  >&lt;p&gt;Okay, I can work on that too.  JD and I will discuss it later.&lt;/p&gt;</comment>
                            <comment id="12625421" author="jimk" created="Mon, 25 Aug 2008 16:32:11 +0000"  >&lt;p&gt;Created new issue to track the removal of the methods deprecated by this issue.&lt;/p&gt;</comment>
                            <comment id="12625817" author="jimk" created="Tue, 26 Aug 2008 18:31:40 +0000"  >&lt;p&gt;Patch does not apply on current hbase-0.2 branch. Please re-submit patch&lt;/p&gt;</comment>
                            <comment id="12625821" author="jdcryans" created="Tue, 26 Aug 2008 18:39:37 +0000"  >&lt;p&gt;Fixed for 0.2, review please.&lt;/p&gt;</comment>
                            <comment id="12625864" author="jimk" created="Tue, 26 Aug 2008 20:33:52 +0000"  >&lt;p&gt;Committed for 0.2.1. Thanks for the patch JD!&lt;/p&gt;</comment>
                    </comments>
                <issuelinks>
                            <issuelinktype id="10032">
                    <name>Blocker</name>
                                            <outwardlinks description="blocks">
                                        <issuelink>
            <issuekey id="12403000">HBASE-842</issuekey>
        </issuelink>
                            </outwardlinks>
                                                        </issuelinktype>
                    </issuelinks>
                <attachments>
                            <attachment id="12388935" name="hbase-799-v2.patch" size="11959" author="jdcryans" created="Tue, 26 Aug 2008 18:39:37 +0000"/>
                            <attachment id="12388740" name="hbase-799.patch" size="13122" author="jdcryans" created="Fri, 22 Aug 2008 14:01:15 +0000"/>
                    </attachments>
                <subtasks>
                    </subtasks>
                <customfields>
                                                <customfield id="customfield_12310310" key="com.atlassian.jira.toolkit:attachments">
                        <customfieldname>Attachment count</customfieldname>
                        <customfieldvalues>
                            <customfieldvalue>2.0</customfieldvalue>
                        </customfieldvalues>
                    </customfield>
                                                                                                                                                                                                                                                                                                                                                                                                                                                                                                                                <customfield id="customfield_12310220" key="com.atlassian.jira.ext.charting:firstresponsedate">
                        <customfieldname>Date of First Response</customfieldname>
                        <customfieldvalues>
                            <customfieldvalue>Tue, 12 Aug 2008 20:30:41 +0000</customfieldvalue>

                        </customfieldvalues>
                    </customfield>
                                                                                                                                                                                                                                                                                                                                                                                                                                            <customfield id="customfield_12310420" key="com.pyxis.greenhopper.jira:gh-global-rank">
                        <customfieldname>Global Rank</customfieldname>
                        <customfieldvalues>
                            <customfieldvalue>31856</customfieldvalue>
                        </customfieldvalues>
                    </customfield>
                                                                                                                                                    <customfield id="customfield_12312521" key="com.atlassian.jira.toolkit:LastCommentDate">
                        <customfieldname>Last public comment date</customfieldname>
                        <customfieldvalues>
                            8 years, 17 weeks, 2 days ago
                        </customfieldvalues>
                    </customfield>
                                                                                            <customfield id="customfield_12311820" key="com.pyxis.greenhopper.jira:gh-lexo-rank">
                        <customfieldname>Rank</customfieldname>
                        <customfieldvalues>
                            <customfieldvalue>0|i0h9in:</customfieldvalue>

                        </customfieldvalues>
                    </customfield>
                                                                <customfield id="customfield_12310920" key="com.pyxis.greenhopper.jira:gh-global-rank">
                        <customfieldname>Rank (Obsolete)</customfieldname>
                        <customfieldvalues>
                            <customfieldvalue>98804</customfieldvalue>
                        </customfieldvalues>
                    </customfield>
                                                                                                                                                                                                                                                                                                <customfield id="customfield_12310222" key="com.atlassian.jira.ext.charting:timeinstatus">
                        <customfieldname>Time in Status</customfieldname>
                        <customfieldvalues>
                            
                        </customfieldvalues>
                    </customfield>
                                                                                                                        </customfields>
    </item>
</channel>
</rss>