<!-- 
RSS generated by JIRA (6.3.4#6332-sha1:51bc225ef474afe3128b2f66878477f322397b16) at Fri Dec 16 18:47:56 UTC 2016

It is possible to restrict the fields that are returned in this document by specifying the 'field' parameter in your request.
For example, to request only the issue key and summary add field=key&field=summary to the URL of your request.
For example:
https://issues.apache.org/jira/si/jira.issueviews:issue-xml/HBASE-834/HBASE-834.xml?field=key&amp;field=summary
-->
<rss version="0.92" >
<channel>
    <title>ASF JIRA</title>
    <link>https://issues.apache.org/jira</link>
    <description>This file is an XML representation of an issue</description>
    <language>en-uk</language>    <build-info>
        <version>6.3.4</version>
        <build-number>6332</build-number>
        <build-date>15-08-2014</build-date>
    </build-info>

<item>
            <title>[HBASE-834] &apos;Major&apos; compactions and upper bound on files we compact at any one time</title>
                <link>https://issues.apache.org/jira/browse/HBASE-834</link>
                <project id="12310753" key="HBASE">HBase</project>
                    <description>&lt;p&gt;From Billy in &lt;a href=&quot;https://issues.apache.org/jira/browse/HBASE-64&quot; title=&quot;Add max number of mapfiles to compact at one time giveing us a minor &amp;amp; major compaction&quot; class=&quot;issue-link&quot; data-issue-key=&quot;HBASE-64&quot;&gt;&lt;del&gt;HBASE-64&lt;/del&gt;&lt;/a&gt;, which we closed because it got pulled all over the place:&lt;/p&gt;

&lt;div class=&quot;code panel&quot; style=&quot;border-width: 1px;&quot;&gt;&lt;div class=&quot;codeContent panelContent&quot;&gt;
&lt;pre class=&quot;code-java&quot;&gt;Currently we &lt;span class=&quot;code-keyword&quot;&gt;do&lt;/span&gt; compaction on a region when the hbase.hstore.compactionThreshold is reached - &lt;span class=&quot;code-keyword&quot;&gt;default&lt;/span&gt; 3

I thank we should configure a max number of mapfiles to compact at one time simulator to doing a minor compaction in bigtable. This keep compaction&apos;s form getting tied up in one region to &lt;span class=&quot;code-object&quot;&gt;long&lt;/span&gt; letting other regions get way to many memcache flushes making compaction take longer and longer &lt;span class=&quot;code-keyword&quot;&gt;for&lt;/span&gt; each region

If we did that when a regions updates start to slack off the max number will eventuly include all mapfiles causeing a major compaction on that region. Unlike big table &lt;span class=&quot;code-keyword&quot;&gt;this&lt;/span&gt; would leave the master out of the process and letting the region server handle the major compaction when it has time.

When doing a minor compaction on a few files I thank we should compact the newest mapfiles first leave the larger/older ones &lt;span class=&quot;code-keyword&quot;&gt;for&lt;/span&gt; when we have low updates to a region.
&lt;/pre&gt;
&lt;/div&gt;&lt;/div&gt;</description>
                <environment></environment>
        <key id="12402481">HBASE-834</key>
            <summary>&apos;Major&apos; compactions and upper bound on files we compact at any one time</summary>
                <type id="4" iconUrl="https://issues.apache.org/jira/images/icons/issuetypes/improvement.png">Improvement</type>
                                            <priority id="1" iconUrl="https://issues.apache.org/jira/images/icons/priorities/blocker.png">Blocker</priority>
                        <status id="6" iconUrl="https://issues.apache.org/jira/images/icons/statuses/closed.png" description="The issue is considered finished, the resolution is correct. Issues which are closed can be reopened.">Closed</status>
                    <statusCategory id="3" key="done" colorName="green"/>
                                    <resolution id="1">Fixed</resolution>
                                        <assignee username="viper799">Billy Pearson</assignee>
                                    <reporter username="stack">stack</reporter>
                        <labels>
                    </labels>
                <created>Fri, 15 Aug 2008 23:38:52 +0000</created>
                <updated>Sat, 13 Sep 2008 23:22:45 +0000</updated>
                            <resolved>Sun, 31 Aug 2008 04:40:01 +0000</resolved>
                                    <version>0.2.1</version>
                    <version>0.18.0</version>
                                    <fixVersion>0.2.1</fixVersion>
                    <fixVersion>0.18.0</fixVersion>
                                        <due></due>
                            <votes>0</votes>
                                    <watches>0</watches>
                                                                <comments>
                            <comment id="12623070" author="viper799" created="Sat, 16 Aug 2008 01:36:21 +0000"  >&lt;p&gt;&lt;a href=&quot;https://issues.apache.org/jira/browse/HBASE-745&quot; title=&quot;scaling of one regionserver, improving memory and cpu usage&quot; class=&quot;issue-link&quot; data-issue-key=&quot;HBASE-745&quot;&gt;&lt;del&gt;HBASE-745&lt;/del&gt;&lt;/a&gt; solved the minor compaction with incremental compaction and it still &lt;br/&gt;
can do major compaction&apos;s sometimes but not often.&lt;/p&gt;

&lt;p&gt;The only downside to &lt;a href=&quot;https://issues.apache.org/jira/browse/HBASE-745&quot; title=&quot;scaling of one regionserver, improving memory and cpu usage&quot; class=&quot;issue-link&quot; data-issue-key=&quot;HBASE-745&quot;&gt;&lt;del&gt;HBASE-745&lt;/del&gt;&lt;/a&gt; is it does not guarantee a major compaction to ever happen of the old larger files. &lt;br/&gt;
We do have an option to call the compaction with forced set to true and skip the minor compaction.&lt;/p&gt;

&lt;p&gt;Suggestion to complete the major compaction part&lt;/p&gt;

&lt;p&gt;1. Add a function in HRegion to return the oldest file timestamp of when it was created  something like HRegion.getOldestHStoreTimestamp()&lt;br/&gt;
2. Add a option (hbase.hregion.majorcompaction) in the hbase-default.xml setting to make major compaction&apos;s to happen every X secs say default 1 per day or a week .&lt;br/&gt;
3.  Compare hbase-default.xml against the oldest timestamp in HStore.compact and change from force(false) to force(true) when needed but not in reverse. &lt;/p&gt;

&lt;p&gt;If someone could help with the HRegion.getOldestHStoreTimestamp() function or point me in the right direct on how to do that in hadoop. &lt;br/&gt;
I thank I could come up with a patch to give us a major compaction and add a limit on the number of regions to compact at one time while we are doing the minor compaction.&lt;/p&gt;

&lt;p&gt;Anything I am missing here stack?&lt;/p&gt;</comment>
                            <comment id="12623074" author="viper799" created="Sat, 16 Aug 2008 01:53:33 +0000"  >&lt;p&gt;Changing this to assign to 2.1 and 3.0 &lt;/p&gt;

&lt;p&gt;Just noticed we now have a problem of never removing data from (deletes,ttl,max_version) from mapfiles If we never compact all the mapfiles at some point.&lt;br/&gt;
Currently the only way we do is after a split or if the mapfile sizes are just right to include all the mapfile in the incremental compaction.&lt;/p&gt;</comment>
                            <comment id="12623089" author="viper799" created="Sat, 16 Aug 2008 06:32:17 +0000"  >&lt;p&gt;I thank I got this working correctly I test on my end and it all works ok&lt;br/&gt;
Sense we where doing the minor compaction (incremental compaction) on the HStore level I did the same for the Major Compaction&lt;br/&gt;
I set the default to 1 day fill free to change that to what you guys thank is a correct default.&lt;/p&gt;

&lt;div class=&quot;code panel&quot; style=&quot;border-width: 1px;&quot;&gt;&lt;div class=&quot;codeContent panelContent&quot;&gt;
&lt;pre class=&quot;code-java&quot;&gt;
2008-08-15 23:34:37,626 INFO org.apache.hadoop.hbase.regionserver.HRegion: starting compaction on region -ROOT-,,0
2008-08-15 23:34:37,626 DEBUG org.apache.hadoop.hbase.regionserver.HLog: changing sequence number from 0 to 866762
2008-08-15 23:34:37,634 DEBUG org.apache.hadoop.hbase.regionserver.HStore: Major compaction triggered on store: 70236052/info
2008-08-15 23:34:37,682 DEBUG org.apache.hadoop.hbase.regionserver.HStore: started compaction of 1 files into /hbase/-ROOT-/compaction.dir/70236052/info/mapfiles/5245590111629292638
2008-08-15 23:34:37,819 DEBUG org.apache.hadoop.hbase.regionserver.HStore: moving /hbase/-ROOT-/compaction.dir/70236052/info/mapfiles/5245590111629292638 to /hbase/-ROOT-/70236052/info/mapfiles/8511958703098935844
2008-08-15 23:34:37,885 DEBUG org.apache.hadoop.hbase.regionserver.HStore: Completed compaction of 70236052/info store size is 809.0
2008-08-15 23:34:37,890 INFO org.apache.hadoop.hbase.regionserver.HRegion: compaction completed on region -ROOT-,,0 in 0sec
&lt;/pre&gt;
&lt;/div&gt;&lt;/div&gt;


&lt;p&gt;Some of my debug code I removed from the patch outputted the timestamps and folder location of the lowTimestamp files. So I could make sure we where checking the correct folder and the timestamps from the files where in mills and everything showed up correctly in the right format.&lt;/p&gt;

&lt;p&gt;Please review and let me know.&lt;/p&gt;</comment>
                            <comment id="12623090" author="viper799" created="Sat, 16 Aug 2008 06:33:23 +0000"  >&lt;p&gt;Forgot this patch also includes the max files to compact at one time on a minor compaction I set the default to 10.&lt;/p&gt;</comment>
                            <comment id="12623170" author="stack" created="Sat, 16 Aug 2008 22:31:39 +0000"  >&lt;p&gt;Patch looks good Billy.  Thanks. I want to test on cluster before applying.&lt;/p&gt;</comment>
                            <comment id="12625125" author="viper799" created="Sun, 24 Aug 2008 01:16:57 +0000"  >&lt;p&gt;wait on patch there seams to be a logic error somewhere let me run some more test I am seeing major compactions more often then I should be and not when they should be.&lt;/p&gt;</comment>
                            <comment id="12625130" author="viper799" created="Sun, 24 Aug 2008 05:57:12 +0000"  >&lt;p&gt;This is a working patch for 0.2.1 on of my if statments was wrong correct in this patch and added a little more debug logging to show hours sense the last major compaction.&lt;br/&gt;
I would like to see this go in to 0.18.0 verson also so we do not need to patch for .018.0 and 0.19.0&lt;br/&gt;
I believe this will apply to current trunk if you guys want to include it.&lt;/p&gt;</comment>
                            <comment id="12625638" author="stack" created="Tue, 26 Aug 2008 06:06:38 +0000"  >&lt;p&gt;I tried the patch.  Here&apos;s a filtered extract from the logs that just shows the new messages around the major compaction test:&lt;/p&gt;

&lt;div class=&quot;code panel&quot; style=&quot;border-width: 1px;&quot;&gt;&lt;div class=&quot;codeContent panelContent&quot;&gt;
&lt;pre class=&quot;code-java&quot;&gt;
2008-08-26 04:31:02,419 DEBUG org.apache.hadoop.hbase.regionserver.HStore: Hours sense last major compaction: 0 
2008-08-26 04:31:02,420 DEBUG org.apache.hadoop.hbase.regionserver.HStore: Major compaction triggered on store: 1028785192/historian
2008-08-26 04:31:02,877 DEBUG org.apache.hadoop.hbase.regionserver.HStore: Hours sense last major compaction: 0
2008-08-26 04:31:02,878 DEBUG org.apache.hadoop.hbase.regionserver.HStore: Major compaction triggered on store: 1028785192/info
2008-08-26 04:31:08,588 DEBUG org.apache.hadoop.hbase.regionserver.HStore: Hours sense last major compaction: 4
2008-08-26 04:31:08,588 DEBUG org.apache.hadoop.hbase.regionserver.HStore: Major compaction triggered on store: 652690253/info
2008-08-26 04:31:37,237 DEBUG org.apache.hadoop.hbase.regionserver.HStore: Hours sense last major compaction: 4
2008-08-26 04:31:37,237 DEBUG org.apache.hadoop.hbase.regionserver.HStore: Major compaction triggered on store: 1648250611/info
2008-08-26 04:31:59,721 DEBUG org.apache.hadoop.hbase.regionserver.HStore: Hours sense last major compaction: 4 
2008-08-26 04:31:59,721 DEBUG org.apache.hadoop.hbase.regionserver.HStore: Major compaction triggered on store: 433766857/info
2008-08-26 04:32:23,407 DEBUG org.apache.hadoop.hbase.regionserver.HStore: Hours sense last major compaction: 4
2008-08-26 04:32:23,407 DEBUG org.apache.hadoop.hbase.regionserver.HStore: Major compaction triggered on store: 532635319/info
2008-08-26 04:32:40,876 DEBUG org.apache.hadoop.hbase.regionserver.HStore: Hours sense last major compaction: 4
2008-08-26 04:32:40,876 DEBUG org.apache.hadoop.hbase.regionserver.HStore: Major compaction triggered on store: 478968074/info
2008-08-26 04:33:16,252 DEBUG org.apache.hadoop.hbase.regionserver.HStore: Hours sense last major compaction: 4
2008-08-26 04:33:16,252 DEBUG org.apache.hadoop.hbase.regionserver.HStore: Major compaction triggered on store: 305918941/info
2008-08-26 04:33:32,483 DEBUG org.apache.hadoop.hbase.regionserver.HStore: Hours sense last major compaction: 4 
2008-08-26 04:33:32,483 DEBUG org.apache.hadoop.hbase.regionserver.HStore: Major compaction triggered on store: 629593107/info
2008-08-26 04:49:28,735 DEBUG org.apache.hadoop.hbase.regionserver.HStore: Hours sense last major compaction: 0 
2008-08-26 04:49:28,735 DEBUG org.apache.hadoop.hbase.regionserver.HStore: Major compaction triggered on store: 1028785192/historian
2008-08-26 04:49:29,218 DEBUG org.apache.hadoop.hbase.regionserver.HStore: Hours sense last major compaction: 0 
2008-08-26 04:49:29,218 DEBUG org.apache.hadoop.hbase.regionserver.HStore: Major compaction triggered on store: 1028785192/info
2008-08-26 04:57:20,395 DEBUG org.apache.hadoop.hbase.regionserver.HStore: Hours sense last major compaction: 0 
2008-08-26 04:57:32,731 DEBUG org.apache.hadoop.hbase.regionserver.HStore: Hours sense last major compaction: 0 
2008-08-26 04:58:23,362 DEBUG org.apache.hadoop.hbase.regionserver.HStore: Hours sense last major compaction: 0 
2008-08-26 04:58:23,362 DEBUG org.apache.hadoop.hbase.regionserver.HStore: Major compaction triggered on store: 1720995599/info
2008-08-26 04:58:44,441 DEBUG org.apache.hadoop.hbase.regionserver.HStore: Hours sense last major compaction: 0 
2008-08-26 04:58:56,754 DEBUG org.apache.hadoop.hbase.regionserver.HStore: Hours sense last major compaction: 0 
2008-08-26 04:59:41,982 DEBUG org.apache.hadoop.hbase.regionserver.HStore: Hours sense last major compaction: 0 
...
&lt;/pre&gt;
&lt;/div&gt;&lt;/div&gt;

&lt;p&gt;We seem to be major compacting too much &amp;#8211; even though I&apos;d set major compaction time down to 30 minutes instead of 24 so I could test (Its probably this test &apos;if (lowTimestamp &amp;lt; System.currentTimeMillis() - majorCompactionTime){&lt;br/&gt;
&apos; &amp;#8211; if lowTimestamp is zero, then we&apos;ll major compact).&lt;/p&gt;

&lt;p&gt;We probably shouldn&apos;t log if we&apos;re returning a zero out of getLowTimestamp method.&lt;/p&gt;

&lt;p&gt;Would also suggest that getLowTimestamp be renamed getLowestTimestamp and moved into HStore from HRegion since its only used there (make it private too?).&lt;/p&gt;

&lt;p&gt;Did you mean to do the below in HRegion Billy?&lt;/p&gt;
&lt;div class=&quot;code panel&quot; style=&quot;border-width: 1px;&quot;&gt;&lt;div class=&quot;codeContent panelContent&quot;&gt;
&lt;pre class=&quot;code-java&quot;&gt;
@@ -867,7 +889,7 @@
    * @&lt;span class=&quot;code-keyword&quot;&gt;throws&lt;/span&gt; IOException
    */
   &lt;span class=&quot;code-keyword&quot;&gt;public&lt;/span&gt; &lt;span class=&quot;code-object&quot;&gt;byte&lt;/span&gt; [] compactStores() &lt;span class=&quot;code-keyword&quot;&gt;throws&lt;/span&gt; IOException {
-    &lt;span class=&quot;code-keyword&quot;&gt;return&lt;/span&gt; compactStores(&lt;span class=&quot;code-keyword&quot;&gt;false&lt;/span&gt;);
+	  &lt;span class=&quot;code-keyword&quot;&gt;return&lt;/span&gt; compactStores(&lt;span class=&quot;code-keyword&quot;&gt;false&lt;/span&gt;);

&lt;/pre&gt;
&lt;/div&gt;&lt;/div&gt;

&lt;p&gt;Make the above fixes and I&apos;ll try it again Billy.  We need this patch.&lt;/p&gt;</comment>
                            <comment id="12625640" author="stack" created="Tue, 26 Aug 2008 06:09:07 +0000"  >&lt;p&gt;Oh, one other thing... does the test of whether to do a major compaction have to happen inside the synchronize on this.storefiles?  i.e. &apos; 742       synchronized (storefiles) {&apos;  Can it be done outside of this block?&lt;/p&gt;</comment>
                            <comment id="12625651" author="viper799" created="Tue, 26 Aug 2008 07:22:46 +0000"  >&lt;p&gt;Attached new version with above comments fixed&lt;/p&gt;</comment>
                            <comment id="12626660" author="jimk" created="Thu, 28 Aug 2008 17:27:25 +0000"  >&lt;p&gt;Change to blocker. Also move from 0.19 to 0.18&lt;/p&gt;</comment>
                            <comment id="12626850" author="stack" created="Fri, 29 Aug 2008 05:27:31 +0000"  >&lt;p&gt;Patch looks good Billy.  I haven&apos;t tested it because after banging my head against hbase-826, I&apos;ve learned that this notion of major compaction is a bit more involved than I at first thought (I think you may have known all along how important the difference between minor and major is).&lt;/p&gt;

&lt;p&gt;Here is what I learned.  While compacting, if we overrun max versions or a cell has expired, we do not let the cell go through to the compacted file.  That was fine in the old days, when we always compacted everything.  Since we got smarter compacting &amp;#8211; i.e. minor compactions only compacting the small files &amp;#8211; this behavior can make for malignant results (See towards end of hbase-826 for an illustration).&lt;/p&gt;

&lt;p&gt;So, Billy, you need to add passing of the &apos;force&apos; flag down into the HStore#compact (We should probably rename &apos;force&apos; as &apos;majorCompaction&apos; or something?).  Then in HStore#compact, we only do the max versions and expiration code IF its a major compaction.  Otherwise, we just let ALL cells go through to the compacted files (At runtime, the get and scan respect max versions and expiration times).&lt;/p&gt;

&lt;p&gt;I&apos;ll be on IRC tomorrow if you want to chat more on this Billy or just write notes into this JIRA and we can back and forth here (If you want, post a rough patch and I can give feedback &amp;#8211; that might be best).&lt;/p&gt;

&lt;p&gt;Oh, one other thing, there should be no maximum on the amount of files to compact at a time when doing a major compaction, but I think the way your patch is written, there isn&apos;t; its only when minor compactions run that there is a limit &amp;#8211; is that so?&lt;/p&gt;

&lt;p&gt;Thanks.&lt;/p&gt;
</comment>
                            <comment id="12626873" author="viper799" created="Fri, 29 Aug 2008 07:07:51 +0000"  >&lt;p&gt;ok latest version of patch&lt;br/&gt;
834-0.2.1-patchv3.txt&lt;/p&gt;

&lt;p&gt;Changed force to majorCompaction better name.&lt;/p&gt;

&lt;p&gt;Passed majorCompaction down to compactHStoreFiles function so we could know not to remove &amp;gt; max version on a minor compaction / incremental compaction&lt;br/&gt;
This should solve the problem with &lt;a href=&quot;https://issues.apache.org/jira/browse/HBASE-826&quot; title=&quot;delete table followed by recreation results in honked table&quot; class=&quot;issue-link&quot; data-issue-key=&quot;HBASE-826&quot;&gt;&lt;del&gt;HBASE-826&lt;/del&gt;&lt;/a&gt;.&lt;br/&gt;
Stack said we do not need to max versions or expiration code on a minor compaction but I left the expiration code the same &lt;br/&gt;
because if the data is passed its ttl it will not matter if its a minor or a major compaction from what I can reason but I might be wrong let me know if that needs to be changed also.&lt;br/&gt;
So as of now it will be removed so we do not have to read it again and remove it on the next compaction = less work later theory.&lt;/p&gt;

&lt;p&gt;looks like there is a bug in the rest/Dispatcher.java file current branch-0.2 will not compile clean but I thank my patch will build clean if that error is fixed.&lt;/p&gt;

&lt;p&gt;Yes the minor compaction has the limit of hbase.hstore.compaction.max&lt;br/&gt;
and majorcompactions do not have this limit.&lt;/p&gt;</comment>
                            <comment id="12626888" author="viper799" created="Fri, 29 Aug 2008 07:25:44 +0000"  >&lt;p&gt;Might check the javadocs etc not sure what I need to do there I made some changes but please review them for me and let me know if I am missing anything.&lt;/p&gt;

&lt;p&gt;second thought on the ttl on minor compaction a deleted record will be removed in minor compactions if ttl is expired but the record will &lt;br/&gt;
remain until the major compaction or a compaction that includes the cell to be deleted and it will be deleted then also sense the cell its &lt;br/&gt;
self will have a expired ttl we should not get it in a get/scanner. so I thank it is still ok to leave the ttl code to do its work on minor compaction&apos;s.&lt;/p&gt;</comment>
                            <comment id="12626894" author="viper799" created="Fri, 29 Aug 2008 07:41:59 +0000"  >&lt;p&gt;If everything looks good let me know and I will make up a patch that will apply to 0.18.0 also.&lt;/p&gt;</comment>
                            <comment id="12627015" author="stack" created="Fri, 29 Aug 2008 15:38:37 +0000"  >&lt;p&gt;Just what the doctor ordered.  I agree w/ your expiration reasoning.  Let me do some testing.  Will get back to you.&lt;/p&gt;</comment>
                            <comment id="12627149" author="stack" created="Fri, 29 Aug 2008 23:31:33 +0000"  >&lt;p&gt;Changed the subject.&lt;/p&gt;</comment>
                            <comment id="12627161" author="stack" created="Fri, 29 Aug 2008 23:45:53 +0000"  >&lt;p&gt;I did a bunch of testing.  Was able to load a table, delete, then refill into table of same name and schema three times which is much better than I could do previously.  But then on the fourth time when I go to load a table, when I check the .META. table, there are old historian edits showing.   I&apos;m hoping this is &lt;a href=&quot;https://issues.apache.org/jira/browse/HBASE-855&quot; title=&quot;compaction can return less versions then we should in some cases&quot; class=&quot;issue-link&quot; data-issue-key=&quot;HBASE-855&quot;&gt;&lt;del&gt;HBASE-855&lt;/del&gt;&lt;/a&gt;.  Will retest when &lt;a href=&quot;https://issues.apache.org/jira/browse/HBASE-855&quot; title=&quot;compaction can return less versions then we should in some cases&quot; class=&quot;issue-link&quot; data-issue-key=&quot;HBASE-855&quot;&gt;&lt;del&gt;HBASE-855&lt;/del&gt;&lt;/a&gt; has a patch.&lt;/p&gt;</comment>
                            <comment id="12627162" author="stack" created="Fri, 29 Aug 2008 23:48:34 +0000"  >&lt;p&gt;Oh, I applied this patch to branch and trunk.  Fixed comments where it talked about the &apos;force&apos; paramter instead of the new &apos;majorCompaction&apos; parameter.  The patch failed going against TRUNK but the hunks that didn&apos;t go in, we don&apos;t want anyway.  Just left them out.  Thanks for the patch Billy.&lt;/p&gt;</comment>
                            <comment id="12627267" author="viper799" created="Sun, 31 Aug 2008 04:17:18 +0000"  >&lt;p&gt;Got a chance to run some test and Found max files to compaction at one time not working correctly.&lt;/p&gt;</comment>
                            <comment id="12627268" author="viper799" created="Sun, 31 Aug 2008 04:19:12 +0000"  >&lt;p&gt;834-0.2.1-patchv4.txt&lt;br/&gt;
Has just the changes to make it work correctly branch 0.2&lt;/p&gt;</comment>
                            <comment id="12627270" author="viper799" created="Sun, 31 Aug 2008 04:22:59 +0000"  >&lt;p&gt;834.patchv4-trunk.txt&lt;br/&gt;
Has just the changes to make it work correctly on trunk&lt;/p&gt;</comment>
                            <comment id="12627272" author="stack" created="Sun, 31 Aug 2008 04:31:45 +0000"  >&lt;p&gt;Ok. Thanks Billy.  Applied the patch.  Looked harmless; just a check of &amp;gt;= rather than &amp;gt;.&lt;/p&gt;</comment>
                            <comment id="12627274" author="stack" created="Sun, 31 Aug 2008 04:40:01 +0000"  >&lt;p&gt;FYI Billy, better to just open new issue rather than reopen an old.  Reresolving this one.&lt;/p&gt;</comment>
                    </comments>
                    <attachments>
                            <attachment id="12388809" name="834-0.2.1-patch.txt" size="5552" author="viper799" created="Sun, 24 Aug 2008 05:57:12 +0000"/>
                            <attachment id="12388898" name="834-0.2.1-patchv2.txt" size="4818" author="viper799" created="Tue, 26 Aug 2008 07:22:46 +0000"/>
                            <attachment id="12389150" name="834-0.2.1-patchv3.txt" size="8301" author="viper799" created="Fri, 29 Aug 2008 07:08:03 +0000"/>
                            <attachment id="12389240" name="834-0.2.1-patchv4.txt" size="956" author="viper799" created="Sun, 31 Aug 2008 04:19:12 +0000"/>
                            <attachment id="12388355" name="834-patch.txt" size="5382" author="viper799" created="Sat, 16 Aug 2008 06:52:03 +0000"/>
                            <attachment id="12389241" name="834.patchv4-trunk.txt" size="990" author="viper799" created="Sun, 31 Aug 2008 04:22:59 +0000"/>
                    </attachments>
                <subtasks>
                    </subtasks>
                <customfields>
                                                <customfield id="customfield_12310310" key="com.atlassian.jira.toolkit:attachments">
                        <customfieldname>Attachment count</customfieldname>
                        <customfieldvalues>
                            <customfieldvalue>6.0</customfieldvalue>
                        </customfieldvalues>
                    </customfield>
                                                                                                                                                                                                                                                                                                                                                                                                                                                                                                                                <customfield id="customfield_12310220" key="com.atlassian.jira.ext.charting:firstresponsedate">
                        <customfieldname>Date of First Response</customfieldname>
                        <customfieldvalues>
                            <customfieldvalue>Sat, 16 Aug 2008 01:36:21 +0000</customfieldvalue>

                        </customfieldvalues>
                    </customfield>
                                                                                                                                                                                                                                                                                                                                                                                                                                            <customfield id="customfield_12310420" key="com.pyxis.greenhopper.jira:gh-global-rank">
                        <customfieldname>Global Rank</customfieldname>
                        <customfieldvalues>
                            <customfieldvalue>31868</customfieldvalue>
                        </customfieldvalues>
                    </customfield>
                                                                                                                                                    <customfield id="customfield_12312521" key="com.atlassian.jira.toolkit:LastCommentDate">
                        <customfieldname>Last public comment date</customfieldname>
                        <customfieldvalues>
                            8 years, 16 weeks, 5 days ago
                        </customfieldvalues>
                    </customfield>
                                                                                            <customfield id="customfield_12311820" key="com.pyxis.greenhopper.jira:gh-lexo-rank">
                        <customfieldname>Rank</customfieldname>
                        <customfieldvalues>
                            <customfieldvalue>0|i0h9qf:</customfieldvalue>

                        </customfieldvalues>
                    </customfield>
                                                                <customfield id="customfield_12310920" key="com.pyxis.greenhopper.jira:gh-global-rank">
                        <customfieldname>Rank (Obsolete)</customfieldname>
                        <customfieldvalues>
                            <customfieldvalue>98839</customfieldvalue>
                        </customfieldvalues>
                    </customfield>
                                                                                                                                                                                                                                                                                                <customfield id="customfield_12310222" key="com.atlassian.jira.ext.charting:timeinstatus">
                        <customfieldname>Time in Status</customfieldname>
                        <customfieldvalues>
                            
                        </customfieldvalues>
                    </customfield>
                                                                                                                        </customfields>
    </item>
</channel>
</rss>