<!-- 
RSS generated by JIRA (6.3.4#6332-sha1:51bc225ef474afe3128b2f66878477f322397b16) at Fri Dec 16 18:43:04 UTC 2016

It is possible to restrict the fields that are returned in this document by specifying the 'field' parameter in your request.
For example, to request only the issue key and summary add field=key&field=summary to the URL of your request.
For example:
https://issues.apache.org/jira/si/jira.issueviews:issue-xml/HBASE-310/HBASE-310.xml?field=key&amp;field=summary
-->
<rss version="0.92" >
<channel>
    <title>ASF JIRA</title>
    <link>https://issues.apache.org/jira</link>
    <description>This file is an XML representation of an issue</description>
    <language>en-uk</language>    <build-info>
        <version>6.3.4</version>
        <build-number>6332</build-number>
        <build-date>15-08-2014</build-date>
    </build-info>

<item>
            <title>[HBASE-310] [hbase] Add HClient.tableExists</title>
                <link>https://issues.apache.org/jira/browse/HBASE-310</link>
                <project id="12310753" key="HBASE">HBase</project>
                    <description>&lt;p&gt;Add to hbase client a check if table already exists.&lt;/p&gt;</description>
                <environment></environment>
        <key id="12372605">HBASE-310</key>
            <summary>[hbase] Add HClient.tableExists</summary>
                <type id="1" iconUrl="https://issues.apache.org/jira/images/icons/issuetypes/bug.png">Bug</type>
                                            <priority id="3" iconUrl="https://issues.apache.org/jira/images/icons/priorities/major.png">Major</priority>
                        <status id="6" iconUrl="https://issues.apache.org/jira/images/icons/statuses/closed.png" description="The issue is considered finished, the resolution is correct. Issues which are closed can be reopened.">Closed</status>
                    <statusCategory id="3" key="done" colorName="green"/>
                                    <resolution id="1">Fixed</resolution>
                                        <assignee username="-1">Unassigned</assignee>
                                    <reporter username="stack">stack</reporter>
                        <labels>
                    </labels>
                <created>Thu, 28 Jun 2007 16:29:05 +0000</created>
                <updated>Mon, 4 Feb 2008 18:41:36 +0000</updated>
                            <resolved>Thu, 28 Jun 2007 22:45:33 +0000</resolved>
                                                                        <due></due>
                            <votes>0</votes>
                                    <watches>0</watches>
                                                                <comments>
                            <comment id="12508936" author="stack" created="Thu, 28 Jun 2007 21:29:05 +0000"  >&lt;p&gt;V2.  Actually passes tests.&lt;/p&gt;</comment>
                            <comment id="12508939" author="jimk" created="Thu, 28 Jun 2007 21:31:32 +0000"  >&lt;p&gt;+1&lt;/p&gt;</comment>
                            <comment id="12508942" author="hadoopqa" created="Thu, 28 Jun 2007 22:16:16 +0000"  >&lt;p&gt;+1&lt;/p&gt;

&lt;p&gt;&lt;a href=&quot;http://issues.apache.org/jira/secure/attachment/12360762/hadoop1543-v2.patch&quot; class=&quot;external-link&quot; rel=&quot;nofollow&quot;&gt;http://issues.apache.org/jira/secure/attachment/12360762/hadoop1543-v2.patch&lt;/a&gt; applied and successfully tested against trunk revision r551361.&lt;/p&gt;

&lt;p&gt;Test results:   &lt;a href=&quot;http://lucene.zones.apache.org:8080/hudson/job/Hadoop-Patch/343/testReport/&quot; class=&quot;external-link&quot; rel=&quot;nofollow&quot;&gt;http://lucene.zones.apache.org:8080/hudson/job/Hadoop-Patch/343/testReport/&lt;/a&gt;&lt;br/&gt;
Console output: &lt;a href=&quot;http://lucene.zones.apache.org:8080/hudson/job/Hadoop-Patch/343/console&quot; class=&quot;external-link&quot; rel=&quot;nofollow&quot;&gt;http://lucene.zones.apache.org:8080/hudson/job/Hadoop-Patch/343/console&lt;/a&gt;&lt;/p&gt;</comment>
                            <comment id="12508945" author="stack" created="Thu, 28 Jun 2007 22:45:33 +0000"  >&lt;p&gt;Committed with below message:&lt;/p&gt;

&lt;p&gt;&lt;a href=&quot;https://issues.apache.org/jira/browse/HBASE-310&quot; title=&quot;[hbase] Add HClient.tableExists&quot; class=&quot;issue-link&quot; data-issue-key=&quot;HBASE-310&quot;&gt;&lt;del&gt;HADOOP-1543&lt;/del&gt;&lt;/a&gt; &lt;span class=&quot;error&quot;&gt;&amp;#91;base&amp;#93;&lt;/span&gt; Add HClient.tableExists&lt;br/&gt;
M    src/java/org/apache/hadoop/hbase/HClient.java&lt;br/&gt;
    (tableExists): Added&lt;br/&gt;
M    CHANGES.txt&lt;br/&gt;
M    src/java/org/apache/hadoop/hbase/package.html&lt;br/&gt;
    Fix javadoc.&lt;/p&gt;</comment>
                            <comment id="12509082" author="hudson" created="Fri, 29 Jun 2007 11:35:49 +0000"  >&lt;p&gt;Integrated in Hadoop-Nightly #139 (See &lt;a href=&quot;http://lucene.zones.apache.org:8080/hudson/job/Hadoop-Nightly/139/&quot; class=&quot;external-link&quot; rel=&quot;nofollow&quot;&gt;http://lucene.zones.apache.org:8080/hudson/job/Hadoop-Nightly/139/&lt;/a&gt;)&lt;/p&gt;</comment>
                    </comments>
                    <attachments>
                            <attachment id="12360762" name="hadoop1543-v2.patch" size="1907" author="stack" created="Thu, 28 Jun 2007 21:29:04 +0000"/>
                            <attachment id="12360751" name="hadoop1543.patch" size="1964" author="stack" created="Thu, 28 Jun 2007 16:30:28 +0000"/>
                    </attachments>
                <subtasks>
                    </subtasks>
                <customfields>
                                                <customfield id="customfield_12310310" key="com.atlassian.jira.toolkit:attachments">
                        <customfieldname>Attachment count</customfieldname>
                        <customfieldvalues>
                            <customfieldvalue>2.0</customfieldvalue>
                        </customfieldvalues>
                    </customfield>
                                                                                                                                                                                                                                                                                                                                                                                                                                                                                                                                <customfield id="customfield_12310220" key="com.atlassian.jira.ext.charting:firstresponsedate">
                        <customfieldname>Date of First Response</customfieldname>
                        <customfieldvalues>
                            <customfieldvalue>Thu, 28 Jun 2007 21:31:32 +0000</customfieldvalue>

                        </customfieldvalues>
                    </customfield>
                                                                                                                                                                                                                                                                                                                                                                                                                                            <customfield id="customfield_12310420" key="com.pyxis.greenhopper.jira:gh-global-rank">
                        <customfieldname>Global Rank</customfieldname>
                        <customfieldvalues>
                            <customfieldvalue>25094</customfieldvalue>
                        </customfieldvalues>
                    </customfield>
                                                                                                                                                    <customfield id="customfield_12312521" key="com.atlassian.jira.toolkit:LastCommentDate">
                        <customfieldname>Last public comment date</customfieldname>
                        <customfieldvalues>
                            9 years, 26 weeks ago
                        </customfieldvalues>
                    </customfield>
                                                                                            <customfield id="customfield_12311820" key="com.pyxis.greenhopper.jira:gh-lexo-rank">
                        <customfieldname>Rank</customfieldname>
                        <customfieldvalues>
                            <customfieldvalue>0|i0h6hb:</customfieldvalue>

                        </customfieldvalues>
                    </customfield>
                                                                <customfield id="customfield_12310920" key="com.pyxis.greenhopper.jira:gh-global-rank">
                        <customfieldname>Rank (Obsolete)</customfieldname>
                        <customfieldvalues>
                            <customfieldvalue>98312</customfieldvalue>
                        </customfieldvalues>
                    </customfield>
                                                                                                                                                                                                                                                                                                <customfield id="customfield_12310222" key="com.atlassian.jira.ext.charting:timeinstatus">
                        <customfieldname>Time in Status</customfieldname>
                        <customfieldvalues>
                            
                        </customfieldvalues>
                    </customfield>
                                                                                                                        </customfields>
    </item>
</channel>
</rss>