<!-- 
RSS generated by JIRA (6.3.4#6332-sha1:51bc225ef474afe3128b2f66878477f322397b16) at Fri Dec 16 18:42:42 UTC 2016

It is possible to restrict the fields that are returned in this document by specifying the 'field' parameter in your request.
For example, to request only the issue key and summary add field=key&field=summary to the URL of your request.
For example:
https://issues.apache.org/jira/si/jira.issueviews:issue-xml/HBASE-273/HBASE-273.xml?field=key&amp;field=summary
-->
<rss version="0.92" >
<channel>
    <title>ASF JIRA</title>
    <link>https://issues.apache.org/jira</link>
    <description>This file is an XML representation of an issue</description>
    <language>en-uk</language>    <build-info>
        <version>6.3.4</version>
        <build-number>6332</build-number>
        <build-date>15-08-2014</build-date>
    </build-info>

<item>
            <title>[HBASE-273] Provide capability for client specified time stamps in HBase</title>
                <link>https://issues.apache.org/jira/browse/HBASE-273</link>
                <project id="12310753" key="HBASE">HBase</project>
                    <description>&lt;p&gt;Currently all records stored in HBase are given a time stamp derived from the current time. It should be possible for the client to specify the time stamp.&lt;/p&gt;

&lt;p&gt;For example, if a web crawler is storing page contents in HBase, it should be able to set the time stamp to the crawl time which is not necessarily &apos;now&apos;&lt;/p&gt;</description>
                <environment></environment>
        <key id="12372526">HBASE-273</key>
            <summary>Provide capability for client specified time stamps in HBase</summary>
                <type id="1" iconUrl="https://issues.apache.org/jira/images/icons/issuetypes/bug.png">Bug</type>
                                            <priority id="4" iconUrl="https://issues.apache.org/jira/images/icons/priorities/minor.png">Minor</priority>
                        <status id="6" iconUrl="https://issues.apache.org/jira/images/icons/statuses/closed.png" description="The issue is considered finished, the resolution is correct. Issues which are closed can be reopened.">Closed</status>
                    <statusCategory id="3" key="done" colorName="green"/>
                                    <resolution id="1">Fixed</resolution>
                                        <assignee username="-1">Unassigned</assignee>
                                    <reporter username="jimk">Jim Kellerman</reporter>
                        <labels>
                    </labels>
                <created>Wed, 27 Jun 2007 17:29:20 +0000</created>
                <updated>Mon, 4 Feb 2008 18:41:25 +0000</updated>
                            <resolved>Tue, 10 Jul 2007 03:07:29 +0000</resolved>
                                                                        <due></due>
                            <votes>0</votes>
                                    <watches>0</watches>
                                                                <comments>
                            <comment id="12511188" author="jimk" created="Mon, 9 Jul 2007 17:33:40 +0000"  >&lt;p&gt;User specified time stamps will be per-update, just as automatically generated time stamps are.&lt;/p&gt;

&lt;p&gt;If it is necessary for columns to have different user specified time stamps, they will need to be done in separate updates. When we have batched updates (&lt;a href=&quot;https://issues.apache.org/jira/browse/HBASE-271&quot; title=&quot;Add HBase batch update to reduce RPC overhead&quot; class=&quot;issue-link&quot; data-issue-key=&quot;HBASE-271&quot;&gt;&lt;del&gt;HADOOP-1468&lt;/del&gt;&lt;/a&gt;), this should not entail that much overhead.&lt;/p&gt;</comment>
                            <comment id="12511199" author="jimk" created="Mon, 9 Jul 2007 17:50:22 +0000"  >&lt;p&gt;If you can insert a value with a specified time stamp, you should be able to scan for values with that time stamp too. This is not too bad as scanners already take a time stamp, but it is manufactured on the server side. We just need to move it to the client side and pass it across the API.&lt;/p&gt;</comment>
                            <comment id="12511262" author="jimk" created="Mon, 9 Jul 2007 21:21:59 +0000"  >&lt;p&gt;User specified time stamps are specified on commit. If no time stamp is specified, the current time is used as it is currently.&lt;/p&gt;</comment>
                            <comment id="12511263" author="jimk" created="Mon, 9 Jul 2007 21:29:45 +0000"  >&lt;p&gt;Does it make sense to have time stamped deletes? &lt;/p&gt;

&lt;p&gt;Currently, a delete operation erases all the values for the specified column, whose time stamp is less than &apos;now&apos;, effectively erasing all the values for the column.&lt;/p&gt;

&lt;p&gt;If a time stamp is specified on an update which contains a delete, then it would &apos;erase&apos; all versions of the column whose time stamp &amp;lt;= the update time stamp.&lt;/p&gt;</comment>
                            <comment id="12511266" author="stack" created="Mon, 9 Jul 2007 21:40:02 +0000"  >&lt;p&gt;One possible use case would have a resource-constrained user running delete+timestamp to clear all data collected before a certain date to make room for the new.&lt;/p&gt;</comment>
                            <comment id="12511309" author="jimk" created="Tue, 10 Jul 2007 02:02:39 +0000"  >&lt;p&gt;Works in my environment. Make sure Hudson agrees.&lt;/p&gt;</comment>
                            <comment id="12511318" author="hadoopqa" created="Tue, 10 Jul 2007 02:41:28 +0000"  >&lt;p&gt;+1&lt;/p&gt;

&lt;p&gt;&lt;a href=&quot;http://issues.apache.org/jira/secure/attachment/12361452/patch.txt&quot; class=&quot;external-link&quot; rel=&quot;nofollow&quot;&gt;http://issues.apache.org/jira/secure/attachment/12361452/patch.txt&lt;/a&gt; applied and successfully tested against trunk revision r554144.&lt;/p&gt;

&lt;p&gt;Test results:   &lt;a href=&quot;http://lucene.zones.apache.org:8080/hudson/job/Hadoop-Patch/382/testReport/&quot; class=&quot;external-link&quot; rel=&quot;nofollow&quot;&gt;http://lucene.zones.apache.org:8080/hudson/job/Hadoop-Patch/382/testReport/&lt;/a&gt;&lt;br/&gt;
Console output: &lt;a href=&quot;http://lucene.zones.apache.org:8080/hudson/job/Hadoop-Patch/382/console&quot; class=&quot;external-link&quot; rel=&quot;nofollow&quot;&gt;http://lucene.zones.apache.org:8080/hudson/job/Hadoop-Patch/382/console&lt;/a&gt;&lt;/p&gt;</comment>
                            <comment id="12511325" author="jimk" created="Tue, 10 Jul 2007 03:07:28 +0000"  >&lt;p&gt;I just committed this.&lt;/p&gt;</comment>
                            <comment id="12511400" author="hudson" created="Tue, 10 Jul 2007 11:52:47 +0000"  >&lt;p&gt;Integrated in Hadoop-Nightly #150 (See &lt;a href=&quot;http://lucene.zones.apache.org:8080/hudson/job/Hadoop-Nightly/150/&quot; class=&quot;external-link&quot; rel=&quot;nofollow&quot;&gt;http://lucene.zones.apache.org:8080/hudson/job/Hadoop-Nightly/150/&lt;/a&gt;)&lt;/p&gt;</comment>
                    </comments>
                    <attachments>
                            <attachment id="12361452" name="patch.txt" size="68588" author="jimk" created="Tue, 10 Jul 2007 02:02:39 +0000"/>
                    </attachments>
                <subtasks>
                    </subtasks>
                <customfields>
                                                <customfield id="customfield_12310310" key="com.atlassian.jira.toolkit:attachments">
                        <customfieldname>Attachment count</customfieldname>
                        <customfieldvalues>
                            <customfieldvalue>1.0</customfieldvalue>
                        </customfieldvalues>
                    </customfield>
                                                                                                                                                                                                                                                                                                                                                                                                                                                                                                                                <customfield id="customfield_12310220" key="com.atlassian.jira.ext.charting:firstresponsedate">
                        <customfieldname>Date of First Response</customfieldname>
                        <customfieldvalues>
                            <customfieldvalue>Mon, 9 Jul 2007 21:40:02 +0000</customfieldvalue>

                        </customfieldvalues>
                    </customfield>
                                                                                                                                                                                                                                                                                                                                                                                                                                            <customfield id="customfield_12310420" key="com.pyxis.greenhopper.jira:gh-global-rank">
                        <customfieldname>Global Rank</customfieldname>
                        <customfieldvalues>
                            <customfieldvalue>25057</customfieldvalue>
                        </customfieldvalues>
                    </customfield>
                                                                                                                                                    <customfield id="customfield_12312521" key="com.atlassian.jira.toolkit:LastCommentDate">
                        <customfieldname>Last public comment date</customfieldname>
                        <customfieldvalues>
                            9 years, 24 weeks, 3 days ago
                        </customfieldvalues>
                    </customfield>
                                                                                            <customfield id="customfield_12311820" key="com.pyxis.greenhopper.jira:gh-lexo-rank">
                        <customfieldname>Rank</customfieldname>
                        <customfieldvalues>
                            <customfieldvalue>0|i0h64v:</customfieldvalue>

                        </customfieldvalues>
                    </customfield>
                                                                <customfield id="customfield_12310920" key="com.pyxis.greenhopper.jira:gh-global-rank">
                        <customfieldname>Rank (Obsolete)</customfieldname>
                        <customfieldvalues>
                            <customfieldvalue>98256</customfieldvalue>
                        </customfieldvalues>
                    </customfield>
                                                                                                                                                                                                                                                                                                <customfield id="customfield_12310222" key="com.atlassian.jira.ext.charting:timeinstatus">
                        <customfieldname>Time in Status</customfieldname>
                        <customfieldvalues>
                            
                        </customfieldvalues>
                    </customfield>
                                                                                                                        </customfields>
    </item>
</channel>
</rss>