<!-- 
RSS generated by JIRA (6.3.4#6332-sha1:51bc225ef474afe3128b2f66878477f322397b16) at Fri Dec 16 18:48:56 UTC 2016

It is possible to restrict the fields that are returned in this document by specifying the 'field' parameter in your request.
For example, to request only the issue key and summary add field=key&field=summary to the URL of your request.
For example:
https://issues.apache.org/jira/si/jira.issueviews:issue-xml/HBASE-935/HBASE-935.xml?field=key&amp;field=summary
-->
<rss version="0.92" >
<channel>
    <title>ASF JIRA</title>
    <link>https://issues.apache.org/jira</link>
    <description>This file is an XML representation of an issue</description>
    <language>en-uk</language>    <build-info>
        <version>6.3.4</version>
        <build-number>6332</build-number>
        <build-date>15-08-2014</build-date>
    </build-info>

<item>
            <title>[HBASE-935] deadlocked master; master locked up over location of -ROOT-</title>
                <link>https://issues.apache.org/jira/browse/HBASE-935</link>
                <project id="12310753" key="HBASE">HBase</project>
                    <description>&lt;p&gt;Our hdfs is having issues.  Not just hbase is complaining.  During a storm of downing regionservers because of failed flush attempts, master has gotten itself locked up over location of root region.&lt;/p&gt;</description>
                <environment>&lt;p&gt;0.18.1 hadoop and 0.18.0 hbase&lt;/p&gt;</environment>
        <key id="12406697">HBASE-935</key>
            <summary>deadlocked master; master locked up over location of -ROOT-</summary>
                <type id="1" iconUrl="https://issues.apache.org/jira/images/icons/issuetypes/bug.png">Bug</type>
                                            <priority id="3" iconUrl="https://issues.apache.org/jira/images/icons/priorities/major.png">Major</priority>
                        <status id="5" iconUrl="https://issues.apache.org/jira/images/icons/statuses/resolved.png" description="A resolution has been taken, and it is awaiting verification by reporter. From here issues are either reopened, or are closed.">Resolved</status>
                    <statusCategory id="3" key="done" colorName="green"/>
                                    <resolution id="5">Cannot Reproduce</resolution>
                                        <assignee username="-1">Unassigned</assignee>
                                    <reporter username="stack">stack</reporter>
                        <labels>
                    </labels>
                <created>Fri, 17 Oct 2008 17:34:59 +0000</created>
                <updated>Fri, 23 Jan 2009 18:02:13 +0000</updated>
                            <resolved>Fri, 23 Jan 2009 18:02:13 +0000</resolved>
                                                                        <due></due>
                            <votes>0</votes>
                                    <watches>0</watches>
                                                                <comments>
                            <comment id="12640593" author="stack" created="Fri, 17 Oct 2008 17:35:40 +0000"  >&lt;p&gt;5 threaddumps taken in fairly close succession.&lt;/p&gt;</comment>
                            <comment id="12666573" author="stack" created="Fri, 23 Jan 2009 15:54:12 +0000"  >&lt;p&gt;How is this related to &lt;a href=&quot;https://issues.apache.org/jira/browse/HBASE-1121&quot; title=&quot;Cluster confused about where -ROOT- is&quot; class=&quot;issue-link&quot; data-issue-key=&quot;HBASE-1121&quot;&gt;&lt;del&gt;HBASE-1121&lt;/del&gt;&lt;/a&gt;?&lt;/p&gt;</comment>
                            <comment id="12666621" author="jimk" created="Fri, 23 Jan 2009 17:42:45 +0000"  >&lt;p&gt;You&apos;re correct. This is not related. Converting back to issue.&lt;/p&gt;</comment>
                            <comment id="12666624" author="jimk" created="Fri, 23 Jan 2009 17:45:00 +0000"  >&lt;p&gt;Not sure if this is still an issue due to the restructuring of locking and region states introduced by &lt;a href=&quot;https://issues.apache.org/jira/browse/HBASE-543&quot; title=&quot;A region&amp;#39;s state is kept in several places in the master opening the possibility for race conditions&quot; class=&quot;issue-link&quot; data-issue-key=&quot;HBASE-543&quot;&gt;&lt;del&gt;HBASE-543&lt;/del&gt;&lt;/a&gt;&lt;/p&gt;</comment>
                            <comment id="12666632" author="jimk" created="Fri, 23 Jan 2009 18:02:13 +0000"  >&lt;p&gt;At this point, this problem would be very difficult to reproduce (if it is possible at all) because of the way &lt;a href=&quot;https://issues.apache.org/jira/browse/HBASE-543&quot; title=&quot;A region&amp;#39;s state is kept in several places in the master opening the possibility for race conditions&quot; class=&quot;issue-link&quot; data-issue-key=&quot;HBASE-543&quot;&gt;&lt;del&gt;HBASE-543&lt;/del&gt;&lt;/a&gt; restructured region transition states.&lt;/p&gt;</comment>
                    </comments>
                    <attachments>
                            <attachment id="12392362" name="hbase-Powerset-master-aa0-000-8.u.powerset.com.out" size="205280" author="stack" created="Fri, 17 Oct 2008 17:35:40 +0000"/>
                    </attachments>
                <subtasks>
                    </subtasks>
                <customfields>
                                                <customfield id="customfield_12310310" key="com.atlassian.jira.toolkit:attachments">
                        <customfieldname>Attachment count</customfieldname>
                        <customfieldvalues>
                            <customfieldvalue>1.0</customfieldvalue>
                        </customfieldvalues>
                    </customfield>
                                                                                                                                                                                                                                                                                                                                                                                                                                                                                                                                <customfield id="customfield_12310220" key="com.atlassian.jira.ext.charting:firstresponsedate">
                        <customfieldname>Date of First Response</customfieldname>
                        <customfieldvalues>
                            <customfieldvalue>Fri, 23 Jan 2009 17:42:45 +0000</customfieldvalue>

                        </customfieldvalues>
                    </customfield>
                                                                                                                                                                                                                                                                                                                                                                                                                                            <customfield id="customfield_12310420" key="com.pyxis.greenhopper.jira:gh-global-rank">
                        <customfieldname>Global Rank</customfieldname>
                        <customfieldvalues>
                            <customfieldvalue>25486</customfieldvalue>
                        </customfieldvalues>
                    </customfield>
                                                                                                                                                    <customfield id="customfield_12312521" key="com.atlassian.jira.toolkit:LastCommentDate">
                        <customfieldname>Last public comment date</customfieldname>
                        <customfieldvalues>
                            7 years, 48 weeks ago
                        </customfieldvalues>
                    </customfield>
                                                                                            <customfield id="customfield_12311820" key="com.pyxis.greenhopper.jira:gh-lexo-rank">
                        <customfieldname>Rank</customfieldname>
                        <customfieldvalues>
                            <customfieldvalue>0|i0hacn:</customfieldvalue>

                        </customfieldvalues>
                    </customfield>
                                                                <customfield id="customfield_12310920" key="com.pyxis.greenhopper.jira:gh-global-rank">
                        <customfieldname>Rank (Obsolete)</customfieldname>
                        <customfieldvalues>
                            <customfieldvalue>98939</customfieldvalue>
                        </customfieldvalues>
                    </customfield>
                                                                                                                                                                                                                                                                                                <customfield id="customfield_12310222" key="com.atlassian.jira.ext.charting:timeinstatus">
                        <customfieldname>Time in Status</customfieldname>
                        <customfieldvalues>
                            
                        </customfieldvalues>
                    </customfield>
                                                                                                                        </customfields>
    </item>
</channel>
</rss>