<!-- 
RSS generated by JIRA (6.3.4#6332-sha1:51bc225ef474afe3128b2f66878477f322397b16) at Fri Dec 16 18:41:11 UTC 2016

It is possible to restrict the fields that are returned in this document by specifying the 'field' parameter in your request.
For example, to request only the issue key and summary add field=key&field=summary to the URL of your request.
For example:
https://issues.apache.org/jira/si/jira.issueviews:issue-xml/HBASE-116/HBASE-116.xml?field=key&amp;field=summary
-->
<rss version="0.92" >
<channel>
    <title>ASF JIRA</title>
    <link>https://issues.apache.org/jira</link>
    <description>This file is an XML representation of an issue</description>
    <language>en-uk</language>    <build-info>
        <version>6.3.4</version>
        <build-number>6332</build-number>
        <build-date>15-08-2014</build-date>
    </build-info>

<item>
            <title>[HBASE-116] [hbase] Leaking hdfs file handle</title>
                <link>https://issues.apache.org/jira/browse/HBASE-116</link>
                <project id="12310753" key="HBASE">HBase</project>
                    <description>&lt;p&gt;Found a leaking filehandle researching &lt;a href=&quot;https://issues.apache.org/jira/browse/HADOOP-2341&quot; title=&quot;Datanode active connections never returns to 0&quot; class=&quot;issue-link&quot; data-issue-key=&quot;HADOOP-2341&quot;&gt;&lt;del&gt;HADOOP-2341&lt;/del&gt;&lt;/a&gt;.&lt;/p&gt;</description>
                <environment></environment>
        <key id="12384038">HBASE-116</key>
            <summary>[hbase] Leaking hdfs file handle</summary>
                <type id="1" iconUrl="https://issues.apache.org/jira/images/icons/issuetypes/bug.png">Bug</type>
                                            <priority id="4" iconUrl="https://issues.apache.org/jira/images/icons/priorities/minor.png">Minor</priority>
                        <status id="6" iconUrl="https://issues.apache.org/jira/images/icons/statuses/closed.png" description="The issue is considered finished, the resolution is correct. Issues which are closed can be reopened.">Closed</status>
                    <statusCategory id="3" key="done" colorName="green"/>
                                    <resolution id="1">Fixed</resolution>
                                        <assignee username="-1">Unassigned</assignee>
                                    <reporter username="stack">stack</reporter>
                        <labels>
                    </labels>
                <created>Thu, 6 Dec 2007 01:38:37 +0000</created>
                <updated>Fri, 22 Aug 2008 21:34:49 +0000</updated>
                            <resolved>Fri, 7 Dec 2007 02:34:18 +0000</resolved>
                                                                        <due></due>
                            <votes>0</votes>
                                    <watches>0</watches>
                                                                <comments>
                            <comment id="12548901" author="stack" created="Thu, 6 Dec 2007 01:47:16 +0000"  >&lt;p&gt;&lt;a href=&quot;https://issues.apache.org/jira/browse/HBASE-116&quot; title=&quot;[hbase] Leaking hdfs file handle&quot; class=&quot;issue-link&quot; data-issue-key=&quot;HBASE-116&quot;&gt;&lt;del&gt;HADOOP-2362&lt;/del&gt;&lt;/a&gt; Leaking hdfs file handle&lt;br/&gt;
M  src/contrib/hbase/src/test/org/apache/hadoop/hbase/TestScanner2.java&lt;br/&gt;
    HRegion.createHRegion API changed.&lt;br/&gt;
M  src/contrib/hbase/src/java/org/apache/hadoop/hbase/HStoreFile.java&lt;br/&gt;
    (obtainNewHStoreFile): Remove duplicated code.&lt;br/&gt;
    (writeInfo): No need to wrap FSDataOutputStream in a DataOutputStream.&lt;br/&gt;
M  src/contrib/hbase/src/java/org/apache/hadoop/hbase/HStore.java&lt;br/&gt;
     No need to wrap FSDataOutputStream in a DataOutputStream.&lt;br/&gt;
M  src/contrib/hbase/src/java/org/apache/hadoop/hbase/HRegionServer.java&lt;br/&gt;
    Remove useless log.&lt;br/&gt;
    Do explicit imports instead of importing whole packages.&lt;br/&gt;
M src/contrib/hbase/src/java/org/apache/hadoop/hbase/HMaster.java&lt;br/&gt;
    HRegion.createHRegion API changed.&lt;br/&gt;
M  src/contrib/hbase/src/java/org/apache/hadoop/hbase/HServerInfo.java&lt;br/&gt;
M  src/contrib/hbase/src/java/org/apache/hadoop/hbase/HServerAddress.java&lt;br/&gt;
M  src/contrib/hbase/src/java/org/apache/hadoop/hbase/HAbstractScanner.java&lt;br/&gt;
M  src/contrib/hbase/src/java/org/apache/hadoop/hbase/HMsg.java&lt;br/&gt;
    Do explicit imports instead of importing whole packages.&lt;br/&gt;
M src/contrib/hbase/src/java/org/apache/hadoop/hbase/HRegion.java&lt;br/&gt;
    Close daughter regions after opening them in split.&lt;br/&gt;
    (createHRegion): No need of initialFiles argument.&lt;/p&gt;</comment>
                            <comment id="12548902" author="stack" created="Thu, 6 Dec 2007 01:47:50 +0000"  >&lt;p&gt;Tests pass locally.&lt;/p&gt;</comment>
                            <comment id="12548907" author="hadoopqa" created="Thu, 6 Dec 2007 02:48:44 +0000"  >&lt;p&gt;-1 overall.  Here are the results of testing the latest attachment &lt;br/&gt;
&lt;a href=&quot;http://issues.apache.org/jira/secure/attachment/12371086/2362.patch&quot; class=&quot;external-link&quot; rel=&quot;nofollow&quot;&gt;http://issues.apache.org/jira/secure/attachment/12371086/2362.patch&lt;/a&gt;&lt;br/&gt;
against trunk revision r601518.&lt;/p&gt;

&lt;p&gt;    @author +1.  The patch does not contain any @author tags.&lt;/p&gt;

&lt;p&gt;    javadoc +1.  The javadoc tool did not generate any warning messages.&lt;/p&gt;

&lt;p&gt;    javac +1.  The applied patch does not generate any new compiler warnings.&lt;/p&gt;

&lt;p&gt;    findbugs +1.  The patch does not introduce any new Findbugs warnings.&lt;/p&gt;

&lt;p&gt;    core tests +1.  The patch passed core unit tests.&lt;/p&gt;

&lt;p&gt;    contrib tests -1.  The patch failed contrib unit tests.&lt;/p&gt;

&lt;p&gt;Test results: &lt;a href=&quot;http://lucene.zones.apache.org:8080/hudson/job/Hadoop-Patch/1277/testReport/&quot; class=&quot;external-link&quot; rel=&quot;nofollow&quot;&gt;http://lucene.zones.apache.org:8080/hudson/job/Hadoop-Patch/1277/testReport/&lt;/a&gt;&lt;br/&gt;
Findbugs warnings: &lt;a href=&quot;http://lucene.zones.apache.org:8080/hudson/job/Hadoop-Patch/1277/artifact/trunk/build/test/findbugs/newPatchFindbugsWarnings.html&quot; class=&quot;external-link&quot; rel=&quot;nofollow&quot;&gt;http://lucene.zones.apache.org:8080/hudson/job/Hadoop-Patch/1277/artifact/trunk/build/test/findbugs/newPatchFindbugsWarnings.html&lt;/a&gt;&lt;br/&gt;
Checkstyle results: &lt;a href=&quot;http://lucene.zones.apache.org:8080/hudson/job/Hadoop-Patch/1277/artifact/trunk/build/test/checkstyle-errors.html&quot; class=&quot;external-link&quot; rel=&quot;nofollow&quot;&gt;http://lucene.zones.apache.org:8080/hudson/job/Hadoop-Patch/1277/artifact/trunk/build/test/checkstyle-errors.html&lt;/a&gt;&lt;br/&gt;
Console output: &lt;a href=&quot;http://lucene.zones.apache.org:8080/hudson/job/Hadoop-Patch/1277/console&quot; class=&quot;external-link&quot; rel=&quot;nofollow&quot;&gt;http://lucene.zones.apache.org:8080/hudson/job/Hadoop-Patch/1277/console&lt;/a&gt;&lt;/p&gt;

&lt;p&gt;This message is automatically generated.&lt;/p&gt;</comment>
                            <comment id="12548944" author="stack" created="Thu, 6 Dec 2007 07:13:35 +0000"  >&lt;p&gt;Fix TestSplit.  Was dependent on the bug this patch fixes in that it was presuming regions returned out of a split would be open.&lt;/p&gt;</comment>
                            <comment id="12548945" author="stack" created="Thu, 6 Dec 2007 07:14:47 +0000"  >&lt;p&gt;Fix for TestSplit failure.&lt;/p&gt;</comment>
                            <comment id="12548948" author="hadoopqa" created="Thu, 6 Dec 2007 07:29:24 +0000"  >&lt;p&gt;-1 overall.  Here are the results of testing the latest attachment &lt;br/&gt;
&lt;a href=&quot;http://issues.apache.org/jira/secure/attachment/12371095/2362-v2.patch&quot; class=&quot;external-link&quot; rel=&quot;nofollow&quot;&gt;http://issues.apache.org/jira/secure/attachment/12371095/2362-v2.patch&lt;/a&gt;&lt;br/&gt;
against trunk revision r601518.&lt;/p&gt;

&lt;p&gt;    @author +1.  The patch does not contain any @author tags.&lt;/p&gt;

&lt;p&gt;    javadoc +1.  The javadoc tool did not generate any warning messages.&lt;/p&gt;

&lt;p&gt;    javac +1.  The applied patch does not generate any new compiler warnings.&lt;/p&gt;

&lt;p&gt;    findbugs -1.  The patch appears to cause Findbugs to fail.&lt;/p&gt;

&lt;p&gt;    core tests -1.  The patch failed core unit tests.&lt;/p&gt;

&lt;p&gt;    contrib tests -1.  The patch failed contrib unit tests.&lt;/p&gt;

&lt;p&gt;Test results: &lt;a href=&quot;http://lucene.zones.apache.org:8080/hudson/job/Hadoop-Patch/1278/testReport/&quot; class=&quot;external-link&quot; rel=&quot;nofollow&quot;&gt;http://lucene.zones.apache.org:8080/hudson/job/Hadoop-Patch/1278/testReport/&lt;/a&gt;&lt;br/&gt;
Checkstyle results: &lt;a href=&quot;http://lucene.zones.apache.org:8080/hudson/job/Hadoop-Patch/1278/artifact/trunk/build/test/checkstyle-errors.html&quot; class=&quot;external-link&quot; rel=&quot;nofollow&quot;&gt;http://lucene.zones.apache.org:8080/hudson/job/Hadoop-Patch/1278/artifact/trunk/build/test/checkstyle-errors.html&lt;/a&gt;&lt;br/&gt;
Console output: &lt;a href=&quot;http://lucene.zones.apache.org:8080/hudson/job/Hadoop-Patch/1278/console&quot; class=&quot;external-link&quot; rel=&quot;nofollow&quot;&gt;http://lucene.zones.apache.org:8080/hudson/job/Hadoop-Patch/1278/console&lt;/a&gt;&lt;/p&gt;

&lt;p&gt;This message is automatically generated.&lt;/p&gt;</comment>
                            <comment id="12549098" author="stack" created="Thu, 6 Dec 2007 17:05:09 +0000"  >&lt;p&gt;v2 mistakenly included a broken test i&apos;d had hacked up.  v3 builds local.  Trying hudson.&lt;/p&gt;</comment>
                            <comment id="12549115" author="hadoopqa" created="Thu, 6 Dec 2007 18:15:04 +0000"  >&lt;p&gt;-1 overall.  Here are the results of testing the latest attachment &lt;br/&gt;
&lt;a href=&quot;http://issues.apache.org/jira/secure/attachment/12371151/2362-v3.patch&quot; class=&quot;external-link&quot; rel=&quot;nofollow&quot;&gt;http://issues.apache.org/jira/secure/attachment/12371151/2362-v3.patch&lt;/a&gt;&lt;br/&gt;
against trunk revision r601518.&lt;/p&gt;

&lt;p&gt;    @author +1.  The patch does not contain any @author tags.&lt;/p&gt;

&lt;p&gt;    javadoc +1.  The javadoc tool did not generate any warning messages.&lt;/p&gt;

&lt;p&gt;    javac +1.  The applied patch does not generate any new compiler warnings.&lt;/p&gt;

&lt;p&gt;    findbugs +1.  The patch does not introduce any new Findbugs warnings.&lt;/p&gt;

&lt;p&gt;    core tests +1.  The patch passed core unit tests.&lt;/p&gt;

&lt;p&gt;    contrib tests -1.  The patch failed contrib unit tests.&lt;/p&gt;

&lt;p&gt;Test results: &lt;a href=&quot;http://lucene.zones.apache.org:8080/hudson/job/Hadoop-Patch/1281/testReport/&quot; class=&quot;external-link&quot; rel=&quot;nofollow&quot;&gt;http://lucene.zones.apache.org:8080/hudson/job/Hadoop-Patch/1281/testReport/&lt;/a&gt;&lt;br/&gt;
Findbugs warnings: &lt;a href=&quot;http://lucene.zones.apache.org:8080/hudson/job/Hadoop-Patch/1281/artifact/trunk/build/test/findbugs/newPatchFindbugsWarnings.html&quot; class=&quot;external-link&quot; rel=&quot;nofollow&quot;&gt;http://lucene.zones.apache.org:8080/hudson/job/Hadoop-Patch/1281/artifact/trunk/build/test/findbugs/newPatchFindbugsWarnings.html&lt;/a&gt;&lt;br/&gt;
Checkstyle results: &lt;a href=&quot;http://lucene.zones.apache.org:8080/hudson/job/Hadoop-Patch/1281/artifact/trunk/build/test/checkstyle-errors.html&quot; class=&quot;external-link&quot; rel=&quot;nofollow&quot;&gt;http://lucene.zones.apache.org:8080/hudson/job/Hadoop-Patch/1281/artifact/trunk/build/test/checkstyle-errors.html&lt;/a&gt;&lt;br/&gt;
Console output: &lt;a href=&quot;http://lucene.zones.apache.org:8080/hudson/job/Hadoop-Patch/1281/console&quot; class=&quot;external-link&quot; rel=&quot;nofollow&quot;&gt;http://lucene.zones.apache.org:8080/hudson/job/Hadoop-Patch/1281/console&lt;/a&gt;&lt;/p&gt;

&lt;p&gt;This message is automatically generated.&lt;/p&gt;</comment>
                            <comment id="12549271" author="stack" created="Fri, 7 Dec 2007 01:07:59 +0000"  >&lt;p&gt;Retry v3.&lt;/p&gt;</comment>
                            <comment id="12549282" author="hadoopqa" created="Fri, 7 Dec 2007 02:24:20 +0000"  >&lt;p&gt;+1 overall.  Here are the results of testing the latest attachment &lt;br/&gt;
&lt;a href=&quot;http://issues.apache.org/jira/secure/attachment/12371151/2362-v3.patch&quot; class=&quot;external-link&quot; rel=&quot;nofollow&quot;&gt;http://issues.apache.org/jira/secure/attachment/12371151/2362-v3.patch&lt;/a&gt;&lt;br/&gt;
against trunk revision r601920.&lt;/p&gt;

&lt;p&gt;    @author +1.  The patch does not contain any @author tags.&lt;/p&gt;

&lt;p&gt;    javadoc +1.  The javadoc tool did not generate any warning messages.&lt;/p&gt;

&lt;p&gt;    javac +1.  The applied patch does not generate any new compiler warnings.&lt;/p&gt;

&lt;p&gt;    findbugs +1.  The patch does not introduce any new Findbugs warnings.&lt;/p&gt;

&lt;p&gt;    core tests +1.  The patch passed core unit tests.&lt;/p&gt;

&lt;p&gt;    contrib tests +1.  The patch passed contrib unit tests.&lt;/p&gt;

&lt;p&gt;Test results: &lt;a href=&quot;http://lucene.zones.apache.org:8080/hudson/job/Hadoop-Patch/1288/testReport/&quot; class=&quot;external-link&quot; rel=&quot;nofollow&quot;&gt;http://lucene.zones.apache.org:8080/hudson/job/Hadoop-Patch/1288/testReport/&lt;/a&gt;&lt;br/&gt;
Findbugs warnings: &lt;a href=&quot;http://lucene.zones.apache.org:8080/hudson/job/Hadoop-Patch/1288/artifact/trunk/build/test/findbugs/newPatchFindbugsWarnings.html&quot; class=&quot;external-link&quot; rel=&quot;nofollow&quot;&gt;http://lucene.zones.apache.org:8080/hudson/job/Hadoop-Patch/1288/artifact/trunk/build/test/findbugs/newPatchFindbugsWarnings.html&lt;/a&gt;&lt;br/&gt;
Checkstyle results: &lt;a href=&quot;http://lucene.zones.apache.org:8080/hudson/job/Hadoop-Patch/1288/artifact/trunk/build/test/checkstyle-errors.html&quot; class=&quot;external-link&quot; rel=&quot;nofollow&quot;&gt;http://lucene.zones.apache.org:8080/hudson/job/Hadoop-Patch/1288/artifact/trunk/build/test/checkstyle-errors.html&lt;/a&gt;&lt;br/&gt;
Console output: &lt;a href=&quot;http://lucene.zones.apache.org:8080/hudson/job/Hadoop-Patch/1288/console&quot; class=&quot;external-link&quot; rel=&quot;nofollow&quot;&gt;http://lucene.zones.apache.org:8080/hudson/job/Hadoop-Patch/1288/console&lt;/a&gt;&lt;/p&gt;

&lt;p&gt;This message is automatically generated.&lt;/p&gt;</comment>
                            <comment id="12549285" author="stack" created="Fri, 7 Dec 2007 02:34:18 +0000"  >&lt;p&gt;Committed.  Resolving.&lt;/p&gt;</comment>
                            <comment id="12549382" author="hudson" created="Fri, 7 Dec 2007 12:08:19 +0000"  >&lt;p&gt;Integrated in Hadoop-Nightly #325 (See &lt;a href=&quot;http://lucene.zones.apache.org:8080/hudson/job/Hadoop-Nightly/325/&quot; class=&quot;external-link&quot; rel=&quot;nofollow&quot;&gt;http://lucene.zones.apache.org:8080/hudson/job/Hadoop-Nightly/325/&lt;/a&gt;)&lt;/p&gt;</comment>
                    </comments>
                    <attachments>
                            <attachment id="12371095" name="2362-v2.patch" size="19125" author="stack" created="Thu, 6 Dec 2007 07:13:35 +0000"/>
                            <attachment id="12371151" name="2362-v3.patch" size="18966" author="stack" created="Thu, 6 Dec 2007 16:54:24 +0000"/>
                            <attachment id="12371086" name="2362.patch" size="10994" author="stack" created="Thu, 6 Dec 2007 01:47:16 +0000"/>
                    </attachments>
                <subtasks>
                    </subtasks>
                <customfields>
                                                <customfield id="customfield_12310310" key="com.atlassian.jira.toolkit:attachments">
                        <customfieldname>Attachment count</customfieldname>
                        <customfieldvalues>
                            <customfieldvalue>3.0</customfieldvalue>
                        </customfieldvalues>
                    </customfield>
                                                                                                                                                                                                                                                                                                                                                                                                                                                                                                                                <customfield id="customfield_12310220" key="com.atlassian.jira.ext.charting:firstresponsedate">
                        <customfieldname>Date of First Response</customfieldname>
                        <customfieldvalues>
                            <customfieldvalue>Thu, 6 Dec 2007 02:48:44 +0000</customfieldvalue>

                        </customfieldvalues>
                    </customfield>
                                                                                                                                                                                                                                                                                                                                                                                                                                            <customfield id="customfield_12310420" key="com.pyxis.greenhopper.jira:gh-global-rank">
                        <customfieldname>Global Rank</customfieldname>
                        <customfieldvalues>
                            <customfieldvalue>24900</customfieldvalue>
                        </customfieldvalues>
                    </customfield>
                                                                                                                                                    <customfield id="customfield_12312521" key="com.atlassian.jira.toolkit:LastCommentDate">
                        <customfieldname>Last public comment date</customfieldname>
                        <customfieldvalues>
                            9 years, 3 weeks ago
                        </customfieldvalues>
                    </customfield>
                                                                                            <customfield id="customfield_12311820" key="com.pyxis.greenhopper.jira:gh-lexo-rank">
                        <customfieldname>Rank</customfieldname>
                        <customfieldvalues>
                            <customfieldvalue>0|i0h4hz:</customfieldvalue>

                        </customfieldvalues>
                    </customfield>
                                                                <customfield id="customfield_12310920" key="com.pyxis.greenhopper.jira:gh-global-rank">
                        <customfieldname>Rank (Obsolete)</customfieldname>
                        <customfieldvalues>
                            <customfieldvalue>97991</customfieldvalue>
                        </customfieldvalues>
                    </customfield>
                                                                                                                                                                                                                                                                                                <customfield id="customfield_12310222" key="com.atlassian.jira.ext.charting:timeinstatus">
                        <customfieldname>Time in Status</customfieldname>
                        <customfieldvalues>
                            
                        </customfieldvalues>
                    </customfield>
                                                                                                                        </customfields>
    </item>
</channel>
</rss>