<!-- 
RSS generated by JIRA (6.3.4#6332-sha1:51bc225ef474afe3128b2f66878477f322397b16) at Fri Dec 16 18:45:34 UTC 2016

It is possible to restrict the fields that are returned in this document by specifying the 'field' parameter in your request.
For example, to request only the issue key and summary add field=key&field=summary to the URL of your request.
For example:
https://issues.apache.org/jira/si/jira.issueviews:issue-xml/HBASE-575/HBASE-575.xml?field=key&amp;field=summary
-->
<rss version="0.92" >
<channel>
    <title>ASF JIRA</title>
    <link>https://issues.apache.org/jira</link>
    <description>This file is an XML representation of an issue</description>
    <language>en-uk</language>    <build-info>
        <version>6.3.4</version>
        <build-number>6332</build-number>
        <build-date>15-08-2014</build-date>
    </build-info>

<item>
            <title>[HBASE-575] hbase master dies with stack overflow error if rootdir isn&apos;t qualified</title>
                <link>https://issues.apache.org/jira/browse/HBASE-575</link>
                <project id="12310753" key="HBASE">HBase</project>
                    <description>&lt;p&gt;With a relative rootdir (/hbase/), the hbase master throws this on startup:&lt;/p&gt;

&lt;p&gt;08/04/11 17:53:00 ERROR hbase.HMaster: Can not start master&lt;br/&gt;
java.lang.reflect.InvocationTargetException&lt;br/&gt;
        at sun.reflect.NativeConstructorAccessorImpl.newInstance0(Native Method)&lt;br/&gt;
        at sun.reflect.NativeConstructorAccessorImpl.newInstance(Unknown Source)&lt;br/&gt;
        at sun.reflect.DelegatingConstructorAccessorImpl.newInstance(Unknown Source)&lt;br/&gt;
        at java.lang.reflect.Constructor.newInstance(Unknown Source)&lt;br/&gt;
        at org.apache.hadoop.hbase.HMaster.doMain(HMaster.java:3329)&lt;br/&gt;
        at org.apache.hadoop.hbase.HMaster.main(HMaster.java:3363)&lt;br/&gt;
Caused by: java.lang.StackOverflowError&lt;br/&gt;
        at java.net.URI$Parser.checkChars(Unknown Source)&lt;/p&gt;</description>
                <environment></environment>
        <key id="12393775">HBASE-575</key>
            <summary>hbase master dies with stack overflow error if rootdir isn&apos;t qualified</summary>
                <type id="1" iconUrl="https://issues.apache.org/jira/images/icons/issuetypes/bug.png">Bug</type>
                                            <priority id="1" iconUrl="https://issues.apache.org/jira/images/icons/priorities/blocker.png">Blocker</priority>
                        <status id="6" iconUrl="https://issues.apache.org/jira/images/icons/statuses/closed.png" description="The issue is considered finished, the resolution is correct. Issues which are closed can be reopened.">Closed</status>
                    <statusCategory id="3" key="done" colorName="green"/>
                                    <resolution id="1">Fixed</resolution>
                                        <assignee username="jimk">Jim Kellerman</assignee>
                                    <reporter username="bien">Michael Bieniosek</reporter>
                        <labels>
                    </labels>
                <created>Fri, 11 Apr 2008 17:52:15 +0000</created>
                <updated>Fri, 22 Aug 2008 21:13:13 +0000</updated>
                            <resolved>Tue, 15 Apr 2008 21:43:30 +0000</resolved>
                                    <version>0.1.1</version>
                                    <fixVersion>0.1.2</fixVersion>
                    <fixVersion>0.2.0</fixVersion>
                                        <due></due>
                            <votes>0</votes>
                                    <watches>0</watches>
                                                                <comments>
                            <comment id="12588156" author="stack" created="Fri, 11 Apr 2008 22:49:47 +0000"  >&lt;p&gt;I asked Michael to make this a blocker since its the first thing users will see migrating from 0.16.x to 0.1.0 (if they don&apos;t read the doc. that is)&lt;/p&gt;</comment>
                            <comment id="12589172" author="jimk" created="Tue, 15 Apr 2008 18:07:20 +0000"  >&lt;p&gt;Detects invalid root directory paths. Includes a test case. Please review.&lt;/p&gt;</comment>
                            <comment id="12589195" author="stack" created="Tue, 15 Apr 2008 19:12:30 +0000"  >&lt;p&gt;Why inline the rootdir test into the HMaster constructor?  Why not make a utility method hosted elsewhere &amp;#8212; FSUtils &amp;#8211; and have the HMaster constructor use that?  Have the test exercise the utility method rather than HMaster (as is where it catches any IOE, its overly broad).&lt;/p&gt;</comment>
                            <comment id="12589254" author="jimk" created="Tue, 15 Apr 2008 21:43:30 +0000"  >&lt;p&gt;Committed to 0.1 branch and trunk.&lt;/p&gt;</comment>
                    </comments>
                    <attachments>
                            <attachment id="12380201" name="patch.txt" size="3118" author="jimk" created="Tue, 15 Apr 2008 18:06:19 +0000"/>
                    </attachments>
                <subtasks>
                    </subtasks>
                <customfields>
                                                <customfield id="customfield_12310310" key="com.atlassian.jira.toolkit:attachments">
                        <customfieldname>Attachment count</customfieldname>
                        <customfieldvalues>
                            <customfieldvalue>1.0</customfieldvalue>
                        </customfieldvalues>
                    </customfield>
                                                                                                                                                                                                                                                                                                                                                                                                                                                                                                                                <customfield id="customfield_12310220" key="com.atlassian.jira.ext.charting:firstresponsedate">
                        <customfieldname>Date of First Response</customfieldname>
                        <customfieldvalues>
                            <customfieldvalue>Fri, 11 Apr 2008 22:49:47 +0000</customfieldvalue>

                        </customfieldvalues>
                    </customfield>
                                                                                                                                                                                                                                                                                                                                                                                                                                            <customfield id="customfield_12310420" key="com.pyxis.greenhopper.jira:gh-global-rank">
                        <customfieldname>Global Rank</customfieldname>
                        <customfieldvalues>
                            <customfieldvalue>25273</customfieldvalue>
                        </customfieldvalues>
                    </customfield>
                                                                                                                                                    <customfield id="customfield_12312521" key="com.atlassian.jira.toolkit:LastCommentDate">
                        <customfieldname>Last public comment date</customfieldname>
                        <customfieldvalues>
                            8 years, 36 weeks, 2 days ago
                        </customfieldvalues>
                    </customfield>
                                                                                            <customfield id="customfield_12311820" key="com.pyxis.greenhopper.jira:gh-lexo-rank">
                        <customfieldname>Rank</customfieldname>
                        <customfieldvalues>
                            <customfieldvalue>0|i0h853:</customfieldvalue>

                        </customfieldvalues>
                    </customfield>
                                                                <customfield id="customfield_12310920" key="com.pyxis.greenhopper.jira:gh-global-rank">
                        <customfieldname>Rank (Obsolete)</customfieldname>
                        <customfieldvalues>
                            <customfieldvalue>98581</customfieldvalue>
                        </customfieldvalues>
                    </customfield>
                                                                                                                                                                                                                                                                                                <customfield id="customfield_12310222" key="com.atlassian.jira.ext.charting:timeinstatus">
                        <customfieldname>Time in Status</customfieldname>
                        <customfieldvalues>
                            
                        </customfieldvalues>
                    </customfield>
                                                                                                                        </customfields>
    </item>
</channel>
</rss>