<!-- 
RSS generated by JIRA (6.3.4#6332-sha1:51bc225ef474afe3128b2f66878477f322397b16) at Fri Dec 16 18:47:17 UTC 2016

It is possible to restrict the fields that are returned in this document by specifying the 'field' parameter in your request.
For example, to request only the issue key and summary add field=key&field=summary to the URL of your request.
For example:
https://issues.apache.org/jira/si/jira.issueviews:issue-xml/HBASE-763/HBASE-763.xml?field=key&amp;field=summary
-->
<rss version="0.92" >
<channel>
    <title>ASF JIRA</title>
    <link>https://issues.apache.org/jira</link>
    <description>This file is an XML representation of an issue</description>
    <language>en-uk</language>    <build-info>
        <version>6.3.4</version>
        <build-number>6332</build-number>
        <build-date>15-08-2014</build-date>
    </build-info>

<item>
            <title>[HBASE-763] ClassCastException from RowResult.get(String)</title>
                <link>https://issues.apache.org/jira/browse/HBASE-763</link>
                <project id="12310753" key="HBASE">HBase</project>
                    <description>&lt;p&gt;&lt;span class=&quot;error&quot;&gt;&amp;#91;hadoop@sjdc-atr-dns column-test&amp;#93;&lt;/span&gt;$ hbase net.iridiant.simpletest.Main --master=10.30.94.1:60000&lt;br/&gt;
Exception in thread &quot;main&quot; java.lang.ClassCastException: java.lang.String cannot be cast to [B&lt;br/&gt;
        at org.apache.hadoop.hbase.util.Bytes$1.compare(Bytes.java:32)&lt;br/&gt;
        at java.util.TreeMap.getEntryUsingComparator(TreeMap.java:351)&lt;br/&gt;
        at java.util.TreeMap.getEntry(TreeMap.java:322)&lt;br/&gt;
        at java.util.TreeMap.get(TreeMap.java:255)&lt;br/&gt;
        at org.apache.hadoop.hbase.io.HbaseMapWritable.get(HbaseMapWritable.java:112)&lt;br/&gt;
        at org.apache.hadoop.hbase.io.RowResult.get(RowResult.java:79)&lt;br/&gt;
        at net.iridiant.simpletest.Main.main(Unknown Source)&lt;/p&gt;

&lt;p&gt;Please see attached testcase.&lt;/p&gt;</description>
                <environment></environment>
        <key id="12400785">HBASE-763</key>
            <summary>ClassCastException from RowResult.get(String)</summary>
                <type id="1" iconUrl="https://issues.apache.org/jira/images/icons/issuetypes/bug.png">Bug</type>
                                            <priority id="3" iconUrl="https://issues.apache.org/jira/images/icons/priorities/major.png">Major</priority>
                        <status id="6" iconUrl="https://issues.apache.org/jira/images/icons/statuses/closed.png" description="The issue is considered finished, the resolution is correct. Issues which are closed can be reopened.">Closed</status>
                    <statusCategory id="3" key="done" colorName="green"/>
                                    <resolution id="1">Fixed</resolution>
                                        <assignee username="-1">Unassigned</assignee>
                                    <reporter username="apurtell">Andrew Purtell</reporter>
                        <labels>
                    </labels>
                <created>Wed, 23 Jul 2008 01:33:43 +0000</created>
                <updated>Fri, 22 Aug 2008 21:13:20 +0000</updated>
                            <resolved>Wed, 23 Jul 2008 15:06:03 +0000</resolved>
                                    <version>0.2.0</version>
                                    <fixVersion>0.2.0</fixVersion>
                                        <due></due>
                            <votes>0</votes>
                                    <watches>0</watches>
                                                                <comments>
                            <comment id="12615862" author="apurtell" created="Wed, 23 Jul 2008 02:00:58 +0000"  >&lt;p&gt;I know the get(Object) method is required by the Map interface, but a HBaseMapWritable is not a generic map. I think at least a convenience method for RowResult.get(String) should go into 0.2.0 because it represents a pretty big WTF moment for a user trying to do something basic with the client API, since there are other convenience methods that take String keys. I know I had one. &lt;/p&gt;
</comment>
                            <comment id="12616096" author="stack" created="Wed, 23 Jul 2008 15:06:03 +0000"  >&lt;p&gt;Committed.  Thanks for the patch Andrew.&lt;/p&gt;</comment>
                    </comments>
                    <attachments>
                            <attachment id="12386680" name="RowResult.patch" size="547" author="apurtell" created="Wed, 23 Jul 2008 02:00:58 +0000"/>
                            <attachment id="12386678" name="simpletest.java" size="1809" author="apurtell" created="Wed, 23 Jul 2008 01:35:59 +0000"/>
                    </attachments>
                <subtasks>
                    </subtasks>
                <customfields>
                                                <customfield id="customfield_12310310" key="com.atlassian.jira.toolkit:attachments">
                        <customfieldname>Attachment count</customfieldname>
                        <customfieldvalues>
                            <customfieldvalue>2.0</customfieldvalue>
                        </customfieldvalues>
                    </customfield>
                                                                                                                                                                                                                                                                                                                                                                                                                                                                                                                                <customfield id="customfield_12310220" key="com.atlassian.jira.ext.charting:firstresponsedate">
                        <customfieldname>Date of First Response</customfieldname>
                        <customfieldvalues>
                            <customfieldvalue>Wed, 23 Jul 2008 15:06:03 +0000</customfieldvalue>

                        </customfieldvalues>
                    </customfield>
                                                                                                                                                                                                                                                                                                                                                                                                                                            <customfield id="customfield_12310420" key="com.pyxis.greenhopper.jira:gh-global-rank">
                        <customfieldname>Global Rank</customfieldname>
                        <customfieldvalues>
                            <customfieldvalue>25385</customfieldvalue>
                        </customfieldvalues>
                    </customfield>
                                                                                                                                                    <customfield id="customfield_12312521" key="com.atlassian.jira.toolkit:LastCommentDate">
                        <customfieldname>Last public comment date</customfieldname>
                        <customfieldvalues>
                            8 years, 22 weeks, 2 days ago
                        </customfieldvalues>
                    </customfield>
                                                                                            <customfield id="customfield_12311820" key="com.pyxis.greenhopper.jira:gh-lexo-rank">
                        <customfieldname>Rank</customfieldname>
                        <customfieldvalues>
                            <customfieldvalue>0|i0h9av:</customfieldvalue>

                        </customfieldvalues>
                    </customfield>
                                                                <customfield id="customfield_12310920" key="com.pyxis.greenhopper.jira:gh-global-rank">
                        <customfieldname>Rank (Obsolete)</customfieldname>
                        <customfieldvalues>
                            <customfieldvalue>98769</customfieldvalue>
                        </customfieldvalues>
                    </customfield>
                                                                                                                                                                                                                                                                                                <customfield id="customfield_12310222" key="com.atlassian.jira.ext.charting:timeinstatus">
                        <customfieldname>Time in Status</customfieldname>
                        <customfieldvalues>
                            
                        </customfieldvalues>
                    </customfield>
                                                                                                                        </customfields>
    </item>
</channel>
</rss>