<!-- 
RSS generated by JIRA (6.3.4#6332-sha1:51bc225ef474afe3128b2f66878477f322397b16) at Fri Dec 16 18:45:49 UTC 2016

It is possible to restrict the fields that are returned in this document by specifying the 'field' parameter in your request.
For example, to request only the issue key and summary add field=key&field=summary to the URL of your request.
For example:
https://issues.apache.org/jira/si/jira.issueviews:issue-xml/HBASE-603/HBASE-603.xml?field=key&amp;field=summary
-->
<rss version="0.92" >
<channel>
    <title>ASF JIRA</title>
    <link>https://issues.apache.org/jira</link>
    <description>This file is an XML representation of an issue</description>
    <language>en-uk</language>    <build-info>
        <version>6.3.4</version>
        <build-number>6332</build-number>
        <build-date>15-08-2014</build-date>
    </build-info>

<item>
            <title>[HBASE-603] When an exception bubbles out of getRegionServerWithRetries, wrap the exception with a RetriesExhaustedException</title>
                <link>https://issues.apache.org/jira/browse/HBASE-603</link>
                <project id="12310753" key="HBASE">HBase</project>
                    <description>&lt;p&gt;There&apos;s always a lot of confusion about what NotServingRegionExceptions and WrongRegionExceptions mean when they come out of the client side. To help alleviate this, I propose that we create a new exception type called RetriesExhaustedException that wraps the actual thrown exception and presents it clearly as a retry issue. This will be very helpful, I think. Perhaps the exception can even take a list of the exceptions that led up to this point. &lt;/p&gt;</description>
                <environment></environment>
        <key id="12394952">HBASE-603</key>
            <summary>When an exception bubbles out of getRegionServerWithRetries, wrap the exception with a RetriesExhaustedException</summary>
                <type id="2" iconUrl="https://issues.apache.org/jira/images/icons/issuetypes/newfeature.png">New Feature</type>
                                            <priority id="4" iconUrl="https://issues.apache.org/jira/images/icons/priorities/minor.png">Minor</priority>
                        <status id="6" iconUrl="https://issues.apache.org/jira/images/icons/statuses/closed.png" description="The issue is considered finished, the resolution is correct. Issues which are closed can be reopened.">Closed</status>
                    <statusCategory id="3" key="done" colorName="green"/>
                                    <resolution id="1">Fixed</resolution>
                                        <assignee username="bryanduxbury">Bryan Duxbury</assignee>
                                    <reporter username="bryanduxbury">Bryan Duxbury</reporter>
                        <labels>
                    </labels>
                <created>Tue, 29 Apr 2008 03:33:56 +0000</created>
                <updated>Fri, 22 Aug 2008 21:13:14 +0000</updated>
                            <resolved>Tue, 29 Apr 2008 23:00:22 +0000</resolved>
                                                    <fixVersion>0.2.0</fixVersion>
                                    <component>Client</component>
                        <due></due>
                            <votes>0</votes>
                                    <watches>0</watches>
                                                                <comments>
                            <comment id="12593140" author="bryanduxbury" created="Tue, 29 Apr 2008 22:04:56 +0000"  >&lt;p&gt;Here&apos;s a patch for this. Passes unit tests, though TTI was giving me a little trouble. Don&apos;t know if it&apos;s related or not.&lt;/p&gt;</comment>
                            <comment id="12593141" author="bryanduxbury" created="Tue, 29 Apr 2008 22:05:16 +0000"  >&lt;p&gt;Please review.&lt;/p&gt;</comment>
                            <comment id="12593151" author="jimk" created="Tue, 29 Apr 2008 22:38:31 +0000"  >&lt;p&gt;RetriesExhaustedException : javadoc incorrect for constructor&lt;/p&gt;

&lt;p&gt;otherwise +1&lt;/p&gt;</comment>
                            <comment id="12593159" author="bryanduxbury" created="Tue, 29 Apr 2008 23:00:22 +0000"  >&lt;p&gt;I fixed the javadoc like Jim suggestion. Committed to trunk.&lt;/p&gt;</comment>
                    </comments>
                    <attachments>
                            <attachment id="12381145" name="603.patch" size="3610" author="bryanduxbury" created="Tue, 29 Apr 2008 22:04:56 +0000"/>
                    </attachments>
                <subtasks>
                    </subtasks>
                <customfields>
                                                <customfield id="customfield_12310310" key="com.atlassian.jira.toolkit:attachments">
                        <customfieldname>Attachment count</customfieldname>
                        <customfieldvalues>
                            <customfieldvalue>1.0</customfieldvalue>
                        </customfieldvalues>
                    </customfield>
                                                                                                                                                                                                                                                                                                                                                                                                                                                                                                                                <customfield id="customfield_12310220" key="com.atlassian.jira.ext.charting:firstresponsedate">
                        <customfieldname>Date of First Response</customfieldname>
                        <customfieldvalues>
                            <customfieldvalue>Tue, 29 Apr 2008 22:38:31 +0000</customfieldvalue>

                        </customfieldvalues>
                    </customfield>
                                                                                                                                                                                                                                                                                                                                                                                                                                            <customfield id="customfield_12310420" key="com.pyxis.greenhopper.jira:gh-global-rank">
                        <customfieldname>Global Rank</customfieldname>
                        <customfieldvalues>
                            <customfieldvalue>31778</customfieldvalue>
                        </customfieldvalues>
                    </customfield>
                                                                                                                                                    <customfield id="customfield_12312521" key="com.atlassian.jira.toolkit:LastCommentDate">
                        <customfieldname>Last public comment date</customfieldname>
                        <customfieldvalues>
                            8 years, 34 weeks, 2 days ago
                        </customfieldvalues>
                    </customfield>
                                                                                            <customfield id="customfield_12311820" key="com.pyxis.greenhopper.jira:gh-lexo-rank">
                        <customfieldname>Rank</customfieldname>
                        <customfieldvalues>
                            <customfieldvalue>0|i0h8bj:</customfieldvalue>

                        </customfieldvalues>
                    </customfield>
                                                                <customfield id="customfield_12310920" key="com.pyxis.greenhopper.jira:gh-global-rank">
                        <customfieldname>Rank (Obsolete)</customfieldname>
                        <customfieldvalues>
                            <customfieldvalue>98610</customfieldvalue>
                        </customfieldvalues>
                    </customfield>
                                                                                                                                                                                                                                                                                                <customfield id="customfield_12310222" key="com.atlassian.jira.ext.charting:timeinstatus">
                        <customfieldname>Time in Status</customfieldname>
                        <customfieldvalues>
                            
                        </customfieldvalues>
                    </customfield>
                                                                                                                        </customfields>
    </item>
</channel>
</rss>