<!-- 
RSS generated by JIRA (6.3.4#6332-sha1:51bc225ef474afe3128b2f66878477f322397b16) at Fri Dec 16 18:44:53 UTC 2016

It is possible to restrict the fields that are returned in this document by specifying the 'field' parameter in your request.
For example, to request only the issue key and summary add field=key&field=summary to the URL of your request.
For example:
https://issues.apache.org/jira/si/jira.issueviews:issue-xml/HBASE-506/HBASE-506.xml?field=key&amp;field=summary
-->
<rss version="0.92" >
<channel>
    <title>ASF JIRA</title>
    <link>https://issues.apache.org/jira</link>
    <description>This file is an XML representation of an issue</description>
    <language>en-uk</language>    <build-info>
        <version>6.3.4</version>
        <build-number>6332</build-number>
        <build-date>15-08-2014</build-date>
    </build-info>

<item>
            <title>[HBASE-506] When an exception has to escape ServerCallable due to exhausted retries, show all the exceptions that lead to this situation</title>
                <link>https://issues.apache.org/jira/browse/HBASE-506</link>
                <project id="12310753" key="HBASE">HBase</project>
                    <description>&lt;p&gt;Every so often, we find ourselves trying to debug a problem that happens in HTable where we exhaust all our retries trying to contact the region server hosting the region we want to operate on. Oftentimes the last exception that comes out is something like WrongRegionException, which should just never be the case. &lt;/p&gt;

&lt;p&gt;As a way to improve our debugging capabilities, when we decide to throw an exception out of ServerCallable, let&apos;s show not just the last exception but all the exceptions that caused all the retries in the first place. This will help us understand the sequence of events that led to us running out of retries. &lt;/p&gt;</description>
                <environment></environment>
        <key id="12390800">HBASE-506</key>
            <summary>When an exception has to escape ServerCallable due to exhausted retries, show all the exceptions that lead to this situation</summary>
                <type id="4" iconUrl="https://issues.apache.org/jira/images/icons/issuetypes/improvement.png">Improvement</type>
                                            <priority id="3" iconUrl="https://issues.apache.org/jira/images/icons/priorities/major.png">Major</priority>
                        <status id="6" iconUrl="https://issues.apache.org/jira/images/icons/statuses/closed.png" description="The issue is considered finished, the resolution is correct. Issues which are closed can be reopened.">Closed</status>
                    <statusCategory id="3" key="done" colorName="green"/>
                                    <resolution id="1">Fixed</resolution>
                                        <assignee username="bryanduxbury">Bryan Duxbury</assignee>
                                    <reporter username="bryanduxbury">Bryan Duxbury</reporter>
                        <labels>
                    </labels>
                <created>Wed, 12 Mar 2008 00:20:42 +0000</created>
                <updated>Fri, 22 Aug 2008 21:13:11 +0000</updated>
                            <resolved>Sat, 15 Mar 2008 21:27:18 +0000</resolved>
                                                    <fixVersion>0.1.0</fixVersion>
                    <fixVersion>0.2.0</fixVersion>
                                    <component>Client</component>
                        <due></due>
                            <votes>0</votes>
                                    <watches>0</watches>
                                                                <comments>
                            <comment id="12577659" author="bryanduxbury" created="Wed, 12 Mar 2008 00:40:46 +0000"  >&lt;p&gt;Here&apos;s a patch to add this functionality for 0.1. (Nearly the same patch would apply to trunk, but let&apos;s see if this works first.)&lt;/p&gt;</comment>
                            <comment id="12577703" author="stack" created="Wed, 12 Mar 2008 04:45:34 +0000"  >&lt;p&gt;+1 on patch.  Falls into the debugging tools category &amp;#8211; will help prove/disprove IRC theory that WREs just happen to be the last of a set of retryes &amp;#8211; so fine to apply to 0.1 branch.&lt;/p&gt;</comment>
                            <comment id="12577705" author="stack" created="Wed, 12 Mar 2008 04:52:22 +0000"  >&lt;p&gt;I saw below running tests on patch:&lt;/p&gt;

&lt;p&gt;    &lt;span class=&quot;error&quot;&gt;&amp;#91;junit&amp;#93;&lt;/span&gt; Tests run: 1, Failures: 1, Errors: 0, Time elapsed: 72.628 sec&lt;br/&gt;
    &lt;span class=&quot;error&quot;&gt;&amp;#91;junit&amp;#93;&lt;/span&gt; Test org.apache.hadoop.hbase.TestEmptyMetaInfo FAILED&lt;/p&gt;

&lt;p&gt;Do you see same?&lt;/p&gt;</comment>
                            <comment id="12577714" author="bryanduxbury" created="Wed, 12 Mar 2008 05:21:23 +0000"  >&lt;p&gt;Don&apos;t see that failure in my test suite because the TestEmptyMetaInfo test doesn&apos;t exist yet. &lt;a href=&quot;https://issues.apache.org/jira/browse/HBASE-27&quot; title=&quot;[hbase] hregioninfo cell empty in meta table&quot; class=&quot;issue-link&quot; data-issue-key=&quot;HBASE-27&quot;&gt;&lt;del&gt;HBASE-27&lt;/del&gt;&lt;/a&gt; hasn&apos;t been applied, right?&lt;/p&gt;</comment>
                            <comment id="12577717" author="stack" created="Wed, 12 Mar 2008 05:42:58 +0000"  >&lt;p&gt;Right.  My test bed was polluted w/ &lt;a href=&quot;https://issues.apache.org/jira/browse/HBASE-27&quot; title=&quot;[hbase] hregioninfo cell empty in meta table&quot; class=&quot;issue-link&quot; data-issue-key=&quot;HBASE-27&quot;&gt;&lt;del&gt;HBASE-27&lt;/del&gt;&lt;/a&gt;.&lt;/p&gt;</comment>
                            <comment id="12577931" author="bryanduxbury" created="Wed, 12 Mar 2008 17:12:59 +0000"  >&lt;p&gt;Here&apos;s the same thing but for trunk.&lt;/p&gt;</comment>
                            <comment id="12577932" author="bryanduxbury" created="Wed, 12 Mar 2008 17:13:14 +0000"  >&lt;p&gt;Please review.&lt;/p&gt;</comment>
                            <comment id="12577933" author="jimk" created="Wed, 12 Mar 2008 17:14:22 +0000"  >&lt;p&gt;That is really odd that TestEmptyMetaInfo should fail. Basically what it does is open the META table, stick in a bunch of rows that don&apos;t have info:regioninfo in them and wait for the master to clean them up.&lt;/p&gt;</comment>
                            <comment id="12577957" author="bryanduxbury" created="Wed, 12 Mar 2008 18:05:40 +0000"  >&lt;p&gt;I ran TestEmptyMetaInfo against this patch now that it&apos;s committed, and it works fine.&lt;/p&gt;</comment>
                            <comment id="12579086" author="bryanduxbury" created="Sat, 15 Mar 2008 21:27:18 +0000"  >&lt;p&gt;I just committed this to 0.1 and trunk.&lt;/p&gt;</comment>
                    </comments>
                    <attachments>
                            <attachment id="12377657" name="506-0.1.patch" size="1605" author="bryanduxbury" created="Wed, 12 Mar 2008 00:40:46 +0000"/>
                            <attachment id="12377710" name="506.patch" size="1626" author="bryanduxbury" created="Wed, 12 Mar 2008 17:12:59 +0000"/>
                    </attachments>
                <subtasks>
                    </subtasks>
                <customfields>
                                                <customfield id="customfield_12310310" key="com.atlassian.jira.toolkit:attachments">
                        <customfieldname>Attachment count</customfieldname>
                        <customfieldvalues>
                            <customfieldvalue>2.0</customfieldvalue>
                        </customfieldvalues>
                    </customfield>
                                                                                                                                                                                                                                                                                                                                                                                                                                                                                                                                <customfield id="customfield_12310220" key="com.atlassian.jira.ext.charting:firstresponsedate">
                        <customfieldname>Date of First Response</customfieldname>
                        <customfieldvalues>
                            <customfieldvalue>Wed, 12 Mar 2008 04:45:34 +0000</customfieldvalue>

                        </customfieldvalues>
                    </customfield>
                                                                                                                                                                                                                                                                                                                                                                                                                                            <customfield id="customfield_12310420" key="com.pyxis.greenhopper.jira:gh-global-rank">
                        <customfieldname>Global Rank</customfieldname>
                        <customfieldvalues>
                            <customfieldvalue>31732</customfieldvalue>
                        </customfieldvalues>
                    </customfield>
                                                                                                                                                    <customfield id="customfield_12312521" key="com.atlassian.jira.toolkit:LastCommentDate">
                        <customfieldname>Last public comment date</customfieldname>
                        <customfieldvalues>
                            8 years, 40 weeks, 5 days ago
                        </customfieldvalues>
                    </customfield>
                                                                                            <customfield id="customfield_12311820" key="com.pyxis.greenhopper.jira:gh-lexo-rank">
                        <customfieldname>Rank</customfieldname>
                        <customfieldvalues>
                            <customfieldvalue>0|i0h7pr:</customfieldvalue>

                        </customfieldvalues>
                    </customfield>
                                                                <customfield id="customfield_12310920" key="com.pyxis.greenhopper.jira:gh-global-rank">
                        <customfieldname>Rank (Obsolete)</customfieldname>
                        <customfieldvalues>
                            <customfieldvalue>98512</customfieldvalue>
                        </customfieldvalues>
                    </customfield>
                                                                                                                                                                                                                                                                                                <customfield id="customfield_12310222" key="com.atlassian.jira.ext.charting:timeinstatus">
                        <customfieldname>Time in Status</customfieldname>
                        <customfieldvalues>
                            
                        </customfieldvalues>
                    </customfield>
                                                                                                                        </customfields>
    </item>
</channel>
</rss>