<!-- 
RSS generated by JIRA (6.3.4#6332-sha1:51bc225ef474afe3128b2f66878477f322397b16) at Fri Dec 16 18:44:39 UTC 2016

It is possible to restrict the fields that are returned in this document by specifying the 'field' parameter in your request.
For example, to request only the issue key and summary add field=key&field=summary to the URL of your request.
For example:
https://issues.apache.org/jira/si/jira.issueviews:issue-xml/HBASE-481/HBASE-481.xml?field=key&amp;field=summary
-->
<rss version="0.92" >
<channel>
    <title>ASF JIRA</title>
    <link>https://issues.apache.org/jira</link>
    <description>This file is an XML representation of an issue</description>
    <language>en-uk</language>    <build-info>
        <version>6.3.4</version>
        <build-number>6332</build-number>
        <build-date>15-08-2014</build-date>
    </build-info>

<item>
            <title>[HBASE-481] Use smaller dataset in TestTableIndex and TestTableMapReduce</title>
                <link>https://issues.apache.org/jira/browse/HBASE-481</link>
                <project id="12310753" key="HBASE">HBase</project>
                    <description>&lt;p&gt;TestTableIndex and TestTableMapReduce rely on MakeMultiRegionTable, which in turn calls addContent in HBaseTestCase. This method produces 17k rows in the table, and something like 10 regions. That&apos;s a lot more than we actually need to prove the functionality of TTI and TTMR. &lt;/p&gt;

&lt;p&gt;Can we reduce the number of rows that we use by shortening the run of addContent? Is there any risk in changing addContent globally to produce less data?&lt;/p&gt;</description>
                <environment></environment>
        <key id="12389932">HBASE-481</key>
            <summary>Use smaller dataset in TestTableIndex and TestTableMapReduce</summary>
                <type id="7" iconUrl="https://issues.apache.org/jira/images/icons/issuetypes/subtask_alternate.png">Sub-task</type>
                            <parent id="12387899">HBASE-410</parent>
                                    <priority id="3" iconUrl="https://issues.apache.org/jira/images/icons/priorities/major.png">Major</priority>
                        <status id="6" iconUrl="https://issues.apache.org/jira/images/icons/statuses/closed.png" description="The issue is considered finished, the resolution is correct. Issues which are closed can be reopened.">Closed</status>
                    <statusCategory id="3" key="done" colorName="green"/>
                                    <resolution id="2">Won&apos;t Fix</resolution>
                                        <assignee username="-1">Unassigned</assignee>
                                    <reporter username="bryanduxbury">Bryan Duxbury</reporter>
                        <labels>
                    </labels>
                <created>Fri, 29 Feb 2008 22:41:39 +0000</created>
                <updated>Fri, 22 Aug 2008 21:35:05 +0000</updated>
                            <resolved>Thu, 15 May 2008 22:19:13 +0000</resolved>
                                                                        <due></due>
                            <votes>0</votes>
                                    <watches>0</watches>
                                                                <comments>
                            <comment id="12597013" author="stack" created="Thu, 15 May 2008 05:54:00 +0000"  >&lt;p&gt;When MultiRegionTable was refactored, added 27 regions rather than 10 but less data overall (One run of addContent).  Do you still want less regions and data added?&lt;/p&gt;</comment>
                            <comment id="12597032" author="bryanduxbury" created="Thu, 15 May 2008 07:20:43 +0000"  >&lt;p&gt;So how long do these tests run now?&lt;/p&gt;</comment>
                            <comment id="12597278" author="stack" created="Thu, 15 May 2008 21:35:09 +0000"  >&lt;p&gt;TTMR takes 56s and TTI 54s on my laptop.&lt;/p&gt;</comment>
                            <comment id="12597284" author="bryanduxbury" created="Thu, 15 May 2008 21:47:59 +0000"  >&lt;p&gt;That&apos;s a notable improvement. We can live with that for the time being.&lt;/p&gt;

&lt;p&gt;To be clear, my previous suggestion was not to use addContent at all. Instead, use the TestRegionRebalancing approach, and just forge N regions with hardly any rows in them.&lt;/p&gt;</comment>
                            <comment id="12597287" author="stack" created="Thu, 15 May 2008 21:54:27 +0000"  >&lt;p&gt;Will I close the issue B?&lt;/p&gt;</comment>
                    </comments>
                    <attachments>
                    </attachments>
                <subtasks>
                    </subtasks>
                <customfields>
                                                <customfield id="customfield_12310310" key="com.atlassian.jira.toolkit:attachments">
                        <customfieldname>Attachment count</customfieldname>
                        <customfieldvalues>
                            <customfieldvalue>0.0</customfieldvalue>
                        </customfieldvalues>
                    </customfield>
                                                                                                                                                                                                                                                                                                                                                                                                                                                                                                                                <customfield id="customfield_12310220" key="com.atlassian.jira.ext.charting:firstresponsedate">
                        <customfieldname>Date of First Response</customfieldname>
                        <customfieldvalues>
                            <customfieldvalue>Thu, 15 May 2008 05:54:00 +0000</customfieldvalue>

                        </customfieldvalues>
                    </customfield>
                                                                                                                                                                                                                                                                                                                                                                                                                                            <customfield id="customfield_12310420" key="com.pyxis.greenhopper.jira:gh-global-rank">
                        <customfieldname>Global Rank</customfieldname>
                        <customfieldvalues>
                            <customfieldvalue>31720</customfieldvalue>
                        </customfieldvalues>
                    </customfield>
                                                                                                                                                    <customfield id="customfield_12312521" key="com.atlassian.jira.toolkit:LastCommentDate">
                        <customfieldname>Last public comment date</customfieldname>
                        <customfieldvalues>
                            8 years, 32 weeks ago
                        </customfieldvalues>
                    </customfield>
                                                                                            <customfield id="customfield_12311820" key="com.pyxis.greenhopper.jira:gh-lexo-rank">
                        <customfieldname>Rank</customfieldname>
                        <customfieldvalues>
                            <customfieldvalue>0|i0h7kf:</customfieldvalue>

                        </customfieldvalues>
                    </customfield>
                                                                <customfield id="customfield_12310920" key="com.pyxis.greenhopper.jira:gh-global-rank">
                        <customfieldname>Rank (Obsolete)</customfieldname>
                        <customfieldvalues>
                            <customfieldvalue>98488</customfieldvalue>
                        </customfieldvalues>
                    </customfield>
                                                                                                                                                                                                                                                                                                <customfield id="customfield_12310222" key="com.atlassian.jira.ext.charting:timeinstatus">
                        <customfieldname>Time in Status</customfieldname>
                        <customfieldvalues>
                            
                        </customfieldvalues>
                    </customfield>
                                                                                                                        </customfields>
    </item>
</channel>
</rss>