<!-- 
RSS generated by JIRA (6.3.4#6332-sha1:51bc225ef474afe3128b2f66878477f322397b16) at Fri Dec 16 18:48:31 UTC 2016

It is possible to restrict the fields that are returned in this document by specifying the 'field' parameter in your request.
For example, to request only the issue key and summary add field=key&field=summary to the URL of your request.
For example:
https://issues.apache.org/jira/si/jira.issueviews:issue-xml/HBASE-894/HBASE-894.xml?field=key&amp;field=summary
-->
<rss version="0.92" >
<channel>
    <title>ASF JIRA</title>
    <link>https://issues.apache.org/jira</link>
    <description>This file is an XML representation of an issue</description>
    <language>en-uk</language>    <build-info>
        <version>6.3.4</version>
        <build-number>6332</build-number>
        <build-date>15-08-2014</build-date>
    </build-info>

<item>
            <title>[HBASE-894] [shell] Should be able to copy-paste table description to create new table</title>
                <link>https://issues.apache.org/jira/browse/HBASE-894</link>
                <project id="12310753" key="HBASE">HBase</project>
                    <description>&lt;p&gt;I want to create a new table based off the description of an old.  You&apos;d think I could just copy the description of the old in the shell but it doesn&apos;t work.  Our &apos;describe&apos; emission cannot be used as input on a subsequent create.&lt;/p&gt;

&lt;p&gt;Below I copied the output that describes one table and tried to create  a new table named &apos;x&apos; with it:&lt;/p&gt;
&lt;div class=&quot;code panel&quot; style=&quot;border-width: 1px;&quot;&gt;&lt;div class=&quot;codeContent panelContent&quot;&gt;
&lt;pre class=&quot;code-java&quot;&gt;HBase Shell; enter &apos;help&amp;lt;RETURN&amp;gt;&apos; &lt;span class=&quot;code-keyword&quot;&gt;for&lt;/span&gt; list of supported commands.                                                                                                                                                                                                                                                           Version: 0.2.1, r49040, Mon Sep  8 11:29:45 PDT 2008hbase(main):001:0&amp;gt; create &apos;x&apos;, {NAME =&amp;gt; &apos;alternate_title&apos;, BLOOMFILTER =&amp;gt; &apos;&lt;span class=&quot;code-keyword&quot;&gt;false&lt;/span&gt;&apos;, VERSIONS =&amp;gt; &apos;2147483647&apos;, COMPRESSION =&amp;gt; &apos;NONE&apos;, LENGTH =&amp;gt; &apos;2147483647&apos;, TTL =&amp;gt; &apos;-1&apos;, IN_MEMORY =&amp;gt; &apos;&lt;span class=&quot;code-keyword&quot;&gt;false&lt;/span&gt;&apos;, BLOCKCACHE =&amp;gt; &apos;&lt;span class=&quot;code-keyword&quot;&gt;false&lt;/span&gt;&apos;}, {NAME =&amp;gt; &apos;anchor&apos;, BLOOMFILTER =&amp;gt; &apos;&lt;span class=&quot;code-keyword&quot;&gt;false&lt;/span&gt;&apos;, VERSIONS =&amp;gt; &apos;2147483647&apos;, COMPRESSION =&amp;gt; &apos;NONE&apos;, LENGTH =&amp;gt; &apos;2147483647&apos;, TTL =&amp;gt; &apos;-1&apos;, IN_MEMORY =&amp;gt; &apos;&lt;span class=&quot;code-keyword&quot;&gt;false&lt;/span&gt;&apos;, BLOCKCACHE =&amp;gt; &apos;&lt;span class=&quot;code-keyword&quot;&gt;false&lt;/span&gt;&apos;}, {NAME =&amp;gt; &apos;inlink&apos;, BLOOMFILTER =&amp;gt; &apos;&lt;span class=&quot;code-keyword&quot;&gt;false&lt;/span&gt;&apos;, VERSIONS =&amp;gt; &apos;2147483647&apos;, COMPRESSION =&amp;gt; &apos;NONE&apos;, LENGTH =&amp;gt; &apos;2147483647&apos;, TTL =&amp;gt; &apos;-1&apos;, IN_MEMORY =&amp;gt; &apos;&lt;span class=&quot;code-keyword&quot;&gt;false&lt;/span&gt;&apos;, BLOCKCACHE =&amp;gt; &apos;&lt;span class=&quot;code-keyword&quot;&gt;false&lt;/span&gt;&apos;}, {NAME =&amp;gt; &apos;alternate_url&apos;, BLOOMFILTER =&amp;gt; &apos;&lt;span class=&quot;code-keyword&quot;&gt;false&lt;/span&gt;&apos;, VERSIONS =&amp;gt; &apos;2147483647&apos;, COMPRESSION =&amp;gt; &apos;NONE&apos;, LENGTH =&amp;gt; &apos;2147483647&apos;, TTL =&amp;gt; &apos;-1&apos;, IN_MEMORY =&amp;gt; &apos;&lt;span class=&quot;code-keyword&quot;&gt;false&lt;/span&gt;&apos;, BLOCKCACHE =&amp;gt; &apos;&lt;span class=&quot;code-keyword&quot;&gt;false&lt;/span&gt;&apos;}, {NAME =&amp;gt; &apos;page&apos;, BLOOMFILTER =&amp;gt; &apos;&lt;span class=&quot;code-keyword&quot;&gt;false&lt;/span&gt;&apos;, VERSIONS =&amp;gt; &apos;2147483647&apos;, COMPRESSION =&amp;gt; &apos;NONE&apos;, LENGTH =&amp;gt; &apos;2147483647&apos;, TTL =&amp;gt; &apos;-1&apos;, IN_MEMORY =&amp;gt; &apos;&lt;span class=&quot;code-keyword&quot;&gt;false&lt;/span&gt;&apos;, BLOCKCACHE =&amp;gt; &apos;&lt;span class=&quot;code-keyword&quot;&gt;false&lt;/span&gt;&apos;}, {NAME =&amp;gt; &apos;misc&apos;, BLOOMFILTER =&amp;gt; &apos;&lt;span class=&quot;code-keyword&quot;&gt;false&lt;/span&gt;&apos;, VERSIONS =&amp;gt; &apos;2147483647&apos;, COMPRESSION =&amp;gt; &apos;NONE&apos;, LENGTH =&amp;gt; &apos;2147483647&apos;, TTL =&amp;gt; &apos;-1&apos;, IN_MEMORY =&amp;gt; &apos;&lt;span class=&quot;code-keyword&quot;&gt;false&lt;/span&gt;&apos;, BLOCKCACHE =&amp;gt; &apos;&lt;span class=&quot;code-keyword&quot;&gt;false&lt;/span&gt;&apos;}NameError: no constructor with arguments matching [class [B, class java.lang.&lt;span class=&quot;code-object&quot;&gt;String&lt;/span&gt;, class org.apache.hadoop.hbase.HColumnDescriptor$CompressionType, class java.lang.&lt;span class=&quot;code-object&quot;&gt;String&lt;/span&gt;, class java.lang.&lt;span class=&quot;code-object&quot;&gt;String&lt;/span&gt;, class java.lang.&lt;span class=&quot;code-object&quot;&gt;String&lt;/span&gt;, class java.lang.&lt;span class=&quot;code-object&quot;&gt;String&lt;/span&gt;, class java.lang.&lt;span class=&quot;code-object&quot;&gt;String&lt;/span&gt;] on object JavaUtilities
        from file:/p/share/hbase/lib/jruby-complete-1.1.2.jar!/builtin/javasupport/proxy/concrete.rb:23:in `__jcreate!&apos;
        from file:/p/share/hbase/lib/jruby-complete-1.1.2.jar!/builtin/javasupport/proxy/concrete.rb:23:in `initialize&apos;
        from file:/p/share/hbase/lib/jruby-complete-1.1.2.jar!/builtin/javasupport/proxy/concrete.rb:6:in `&lt;span class=&quot;code-keyword&quot;&gt;new&lt;/span&gt;&apos;
        from file:/p/share/hbase/lib/jruby-complete-1.1.2.jar!/builtin/javasupport/proxy/concrete.rb:6:in `&lt;span class=&quot;code-keyword&quot;&gt;new&lt;/span&gt;&apos;
        from /p/share/hbase/bin/../bin/HBase.rb:161:in `hcd&apos;
        from /p/share/hbase/bin/../bin/HBase.rb:117:in `create&apos;
        from /p/share/hbase/bin/../bin/HBase.rb:111:in `each&apos;
        from /p/share/hbase/bin/../bin/HBase.rb:111:in `create&apos;
        from /p/share/hbase/bin/../bin/hirb.rb:228:in `create&apos;
        from (hbase):2:in `binding&apos;
&lt;/pre&gt;
&lt;/div&gt;&lt;/div&gt;
</description>
                <environment></environment>
        <key id="12404891">HBASE-894</key>
            <summary>[shell] Should be able to copy-paste table description to create new table</summary>
                <type id="1" iconUrl="https://issues.apache.org/jira/images/icons/issuetypes/bug.png">Bug</type>
                                            <priority id="3" iconUrl="https://issues.apache.org/jira/images/icons/priorities/major.png">Major</priority>
                        <status id="6" iconUrl="https://issues.apache.org/jira/images/icons/statuses/closed.png" description="The issue is considered finished, the resolution is correct. Issues which are closed can be reopened.">Closed</status>
                    <statusCategory id="3" key="done" colorName="green"/>
                                    <resolution id="1">Fixed</resolution>
                                        <assignee username="yedingding@gmail.com">sishen</assignee>
                                    <reporter username="stack">stack</reporter>
                        <labels>
                    </labels>
                <created>Mon, 22 Sep 2008 17:12:23 +0000</created>
                <updated>Sun, 13 Sep 2009 22:26:27 +0000</updated>
                            <resolved>Mon, 22 Sep 2008 21:54:02 +0000</resolved>
                                                    <fixVersion>0.19.0</fixVersion>
                                        <due></due>
                            <votes>0</votes>
                                    <watches>0</watches>
                                                                <comments>
                            <comment id="12633398" author="yedingding@gmail.com" created="Mon, 22 Sep 2008 17:51:30 +0000"  >&lt;p&gt;It need to convert the arguments of version/ttl/length from string to integer.  &lt;br/&gt;
However, even use to_i to try to convert to integer, the jruby returns unexpected Long.&lt;/p&gt;

&lt;p&gt;&lt;a href=&quot;http://jira.codehaus.org/browse/JRUBY-2958&quot; class=&quot;external-link&quot; rel=&quot;nofollow&quot;&gt;http://jira.codehaus.org/browse/JRUBY-2958&lt;/a&gt;   It&apos;s said that it&apos;s resolved in jruby 1.1.2. Maybe&lt;br/&gt;
the version in hbase is smaller?&lt;/p&gt;</comment>
                            <comment id="12633410" author="stack" created="Mon, 22 Sep 2008 18:09:25 +0000"  >&lt;p&gt;Thanks Sishen.  HBase version of jruby is 1.1.2.  Let me update it to 1.1.4 (&lt;a href=&quot;https://issues.apache.org/jira/browse/HBASE-896&quot; title=&quot;Update jruby from 1.1.2 to 1.1.4.&quot; class=&quot;issue-link&quot; data-issue-key=&quot;HBASE-896&quot;&gt;&lt;del&gt;HBASE-896&lt;/del&gt;&lt;/a&gt;).  It was just released.&lt;/p&gt;</comment>
                            <comment id="12633412" author="stack" created="Mon, 22 Sep 2008 18:16:56 +0000"  >&lt;p&gt;I updated jruby Sishen.  Maybe that&apos;ll fix it?&lt;/p&gt;</comment>
                            <comment id="12633437" author="yedingding@gmail.com" created="Mon, 22 Sep 2008 19:07:53 +0000"  >&lt;p&gt;I think it&apos;s not. The bug is solved in 1.1.5.&lt;br/&gt;
Also, since some changes from 1.1.2 to 1.1.4 and the functionality is broken now. Will check more.&lt;/p&gt;</comment>
                            <comment id="12633438" author="stack" created="Mon, 22 Sep 2008 19:12:13 +0000"  >&lt;p&gt;Let me know if you&apos;d like me to back out &lt;a href=&quot;https://issues.apache.org/jira/browse/HBASE-896&quot; title=&quot;Update jruby from 1.1.2 to 1.1.4.&quot; class=&quot;issue-link&quot; data-issue-key=&quot;HBASE-896&quot;&gt;&lt;del&gt;HBASE-896&lt;/del&gt;&lt;/a&gt;.&lt;/p&gt;</comment>
                            <comment id="12633440" author="stack" created="Mon, 22 Sep 2008 19:14:38 +0000"  >&lt;p&gt;Would Long.intValue() help?  Pass it the long returned by jruby?&lt;/p&gt;</comment>
                            <comment id="12633483" author="yedingding@gmail.com" created="Mon, 22 Sep 2008 20:44:15 +0000"  >&lt;p&gt;The patch should work but it contains some patches to &lt;a href=&quot;https://issues.apache.org/jira/browse/HBASE-890&quot; title=&quot;alter table operation and also related changes in REST interface&quot; class=&quot;issue-link&quot; data-issue-key=&quot;HBASE-890&quot;&gt;&lt;del&gt;HBASE-890&lt;/del&gt;&lt;/a&gt;.&lt;/p&gt;

&lt;p&gt;However, not much changes there.&lt;/p&gt;</comment>
                            <comment id="12633484" author="yedingding@gmail.com" created="Mon, 22 Sep 2008 20:45:25 +0000"  >&lt;p&gt;Yes. the patch is based on jruby 1.1.2. So it&apos;s better to rollback the jruby version to 1.1.2.&lt;/p&gt;</comment>
                            <comment id="12633488" author="stack" created="Mon, 22 Sep 2008 20:52:25 +0000"  >&lt;p&gt;I reverted &lt;a href=&quot;https://issues.apache.org/jira/browse/HBASE-896&quot; title=&quot;Update jruby from 1.1.2 to 1.1.4.&quot; class=&quot;issue-link&quot; data-issue-key=&quot;HBASE-896&quot;&gt;&lt;del&gt;HBASE-896&lt;/del&gt;&lt;/a&gt; Sishen.&lt;/p&gt;

&lt;p&gt;I don&apos;t follow your comment.  &lt;a href=&quot;https://issues.apache.org/jira/browse/HBASE-890&quot; title=&quot;alter table operation and also related changes in REST interface&quot; class=&quot;issue-link&quot; data-issue-key=&quot;HBASE-890&quot;&gt;&lt;del&gt;HBASE-890&lt;/del&gt;&lt;/a&gt; has fix for this issue?  And did you intend to attach a patch here?&lt;/p&gt;

&lt;p&gt;Thanks.&lt;/p&gt;</comment>
                            <comment id="12633493" author="yedingding@gmail.com" created="Mon, 22 Sep 2008 20:57:39 +0000"  >&lt;p&gt;No. &lt;/p&gt;

&lt;p&gt;HBase-890 is fix the issue about alter table which enable user to add/delete/edit column families for a table. So it has some changes to HBase.rb.&lt;/p&gt;

&lt;p&gt;Also, this issue also modified the file HBase.rb.&lt;/p&gt;

&lt;p&gt;So the problem is that my patch including these two parts due to my local file.&lt;/p&gt;</comment>
                            <comment id="12633505" author="stack" created="Mon, 22 Sep 2008 21:17:27 +0000"  >&lt;p&gt;Ok.  I applied &lt;a href=&quot;https://issues.apache.org/jira/browse/HBASE-890&quot; title=&quot;alter table operation and also related changes in REST interface&quot; class=&quot;issue-link&quot; data-issue-key=&quot;HBASE-890&quot;&gt;&lt;del&gt;HBASE-890&lt;/del&gt;&lt;/a&gt;.  Hope that helps.&lt;/p&gt;</comment>
                            <comment id="12633507" author="yedingding@gmail.com" created="Mon, 22 Sep 2008 21:21:54 +0000"  >&lt;p&gt;Sure. A new patch only including patches to this issue. &lt;img class=&quot;emoticon&quot; src=&quot;https://issues.apache.org/jira/images/icons/emoticons/smile.gif&quot; height=&quot;16&quot; width=&quot;16&quot; align=&quot;absmiddle&quot; alt=&quot;&quot; border=&quot;0&quot;/&gt;&lt;/p&gt;</comment>
                            <comment id="12633524" author="stack" created="Mon, 22 Sep 2008 21:54:02 +0000"  >&lt;p&gt;Committed.  Thanks for the patch Sishen.&lt;/p&gt;</comment>
                    </comments>
                    <attachments>
                            <attachment id="12390681" name="896.trunk.create_table.patch" size="3399" author="yedingding@gmail.com" created="Mon, 22 Sep 2008 20:44:15 +0000"/>
                            <attachment id="12390683" name="896.trunk.create_table_v2.patch" size="2300" author="yedingding@gmail.com" created="Mon, 22 Sep 2008 21:21:54 +0000"/>
                    </attachments>
                <subtasks>
                    </subtasks>
                <customfields>
                                                <customfield id="customfield_12310310" key="com.atlassian.jira.toolkit:attachments">
                        <customfieldname>Attachment count</customfieldname>
                        <customfieldvalues>
                            <customfieldvalue>2.0</customfieldvalue>
                        </customfieldvalues>
                    </customfield>
                                                                                                                                                                                                                                                                                                                                                                                                                                                                                                                                <customfield id="customfield_12310220" key="com.atlassian.jira.ext.charting:firstresponsedate">
                        <customfieldname>Date of First Response</customfieldname>
                        <customfieldvalues>
                            <customfieldvalue>Mon, 22 Sep 2008 17:51:30 +0000</customfieldvalue>

                        </customfieldvalues>
                    </customfield>
                                                                                                                                                                                                                                                                                                                                                                                                                                            <customfield id="customfield_12310420" key="com.pyxis.greenhopper.jira:gh-global-rank">
                        <customfieldname>Global Rank</customfieldname>
                        <customfieldvalues>
                            <customfieldvalue>25463</customfieldvalue>
                        </customfieldvalues>
                    </customfield>
                                                                                                                                                    <customfield id="customfield_12312521" key="com.atlassian.jira.toolkit:LastCommentDate">
                        <customfieldname>Last public comment date</customfieldname>
                        <customfieldvalues>
                            8 years, 13 weeks, 3 days ago
                        </customfieldvalues>
                    </customfield>
                                                                                            <customfield id="customfield_12311820" key="com.pyxis.greenhopper.jira:gh-lexo-rank">
                        <customfieldname>Rank</customfieldname>
                        <customfieldvalues>
                            <customfieldvalue>0|i0ha3j:</customfieldvalue>

                        </customfieldvalues>
                    </customfield>
                                                                <customfield id="customfield_12310920" key="com.pyxis.greenhopper.jira:gh-global-rank">
                        <customfieldname>Rank (Obsolete)</customfieldname>
                        <customfieldvalues>
                            <customfieldvalue>98898</customfieldvalue>
                        </customfieldvalues>
                    </customfield>
                                                                                                                                                                                                                                                                                                <customfield id="customfield_12310222" key="com.atlassian.jira.ext.charting:timeinstatus">
                        <customfieldname>Time in Status</customfieldname>
                        <customfieldvalues>
                            
                        </customfieldvalues>
                    </customfield>
                                                                                                                        </customfields>
    </item>
</channel>
</rss>