<!-- 
RSS generated by JIRA (6.3.4#6332-sha1:51bc225ef474afe3128b2f66878477f322397b16) at Fri Dec 16 18:41:05 UTC 2016

It is possible to restrict the fields that are returned in this document by specifying the 'field' parameter in your request.
For example, to request only the issue key and summary add field=key&field=summary to the URL of your request.
For example:
https://issues.apache.org/jira/si/jira.issueviews:issue-xml/HBASE-106/HBASE-106.xml?field=key&amp;field=summary
-->
<rss version="0.92" >
<channel>
    <title>ASF JIRA</title>
    <link>https://issues.apache.org/jira</link>
    <description>This file is an XML representation of an issue</description>
    <language>en-uk</language>    <build-info>
        <version>6.3.4</version>
        <build-number>6332</build-number>
        <build-date>15-08-2014</build-date>
    </build-info>

<item>
            <title>[HBASE-106] memcache size reported in debug log doesn ot add up</title>
                <link>https://issues.apache.org/jira/browse/HBASE-106</link>
                <project id="12310753" key="HBASE">HBase</project>
                    <description>&lt;p&gt;below shows a memcache size of 64M but when you add up the regions I get&lt;br/&gt;
149.3K =  152883.2B&lt;br/&gt;
153B = 153B&lt;br/&gt;
153B = 153B&lt;br/&gt;
3.8M = 3984588.8B&lt;br/&gt;
2.6M = 2726297.6B&lt;br/&gt;
153B = 153B&lt;br/&gt;
129K = 132096B&lt;br/&gt;
2.6M = 2726297.6B&lt;br/&gt;
153B = 153B&lt;/p&gt;

&lt;p&gt;total  = 9569891.4B = 9.12M not 64M&lt;/p&gt;

&lt;div class=&quot;code panel&quot; style=&quot;border-width: 1px;&quot;&gt;&lt;div class=&quot;codeContent panelContent&quot;&gt;
&lt;pre class=&quot;code-java&quot;&gt;2008-01-21 23:51:30,812 DEBUG org.apache.hadoop.hbase.HRegion: Started memcache flush &lt;span class=&quot;code-keyword&quot;&gt;for&lt;/span&gt; region webdata,,1200970130265. Size 64.0m
2008-01-21 23:51:31,694 DEBUG org.apache.hadoop.hbase.HStore: Added 540402979/size/2337100008775916241 with 11004 entries, sequence id 32535827, and size 149.3k &lt;span class=&quot;code-keyword&quot;&gt;for&lt;/span&gt; 540402979/size
2008-01-21 23:51:31,956 DEBUG org.apache.hadoop.hbase.HStore: Added 540402979/rank_total/6511354828803004572 with 0 entries, sequence id 32535827, and size 153.0 &lt;span class=&quot;code-keyword&quot;&gt;for&lt;/span&gt; 540402979/rank_total
2008-01-21 23:51:32,210 DEBUG org.apache.hadoop.hbase.HStore: Added 540402979/first_seen/116626538562002170 with 0 entries, sequence id 32535827, and size 153.0 &lt;span class=&quot;code-keyword&quot;&gt;for&lt;/span&gt; 540402979/first_seen
2008-01-21 23:51:40,084 DEBUG org.apache.hadoop.hbase.HStore: Added 540402979/anchor/5635668875929221096 with 189726 entries, sequence id 32535827, and size 3.8m &lt;span class=&quot;code-keyword&quot;&gt;for&lt;/span&gt; 540402979/anchor
2008-01-21 23:51:48,134 DEBUG org.apache.hadoop.hbase.HStore: Added 540402979/last_seen/5152520466951569025 with 189726 entries, sequence id 32535827, and size 2.6m &lt;span class=&quot;code-keyword&quot;&gt;for&lt;/span&gt; 540402979/last_seen
2008-01-21 23:51:48,400 DEBUG org.apache.hadoop.hbase.HStore: Added 540402979/source/7366562139108336733 with 0 entries, sequence id 32535827, and size 153.0 &lt;span class=&quot;code-keyword&quot;&gt;for&lt;/span&gt; 540402979/source
2008-01-21 23:51:49,075 DEBUG org.apache.hadoop.hbase.HStore: Added 540402979/stime/5227996581170475543 with 11004 entries, sequence id 32535827, and size 129.6k &lt;span class=&quot;code-keyword&quot;&gt;for&lt;/span&gt; 540402979/stime
2008-01-21 23:51:55,944 DEBUG org.apache.hadoop.hbase.HStore: Added 540402979/in_rank/7235419568042410782 with 189726 entries, sequence id 32535827, and size 2.6m &lt;span class=&quot;code-keyword&quot;&gt;for&lt;/span&gt; 540402979/in_rank
2008-01-21 23:51:56,217 DEBUG org.apache.hadoop.hbase.HStore: Added 540402979/rank_visual/5975562391477267376 with 0 entries, sequence id 32535827, and size 153.0 &lt;span class=&quot;code-keyword&quot;&gt;for&lt;/span&gt; 540402979/rank_visual
2008-01-21 23:51:56,217 DEBUG org.apache.hadoop.hbase.HRegion: Finished memcache flush &lt;span class=&quot;code-keyword&quot;&gt;for&lt;/span&gt; region webdata,,1200970130265 in 25405ms, sequenceid=32535827
&lt;/pre&gt;
&lt;/div&gt;&lt;/div&gt;</description>
                <environment>&lt;p&gt;hadoop svn 613782&lt;/p&gt;</environment>
        <key id="12386827">HBASE-106</key>
            <summary>memcache size reported in debug log doesn ot add up</summary>
                <type id="1" iconUrl="https://issues.apache.org/jira/images/icons/issuetypes/bug.png">Bug</type>
                                            <priority id="4" iconUrl="https://issues.apache.org/jira/images/icons/priorities/minor.png">Minor</priority>
                        <status id="6" iconUrl="https://issues.apache.org/jira/images/icons/statuses/closed.png" description="The issue is considered finished, the resolution is correct. Issues which are closed can be reopened.">Closed</status>
                    <statusCategory id="3" key="done" colorName="green"/>
                                    <resolution id="6">Invalid</resolution>
                                        <assignee username="-1">Unassigned</assignee>
                                    <reporter username="viper799">Billy Pearson</reporter>
                        <labels>
                    </labels>
                <created>Tue, 22 Jan 2008 06:02:12 +0000</created>
                <updated>Mon, 4 Feb 2008 18:40:41 +0000</updated>
                            <resolved>Tue, 22 Jan 2008 09:22:18 +0000</resolved>
                                                                        <due></due>
                            <votes>0</votes>
                                    <watches>0</watches>
                                                                <comments>
                            <comment id="12561227" author="viper799" created="Tue, 22 Jan 2008 06:04:16 +0000"  >&lt;p&gt;I have flush size = 64MB&lt;br/&gt;
hbase.hregion.memcache.flush.size = 67108864 &lt;/p&gt;</comment>
                            <comment id="12561236" author="stack" created="Tue, 22 Jan 2008 07:14:53 +0000"  >&lt;p&gt;Do you have other examples of this Billy (You don&apos;t need to do the calc., just paste the log snippet).  I have loading tests running here but only one family and math comes out rine.  I&apos;m guessing has to do w/ multiple families.  Thanks.&lt;/p&gt;</comment>
                            <comment id="12561240" author="viper799" created="Tue, 22 Jan 2008 07:18:41 +0000"  >&lt;p&gt;I did not add but these look a little off too just grabed from my logs&lt;/p&gt;

&lt;div class=&quot;code panel&quot; style=&quot;border-width: 1px;&quot;&gt;&lt;div class=&quot;codeContent panelContent&quot;&gt;
&lt;pre class=&quot;code-java&quot;&gt;
008-01-22 01:04:20,793 DEBUG org.apache.hadoop.hbase.HRegion: Started memcache flush &lt;span class=&quot;code-keyword&quot;&gt;for&lt;/span&gt; region webdata,,1200970130265. Size 304.4k
2008-01-22 01:04:21,075 DEBUG org.apache.hadoop.hbase.HStore: Added 540402979/size/6230649109575734270 with 68 entries, sequence id 48515457, and size 1.3k &lt;span class=&quot;code-keyword&quot;&gt;for&lt;/span&gt; 540402979/size
2008-01-22 01:04:21,331 DEBUG org.apache.hadoop.hbase.HStore: Added 540402979/rank_total/5609118940996104019 with 0 entries, sequence id 48515457, and size 153.0 &lt;span class=&quot;code-keyword&quot;&gt;for&lt;/span&gt; 540402979/rank_total
2008-01-22 01:04:21,570 DEBUG org.apache.hadoop.hbase.HStore: Added 540402979/first_seen/8170862466467432960 with 0 entries, sequence id 48515457, and size 153.0 &lt;span class=&quot;code-keyword&quot;&gt;for&lt;/span&gt; 540402979/first_seen
2008-01-22 01:04:21,959 DEBUG org.apache.hadoop.hbase.HStore: Added 540402979/anchor/1537062421512096566 with 945 entries, sequence id 48515457, and size 21.0k &lt;span class=&quot;code-keyword&quot;&gt;for&lt;/span&gt; 540402979/anchor
2008-01-22 01:04:22,356 DEBUG org.apache.hadoop.hbase.HStore: Added 540402979/last_seen/2502601058079523401 with 945 entries, sequence id 48515457, and size 12.3k &lt;span class=&quot;code-keyword&quot;&gt;for&lt;/span&gt; 540402979/last_seen
2008-01-22 01:04:22,548 DEBUG org.apache.hadoop.hbase.HStore: Added 540402979/source/6012598200718976874 with 0 entries, sequence id 48515457, and size 153.0 &lt;span class=&quot;code-keyword&quot;&gt;for&lt;/span&gt; 540402979/source
2008-01-22 01:04:22,829 DEBUG org.apache.hadoop.hbase.HStore: Added 540402979/stime/8725573379052363178 with 68 entries, sequence id 48515457, and size 1.1k &lt;span class=&quot;code-keyword&quot;&gt;for&lt;/span&gt; 540402979/stime
2008-01-22 01:04:23,204 DEBUG org.apache.hadoop.hbase.HStore: Added 540402979/in_rank/5816604222284977079 with 945 entries, sequence id 48515457, and size 12.6k &lt;span class=&quot;code-keyword&quot;&gt;for&lt;/span&gt; 540402979/in_rank
2008-01-22 01:04:23,399 DEBUG org.apache.hadoop.hbase.HStore: Added 540402979/rank_visual/7441251515706951111 with 0 entries, sequence id 48515457, and size 153.0 &lt;span class=&quot;code-keyword&quot;&gt;for&lt;/span&gt; 540402979/rank_visual
2008-01-22 01:04:23,399 DEBUG org.apache.hadoop.hbase.HRegion: Finished memcache flush &lt;span class=&quot;code-keyword&quot;&gt;for&lt;/span&gt; region webdata,,1200970130265 in 2606ms, sequenceid=48515457
2008-01-22 01:04:24,278 DEBUG org.apache.hadoop.hbase.HRegion: Started memcache flush &lt;span class=&quot;code-keyword&quot;&gt;for&lt;/span&gt; region webdata,,1200970130265. Size 250.9k
2008-01-22 01:04:24,575 DEBUG org.apache.hadoop.hbase.HStore: Added 540402979/size/4830269185924615719 with 51 entries, sequence id 48517774, and size 1.1k &lt;span class=&quot;code-keyword&quot;&gt;for&lt;/span&gt; 540402979/size
2008-01-22 01:04:24,763 DEBUG org.apache.hadoop.hbase.HStore: Added 540402979/rank_total/4223075765082776321 with 0 entries, sequence id 48517774, and size 153.0 &lt;span class=&quot;code-keyword&quot;&gt;for&lt;/span&gt; 540402979/rank_total
2008-01-22 01:04:24,946 DEBUG org.apache.hadoop.hbase.HStore: Added 540402979/first_seen/3720135038785996071 with 0 entries, sequence id 48517774, and size 153.0 &lt;span class=&quot;code-keyword&quot;&gt;for&lt;/span&gt; 540402979/first_seen
2008-01-22 01:04:25,380 DEBUG org.apache.hadoop.hbase.HStore: Added 540402979/anchor/1924141248792633979 with 738 entries, sequence id 48517774, and size 14.7k &lt;span class=&quot;code-keyword&quot;&gt;for&lt;/span&gt; 540402979/anchor
2008-01-22 01:04:25,678 DEBUG org.apache.hadoop.hbase.HStore: Added 540402979/last_seen/6728438795739264885 with 738 entries, sequence id 48517774, and size 8.6k &lt;span class=&quot;code-keyword&quot;&gt;for&lt;/span&gt; 540402979/last_seen
2008-01-22 01:04:25,869 DEBUG org.apache.hadoop.hbase.HStore: Added 540402979/source/5524570731605631503 with 0 entries, sequence id 48517774, and size 153.0 &lt;span class=&quot;code-keyword&quot;&gt;for&lt;/span&gt; 540402979/source
2008-01-22 01:04:26,144 DEBUG org.apache.hadoop.hbase.HStore: Added 540402979/stime/7586215370994183120 with 51 entries, sequence id 48517774, and size 969.0 &lt;span class=&quot;code-keyword&quot;&gt;for&lt;/span&gt; 540402979/stime
2008-01-22 01:04:26,435 DEBUG org.apache.hadoop.hbase.HStore: Added 540402979/in_rank/8128019865411987566 with 738 entries, sequence id 48517774, and size 8.9k &lt;span class=&quot;code-keyword&quot;&gt;for&lt;/span&gt; 540402979/in_rank
2008-01-22 01:04:26,631 DEBUG org.apache.hadoop.hbase.HStore: Added 540402979/rank_visual/4245403769696937261 with 0 entries, sequence id 48517774, and size 153.0 &lt;span class=&quot;code-keyword&quot;&gt;for&lt;/span&gt; 540402979/rank_visual
2008-01-22 01:04:26,631 DEBUG org.apache.hadoop.hbase.HRegion: Finished memcache flush &lt;span class=&quot;code-keyword&quot;&gt;for&lt;/span&gt; region webdata,,1200970130265 in 2353ms, sequenceid=48517774
2008-01-22 01:04:27,252 DEBUG org.apache.hadoop.hbase.HRegion: Started memcache flush &lt;span class=&quot;code-keyword&quot;&gt;for&lt;/span&gt; region webdata,,1200970130265. Size 185.0k
2008-01-22 01:04:27,533 DEBUG org.apache.hadoop.hbase.HStore: Added 540402979/size/6207446360073685210 with 58 entries, sequence id 48519625, and size 1.1k &lt;span class=&quot;code-keyword&quot;&gt;for&lt;/span&gt; 540402979/size
2008-01-22 01:04:27,724 DEBUG org.apache.hadoop.hbase.HStore: Added 540402979/rank_total/3439076482022402357 with 0 entries, sequence id 48519625, and size 153.0 &lt;span class=&quot;code-keyword&quot;&gt;for&lt;/span&gt; 540402979/rank_total
2008-01-22 01:04:27,921 DEBUG org.apache.hadoop.hbase.HStore: Added 540402979/first_seen/8606165413164762311 with 0 entries, sequence id 48519625, and size 153.0 &lt;span class=&quot;code-keyword&quot;&gt;for&lt;/span&gt; 540402979/first_seen
2008-01-22 01:04:28,220 DEBUG org.apache.hadoop.hbase.HStore: Added 540402979/anchor/7159683683067183944 with 578 entries, sequence id 48519625, and size 16.2k &lt;span class=&quot;code-keyword&quot;&gt;for&lt;/span&gt; 540402979/anchor
2008-01-22 01:04:28,581 DEBUG org.apache.hadoop.hbase.HStore: Added 540402979/last_seen/5641592202640518389 with 578 entries, sequence id 48519625, and size 7.8k &lt;span class=&quot;code-keyword&quot;&gt;for&lt;/span&gt; 540402979/last_seen
2008-01-22 01:04:28,834 DEBUG org.apache.hadoop.hbase.HStore: Added 540402979/source/401560331058780705 with 0 entries, sequence id 48519625, and size 153.0 &lt;span class=&quot;code-keyword&quot;&gt;for&lt;/span&gt; 540402979/source
2008-01-22 01:04:29,133 DEBUG org.apache.hadoop.hbase.HStore: Added 540402979/stime/5928472410509762482 with 58 entries, sequence id 48519625, and size 1017.0 &lt;span class=&quot;code-keyword&quot;&gt;for&lt;/span&gt; 540402979/stime
2008-01-22 01:04:29,482 DEBUG org.apache.hadoop.hbase.HStore: Added 540402979/in_rank/6566434859463781445 with 578 entries, sequence id 48519625, and size 8.0k &lt;span class=&quot;code-keyword&quot;&gt;for&lt;/span&gt; 540402979/in_rank
2008-01-22 01:04:29,680 DEBUG org.apache.hadoop.hbase.HStore: Added 540402979/rank_visual/8531159463028639518 with 0 entries, sequence id 48519625, and size 153.0 &lt;span class=&quot;code-keyword&quot;&gt;for&lt;/span&gt; 540402979/rank_visual
2008-01-22 01:04:29,680 DEBUG org.apache.hadoop.hbase.HRegion: Finished memcache flush &lt;span class=&quot;code-keyword&quot;&gt;for&lt;/span&gt; region webdata,,1200970130265 in 2428ms, sequenceid=48519625
2008-01-22 01:04:30,413 DEBUG org.apache.hadoop.hbase.HRegion: Started memcache flush &lt;span class=&quot;code-keyword&quot;&gt;for&lt;/span&gt; region webdata,,1200970130265. Size 219.2k
2008-01-22 01:04:30,689 DEBUG org.apache.hadoop.hbase.HStore: Added 540402979/size/5981458943062760870 with 49 entries, sequence id 48521653, and size 1.0k &lt;span class=&quot;code-keyword&quot;&gt;for&lt;/span&gt; 540402979/size
2008-01-22 01:04:30,907 DEBUG org.apache.hadoop.hbase.HStore: Added 540402979/rank_total/419753419859708754 with 0 entries, sequence id 48521653, and size 153.0 &lt;span class=&quot;code-keyword&quot;&gt;for&lt;/span&gt; 540402979/rank_total
2008-01-22 01:04:31,129 DEBUG org.apache.hadoop.hbase.HStore: Added 540402979/first_seen/6123331922733696105 with 0 entries, sequence id 48521653, and size 153.0 &lt;span class=&quot;code-keyword&quot;&gt;for&lt;/span&gt; 540402979/first_seen
2008-01-22 01:04:31,444 DEBUG org.apache.hadoop.hbase.HStore: Added 540402979/anchor/8458911919598664922 with 643 entries, sequence id 48521653, and size 14.2k &lt;span class=&quot;code-keyword&quot;&gt;for&lt;/span&gt; 540402979/anchor
2008-01-22 01:04:31,851 DEBUG org.apache.hadoop.hbase.HStore: Added 540402979/last_seen/5456714013028708782 with 643 entries, sequence id 48521653, and size 8.6k &lt;span class=&quot;code-keyword&quot;&gt;for&lt;/span&gt; 540402979/last_seen
2008-01-22 01:04:32,044 DEBUG org.apache.hadoop.hbase.HStore: Added 540402979/source/7249422487032922861 with 0 entries, sequence id 48521653, and size 153.0 &lt;span class=&quot;code-keyword&quot;&gt;for&lt;/span&gt; 540402979/source
2008-01-22 01:04:32,326 DEBUG org.apache.hadoop.hbase.HStore: Added 540402979/stime/514250975517557528 with 49 entries, sequence id 48521653, and size 915.0 &lt;span class=&quot;code-keyword&quot;&gt;for&lt;/span&gt; 540402979/stime
2008-01-22 01:04:32,634 DEBUG org.apache.hadoop.hbase.HStore: Added 540402979/in_rank/5117180382861468328 with 643 entries, sequence id 48521653, and size 8.8k &lt;span class=&quot;code-keyword&quot;&gt;for&lt;/span&gt; 540402979/in_rank
2008-01-22 01:04:32,825 DEBUG org.apache.hadoop.hbase.HStore: Added 540402979/rank_visual/4596510226882923087 with 0 entries, sequence id 48521653, and size 153.0 &lt;span class=&quot;code-keyword&quot;&gt;for&lt;/span&gt; 540402979/rank_visual
2008-01-22 01:04:32,825 DEBUG org.apache.hadoop.hbase.HRegion: Finished memcache flush &lt;span class=&quot;code-keyword&quot;&gt;for&lt;/span&gt; region webdata,,1200970130265 in 2412ms, sequenceid=48521653
2008-01-22 01:04:33,704 DEBUG org.apache.hadoop.hbase.HRegion: Started memcache flush &lt;span class=&quot;code-keyword&quot;&gt;for&lt;/span&gt; region webdata,,1200970130265. Size 214.3k
2008-01-22 01:04:33,972 DEBUG org.apache.hadoop.hbase.HStore: Added 540402979/size/4739524184209117079 with 81 entries, sequence id 48523706, and size 1.5k &lt;span class=&quot;code-keyword&quot;&gt;for&lt;/span&gt; 540402979/size
2008-01-22 01:04:34,160 DEBUG org.apache.hadoop.hbase.HStore: Added 540402979/rank_total/5885018542026556169 with 0 entries, sequence id 48523706, and size 153.0 &lt;span class=&quot;code-keyword&quot;&gt;for&lt;/span&gt; 540402979/rank_total
2008-01-22 01:04:34,349 DEBUG org.apache.hadoop.hbase.HStore: Added 540402979/first_seen/1966219656943331530 with 0 entries, sequence id 48523706, and size 153.0 &lt;span class=&quot;code-keyword&quot;&gt;for&lt;/span&gt; 540402979/first_seen
2008-01-22 01:04:34,663 DEBUG org.apache.hadoop.hbase.HStore: Added 540402979/anchor/4442300861169127478 with 630 entries, sequence id 48523706, and size 13.1k &lt;span class=&quot;code-keyword&quot;&gt;for&lt;/span&gt; 540402979/anchor
2008-01-22 01:04:34,978 DEBUG org.apache.hadoop.hbase.HStore: Added 540402979/last_seen/7752167304733978574 with 630 entries, sequence id 48523706, and size 8.9k &lt;span class=&quot;code-keyword&quot;&gt;for&lt;/span&gt; 540402979/last_seen
2008-01-22 01:04:35,160 DEBUG org.apache.hadoop.hbase.HStore: Added 540402979/source/6470630784570214516 with 0 entries, sequence id 48523706, and size 153.0 &lt;span class=&quot;code-keyword&quot;&gt;for&lt;/span&gt; 540402979/source
2008-01-22 01:04:35,433 DEBUG org.apache.hadoop.hbase.HStore: Added 540402979/stime/8918343732025803262 with 81 entries, sequence id 48523706, and size 1.3k &lt;span class=&quot;code-keyword&quot;&gt;for&lt;/span&gt; 540402979/stime
2008-01-22 01:04:35,748 DEBUG org.apache.hadoop.hbase.HStore: Added 540402979/in_rank/3881912761924419231 with 630 entries, sequence id 48523706, and size 9.1k &lt;span class=&quot;code-keyword&quot;&gt;for&lt;/span&gt; 540402979/in_rank
2008-01-22 01:04:35,954 DEBUG org.apache.hadoop.hbase.HStore: Added 540402979/rank_visual/4766710550905778780 with 0 entries, sequence id 48523706, and size 153.0 &lt;span class=&quot;code-keyword&quot;&gt;for&lt;/span&gt; 540402979/rank_visual
2008-01-22 01:04:35,954 DEBUG org.apache.hadoop.hbase.HRegion: Finished memcache flush &lt;span class=&quot;code-keyword&quot;&gt;for&lt;/span&gt; region webdata,,1200970130265 in 2250ms, sequenceid=48523706

&lt;/pre&gt;
&lt;/div&gt;&lt;/div&gt;</comment>
                            <comment id="12561241" author="jimk" created="Tue, 22 Jan 2008 07:27:19 +0000"  >&lt;p&gt;I think the reason it doesn&apos;t add up is that there is either an optional cache flush going on or the region is being closed during a split. When a region is closed, what gets flushed is what ever is in the cache at the time.  &lt;/p&gt;

&lt;p&gt;In the current implementation, the caches are flushed when the total for all columns reaches 64M. The only other callers of cache flush are the optional timed cache flush and when a region is closed.&lt;/p&gt;

&lt;p&gt;Optional cache flushing and zero length flushes will be removed in &lt;a href=&quot;https://issues.apache.org/jira/browse/HBASE-69&quot; title=&quot;[hbase] Make cache flush triggering less simplistic&quot; class=&quot;issue-link&quot; data-issue-key=&quot;HBASE-69&quot;&gt;&lt;del&gt;HADOOP-2636&lt;/del&gt;&lt;/a&gt;. Further, since cache flushing will be on a per column basis, cache flushing will only occur when the cache for that column reaches 64M.&lt;/p&gt;</comment>
                            <comment id="12561244" author="viper799" created="Tue, 22 Jan 2008 07:33:27 +0000"  >&lt;p&gt;there was no split on the above logs all one region never split.&lt;/p&gt;

&lt;p&gt;The option flush might be the problem but not sure if thats what is causing my other issue (&lt;a href=&quot;https://issues.apache.org/jira/browse/HBASE-248&quot; title=&quot;Flusher flushing back to back when it should not be&quot; class=&quot;issue-link&quot; data-issue-key=&quot;HBASE-248&quot;&gt;&lt;del&gt;HADOOP-2673&lt;/del&gt;&lt;/a&gt;) or not if not then option flush should not be getting called note the flush times above&lt;/p&gt;

&lt;p&gt;We should add debug logging to tell us what is calling the flush.&lt;/p&gt;

&lt;p&gt;also no close happening all on the same server never closed or moved.&lt;/p&gt;</comment>
                            <comment id="12561253" author="viper799" created="Tue, 22 Jan 2008 08:02:37 +0000"  >&lt;div class=&quot;code panel&quot; style=&quot;border-width: 1px;&quot;&gt;&lt;div class=&quot;codeContent panelContent&quot;&gt;
&lt;pre class=&quot;code-java&quot;&gt;
2008-01-21 23:51:55,944 DEBUG org.apache.hadoop.hbase.HStore: Added 540402979/in_rank/7235419568042410782 with 189726 entries, sequence id 32535827, and size 2.6m &lt;span class=&quot;code-keyword&quot;&gt;for&lt;/span&gt; 540402979/in_rank
&lt;/pre&gt;
&lt;/div&gt;&lt;/div&gt;

&lt;p&gt;is the size in this line the size of the mapfile or the size of the memcache flushed?&lt;/p&gt;

&lt;p&gt;I use compression=block so this could be the difference if its the mapfile size.&lt;/p&gt;</comment>
                            <comment id="12561255" author="jimk" created="Tue, 22 Jan 2008 08:09:33 +0000"  >&lt;p&gt;The size reported is the mapfile size.  In &lt;a href=&quot;https://issues.apache.org/jira/browse/HBASE-69&quot; title=&quot;[hbase] Make cache flush triggering less simplistic&quot; class=&quot;issue-link&quot; data-issue-key=&quot;HBASE-69&quot;&gt;&lt;del&gt;HADOOP-2636&lt;/del&gt;&lt;/a&gt;, it will be the size of the memcache.&lt;/p&gt;</comment>
                            <comment id="12561272" author="viper799" created="Tue, 22 Jan 2008 09:22:18 +0000"  >&lt;p&gt;Sizes are map file not memcache so mapfile sizes would not not equal the memcache size due to compression.&lt;/p&gt;</comment>
                    </comments>
                    <attachments>
                    </attachments>
                <subtasks>
                    </subtasks>
                <customfields>
                                                <customfield id="customfield_12310310" key="com.atlassian.jira.toolkit:attachments">
                        <customfieldname>Attachment count</customfieldname>
                        <customfieldvalues>
                            <customfieldvalue>0.0</customfieldvalue>
                        </customfieldvalues>
                    </customfield>
                                                                                                                                                                                                                                                                                                                                                                                                                                                                                                                                <customfield id="customfield_12310220" key="com.atlassian.jira.ext.charting:firstresponsedate">
                        <customfieldname>Date of First Response</customfieldname>
                        <customfieldvalues>
                            <customfieldvalue>Tue, 22 Jan 2008 07:14:53 +0000</customfieldvalue>

                        </customfieldvalues>
                    </customfield>
                                                                                                                                                                                                                                                                                                                                                                                                                                            <customfield id="customfield_12310420" key="com.pyxis.greenhopper.jira:gh-global-rank">
                        <customfieldname>Global Rank</customfieldname>
                        <customfieldvalues>
                            <customfieldvalue>24890</customfieldvalue>
                        </customfieldvalues>
                    </customfield>
                                                                                                                                                    <customfield id="customfield_12312521" key="com.atlassian.jira.toolkit:LastCommentDate">
                        <customfieldname>Last public comment date</customfieldname>
                        <customfieldvalues>
                            8 years, 48 weeks, 3 days ago
                        </customfieldvalues>
                    </customfield>
                                                                                            <customfield id="customfield_12311820" key="com.pyxis.greenhopper.jira:gh-lexo-rank">
                        <customfieldname>Rank</customfieldname>
                        <customfieldvalues>
                            <customfieldvalue>0|i0h4dj:</customfieldvalue>

                        </customfieldvalues>
                    </customfield>
                                                                <customfield id="customfield_12310920" key="com.pyxis.greenhopper.jira:gh-global-rank">
                        <customfieldname>Rank (Obsolete)</customfieldname>
                        <customfieldvalues>
                            <customfieldvalue>97971</customfieldvalue>
                        </customfieldvalues>
                    </customfield>
                                                                                                                                                                                                                                                                                                <customfield id="customfield_12310222" key="com.atlassian.jira.ext.charting:timeinstatus">
                        <customfieldname>Time in Status</customfieldname>
                        <customfieldvalues>
                            
                        </customfieldvalues>
                    </customfield>
                                                                                                                        </customfields>
    </item>
</channel>
</rss>