<!-- 
RSS generated by JIRA (6.3.4#6332-sha1:51bc225ef474afe3128b2f66878477f322397b16) at Fri Dec 16 18:43:41 UTC 2016

It is possible to restrict the fields that are returned in this document by specifying the 'field' parameter in your request.
For example, to request only the issue key and summary add field=key&field=summary to the URL of your request.
For example:
https://issues.apache.org/jira/si/jira.issueviews:issue-xml/HBASE-374/HBASE-374.xml?field=key&amp;field=summary
-->
<rss version="0.92" >
<channel>
    <title>ASF JIRA</title>
    <link>https://issues.apache.org/jira</link>
    <description>This file is an XML representation of an issue</description>
    <language>en-uk</language>    <build-info>
        <version>6.3.4</version>
        <build-number>6332</build-number>
        <build-date>15-08-2014</build-date>
    </build-info>

<item>
            <title>[HBASE-374] [hbase] Remove deprecated HTable methods</title>
                <link>https://issues.apache.org/jira/browse/HBASE-374</link>
                <project id="12310753" key="HBASE">HBase</project>
                    <description>&lt;p&gt;startBatchUpdate, etc. have all been deprecated for a full release. Remove them.&lt;/p&gt;</description>
                <environment></environment>
        <key id="12387517">HBASE-374</key>
            <summary>[hbase] Remove deprecated HTable methods</summary>
                <type id="1" iconUrl="https://issues.apache.org/jira/images/icons/issuetypes/bug.png">Bug</type>
                                            <priority id="4" iconUrl="https://issues.apache.org/jira/images/icons/priorities/minor.png">Minor</priority>
                        <status id="6" iconUrl="https://issues.apache.org/jira/images/icons/statuses/closed.png" description="The issue is considered finished, the resolution is correct. Issues which are closed can be reopened.">Closed</status>
                    <statusCategory id="3" key="done" colorName="green"/>
                                    <resolution id="1">Fixed</resolution>
                                        <assignee username="-1">Unassigned</assignee>
                                    <reporter username="bryanduxbury">Bryan Duxbury</reporter>
                        <labels>
                    </labels>
                <created>Wed, 30 Jan 2008 23:53:15 +0000</created>
                <updated>Fri, 22 Aug 2008 21:35:03 +0000</updated>
                            <resolved>Thu, 31 Jan 2008 21:43:03 +0000</resolved>
                                                                        <due></due>
                            <votes>0</votes>
                                    <watches>0</watches>
                                                                <comments>
                            <comment id="12564461" author="bryanduxbury" created="Thu, 31 Jan 2008 19:16:09 +0000"  >&lt;p&gt;Here&apos;s a patch that takes out all the @deprecated methods in HTable. No tests appear to use those methods.&lt;/p&gt;</comment>
                            <comment id="12564463" author="bryanduxbury" created="Thu, 31 Jan 2008 19:19:13 +0000"  >&lt;p&gt;Trying Hudson.&lt;/p&gt;</comment>
                            <comment id="12564466" author="bryanduxbury" created="Thu, 31 Jan 2008 19:25:33 +0000"  >&lt;p&gt;This patch only differs by adding an Incompatible Change notice in changes.txt.&lt;/p&gt;</comment>
                            <comment id="12564500" author="hadoopqa" created="Thu, 31 Jan 2008 21:05:32 +0000"  >&lt;p&gt;-1 overall.  Here are the results of testing the latest attachment &lt;br/&gt;
&lt;a href=&quot;http://issues.apache.org/jira/secure/attachment/12374490/2750.patch&quot; class=&quot;external-link&quot; rel=&quot;nofollow&quot;&gt;http://issues.apache.org/jira/secure/attachment/12374490/2750.patch&lt;/a&gt;&lt;br/&gt;
against trunk revision 616796.&lt;/p&gt;

&lt;p&gt;    @author +1.  The patch does not contain any @author tags.&lt;/p&gt;

&lt;p&gt;    javadoc +1.  The javadoc tool did not generate any warning messages.&lt;/p&gt;

&lt;p&gt;    javac +1.  The applied patch does not generate any new javac compiler warnings.&lt;/p&gt;

&lt;p&gt;    release audit +1.  The applied patch does not generate any new release audit warnings.&lt;/p&gt;

&lt;p&gt;    findbugs +1.  The patch does not introduce any new Findbugs warnings.&lt;/p&gt;

&lt;p&gt;    core tests -1.  The patch failed core unit tests.&lt;/p&gt;

&lt;p&gt;    contrib tests +1.  The patch passed contrib unit tests.&lt;/p&gt;

&lt;p&gt;Test results: &lt;a href=&quot;http://hudson.zones.apache.org/hudson/job/Hadoop-Patch/1716/testReport/&quot; class=&quot;external-link&quot; rel=&quot;nofollow&quot;&gt;http://hudson.zones.apache.org/hudson/job/Hadoop-Patch/1716/testReport/&lt;/a&gt;&lt;br/&gt;
Findbugs warnings: &lt;a href=&quot;http://hudson.zones.apache.org/hudson/job/Hadoop-Patch/1716/artifact/trunk/build/test/findbugs/newPatchFindbugsWarnings.html&quot; class=&quot;external-link&quot; rel=&quot;nofollow&quot;&gt;http://hudson.zones.apache.org/hudson/job/Hadoop-Patch/1716/artifact/trunk/build/test/findbugs/newPatchFindbugsWarnings.html&lt;/a&gt;&lt;br/&gt;
Checkstyle results: &lt;a href=&quot;http://hudson.zones.apache.org/hudson/job/Hadoop-Patch/1716/artifact/trunk/build/test/checkstyle-errors.html&quot; class=&quot;external-link&quot; rel=&quot;nofollow&quot;&gt;http://hudson.zones.apache.org/hudson/job/Hadoop-Patch/1716/artifact/trunk/build/test/checkstyle-errors.html&lt;/a&gt;&lt;br/&gt;
Console output: &lt;a href=&quot;http://hudson.zones.apache.org/hudson/job/Hadoop-Patch/1716/console&quot; class=&quot;external-link&quot; rel=&quot;nofollow&quot;&gt;http://hudson.zones.apache.org/hudson/job/Hadoop-Patch/1716/console&lt;/a&gt;&lt;/p&gt;

&lt;p&gt;This message is automatically generated.&lt;/p&gt;</comment>
                            <comment id="12564507" author="bryanduxbury" created="Thu, 31 Jan 2008 21:25:10 +0000"  >&lt;p&gt;Failures were in unrelated core. Can I get a commit?&lt;/p&gt;</comment>
                            <comment id="12564515" author="jimk" created="Thu, 31 Jan 2008 21:43:03 +0000"  >&lt;p&gt;Committed to trunk. Thanks Bryan!&lt;/p&gt;</comment>
                            <comment id="12564737" author="hudson" created="Fri, 1 Feb 2008 12:31:37 +0000"  >&lt;p&gt;Integrated in Hadoop-trunk #386 (See &lt;a href=&quot;http://hudson.zones.apache.org/hudson/job/Hadoop-trunk/386/&quot; class=&quot;external-link&quot; rel=&quot;nofollow&quot;&gt;http://hudson.zones.apache.org/hudson/job/Hadoop-trunk/386/&lt;/a&gt;)&lt;/p&gt;</comment>
                    </comments>
                    <attachments>
                            <attachment id="12374492" name="2750-v2.patch" size="3502" author="bryanduxbury" created="Thu, 31 Jan 2008 19:25:28 +0000"/>
                            <attachment id="12374490" name="2750.patch" size="2896" author="bryanduxbury" created="Thu, 31 Jan 2008 19:16:08 +0000"/>
                    </attachments>
                <subtasks>
                    </subtasks>
                <customfields>
                                                <customfield id="customfield_12310310" key="com.atlassian.jira.toolkit:attachments">
                        <customfieldname>Attachment count</customfieldname>
                        <customfieldvalues>
                            <customfieldvalue>2.0</customfieldvalue>
                        </customfieldvalues>
                    </customfield>
                                                                                                                                                                                                                                                                                                                                                                                                                                                                                                                                <customfield id="customfield_12310220" key="com.atlassian.jira.ext.charting:firstresponsedate">
                        <customfieldname>Date of First Response</customfieldname>
                        <customfieldvalues>
                            <customfieldvalue>Thu, 31 Jan 2008 21:05:32 +0000</customfieldvalue>

                        </customfieldvalues>
                    </customfield>
                                                                                                                                                                                                                                                                                                                                                                                                                                            <customfield id="customfield_12310420" key="com.pyxis.greenhopper.jira:gh-global-rank">
                        <customfieldname>Global Rank</customfieldname>
                        <customfieldvalues>
                            <customfieldvalue>25158</customfieldvalue>
                        </customfieldvalues>
                    </customfield>
                                                                                                                                                    <customfield id="customfield_12312521" key="com.atlassian.jira.toolkit:LastCommentDate">
                        <customfieldname>Last public comment date</customfieldname>
                        <customfieldvalues>
                            8 years, 47 weeks ago
                        </customfieldvalues>
                    </customfield>
                                                                                            <customfield id="customfield_12311820" key="com.pyxis.greenhopper.jira:gh-lexo-rank">
                        <customfieldname>Rank</customfieldname>
                        <customfieldvalues>
                            <customfieldvalue>0|i0h6xb:</customfieldvalue>

                        </customfieldvalues>
                    </customfield>
                                                                <customfield id="customfield_12310920" key="com.pyxis.greenhopper.jira:gh-global-rank">
                        <customfieldname>Rank (Obsolete)</customfieldname>
                        <customfieldvalues>
                            <customfieldvalue>98384</customfieldvalue>
                        </customfieldvalues>
                    </customfield>
                                                                                                                                                                                                                                                                                                <customfield id="customfield_12310222" key="com.atlassian.jira.ext.charting:timeinstatus">
                        <customfieldname>Time in Status</customfieldname>
                        <customfieldvalues>
                            
                        </customfieldvalues>
                    </customfield>
                                                                                                                        </customfields>
    </item>
</channel>
</rss>