<!-- 
RSS generated by JIRA (6.3.4#6332-sha1:51bc225ef474afe3128b2f66878477f322397b16) at Fri Dec 16 18:44:30 UTC 2016

It is possible to restrict the fields that are returned in this document by specifying the 'field' parameter in your request.
For example, to request only the issue key and summary add field=key&field=summary to the URL of your request.
For example:
https://issues.apache.org/jira/si/jira.issueviews:issue-xml/HBASE-465/HBASE-465.xml?field=key&amp;field=summary
-->
<rss version="0.92" >
<channel>
    <title>ASF JIRA</title>
    <link>https://issues.apache.org/jira</link>
    <description>This file is an XML representation of an issue</description>
    <language>en-uk</language>    <build-info>
        <version>6.3.4</version>
        <build-number>6332</build-number>
        <build-date>15-08-2014</build-date>
    </build-info>

<item>
            <title>[HBASE-465] Fix javadoc for all public declarations</title>
                <link>https://issues.apache.org/jira/browse/HBASE-465</link>
                <project id="12310753" key="HBASE">HBase</project>
                    <description>&lt;p&gt;Just as client, master and region server were refactored in subissues of &lt;a href=&quot;https://issues.apache.org/jira/browse/HBASE-75&quot; title=&quot;[hbase] Refactor classes into Client, Master, and Regionserver packages&quot; class=&quot;issue-link&quot; data-issue-key=&quot;HBASE-75&quot;&gt;&lt;del&gt;HBASE-75&lt;/del&gt;&lt;/a&gt;, create subtasks for fixing javadoc for &lt;b&gt;all&lt;/b&gt; public declarations. Some are missing, some are just incorrect. &lt;/p&gt;

&lt;p&gt;See the hadoop code review checklist: &lt;a href=&quot;http://wiki.apache.org/hadoop/CodeReviewChecklist&quot; class=&quot;external-link&quot; rel=&quot;nofollow&quot;&gt;http://wiki.apache.org/hadoop/CodeReviewChecklist&lt;/a&gt;&lt;/p&gt;</description>
                <environment></environment>
        <key id="12389398">HBASE-465</key>
            <summary>Fix javadoc for all public declarations</summary>
                <type id="3" iconUrl="https://issues.apache.org/jira/images/icons/issuetypes/task.png">Task</type>
                                            <priority id="4" iconUrl="https://issues.apache.org/jira/images/icons/priorities/minor.png">Minor</priority>
                        <status id="6" iconUrl="https://issues.apache.org/jira/images/icons/statuses/closed.png" description="The issue is considered finished, the resolution is correct. Issues which are closed can be reopened.">Closed</status>
                    <statusCategory id="3" key="done" colorName="green"/>
                                    <resolution id="1">Fixed</resolution>
                                        <assignee username="jimk">Jim Kellerman</assignee>
                                    <reporter username="jimk">Jim Kellerman</reporter>
                        <labels>
                    </labels>
                <created>Sun, 24 Feb 2008 00:15:53 +0000</created>
                <updated>Sun, 13 Sep 2009 22:33:29 +0000</updated>
                            <resolved>Tue, 9 Sep 2008 20:54:32 +0000</resolved>
                                    <version>0.2.0</version>
                                    <fixVersion>0.18.0</fixVersion>
                                    <component>documentation</component>
                        <due></due>
                            <votes>0</votes>
                                    <watches>0</watches>
                                                                <comments>
                            <comment id="12606154" author="stack" created="Thu, 19 Jun 2008 00:16:38 +0000"  >&lt;p&gt;Committed some high-level work in the client package.&lt;/p&gt;

&lt;p&gt;This is a big job.  Would suggest that this issue is puntable for the 0.2.0 release; that we can take it on as a goal rather than try and do it all in the 0.2.0 timeframe.&lt;/p&gt;</comment>
                            <comment id="12609344" author="jimk" created="Mon, 30 Jun 2008 19:55:36 +0000"  >&lt;p&gt;This is a general issue, and can be addressed over time. Removing as a 0.2.0 issue&lt;/p&gt;</comment>
                            <comment id="12629614" author="jimk" created="Tue, 9 Sep 2008 20:54:32 +0000"  >&lt;p&gt;Not addressed by this patch:&lt;/p&gt;

&lt;p&gt;org.apache.hadoop.hbase.mapred.IndexConfiguration - not enough documentation to know what all the constants did.&lt;/p&gt;

&lt;p&gt;org.apache.hadoop.hbase.rest - unsure if this would be effected by &lt;a href=&quot;https://issues.apache.org/jira/browse/HBASE-785&quot; title=&quot;Remove InfoServer, use HADOOP-3824 StatusHttpServer instead (requires hadoop 0.19)&quot; class=&quot;issue-link&quot; data-issue-key=&quot;HBASE-785&quot;&gt;&lt;del&gt;HBASE-785&lt;/del&gt;&lt;/a&gt;&lt;br/&gt;
org.apache.hadoop.hbase.thrift - unsure if has been finalized yet.&lt;/p&gt;

&lt;p&gt;Most of src/test - I&apos;m far less concerned if test cases are missing javadoc for public declarations. Internally, they are well commented on what they are doing, and what do you put for TestFoo.testFoo ? &lt;/p&gt;

&lt;div class=&quot;code panel&quot; style=&quot;border-width: 1px;&quot;&gt;&lt;div class=&quot;codeContent panelContent&quot;&gt;
&lt;pre class=&quot;code-java&quot;&gt;
/** the test */
&lt;/pre&gt;
&lt;/div&gt;&lt;/div&gt;

&lt;p&gt;???&lt;/p&gt;

&lt;p&gt;However, the vast majority of missing javadoc has been fixed. We need to be diligent in the future to ensure that public declarations have javadoc. &lt;/p&gt;

&lt;p&gt;If it is not a part of the public API:&lt;/p&gt;
&lt;ul class=&quot;alternate&quot; type=&quot;square&quot;&gt;
	&lt;li&gt;does it really need to be public? Can it have default or protected visibility instead?&lt;/li&gt;
	&lt;li&gt;use @Override where it is needed&lt;/li&gt;
&lt;/ul&gt;
</comment>
                    </comments>
                    <attachments>
                    </attachments>
                <subtasks>
                    </subtasks>
                <customfields>
                                                <customfield id="customfield_12310310" key="com.atlassian.jira.toolkit:attachments">
                        <customfieldname>Attachment count</customfieldname>
                        <customfieldvalues>
                            <customfieldvalue>0.0</customfieldvalue>
                        </customfieldvalues>
                    </customfield>
                                                                                                                                                                                                                                                                                                                                                                                                                                                                                                                                <customfield id="customfield_12310220" key="com.atlassian.jira.ext.charting:firstresponsedate">
                        <customfieldname>Date of First Response</customfieldname>
                        <customfieldvalues>
                            <customfieldvalue>Thu, 19 Jun 2008 00:16:38 +0000</customfieldvalue>

                        </customfieldvalues>
                    </customfield>
                                                                                                                                                                                                                                                                                                                                                                                                                                            <customfield id="customfield_12310420" key="com.pyxis.greenhopper.jira:gh-global-rank">
                        <customfieldname>Global Rank</customfieldname>
                        <customfieldvalues>
                            <customfieldvalue>31712</customfieldvalue>
                        </customfieldvalues>
                    </customfield>
                                                                                                                                                    <customfield id="customfield_12312521" key="com.atlassian.jira.toolkit:LastCommentDate">
                        <customfieldname>Last public comment date</customfieldname>
                        <customfieldvalues>
                            8 years, 15 weeks, 2 days ago
                        </customfieldvalues>
                    </customfield>
                                                                                            <customfield id="customfield_12311820" key="com.pyxis.greenhopper.jira:gh-lexo-rank">
                        <customfieldname>Rank</customfieldname>
                        <customfieldvalues>
                            <customfieldvalue>0|i0h7h3:</customfieldvalue>

                        </customfieldvalues>
                    </customfield>
                                                                <customfield id="customfield_12310920" key="com.pyxis.greenhopper.jira:gh-global-rank">
                        <customfieldname>Rank (Obsolete)</customfieldname>
                        <customfieldvalues>
                            <customfieldvalue>98473</customfieldvalue>
                        </customfieldvalues>
                    </customfield>
                                                                                                                                                                                                                                                                                                <customfield id="customfield_12310222" key="com.atlassian.jira.ext.charting:timeinstatus">
                        <customfieldname>Time in Status</customfieldname>
                        <customfieldvalues>
                            
                        </customfieldvalues>
                    </customfield>
                                                                                                                        </customfields>
    </item>
</channel>
</rss>